QGPIORecord, QRC v6.1.0, 24-11-2021 @ 17:40:08, Windows 10 Version 2009, 10.0.19042, x86_64
Time, VoltageA, VoltageB, PositionA, PositionB, SpeedA, SpeedB, FrontDistance, PendulumAngle, Time, ValueIn9, ValueIn10, ValueIn11
7020, 0, 0, 0, 0, 0, 0, 2.07505, 0, 0, 0, 0, 0
7031, 0, 0, 0, 0, 0, 0, 2.26269, 0, 0, 0, 0, 0
7041, 0, 0, 0, 0, 0, 0, 4.96481, 0, 0, 0, 0, 0
7050, 0, 0, 0, 0, 0, 0, 4.96481, 0, 0, 0, 0, 0
7060, 0, 0, 0, 0, 0, 0, 8.2674, 0, 0, 0, 0, 0
7070, 0, 0, 0, 0, 0, 0, 1.66222, 0, 0, 0, 0, 0
7080, 0, 0, 0, 0, 0, 0, 1.66222, 0, 0, 0, 0, 0
7091, 0, 0, 0, 0, 0, 0, 1.2494, 0, 0, 0, 0, 0
7100, 0, 0, 0, 0, 0, 0, 1.31458, 0, 0, 0, 0, 0
7110, 0, 0, 0, 0, 0, 0, 0.453242, 0, 0, 0, 0, 0
7120, 0, 0, 0, 0, 0, 0, 4.96481, 0, 0, 0, 0, 0
7131, 0, 0, 0, 0, 0, 0, 4.96481, 0, 0, 0, 0, 0
7140, 0, 0, 0, 0, 0, 0, 8.2674, 0, 0, 0, 0, 0
7150, 0, 0, 0, 0, 0, 0, 8.2674, 0, 0, 0, 0, 0
7160, 0, 0, 0, 0, 0, 0, 8.2674, 0, 0, 0, 0, 0
7171, 0, 0, 0, 0, 0, 0, 0.573872, 0, 0, 0, 0, 0
7180, 0, 0, 0, 0, 0, 0, 0.586964, 0, 0, 0, 0, 0
7190, 0, 0, 0, 0, 0, 0, 1.66222, 0, 0, 0, 0, 0
7200, 0, 0, 0, 0, 0, 0, 1.08786, 0, 0, 0, 0, 0
7211, 0, 0, 0, 0, 0, 0, 1.08786, 0, 0, 0, 0, 0
7220, 0, 0, 0, 0, 0, 0, 4.96481, 0, 0, 0, 0, 0
7230, 0, 0, 0, 0, 0, 0, 6.20328, 0, 0, 0, 0, 0
7240, 0, 0, 0, 0, 0, 0, 0.761519, 0, 0, 0, 0, 0
7250, 0, 0, 0, 0, 0, 0, 1.08786, 0, 0, 0, 0, 0
7261, 0, 0, 0, 0, 0, 0, 1.08786, 0, 0, 0, 0, 0
7270, 0, 0, 0, 0, 0, 0, 8.2674, 0, 0, 0, 0, 0
7280, 0, 0, 0, 0, 0, 0, 8.2674, 0, 0, 0, 0, 0
7290, 0, 0, 0, 0, 0, 0, 8.2674, 0, 0, 0, 0, 0
7301, 0, 0, 0, 0, 0, 0, 0.718628, 0, 0, 0, 0, 0
7310, 0, 0, 0, 0, 0, 0, 8.2674, 0, 0, 0, 0, 0
7320, 0, 0, 0, 0, 0, 0, 8.2674, 0, 0, 0, 0, 0
7330, 0, 0, 0, 0, 0, 0, 2.76309, 0, 0, 0, 0, 0
7341, 0, 0, 0, 0, 0, 0, 2.76309, 0, 0, 0, 0, 0
7350, 0, 0, 0, 0, 0, 0, 8.2674, 0, 0, 0, 0, 0
7360, 0, 0, 0, 0, 0, 0, 1.2494, 0, 0, 0, 0, 0
7370, 0, 0, 0, 0, 0, 0, 1.31458, 0, 0, 0, 0, 0
7380, 0, 0, 0, 0, 0, 0, 1.31458, 0, 0, 0, 0, 0
7390, 0, 0, 0, 0, 0, 0, 1.31458, 0, 0, 0, 0, 0
7400, 0, 0, 0, 0, 0, 0, 8.2674, 0, 0, 0, 0, 0
7410, 0, 0, 0, 0, 0, 0, 2.76309, 0, 0, 0, 0, 0
7420, 0, 0, 0, 0, 0, 0, 2.76309, 0, 0, 0, 0, 0
7431, 0, 0, 0, 0, 0, 0, 1.2494, 0, 0, 0, 0, 0
7440, 0, 0, 0, 0, 0, 0, 1.66222, 0, 0, 0, 0, 0
7450, 0, 0, 0, 0, 0, 0, 1.66222, 0, 0, 0, 0, 0
7460, 0, 0, 0, 0, 0, 0, 8.2674, 0, 0, 0, 0, 0
7471, 0, 0, 0, 0, 0, 0, 8.2674, 0, 0, 0, 0, 0
7480, 0, 0, 0, 0, 0, 0, 0.496606, 0, 0, 0, 0, 0
7490, 0, 0, 0, 0, 0, 0, 8.2674, 0, 0, 0, 0, 0
7500, 0, 0, 0, 0, 0, 0, 8.2674, 0, 0, 0, 0, 0
7511, 0, 0, 0, 0, 0, 0, 1.66222, 0, 0, 0, 0, 0
7520, 0, 0, 0, 0, 0, 0, 1.08786, 0, 0, 0, 0, 0
7530, 0, 0, 0, 0, 0, 0, 0.487266, 0, 0, 0, 0, 0
7540, 0, 0, 0, 0, 0, 0, 1.08786, 0, 0, 0, 0, 0
7550, 0, 0, 0, 0, 0, 0, 1.08786, 0, 0, 0, 0, 0
7560, 0, 0, 0, 0, 0, 0, 8.2674, 0, 0, 0, 0, 0
7570, 0, 0, 0, 0, 0, 0, 8.2674, 0, 0, 0, 0, 0
7580, 0, 0, 0, 0, 0, 0, 8.2674, 0, 0, 0, 0, 0
7590, 0, 0, 0, 0, 0, 0, 4.96481, 0, 0, 0, 0, 0
7601, 0, 0, 0, 0, 0, 0, 1.08786, 0, 0, 0, 0, 0
7610, 0, 0, 0, 0, 0, 0, 1.08786, 0, 0, 0, 0, 0
7620, 0, 0, 0, 0, 0, 0, 2.76309, 0, 0, 0, 0, 0
7630, 0, 0, 0, 0, 0, 0, 2.76309, 0, 0, 0, 0, 0
7641, 0, 0, 0, 0, 0, 0, 4.96481, 0, 0, 0, 0, 0
7650, 0, 0, 0, 0, 0, 0, 8.2674, 0, 0, 0, 0, 0
7660, 0, 0, 0, 0, 0, 0, 0.784975, 0, 0, 0, 0, 0
7670, 0, 0, 0, 0, 0, 0, 0.928316, 0, 0, 0, 0, 0
7681, 0, 0, 0, 0, 0, 0, 0.928316, 0, 0, 0, 0, 0
7690, 0, 0, 0, 0, 0, 0, 0.718628, 0, 0, 0, 0, 0
7700, 0, 0, 0, 0, 0, 0, 0.496606, 0, 0, 0, 0, 0
7710, 0, 0, 0, 0, 0, 0, 0.496606, 0, 0, 0, 0, 0
7720, 0, 0, 0, 0, 0, 0, 4.96481, 0, 0, 0, 0, 0
7731, 0, 0, 0, 0, 0, 0, 8.2674, 0, 0, 0, 0, 0
7740, 0, 0, 0, 0, 0, 0, 8.2674, 0, 0, 0, 0, 0
7750, 0, 0, 0, 0, 0, 0, 8.2674, 0, 0, 0, 0, 0
7760, 0, 0, 0, 0, 0, 0, 8.2674, 0, 0, 0, 0, 0
7771, 0, 0, 0, 0, 0, 0, 8.2674, 0, 0, 0, 0, 0
7780, 0, 0, 0, 0, 0, 0, 3.54942, 0, 0, 0, 0, 0
7790, 0, 0, 0, 0, 0, 0, 3.54942, 0, 0, 0, 0, 0
7800, 0, 0, 0, 0, 0, 0, 3.54942, 0, 0, 0, 0, 0
7811, 0, 0, 0, 0, 0, 0, 1.66222, 0, 0, 0, 0, 0
7820, 0, 0, 0, 0, 0, 0, 1.66222, 0, 0, 0, 0, 0
7830, 0, 0, 0, 0, 0, 0, 2.76309, 0, 0, 0, 0, 0
7840, 0, 0, 0, 0, 0, 0, 2.76309, 0, 0, 0, 0, 0
7851, 0, 0, 0, 0, 0, 0, 4.96481, 0, 0, 0, 0, 0
7860, 0, 0, 0, 0, 0, 0, 4.96481, 0, 0, 0, 0, 0
7870, 0, 0, 0, 0, 0, 0, 4.96481, 0, 0, 0, 0, 0
7880, 0, 0, 0, 0, 0, 0, 4.96481, 0, 0, 0, 0, 0
7890, 0, 0, 0, 0, 0, 0, 8.2674, 0, 0, 0, 0, 0
7901, 0, 0, 0, 0, 0, 0, 8.2674, 0, 0, 0, 0, 0
7910, 0, 0, 0, 0, 0, 0, 4.96481, 0, 0, 0, 0, 0
7920, 0, 0, 0, 0, 0, 0, 4.96481, 0, 0, 0, 0, 0
7930, 0, 0, 0, 0, 0, 0, 1.31458, 0, 0, 0, 0, 0
7941, 0, 0, 0, 0, 0, 0, 2.07505, 0, 0, 0, 0, 0
7950, 0, 0, 0, 0, 0, 0, 0.630166, 0, 0, 0, 0, 0
7960, 0, 0, 0, 0, 0, 0, 4.96481, 0, 0, 0, 0, 0
7970, 0, 0, 0, 0, 0, 0, 4.96481, 0, 0, 0, 0, 0
7981, 0, 0, 0, 0, 0, 0, 1.66222, 0, 0, 0, 0, 0
7990, 0, 0, 0, 0, 0, 0, 2.76309, 0, 0, 0, 0, 0
8000, 0, 0, 0, 0, 0, 0, 2.76309, 0, 0, 0, 0, 0
8010, 0, 0, 0, 0, 0, 0, 8.2674, 0, 0, 0, 0, 0
8020, 0, 0, 0, 0, 0, 0, 1.08786, 0, 0, 0, 0, 0
8030, 0, 0, 0, 0, 0, 0, 1.08786, 0, 0, 0, 0, 0
8040, 0, 0, 0, 0, 0, 0, 8.2674, 0, 0, 0, 0, 0
8050, 0, 0, 0, 0, 0, 0, 8.2674, 0, 0, 0, 0, 0
8060, 0, 0, 0, 0, 0, 0, 4.96481, 0, 0, 0, 0, 0
8071, 0, 0, 0, 0, 0, 0, 8.2674, 0, 0, 0, 0, 0
8080, 0, 0, 0, 0, 0, 0, 0.784975, 0, 0, 0, 0, 0
8090, 0, 0, 0, 0, 0, 0, 4.96481, 0, 0, 0, 0, 0
8100, 0, 0, 0, 0, 0, 0, 2.07505, 0, 0, 0, 0, 0
8111, 0, 0, 0, 0, 0, 0, 2.26269, 0, 0, 0, 0, 0
8120, 0, 0, 0, 0, 0, 0, 0.809944, 0, 0, 0, 0, 0
8130, 0, 0, 0, 0, 0, 0, 0.809944, 0, 0, 0, 0, 0
8140, 0, 0, 0, 0, 0, 0, 1.08786, 0, 0, 0, 0, 0
8151, 0, 0, 0, 0, 0, 0, 8.2674, 0, 0, 0, 0, 0
8160, 0, 0, 0, 0, 0, 0, 8.2674, 0, 0, 0, 0, 0
8170, 0, 0, 0, 0, 0, 0, 2.76309, 0, 0, 0, 0, 0
8180, 0, 0, 0, 0, 0, 0, 2.76309, 0, 0, 0, 0, 0
8190, 0, 0, 0, 0, 0, 0, 1.31458, 0, 0, 0, 0, 0
8200, 0, 0, 0, 0, 0, 0, 4.96481, 0, 0, 0, 0, 0
8210, 0, 0, 0, 0, 0, 0, 4.96481, 0, 0, 0, 0, 0
8220, 0, 0, 0, 0, 0, 0, 0.573872, 0, 0, 0, 0, 0
8230, 0, 0, 0, 0, 0, 0, 3.54942, 0, 0, 0, 0, 0
8241, 0, 0, 0, 0, 0, 0, 4.96481, 0, 0, 0, 0, 0
8250, 0, 0, 0, 0, 0, 0, 1.66222, 0, 0, 0, 0, 0
8260, 0, 0, 0, 0, 0, 0, 1.66222, 0, 0, 0, 0, 0
8270, 0, 0, 0, 0, 0, 0, 6.20328, 0, 0, 0, 0, 0
8281, 0, 0, 0, 0, 0, 0, 1.08786, 0, 0, 0, 0, 0
8290, 0, 0, 0, 0, 0, 0, 1.08786, 0, 0, 0, 0, 0
8300, 0, 0, 0, 0, 0, 0, 2.76309, 0, 0, 0, 0, 0
8310, 0, 0, 0, 0, 0, 0, 1.31458, 0, 0, 0, 0, 0
8321, 0, 0, 0, 0, 0, 0, 1.31458, 0, 0, 0, 0, 0
8330, 0, 0, 0, 0, 0, 0, 8.2674, 0, 0, 0, 0, 0
8340, 0, 0, 0, 0, 0, 0, 8.2674, 0, 0, 0, 0, 0
8351, 0, 0, 0, 0, 0, 0, 4.96481, 0, 0, 0, 0, 0
8360, 0, 0, 0, 0, 0, 0, 4.96481, 0, 0.01, 0, 0, 0
8371, 0.988, 0.988, 0, 0, 0, 0, 0.718628, 0, 0.02, 0, 0, 0
8381, 0.988, 0.988, 0.00350624, 0.00701248, 0.347118, 0.694236, 0.718628, 0, 0.03, 0, 0, 0
8390, 0.988, 0.988, 0.0175312, 0.0175312, 1.4025, 1.05187, 8.2674, 0, 0.04, 0, 0, 0
8400, 0.988, 0.988, 0.0315562, 0.0315562, 1.39899, 1.39899, 8.2674, 0, 0.05, 0, 0, 0
8411, 0.988, 0.988, 0.0455811, 0.0490874, 1.4025, 1.75312, 4.96481, 0, 0.06, 0, 0, 0
8421, 0.988, 0.988, 0.0631124, 0.0631124, 1.74961, 1.39899, 4.96481, 0, 0.07, 0, 0, 0
8430, 0.988, 0.988, 0.0806436, 0.0806436, 1.75312, 1.75312, 8.2674, 0, 0.08, 0, 0, 0
8440, 0.988, 0.988, 0.0946685, 0.0981748, 1.74961, 1.74961, 3.54942, 0, 0.09, 0, 0, 0
8451, 0.988, 0.988, 0.1122, 0.115706, 1.4025, 1.75312, 3.54942, 0, 0.1, 0, 0, 0
8461, 0.988, 0.988, 0.129731, 0.129731, 1.74961, 1.39899, 0.718628, 0, 0.11, 0, 0, 0
8470, 0.988, 0.988, 0.147262, 0.147262, 1.75312, 1.75312, 4.96481, 0, 0.12, 0, 0, 0
8480, 0.988, 0.988, 0.164793, 0.164793, 1.75312, 1.75312, 4.96481, 0, 0.13, 0, 0, 0
8491, 0.988, 0.988, 0.182325, 0.182325, 1.75312, 1.75312, 4.96481, 0, 0.14, 0, 0, 0
8501, 0.988, 0.988, 0.199856, 0.199856, 1.74961, 1.74961, 4.96481, 0, 0.15, 0, 0, 0
8510, 0.988, 0.988, 0.213881, 0.213881, 1.4025, 1.39899, 1.66222, 0, 0.16, 0, 0, 0
8520, 0.988, 0.988, 0.231412, 0.231412, 1.75312, 1.75312, 1.66222, 0, 0.17, 0, 0, 0
8530, 0.988, 0.988, 0.248943, 0.248943, 1.75312, 1.75312, 0.53794, 0, 0.18, 0, 0, 0
8541, 0.988, 0.988, 0.266474, 0.262968, 1.74961, 1.39899, 3.54942, 0, 0.19, 0, 0, 0
8551, 0.988, 0.988, 0.284006, 0.280499, 1.75312, 1.75312, 3.54942, 0, 0.2, 0, 0, 0
8560, 0.988, 0.988, 0.301537, 0.298031, 1.75312, 1.75312, 6.20328, 0, 0.21, 0, 0, 0
8570, 0.988, 0.988, 0.315562, 0.315562, 1.4025, 1.75312, 8.2674, 0, 0.22, 0, 0, 0
8581, 0.988, 0.988, 0.333093, 0.333093, 1.74961, 1.74961, 8.2674, 0, 0.23, 0, 0, 0
8591, 0.988, 0.988, 0.350624, 0.350624, 1.74961, 1.74961, 6.20328, 0, 0.24, 0, 0, 0
8600, 0.988, 0.988, 0.368155, 0.364649, 1.75312, 1.4025, 8.2674, 0, 0.25, 0, 0, 0
8610, 0.988, 0.988, 0.385687, 0.38218, 1.75312, 1.75312, 8.2674, 0, 0.26, 0, 0, 0
8621, 0.988, 0.988, 0.403218, 0.399712, 1.74961, 1.74961, 1.66222, 0, 0.27, 0, 0, 0
8631, 0.988, 0.988, 0.417243, 0.417243, 1.39899, 1.74961, 1.66222, 0, 0.28, 0, 0, 0
8640, 0.988, 0.988, 0.434774, 0.434774, 1.75312, 1.75312, 8.2674, 0, 0.29, 0, 0, 0
8650, 0.988, 0.988, 0.452305, 0.452305, 1.75312, 1.75312, 8.2674, 0, 0.3, 0, 0, 0
8660, 0.988, 0.988, 0.469836, 0.46633, 1.75312, 1.74961, 0.784975, 0, 0.31, 0, 0, 0
8671, 0.988, 0.988, 0.487368, 0.483861, 1.74961, 1.4025, 8.2674, 0, 0.32, 0, 0, 0
8681, 0.988, 0.988, 0.504899, 0.501393, 1.75312, 1.74961, 3.54942, 0, 0.33, 0, 0, 0
8690, 0.988, 0.988, 0.518924, 0.518924, 1.4025, 1.75312, 3.54942, 0, 0.34, 0, 0, 0
8700, 0.988, 0.988, 0.539961, 0.536455, 2.10024, 1.74961, 8.2674, 0, 0.35, 0, 0, 0
8711, 0.988, 0.988, 0.553986, 0.553986, 1.4025, 1.75312, 8.2674, 0, 0.36, 0, 0, 0
8721, 0.988, 0.988, 0.571517, 0.568011, 1.74961, 1.39899, 2.76309, 0, 0.37, 0, 0, 0
8730, 0.988, 0.988, 0.589049, 0.585542, 1.75312, 1.75312, 0.809944, 0, 0.38, 0, 0, 0
8740, 0.988, 0.988, 0.60658, 0.603074, 1.74961, 1.74961, 0.809944, 0, 0.39, 0, 0, 0
8751, 0.988, 0.988, 0.624111, 0.620605, 1.75312, 1.75312, 0.646044, 0, 0.4, 0, 0, 0
8761, 0.988, 0.988, 0.641642, 0.638136, 1.74961, 1.74961, 8.2674, 0, 0.41, 0, 0, 0
8770, 0.988, 0.988, 0.655667, 0.655667, 1.4025, 1.75312, 8.2674, 0, 0.42, 0, 0, 0
8780, 0.988, 0.988, 0.673198, 0.669692, 1.75312, 1.4025, 6.20328, 0, 0.43, 0, 0, 0
8791, 0.988, 0.988, 0.69073, 0.687223, 1.75312, 1.75312, 8.2674, 0, 0.44, 0, 0, 0
8801, 0.988, 0.988, 0.708261, 0.704755, 1.74961, 1.74961, 0.784975, 0, 0.45, 0, 0, 0
8810, 0.988, 0.988, 0.725792, 0.722286, 1.75312, 1.75312, 2.07505, 0, 0.46, 0, 0, 0
8820, 0.988, 0.988, 0.739817, 0.739817, 1.74961, 1.74961, 2.26269, 0, 0.47, 0, 0, 0
8830, 0.988, 0.988, 0.757348, 0.753842, 1.4025, 1.4025, 2.07505, 0, 0.48, 0, 0, 0
8841, 0.988, 0.988, 0.774879, 0.771373, 1.74961, 1.74961, 2.26269, 0, 0.49, 0, 0, 0
8851, 0.988, 0.988, 0.792411, 0.788904, 1.75312, 1.75312, 8.2674, 0, 0.5, 0, 0, 0
8860, 0.988, 0.988, 0.809942, 0.806436, 1.75312, 1.75312, 3.54942, 0, 0.51, 0, 0, 0
8870, 0.988, 0.988, 0.827473, 0.823967, 1.75312, 1.74961, 3.54942, 0, 0.52, 0, 0, 0
8881, 0.988, 0.988, 0.845004, 0.837992, 1.75312, 1.4025, 2.76309, 0, 0.53, 0, 0, 0
8891, 0.988, 0.988, 0.859029, 0.855523, 1.39899, 1.74961, 8.2674, 0, 0.54, 0, 0, 0
8900, 0.988, 0.988, 0.87656, 0.873054, 2.10374, 1.75312, 8.2674, 0, 0.55, 0, 0, 0
8910, 0.988, 0.988, 0.894092, 0.890585, 1.4025, 1.75312, 8.2674, 0, 0.56, 0, 0, 0
8921, 0.988, 0.988, 0.911623, 0.908117, 1.74961, 1.74961, 8.2674, 0, 0.57, 0, 0, 0
8931, 0.988, 0.988, 0.929154, 0.922142, 1.74961, 1.39899, 8.2674, 0, 0.58, 0, 0, 0
8940, 0.988, 0.988, 0.946685, 0.939673, 1.75312, 1.75312, 0.718628, 0, 0.59, 0, 0, 0
8950, 0.988, 0.988, 0.964217, 0.957204, 1.75312, 1.75312, 0.386225, 0, 0.6, 0, 0, 0
8961, 0.988, 0.988, 0.978241, 0.974735, 1.4025, 1.74961, 6.20328, 0, 0.61, 0, 0, 0
8971, 0.988, 0.988, 0.995773, 0.992266, 1.74961, 1.74961, 8.2674, 0, 0.62, 0, 0, 0
8980, 0.988, 0.988, 1.0133, 1.00629, 1.75312, 1.74961, 8.2674, 0, 0.63, 0, 0, 0
8990, 0.988, 0.988, 1.03084, 1.02382, 1.75312, 1.4025, 0.928316, 0, 0.64, 0, 0, 0
9000, 0.988, 0.988, 1.04837, 1.04135, 1.75312, 1.75312, 0.928316, 0, 0.65, 0, 0, 0
9011, 0.988, 0.988, 1.0659, 1.05888, 1.74961, 1.74961, 8.2674, 0, 0.66, 0, 0, 0
9021, 0.988, 0.988, 1.08343, 1.07642, 1.75663, 1.75312, 0.718628, 0, 0.67, 0, 0, 0
9030, 0.988, 0.988, 1.09745, 1.09395, 1.39899, 1.74961, 0.718628, 0, 0.68, 0, 0, 0
9040, 0.988, 0.988, 1.11498, 1.10797, 1.75312, 1.75663, 8.2674, 0, 0.69, 0, 0, 0
9051, 0.988, 0.988, 1.13252, 1.1255, 1.74961, 1.39899, 8.2674, 0, 0.7, 0, 0, 0
9061, 0.988, 0.988, 1.15005, 1.14303, 1.74961, 1.75312, 8.2674, 0, 0.71, 0, 0, 0
9070, 0.988, 0.988, 1.16758, 1.16057, 1.75312, 1.75312, 1.08786, 0, 0.72, 0, 0, 0
9080, 0.988, 0.988, 1.18511, 1.17459, 1.75312, 1.4025, 0.487266, 0, 0.73, 0, 0, 0
9091, 0.988, 0.988, 1.19913, 1.19212, 1.39899, 1.74961, 0.784975, 0, 0.74, 0, 0, 0
9101, 0.988, 0.988, 1.21667, 1.20965, 1.74961, 1.74961, 8.2674, 0, 0.75, 0, 0, 0
9110, 0.988, 0.988, 1.2342, 1.22718, 1.75312, 1.75312, 8.2674, 0, 0.76, 0, 0, 0
9120, 0.988, 0.988, 1.25173, 1.24472, 1.75312, 1.75312, 2.76309, 0, 0.77, 0, 0, 0
9131, 0.988, 0.988, 1.26926, 1.26225, 1.74961, 1.74961, 2.76309, 0, 0.78, 0, 0, 0
9141, 0.988, 0.988, 1.28679, 1.27627, 1.75312, 1.4025, 0.586964, 0, 0.79, 0, 0, 0
9150, 0.988, 0.988, 1.30082, 1.2938, 1.4025, 1.75312, 8.2674, 0, 0.8, 0, 0, 0
9160, 0.988, 0.988, 1.31835, 1.31133, 1.75312, 1.75312, 8.2674, 0, 0.81, 0, 0, 0
9170, 0.988, 0.988, 1.33588, 1.32887, 1.74961, 1.74961, 0.573872, 0, 0.82, 0, 0, 0
9181, 0.988, 0.988, 1.35341, 1.3464, 1.74961, 1.74961, 8.2674, 0, 0.83, 0, 0, 0
9191, 0.988, 0.988, 1.37094, 1.36393, 1.75312, 1.75312, 8.2674, 0, 0.84, 0, 0, 0
9200, 0.988, 0.988, 1.38497, 1.37795, 1.74961, 1.39899, 8.2674, 0, 0.85, 0, 0, 0
9210, 0.988, 0.988, 1.4025, 1.39548, 1.4025, 1.75312, 8.2674, 0, 0.86, 0, 0, 0
9221, 0.988, 0.988, 1.42003, 1.41302, 1.74961, 1.74961, 0.761519, 0, 0.87, 0, 0, 0
9231, 0.988, 0.988, 1.43756, 1.43055, 1.74961, 1.74961, 1.55902, 0, 0.88, 0, 0, 0
9240, 0.988, 0.988, 1.45509, 1.44808, 1.75312, 1.75312, 1.66222, 0, 0.89, 0, 0, 0
9250, 0.988, 0.988, 1.47262, 1.4621, 1.75312, 1.74961, 8.2674, 0, 0.9, 0, 0, 0
9261, 0.988, 0.988, 1.48665, 1.47963, 1.74961, 1.4025, 1.31458, 0, 0.91, 0, 0, 0
9271, 0.988, 0.988, 1.50418, 1.49717, 1.39899, 1.74961, 1.31458, 0, 0.92, 0, 0, 0
9280, 0.988, 0.988, 1.52171, 1.5147, 1.75312, 1.75312, 8.2674, 0, 0.93, 0, 0, 0
9290, 0.988, 0.988, 1.53924, 1.53223, 1.75312, 1.75312, 8.2674, 0, 0.94, 0, 0, 0
9300, 0.988, 0.988, 1.55677, 1.54976, 1.75312, 1.75312, 8.2674, 0, 0.95, 0, 0, 0
9311, 0.988, 0.988, 1.5743, 1.56378, 1.74961, 1.39899, 8.2674, 0, 0.96, 0, 0, 0
9321, 0.988, 0.988, 1.59183, 1.58132, 1.75312, 1.75312, 8.2674, 0, 0.97, 0, 0, 0
9330, 0.988, 0.988, 1.60936, 1.59885, 1.75312, 1.75312, 0.718628, 0, 0.98, 0, 0, 0
9340, 0.988, 0.988, 1.62339, 1.61638, 1.39899, 1.74961, 0.718628, 0, 0.99, 0, 0, 0
9351, 0.988, 0.988, 1.64092, 1.63391, 1.74961, 1.74961, 8.2674, 0, 1, 0, 0, 0
9361, 0.988, 0.988, 1.65845, 1.64793, 1.75312, 1.75312, 8.2674, 0, 1.01, 0, 0, 0
9370, 0.988, 0.988, 1.67598, 1.66546, 1.75312, 1.4025, 0.739443, 0, 1.02, 0, 0, 0
9380, 0.988, 0.988, 1.69351, 1.683, 1.75312, 1.75312, 0.487266, 0, 1.03, 0, 0, 0
9391, 0.988, 0.988, 1.70754, 1.70053, 1.4025, 1.74961, 3.54942, 0, 1.04, 0, 0, 0
9401, 0.988, 0.988, 1.72507, 1.71806, 1.74961, 1.74961, 3.54942, 0, 1.05, 0, 0, 0
9410, 0.988, 0.988, 1.7426, 1.73559, 1.75312, 1.75312, 6.20328, 0, 1.06, 0, 0, 0
9420, 0.988, 0.988, 1.76013, 1.74961, 1.74961, 1.39899, 6.20328, 0, 1.07, 0, 0, 0
9431, 0.988, 0.988, 1.77766, 1.76715, 1.75312, 1.75312, 4.96481, 0, 1.08, 0, 0, 0
9441, 0.988, 0.988, 1.79169, 1.78468, 1.74961, 1.74961, 8.2674, 0, 1.09, 0, 0, 0
9450, 0.988, 0.988, 1.81273, 1.80221, 1.75312, 1.75312, 8.2674, 0, 1.1, 0, 0, 0
9460, 0.988, 0.988, 1.82675, 1.81974, 1.4025, 1.75312, 4.96481, 0, 1.11, 0, 0, 0
9470, 0.988, 0.988, 1.84428, 1.83376, 1.75312, 1.4025, 0.928316, 0, 1.12, 0, 0, 0
9481, 0.988, 0.988, 1.86181, 1.8513, 1.74961, 1.74961, 0.9636, 0, 1.13, 0, 0, 0
9491, 0.988, 0.988, 1.87935, 1.86883, 1.75312, 1.75312, 4.96481, 0, 1.14, 0, 0, 0
9500, 0.988, 0.988, 1.89688, 1.88636, 1.74961, 1.75312, 0.739443, 0, 1.15, 0, 0, 0
9510, 0.988, 0.988, 1.91441, 1.90389, 1.75312, 1.75312, 1.08786, 0, 1.16, 0, 0, 0
9521, 0.988, 0.988, 1.92843, 1.91791, 1.4025, 1.4025, 8.2674, 0, 1.17, 0, 0, 0
9531, 0.988, 0.988, 1.94596, 1.93545, 1.74961, 1.74961, 8.2674, 0, 1.18, 0, 0, 0
9540, 0.988, 0.988, 1.9635, 1.95298, 1.75312, 1.75312, 0.646044, 0, 1.19, 0, 0, 0
9550, 0.988, 0.988, 1.98103, 1.97051, 1.74961, 1.74961, 8.2674, 0, 1.2, 0, 0, 0
9561, 0.988, 0.988, 1.99856, 1.98804, 1.75312, 1.75312, 8.2674, 0, 1.21, 0, 0, 0
9571, 0.988, 0.988, 2.01609, 2.00206, 1.74961, 1.39899, 8.2674, 0, 1.22, 0, 0, 0
9580, 0.988, 0.988, 2.03011, 2.0196, 1.4025, 1.75312, 8.2674, 0, 1.23, 0, 0, 0
9590, 0.988, 0.988, 2.04765, 2.03713, 1.75312, 1.75312, 6.20328, 0, 1.24, 0, 0, 0
9601, 0.988, 0.988, 2.06518, 2.05466, 1.74961, 1.74961, 2.76309, 0, 1.25, 0, 0, 0
9611, 0.988, 0.988, 2.08271, 2.07219, 1.74961, 1.74961, 2.76309, 0, 1.26, 0, 0, 0
9620, 0.988, 0.988, 2.09673, 2.08621, 1.39899, 1.74961, 4.96481, 0, 1.27, 0, 0, 0
9630, 0.988, 0.988, 2.11426, 2.10374, 1.75312, 1.4025, 4.96481, 0, 1.28, 0, 0, 0
9640, 0.988, 0.988, 2.13179, 2.12128, 1.75312, 1.75312, 0.43799, 0, 1.29, 0, 0, 0
9651, 0.988, 0.988, 2.14933, 2.13881, 1.74961, 1.74961, 1.66222, 0, 1.3, 0, 0, 0
9661, 0.988, 0.988, 2.16686, 2.15634, 1.75312, 1.75312, 1.66222, 0, 1.31, 0, 0, 0
9670, 0.988, 0.988, 2.18439, 2.17387, 1.74961, 1.74961, 0.928316, 0, 1.32, 0, 0, 0
9680, 0.988, 0.988, 2.19841, 2.18789, 1.4025, 1.4025, 8.2674, 0, 1.33, 0, 0, 0
9691, 0.988, 0.988, 2.21594, 2.20543, 1.75312, 1.75312, 8.2674, 0, 1.34, 0, 0, 0
9701, 0.988, 0.988, 2.23348, 2.22296, 1.74961, 1.74961, 1.31458, 0, 1.35, 0, 0, 0
9710, 0.988, 0.988, 2.25101, 2.24049, 1.75312, 1.75312, 1.31458, 0, 1.36, 0, 0, 0
9720, 0.988, 0.988, 2.26854, 2.25451, 1.74961, 1.39899, 3.54942, 0, 1.37, 0, 0, 0
9731, 0.988, 0.988, 2.28256, 2.27204, 1.4025, 1.74961, 8.2674, 0, 1.38, 0, 0, 0
9741, 0.988, 0.988, 2.30009, 2.28958, 1.75312, 1.75312, 8.2674, 0, 1.39, 0, 0, 0
9750, 0.988, 0.988, 2.31763, 2.30711, 1.75312, 1.75312, 1.55902, 0, 1.4, 0, 0, 0
9760, 0.988, 0.988, 2.33516, 2.32464, 1.74961, 1.74961, 3.54942, 0, 1.41, 0, 0, 0
9771, 0.988, 0.988, 2.35269, 2.33866, 1.75312, 1.4025, 3.54942, 0, 1.42, 0, 0, 0
9781, 0.988, 0.988, 2.37022, 2.35619, 1.74961, 1.74961, 0.718628, 0, 1.43, 0, 0, 0
9790, 0.988, 0.988, 2.38424, 2.37373, 1.4025, 1.75312, 0.391999, 0, 1.44, 0, 0, 0
9800, 0.988, 0.988, 2.40178, 2.39126, 1.75312, 1.75312, 12.3956, 0, 1.45, 0, 0, 0
9810, 0.988, 0.988, 2.41931, 2.40528, 1.75312, 1.75312, 1.66222, 0, 1.46, 0, 0, 0
9821, 0.988, 0.988, 2.43684, 2.42281, 1.74961, 1.39899, 1.66222, 0, 1.47, 0, 0, 0
9831, 0.988, 0.988, 2.45437, 2.44034, 1.74961, 1.74961, 1.55902, 0, 1.48, 0, 0, 0
9840, 0.988, 0.988, 2.4719, 2.45788, 1.75663, 1.75663, 8.2674, 0, 1.49, 0, 0, 0
9850, 0.988, 0.988, 2.48593, 2.47541, 1.39899, 1.74961, 8.2674, 0, 1.5, 0, 0, 0
9861, 0.988, 0.988, 2.50346, 2.48943, 1.75312, 1.4025, 1.66222, 0, 1.51, 0, 0, 0
9871, 0.988, 0.988, 2.52099, 2.50696, 1.74961, 1.74961, 1.66222, 0, 1.52, 0, 0, 0
9880, 0.988, 0.988, 2.53852, 2.52449, 1.75312, 1.75312, 3.54942, 0, 1.53, 0, 0, 0
9890, 0.988, 0.988, 2.55605, 2.54203, 1.74961, 1.74961, 0.52696, 0, 1.54, 0, 0, 0
9901, 0.988, 0.988, 2.57358, 2.55956, 1.75312, 1.75312, 0.53794, 0, 1.55, 0, 0, 0
9911, 0.988, 0.988, 2.58761, 2.57358, 1.39899, 1.39899, 8.2674, 0, 1.56, 0, 0, 0
9920, 0.988, 0.988, 2.60514, 2.59111, 1.75312, 1.75312, 8.2674, 0, 1.57, 0, 0, 0
9930, 0.988, 0.988, 2.62267, 2.60864, 1.75312, 1.75312, 0.615063, 0, 1.58, 0, 0, 0
9940, 0.988, 0.988, 2.6402, 2.62618, 1.74961, 1.74961, 8.2674, 0, 1.59, 0, 0, 0
9951, 0.988, 0.988, 2.65773, 2.64371, 1.74961, 1.74961, 8.2674, 0, 1.6, 0, 0, 0
9960, 0.988, 0.988, 2.67176, 2.66124, 1.75312, 1.75312, 0.928316, 0, 1.61, 0, 0, 0
9970, 0.988, 0.988, 2.68929, 2.67526, 1.4025, 1.4025, 2.76309, 0, 1.62, 0, 0, 0
9980, 0.988, 0.988, 2.70682, 2.69279, 1.75312, 1.75312, 2.76309, 0, 1.63, 0, 0, 0
9991, 0.988, 0.988, 2.72435, 2.71033, 1.75312, 1.75312, 4.96481, 0, 1.64, 0, 0, 0
10001, 0.988, 0.988, 2.74188, 2.72786, 1.74961, 1.74961, 4.96481, 0, 1.65, 0, 0, 0
10010, 0.988, 0.988, 2.75591, 2.74539, 1.4025, 1.75312, 1.66222, 0, 1.66, 0, 0, 0
10020, 0.988, 0.988, 2.77344, 2.75941, 1.74961, 1.39899, 8.2674, 0, 1.67, 0, 0, 0
10031, 0.988, 0.988, 2.79097, 2.77694, 1.75312, 1.75312, 8.2674, 0, 1.68, 0, 0, 0
10041, 0.988, 0.988, 2.8085, 2.79447, 1.74961, 1.74961, 0.928316, 0, 1.69, 0, 0, 0
10050, 0.988, 0.988, 2.82603, 2.81201, 1.75312, 1.75312, 8.2674, 0, 1.7, 0, 0, 0
10060, 0.988, 0.988, 2.84006, 2.82954, 1.39899, 1.74961, 0.784975, 0, 1.71, 0, 0, 0
10071, 0.988, 0.988, 2.85759, 2.84707, 1.74961, 1.74961, 1.08786, 0, 1.72, 0, 0, 0
10081, 0.988, 0.988, 2.87512, 2.86109, 1.75312, 1.75312, 1.08786, 0, 1.73, 0, 0, 0
10090, 0.988, 0.988, 2.89265, 2.87862, 1.75312, 1.39899, 2.76309, 0, 1.74, 0, 0, 0
10100, 0.988, 0.988, 2.91018, 2.89616, 1.75312, 1.75312, 1.66222, 0, 1.75, 0, 0, 0
10110, 0.988, 0.988, 2.92771, 2.91369, 1.75312, 1.75312, 1.66222, 0, 1.76, 0, 0, 0
10121, 0.988, 0.988, 2.94174, 2.92771, 1.39899, 1.74961, 4.96481, 0, 1.77, 0, 0, 0
10131, 0.988, 0.988, 2.95927, 2.94524, 1.75312, 1.75312, 3.54942, 0, 1.78, 0, 0, 0
10140, 0.988, 0.988, 2.9768, 2.96277, 1.74961, 1.4025, 3.54942, 0, 1.79, 0, 0, 0
10150, 0.988, 0.988, 2.99433, 2.98031, 1.75312, 1.75312, 4.96481, 0, 1.8, 0, 0, 0
10161, 0.988, 0.988, 3.01186, 2.99784, 1.75312, 1.75312, 4.96481, 0, 1.81, 0, 0, 0
10171, 0.988, 0.988, 3.02589, 3.01537, 1.74611, 1.74611, 1.08786, 0, 1.82, 0, 0, 0
10180, 0.988, 0.988, 3.04342, 3.02939, 1.406, 1.406, 8.2674, 0, 1.83, 0, 0, 0
10190, 0.988, 0.988, 3.06095, 3.04692, 1.74961, 1.74961, 8.2674, 0, 1.84, 0, 0, 0
10201, 0.988, 0.988, 3.07848, 3.06446, 1.75312, 1.75312, 8.2674, 0, 1.85, 0, 0, 0
10211, 0.988, 0.988, 3.09601, 3.08199, 1.74961, 1.74961, 8.2674, 0, 1.86, 0, 0, 0
10220, 0.988, 0.988, 3.11004, 3.09952, 1.39899, 1.74961, 1.66222, 0, 1.87, 0, 0, 0
10230, 0.988, 0.988, 3.13107, 3.11354, 2.10374, 1.75663, 4.96481, 0, 1.88, 0, 0, 0
10241, 0.988, 0.988, 3.1451, 3.13107, 1.39899, 1.39899, 4.96481, 0, 1.89, 0, 0, 0
10251, 0.988, 0.988, 3.16263, 3.14861, 1.75312, 1.75312, 0.928316, 0, 1.9, 0, 0, 0
10260, 0.988, 0.988, 3.18016, 3.16614, 1.75312, 1.74961, 1.55902, 0, 1.91, 0, 0, 0
10270, 0.988, 0.988, 3.19769, 3.18016, 1.75312, 1.4025, 1.66222, 0, 1.92, 0, 0, 0
10280, 0.988, 0.988, 3.21172, 3.19769, 1.74961, 1.74961, 3.54942, 0, 1.93, 0, 0, 0
10291, 0.988, 0.988, 3.23275, 3.21522, 1.74961, 1.74961, 3.54942, 0, 1.94, 0, 0, 0
10301, 0.988, 0.988, 3.24678, 3.23275, 1.4025, 1.75312, 2.76309, 0, 1.95, 0, 0, 0
10310, 0.988, 0.988, 3.26431, 3.25029, 1.75312, 1.75312, 1.66222, 0, 1.96, 0, 0, 0
10320, 0.988, 0.988, 3.28184, 3.26431, 1.75312, 1.4025, 1.66222, 0, 1.97, 0, 0, 0
10331, 0.988, 0.988, 3.29937, 3.28184, 1.74961, 1.74961, 8.2674, 0, 1.98, 0, 0, 0
10341, 0.988, 0.988, 3.3169, 3.29937, 1.74961, 1.74961, 1.31458, 0, 1.99, 0, 0, 0
10350, 0.988, 0.988, 3.33093, 3.3169, 1.4025, 1.75663, 0.516429, 0, 2, 0, 0, 0
10360, 0.988, 0.988, 3.34846, 3.33444, 1.75312, 1.75312, 1.08786, 0, 2.01, 0, 0, 0
10371, 0.988, 0.988, 3.36599, 3.34846, 1.75312, 1.4025, 1.08786, 0, 2.02, 0, 0, 0
10381, 0.988, 0.988, 3.38352, 3.36599, 1.74961, 1.74961, 3.54942, 0, 2.03, 0, 0, 0
10390, 0.988, 0.988, 3.40105, 3.38352, 1.75312, 1.75312, 3.54942, 0, 2.04, 0, 0, 0
10400, 0.988, 0.988, 3.41508, 3.40105, 1.4025, 1.75312, 3.54942, 0, 2.05, 0, 0, 0
10411, 0.988, 0.988, 3.43261, 3.41859, 1.74961, 1.74961, 6.20328, 0, 2.06, 0, 0, 0
10421, 0.988, 0.988, 3.45014, 3.43261, 1.74961, 1.39899, 8.2674, 0, 2.07, 0, 0, 0
10430, 0.988, 0.988, 3.46767, 3.45014, 1.75312, 1.75312, 8.2674, 0, 2.08, 0, 0, 0
10440, 0.988, 0.988, 3.4852, 3.46767, 1.75312, 1.75312, 8.2674, 0, 2.09, 0, 0, 0
10450, 0.988, 0.988, 3.50274, 3.4852, 1.75312, 1.75312, 8.2674, 0, 2.1, 0, 0, 0
10461, 0.988, 0.988, 3.51676, 3.49923, 1.39899, 1.39899, 8.2674, 0, 2.11, 0, 0, 0
10471, 0.988, 0.988, 3.53429, 3.51676, 1.75312, 1.75312, 8.2674, 0, 2.12, 0, 0, 0
10480, 0.988, 0.988, 3.55182, 3.53429, 1.75312, 1.75312, 0.784975, 0, 2.13, 0, 0, 0
10490, 0.988, 0.988, 3.56935, 3.55182, 1.75312, 1.75312, 2.26269, 0, 2.14, 0, 0, 0
10501, 0.988, 0.988, 3.58689, 3.56935, 1.75312, 1.75312, 2.26269, 0, 2.15, 0, 0, 0
10511, 0.988, 0.988, 3.60091, 3.58689, 1.39899, 1.74961, 4.96481, 0, 2.16, 0, 0, 0
10520, 0.988, 0.988, 3.61844, 3.60091, 1.75312, 1.4025, 4.96481, 0, 2.17, 0, 0, 0
10530, 0.988, 0.988, 3.63597, 3.61844, 1.75312, 1.75312, 4.96481, 0, 2.18, 0, 0, 0
10541, 0.988, 0.988, 3.6535, 3.63597, 1.75312, 1.75312, 0.573872, 0, 2.19, 0, 0, 0
10551, 0.988, 0.988, 3.67104, 3.6535, 1.74961, 1.74961, 8.2674, 0, 2.2, 0, 0, 0
10560, 0.988, 0.988, 3.68857, 3.67104, 1.74961, 1.74961, 8.2674, 0, 2.21, 0, 0, 0
10570, 0.988, 0.988, 3.70259, 3.68506, 1.4025, 1.4025, 1.31458, 0, 2.22, 0, 0, 0
10580, 0.988, 0.988, 3.72012, 3.70259, 1.75312, 1.75312, 1.31458, 0, 2.23, 0, 0, 0
10591, 0.988, 0.988, 3.73765, 3.72012, 1.74961, 1.74961, 2.26269, 0, 2.24, 0, 0, 0
10600, 0.988, 0.988, 3.75518, 3.73765, 1.75312, 1.75312, 4.96481, 0, 2.25, 0, 0, 0
10610, 0.988, 0.988, 3.77272, 3.75518, 1.74961, 1.74961, 4.96481, 0, 2.26, 0, 0, 0
10620, 0.988, 0.988, 3.79025, 3.76921, 1.75312, 1.4025, 8.2674, 0, 2.27, 0, 0, 0
10631, 0.988, 0.988, 3.80427, 3.78674, 1.4025, 1.75312, 2.76309, 0, 2.28, 0, 0, 0
10641, 0.988, 0.988, 3.8218, 3.80427, 1.74961, 1.74961, 2.76309, 0, 2.29, 0, 0, 0
10650, 0.988, 0.988, 3.83933, 3.8218, 1.75312, 1.75312, 2.26269, 0, 2.3, 0, 0, 0
10660, 0.988, 0.988, 3.85687, 3.83933, 1.74961, 1.74961, 2.26269, 0, 2.31, 0, 0, 0
10671, 0.988, 0.988, 3.8744, 3.85336, 1.75312, 1.4025, 0.928316, 0, 2.32, 0, 0, 0
10681, 0.988, 0.988, 3.89193, 3.87089, 1.74961, 1.74961, 8.2674, 0, 2.33, 0, 0, 0
10690, 0.988, 0.988, 3.90595, 3.88842, 1.4025, 1.75663, 8.2674, 0, 2.34, 0, 0, 0
10700, 0.988, 0.988, 3.92348, 3.90595, 1.75312, 1.75312, 3.54942, 0, 2.35, 0, 0, 0
10711, 0.988, 0.988, 3.94102, 3.91998, 1.75312, 1.74961, 3.54942, 0, 2.36, 0, 0, 0
10721, 0.988, 0.988, 3.95504, 3.93751, 1.74961, 1.39899, 1.08786, 0, 2.37, 0, 0, 0
10730, 0.988, 0.988, 3.97257, 3.95504, 1.4025, 1.74961, 1.08786, 0, 2.38, 0, 0, 0
10740, 0.988, 0.988, 3.9901, 3.97257, 1.75312, 1.75663, 1.13681, 0, 2.39, 0, 0, 0
10750, 0.988, 0.988, 4.00763, 3.9901, 1.75312, 1.75312, 8.2674, 0, 2.4, 0, 0, 0
10761, 0.988, 0.988, 4.02517, 4.00763, 1.74961, 1.74961, 1.31458, 0, 2.41, 0, 0, 0
10771, 0.988, 0.988, 4.0427, 4.02166, 1.75312, 1.39899, 0.52696, 0, 2.42, 0, 0, 0
10780, 0.988, 0.988, 4.06023, 4.03919, 1.74961, 1.74961, 2.26269, 0, 2.43, 0, 0, 0
10790, 0.988, 0.988, 4.07425, 4.05672, 1.4025, 1.75312, 2.26269, 0, 2.44, 0, 0, 0
10801, 0.988, 0.988, 4.09178, 4.07425, 1.75312, 1.75312, 8.2674, 0, 2.45, 0, 0, 0
10811, 0.988, 0.988, 4.10932, 4.09178, 1.75312, 1.74961, 1.31458, 0, 2.46, 0, 0, 0
10820, 0.988, 0.988, 4.12685, 4.10581, 1.75312, 1.74961, 1.31458, 0, 2.47, 0, 0, 0
10830, 0.988, 0.988, 4.14438, 4.12334, 1.75312, 1.4025, 4.96481, 0, 2.48, 0, 0, 0
10841, 0.988, 0.988, 4.16191, 4.14087, 1.74961, 1.74961, 1.08786, 0, 2.49, 0, 0, 0
10851, 0.988, 0.988, 4.17593, 4.1584, 1.39899, 1.74961, 1.08786, 0, 2.5, 0, 0, 0
10860, 0.988, 0.988, 4.19347, 4.17593, 1.75312, 1.75312, 0.809944, 0, 2.51, 0, 0, 0
10870, 0.988, 0.988, 4.211, 4.19347, 1.74961, 1.74961, 0.809944, 0, 2.52, 0, 0, 0
10881, 0.988, 0.988, 4.22853, 4.20749, 1.75312, 1.4025, 0.453242, 0, 2.53, 0, 0, 0
10891, 0.988, 0.988, 4.24606, 4.22502, 1.74961, 1.74961, 8.2674, 0, 2.54, 0, 0, 0
10900, 0.988, 0.988, 4.26359, 4.24255, 1.75312, 1.74961, 0.784975, 0, 2.55, 0, 0, 0
10910, 0.988, 0.988, 4.28112, 4.26008, 1.75312, 1.75312, 2.76309, 0, 2.56, 0, 0, 0
10920, 0.988, 0.988, 4.29515, 4.27411, 1.39899, 1.39899, 4.96481, 0, 2.57, 0, 0, 0
10931, 0.988, 0.988, 4.31268, 4.29164, 1.74961, 1.75312, 4.96481, 0, 2.58, 0, 0, 0
10941, 0.988, 0.988, 4.33021, 4.30917, 1.75312, 1.74961, 8.2674, 0, 2.59, 0, 0, 0
10950, 0.988, 0.988, 4.34774, 4.3267, 1.75312, 1.75312, 8.2674, 0, 2.6, 0, 0, 0
10960, 0.988, 0.988, 4.36176, 4.34423, 1.75312, 1.75312, 1.31458, 0, 2.61, 0, 0, 0
10971, 0.988, 0.988, 4.3828, 4.35826, 1.74961, 1.39899, 1.08786, 0, 2.62, 0, 0, 0
10981, 0.988, 0.988, 4.39683, 4.37579, 1.4025, 1.75312, 1.08786, 0, 2.63, 0, 0, 0
10990, 0.988, 0.988, 4.41436, 4.39332, 1.75312, 1.75312, 1.66222, 0, 2.64, 0, 0, 0
11000, 0.988, 0.988, 4.43189, 4.41085, 1.75312, 1.75312, 1.66222, 0, 2.65, 0, 0, 0
11011, 0.988, 0.988, 4.44942, 4.42838, 1.74961, 1.74961, 0.809944, 0, 2.66, 0, 0, 0
11021, 0.988, 0.988, 4.46695, 4.44241, 1.74961, 1.39899, 1.31458, 0, 2.67, 0, 0, 0
11030, 0.988, 0.988, 4.48448, 4.45994, 1.75312, 1.75312, 1.38701, 0, 2.68, 0, 0, 0
11040, 0.988, 0.988, 4.49851, 4.47747, 1.4025, 1.75312, 0.69897, 0, 2.69, 0, 0, 0
11051, 0.988, 0.988, 4.51604, 4.495, 1.74961, 1.74961, 2.07505, 0, 2.7, 0, 0, 0
11061, 0.988, 0.988, 4.53357, 4.51253, 1.74961, 1.74961, 2.26269, 0, 2.71, 0, 0, 0
11070, 0.988, 0.988, 4.5511, 4.52656, 1.75312, 1.4025, 1.31458, 0, 2.72, 0, 0, 0
11080, 0.988, 0.988, 4.56863, 4.54409, 1.75312, 1.75312, 1.31458, 0, 2.73, 0, 0, 0
11090, 0.988, 0.988, 4.58616, 4.56162, 1.74961, 1.74961, 0.718628, 0, 2.74, 0, 0, 0
11101, 0.988, 0.988, 4.60019, 4.57915, 1.4025, 1.75312, 8.2674, 0, 2.75, 0, 0, 0
11111, 0.988, 0.988, 4.61772, 4.59318, 1.75312, 1.39899, 8.2674, 0, 2.76, 0, 0, 0
11120, 0.988, 0.988, 4.63525, 4.61071, 1.75312, 1.75312, 1.08786, 0, 2.77, 0, 0, 0
11130, 0.988, 0.988, 4.65278, 4.62824, 1.75312, 1.75312, 8.2674, 0, 2.78, 0, 0, 0
11141, 0.988, 0.988, 4.67031, 4.64577, 1.74961, 1.74961, 8.2674, 0, 2.79, 0, 0, 0
11151, 0.988, 0.988, 4.68785, 4.6633, 1.74961, 1.74961, 1.66222, 0, 2.8, 0, 0, 0
11160, 0.988, 0.988, 4.70187, 4.68083, 1.4025, 1.75312, 1.66222, 0, 2.81, 0, 0, 0
11170, 0.988, 0.988, 4.7194, 4.69486, 1.75312, 1.4025, 8.2674, 0, 2.82, 0, 0, 0
11181, 0.988, 0.988, 4.73693, 4.71239, 1.75312, 1.75312, 1.2494, 0, 2.83, 0, 0, 0
11191, 0.988, 0.988, 4.75446, 4.72992, 1.74961, 1.74961, 0.516429, 0, 2.84, 0, 0, 0
11200, 0.988, 0.988, 4.772, 4.74745, 1.75312, 1.75312, 8.2674, 0, 2.85, 0, 0, 0
11210, 0.988, 0.988, 4.78953, 4.76148, 1.74961, 1.75312, 1.31458, 0, 2.86, 0, 0, 0
11220, 0.988, 0.988, 4.80355, 4.77901, 1.4025, 1.4025, 1.31458, 0, 2.87, 0, 0, 0
11231, 0.988, 0.988, 4.82108, 4.79654, 1.74961, 1.74961, 6.20328, 0, 2.88, 0, 0, 0
11240, 0.988, 0.988, 4.83861, 4.81407, 1.75312, 1.75312, 8.2674, 0, 2.89, 0, 0, 0
11250, 0.988, 0.988, 4.85614, 4.8316, 1.74961, 1.75312, 4.96481, 0, 2.9, 0, 0, 0
11260, 0.988, 0.988, 4.87368, 4.84563, 1.75312, 1.4025, 3.54942, 0, 2.91, 0, 0, 0
11271, 0.988, 0.988, 4.89121, 4.86316, 1.75312, 1.74961, 3.54942, 0, 2.92, 0, 0, 0
11281, 0.988, 0.988, 4.90523, 4.88069, 1.39899, 1.74961, 1.08786, 0, 2.93, 0, 0, 0
11290, 0.988, 0.988, 4.92276, 4.89822, 1.75312, 1.75312, 1.08786, 0, 2.94, 0, 0, 0
11300, 0.988, 0.988, 4.94029, 4.91575, 1.74961, 1.74961, 3.54942, 0, 2.95, 0, 0, 0
11311, 0.988, 0.988, 4.95783, 4.92978, 1.75312, 1.75312, 1.31458, 0, 2.96, 0, 0, 0
11321, 0.988, 0.988, 4.97536, 4.94731, 1.74961, 1.39899, 0.52696, 0, 2.97, 0, 0, 0
11330, 0.988, 0.988, 4.99289, 4.96484, 1.74961, 1.74961, 0.784975, 0, 2.98, 0, 0, 0
11340, 0.988, 0.988, 5.00691, 4.98237, 1.4025, 1.75312, 1.55902, 0, 2.99, 0, 0, 0
11351, 0.988, 0.988, 5.02795, 4.9999, 2.10024, 1.74961, 1.66222, 0, 3, 0, 0, 0
11361, 0.988, 0.988, 5.04198, 5.01393, 1.4025, 1.4025, 8.2674, 0, 3.01, 0, 0, 0
11370, 0.988, 0.988, 5.05951, 5.03146, 1.75312, 1.75312, 8.2674, 0, 3.02, 0, 0, 0
11380, 0.988, 0.988, 5.07704, 5.04899, 1.74961, 1.75312, 1.66222, 0, 3.03, 0, 0, 0
11390, 0.988, 0.988, 5.09457, 5.06652, 1.75312, 1.75312, 2.76309, 0, 3.04, 0, 0, 0
11401, 0.988, 0.988, 5.10859, 5.08405, 1.39899, 1.74611, 2.76309, 0, 3.05, 0, 0, 0
11410, 0.988, 0.988, 5.12613, 5.09808, 1.75312, 1.4025, 2.76309, 0, 3.06, 0, 0, 0
11420, 0.988, 0.988, 5.14366, 5.11561, 1.75312, 1.75312, 0.928316, 0, 3.07, 0, 0, 0
11430, 0.988, 0.988, 5.16119, 5.13314, 1.75312, 1.75312, 0.928316, 0, 3.08, 0, 0, 0
11441, 0.988, 0.988, 5.17872, 5.15067, 1.75312, 1.75312, 2.76309, 0, 3.09, 0, 0, 0
11451, 0.988, 0.988, 5.19625, 5.16469, 1.74611, 1.74611, 2.76309, 0, 3.1, 0, 0, 0
11460, 0.988, 0.988, 5.21028, 5.18223, 1.4025, 1.4025, 0.784975, 0, 3.11, 0, 0, 0
11470, 0.988, 0.988, 5.22781, 5.19976, 1.75312, 1.75312, 8.2674, 0, 3.12, 0, 0, 0
11481, 0.988, 0.988, 5.24534, 5.21729, 1.74961, 1.74961, 8.2674, 0, 3.13, 0, 0, 0
11491, 0.988, 0.988, 5.26287, 5.23482, 1.74961, 1.74961, 8.2674, 0, 3.14, 0, 0, 0
11500, 0.988, 0.988, 5.2804, 5.24884, 1.74961, 1.74961, 8.2674, 0, 3.15, 0, 0, 0
11510, 0.988, 0.988, 5.29443, 5.26638, 1.75312, 1.4025, 8.2674, 0, 3.16, 0, 0, 0
11521, 0.988, 0.988, 5.31196, 5.28391, 1.4025, 1.74961, 1.31458, 0, 3.17, 0, 0, 0
11531, 0.988, 0.988, 5.32949, 5.30144, 1.74961, 1.74961, 1.31458, 0, 3.18, 0, 0, 0
11540, 0.988, 0.988, 5.34702, 5.31897, 1.75312, 1.75312, 8.2674, 0, 3.19, 0, 0, 0
11550, 0.988, 0.988, 5.36455, 5.33299, 1.74961, 1.74961, 0.52696, 0, 3.2, 0, 0, 0
11560, 0.988, 0.988, 5.38208, 5.35052, 1.75312, 1.4025, 0.53794, 0, 3.21, 0, 0, 0
11571, 0.988, 0.988, 5.39611, 5.36806, 1.39899, 1.74961, 2.76309, 0, 3.22, 0, 0, 0
11581, 0.988, 0.988, 5.41364, 5.38559, 1.75312, 1.75312, 2.76309, 0, 3.23, 0, 0, 0
11590, 0.988, 0.988, 5.43117, 5.40312, 1.75312, 1.75312, 8.2674, 0, 3.24, 0, 0, 0
11600, 0.988, 0.988, 5.4487, 5.41714, 1.75312, 1.4025, 0.928316, 0, 3.25, 0, 0, 0
11611, 0.988, 0.988, 5.46623, 5.43467, 1.74961, 1.74961, 0.453242, 0, 3.26, 0, 0, 0
11621, 0.988, 0.988, 5.48376, 5.45221, 1.74961, 1.74961, 1.31458, 0, 3.27, 0, 0, 0
11630, 0.988, 0.988, 5.50129, 5.46974, 1.75312, 1.75312, 8.2674, 0, 3.28, 0, 0, 0
11640, 0.988, 0.988, 5.51882, 5.48727, 1.74961, 1.74961, 8.2674, 0, 3.29, 0, 0, 0
11651, 0.988, 0.988, 5.53285, 5.50129, 1.4025, 1.74961, 8.2674, 0, 3.3, 0, 0, 0
11661, 0.988, 0.988, 5.55038, 5.51882, 1.74961, 1.4025, 8.2674, 0, 3.31, 0, 0, 0
11670, 0.988, 0.988, 5.56791, 5.53636, 1.75312, 1.75312, 8.2674, 0, 3.32, 0, 0, 0
11680, 0.988, 0.988, 5.58544, 5.55389, 1.75312, 1.75312, 8.2674, 0, 3.33, 0, 0, 0
11691, 0.988, 0.988, 5.60297, 5.57142, 1.75312, 1.75312, 8.2674, 0, 3.34, 0, 0, 0
11701, 0.988, 0.988, 5.62051, 5.58544, 1.74961, 1.74961, 6.20328, 0, 3.35, 0, 0, 0
11710, 0.988, 0.988, 5.63453, 5.60297, 1.4025, 1.4025, 4.96481, 0, 3.36, 0, 0, 0
11720, 0.988, 0.988, 5.65206, 5.62051, 1.74961, 1.75312, 4.96481, 0, 3.37, 0, 0, 0
11730, 0.988, 0.988, 5.66959, 5.63453, 1.75312, 1.74961, 8.2674, 0, 3.38, 0, 0, 0
11741, 0.988, 0.988, 5.68712, 5.65557, 1.74961, 1.75312, 0.784975, 0, 3.39, 0, 0, 0
11751, 0.988, 0.988, 5.70466, 5.66959, 1.75312, 1.4025, 0.680374, 0, 3.4, 0, 0, 0
11760, 0.988, 0.988, 5.72219, 5.68712, 1.74961, 1.75312, 0.453242, 0, 3.41, 0, 0, 0
11770, 0.988, 0.988, 5.73972, 5.70466, 1.75312, 1.75312, 0.453242, 0, 3.42, 0, 0, 0
11781, 0.988, 0.988, 5.75725, 5.72219, 1.74961, 1.74961, 8.2674, 0, 3.43, 0, 0, 0
11791, 0.988, 0.988, 5.77127, 5.73621, 1.4025, 1.4025, 0.646044, 0, 3.44, 0, 0, 0
11800, 0.988, 0.988, 5.78881, 5.75374, 1.75312, 1.75312, 0.646044, 0, 3.45, 0, 0, 0
11810, 0.988, 0.988, 5.80634, 5.77127, 1.74961, 1.74961, 3.54942, 0, 3.46, 0, 0, 0
11821, 0.988, 0.988, 5.82387, 5.78881, 1.75312, 1.75312, 3.54942, 0, 3.47, 0, 0, 0
11831, 0.988, 0.988, 5.8414, 5.80634, 1.74961, 1.74961, 1.08786, 0, 3.48, 0, 0, 0
11840, 0.988, 0.988, 5.85893, 5.82036, 1.75312, 1.4025, 8.2674, 0, 3.49, 0, 0, 0
11850, 0.988, 0.988, 5.87295, 5.83789, 1.4025, 1.75312, 8.2674, 0, 3.5, 0, 0, 0
11860, 0.988, 0.988, 5.89049, 5.85542, 1.74961, 1.74961, 8.2674, 0, 3.51, 0, 0, 0
11871, 0.988, 0.988, 5.90802, 5.87295, 1.74961, 1.74961, 8.2674, 0, 3.52, 0, 0, 0
11880, 0.988, 0.988, 5.92555, 5.88698, 1.75312, 1.4025, 0.615063, 0, 3.53, 0, 0, 0
11890, 0.988, 0.988, 5.94308, 5.90451, 1.75312, 1.75312, 3.54942, 0, 3.54, 0, 0, 0
11900, 0.988, 0.988, 5.96061, 5.92204, 1.74961, 1.74961, 8.2674, 0, 3.55, 0, 0, 0
11911, 0.988, 0.988, 5.97464, 5.93957, 1.4025, 1.75312, 2.76309, 0, 3.56, 0, 0, 0
11921, 0.988, 0.988, 5.99217, 5.9536, 1.74961, 1.39899, 4.96481, 0, 3.57, 0, 0, 0
11930, 0.988, 0.988, 6.0097, 5.97113, 1.75312, 1.75312, 4.96481, 0, 3.58, 0, 0, 0
11940, 0.988, 0.988, 6.02723, 5.98866, 1.74961, 1.74961, 8.2674, 0, 3.59, 0, 0, 0
11951, 0.988, 0.988, 6.04476, 6.00619, 1.75312, 1.75312, 8.2674, 0, 3.6, 0, 0, 0
11961, 0.988, 0.988, 6.06229, 6.02372, 1.74961, 1.74961, 4.96481, 0, 3.61, 0, 0, 0
11970, 0.988, 0.988, 6.07982, 6.03775, 1.75312, 1.4025, 2.76309, 0, 3.62, 0, 0, 0
11980, 0.988, 0.988, 6.09735, 6.05528, 1.75312, 1.75312, 2.76309, 0, 3.63, 0, 0, 0
11991, 0.988, 0.988, 6.11138, 6.07281, 1.4025, 1.75312, 1.2494, 0, 3.64, 0, 0, 0
12001, 0.988, 0.988, 6.12891, 6.09034, 1.74961, 1.74961, 8.2674, 0, 3.65, 0, 0, 0
12010, 0.988, 0.988, 6.14644, 6.10437, 1.75312, 1.74961, 8.2674, 0, 3.66, 0, 0, 0
12020, 0.988, 0.988, 6.16397, 6.1219, 1.75312, 1.4025, 0.630166, 0, 3.67, 0, 0, 0
12030, 0.988, 0.988, 6.1815, 6.13943, 1.75312, 1.75312, 0.36478, 0, 3.68, 0, 0, 0
12041, 0.988, 0.988, 6.19553, 6.15696, 1.39899, 1.74961, 12.3956, 0, 3.69, 0, 0, 0
12050, 0.988, 0.988, 6.21306, 6.17449, 1.75312, 1.75312, 2.76309, 0, 3.7, 0, 0, 0
12060, 0.988, 0.988, 6.23059, 6.18852, 1.75312, 1.75312, 2.76309, 0, 3.71, 0, 0, 0
12070, 0.988, 0.988, 6.24812, 6.20605, 1.75312, 1.4025, 0.928316, 0, 3.72, 0, 0, 0
12081, 0.988, 0.988, 6.26565, 6.22358, 1.75312, 1.75312, 2.26269, 0, 3.73, 0, 0, 0
12091, 0.988, 0.988, 6.27968, 6.24111, 1.74961, 1.74961, 2.26269, 0, 3.74, 0, 0, 0
12100, 0.988, 0.988, 6.30072, 6.25864, 1.75312, 1.75312, 8.2674, 0, 3.75, 0, 0, 0
12110, 0.988, 0.988, 6.31474, 6.27267, 1.39899, 1.74961, 8.2674, 0, 3.76, 0, 0, 0
12121, 0.988, 0.988, 6.33227, 6.2902, 1.75312, 1.4025, 8.2674, 0, 3.77, 0, 0, 0
12131, 0.988, 0.988, 6.3498, 6.30773, 1.74961, 1.74961, 8.2674, 0, 3.78, 0, 0, 0
12140, 0.988, 0.988, 6.36734, 6.32526, 1.75312, 1.75312, 8.2674, 0, 3.79, 0, 0, 0
12150, 0.988, 0.988, 6.38487, 6.34279, 1.75312, 1.75312, 8.2674, 0, 3.8, 0, 0, 0
12161, 0.988, 0.988, 6.4024, 6.36032, 1.74961, 1.74961, 8.2674, 0, 3.81, 0, 0, 0
12171, 0.988, 0.988, 6.41642, 6.37435, 1.4025, 1.4025, 0.739443, 0, 3.82, 0, 0, 0
12180, 0.988, 0.988, 6.43395, 6.39188, 1.75312, 1.75312, 8.2674, 0, 3.83, 0, 0, 0
12190, 0.988, 0.988, 6.45149, 6.40941, 1.75312, 1.75312, 8.2674, 0, 3.84, 0, 0, 0
12200, 0.988, 0.988, 6.46902, 6.42694, 1.75312, 1.75312, 3.54942, 0, 3.85, 0, 0, 0
12211, 0.988, 0.988, 6.48655, 6.44447, 1.74961, 1.74961, 0.718628, 0, 3.86, 0, 0, 0
12221, 0.988, 0.988, 6.50408, 6.4585, 1.75312, 1.4025, 0.718628, 0, 3.87, 0, 0, 0
12230, 0.988, 0.988, 6.5181, 6.47603, 1.4025, 1.75312, 3.54942, 0, 3.88, 0, 0, 0
12240, 0.988, 0.988, 6.53563, 6.49356, 1.75312, 1.75312, 3.54942, 0, 3.89, 0, 0, 0
12251, 0.988, 0.988, 6.55317, 6.51109, 1.74961, 1.74961, 6.20328, 0, 3.9, 0, 0, 0
12261, 0.988, 0.988, 6.5707, 6.52512, 1.74961, 1.74961, 8.2674, 0, 3.91, 0, 0, 0
12270, 0.988, 0.988, 6.58823, 6.54265, 1.75312, 1.4025, 8.2674, 0, 3.92, 0, 0, 0
12280, 0.988, 0.988, 6.60576, 6.56018, 1.74961, 1.74961, 0.445482, 0, 3.93, 0, 0, 0
12291, 0.988, 0.988, 6.61978, 6.57771, 1.4025, 1.75312, 4.96481, 0, 3.94, 0, 0, 0
12301, 0.988, 0.988, 6.63732, 6.59524, 1.74961, 1.74961, 0.739443, 0, 3.95, 0, 0, 0
12310, 0.988, 0.988, 6.65485, 6.61277, 1.75312, 1.75312, 8.2674, 0, 3.96, 0, 0, 0
12320, 0.988, 0.988, 6.67238, 6.6268, 1.75312, 1.4025, 8.2674, 0, 3.97, 0, 0, 0
12331, 0.988, 0.988, 6.68991, 6.64433, 1.74961, 1.75312, 4.96481, 0, 3.98, 0, 0, 0
12341, 0.988, 0.988, 6.70744, 6.66186, 1.74961, 1.74961, 1.08786, 0, 3.99, 0, 0, 0
12350, 0.988, 0.988, 6.72147, 6.67939, 1.4025, 1.75312, 1.08786, 0, 4, 0, 0, 0
12360, 0.988, 0.988, 6.739, 6.69692, 1.75312, 1.75312, 2.76309, 0, 4.01, 0, 0, 0
12370, 0.988, 0.988, 6.75653, 6.71095, 1.74961, 1.39899, 1.31458, 0, 4.02, 0, 0, 0
12381, 0.988, 0.988, 6.77406, 6.72848, 1.74961, 1.74961, 1.31458, 0, 4.03, 0, 0, 0
12391, 0.988, 0.988, 6.79159, 6.74601, 1.75312, 1.75312, 2.76309, 0, 4.04, 0, 0, 0
12400, 0.988, 0.988, 6.80912, 6.76354, 1.75312, 1.75312, 2.76309, 0, 4.05, 0, 0, 0
12410, 0.988, 0.988, 6.82315, 6.77757, 1.4025, 1.74961, 8.2674, 0, 4.06, 0, 0, 0
12421, 0.988, 0.988, 6.84068, 6.7951, 1.74961, 1.4025, 6.20328, 0, 4.07, 0, 0, 0
12431, 0.988, 0.988, 6.85821, 6.81263, 1.74961, 1.75312, 8.2674, 0, 4.08, 0, 0, 0
12440, 0.988, 0.988, 6.87574, 6.83016, 1.75312, 1.75312, 2.76309, 0, 4.09, 0, 0, 0
12450, 0.988, 0.988, 6.89327, 6.84769, 1.75312, 1.75312, 2.76309, 0, 4.1, 0, 0, 0
12461, 0.988, 0.988, 6.9108, 6.86172, 1.74961, 1.74961, 12.3956, 0, 4.11, 0, 0, 0
12471, 0.988, 0.988, 6.92483, 6.87925, 1.4025, 1.4025, 8.2674, 0, 4.12, 0, 0, 0
12480, 0.988, 0.988, 6.94236, 6.89678, 1.75312, 1.75312, 8.2674, 0, 4.13, 0, 0, 0
12490, 0.988, 0.988, 6.95989, 6.91431, 1.74961, 1.75312, 8.2674, 0, 4.14, 0, 0, 0
12500, 0.988, 0.988, 6.97742, 6.93184, 1.75312, 1.75312, 3.54942, 0, 4.15, 0, 0, 0
12511, 0.988, 0.988, 6.99495, 6.94587, 1.74961, 1.74961, 3.54942, 0, 4.16, 0, 0, 0
12520, 0.988, 0.988, 7.01248, 6.9634, 1.75312, 1.4025, 4.96481, 0, 4.17, 0, 0, 0
12530, 0.988, 0.988, 7.02651, 6.98093, 1.4025, 1.75312, 4.96481, 0, 4.18, 0, 0, 0
12540, 0.988, 0.988, 7.04404, 6.99846, 1.75312, 1.74961, 4.96481, 0, 4.19, 0, 0, 0
12551, 0.988, 0.988, 7.06157, 7.01599, 1.74961, 1.75312, 0.928316, 0, 4.2, 0, 0, 0
12561, 0.988, 0.988, 7.0791, 7.03352, 1.74961, 1.74961, 0.9636, 0, 4.21, 0, 0, 0
12570, 0.988, 0.988, 7.09663, 7.04755, 1.75312, 1.4025, 8.2674, 0, 4.22, 0, 0, 0
12580, 0.988, 0.988, 7.11416, 7.06508, 1.75312, 1.75312, 4.96481, 0, 4.23, 0, 0, 0
12591, 0.988, 0.988, 7.12819, 7.08261, 1.39899, 1.74961, 0.739443, 0, 4.24, 0, 0, 0
12601, 0.988, 0.988, 7.14572, 7.10014, 1.74961, 1.74961, 0.487266, 0, 4.25, 0, 0, 0
12610, 0.988, 0.988, 7.16325, 7.11767, 1.75312, 1.75312, 0.496606, 0, 4.26, 0, 0, 0
12620, 0.988, 0.988, 7.18078, 7.1317, 1.75312, 1.4025, 8.2674, 0, 4.27, 0, 0, 0
12631, 0.988, 0.988, 7.19831, 7.14923, 1.75312, 1.75312, 3.54942, 0, 4.28, 0, 0, 0
12641, 0.988, 0.988, 7.21585, 7.16676, 1.74961, 1.74961, 3.54942, 0, 4.29, 0, 0, 0
12650, 0.988, 0.988, 7.22987, 7.18429, 1.4025, 1.75312, 2.76309, 0, 4.3, 0, 0, 0
12660, 0.988, 0.988, 7.2474, 7.19831, 1.74961, 1.75312, 6.20328, 0, 4.31, 0, 0, 0
12670, 0.988, 0.988, 7.26493, 7.21585, 1.75312, 1.4025, 8.2674, 0, 4.32, 0, 0, 0
12681, 0.988, 0.988, 7.28246, 7.23338, 1.74961, 1.74961, 2.76309, 0, 4.33, 0, 0, 0
12690, 0.988, 0.988, 7.3, 7.25091, 1.75312, 1.75312, 2.76309, 0, 4.34, 0, 0, 0
12700, 0.988, 0.988, 7.31402, 7.26844, 1.4025, 1.75312, 2.26269, 0, 4.35, 0, 0, 0
12710, 0.988, 0.988, 7.33155, 7.28597, 1.74961, 1.74961, 0.646044, 0, 4.36, 0, 0, 0
12721, 0.988, 0.988, 7.34908, 7.3, 1.75312, 1.4025, 0.375187, 0, 4.37, 0, 0, 0
12731, 0.988, 0.988, 7.36661, 7.31753, 1.74961, 1.74961, 1.66222, 0, 4.38, 0, 0, 0
12740, 0.988, 0.988, 7.38415, 7.33506, 1.75312, 1.75312, 1.66222, 0, 4.39, 0, 0, 0
12750, 0.988, 0.988, 7.40168, 7.35259, 1.75312, 1.75312, 8.2674, 0, 4.4, 0, 0, 0
12761, 0.988, 0.988, 7.4157, 7.37012, 1.39899, 1.74961, 3.54942, 0, 4.41, 0, 0, 0
12771, 0.988, 0.988, 7.43323, 7.38415, 1.75312, 1.75312, 3.54942, 0, 4.42, 0, 0, 0
12780, 0.988, 0.988, 7.45076, 7.40168, 1.75312, 1.4025, 6.20328, 0, 4.43, 0, 0, 0
12790, 0.988, 0.988, 7.4683, 7.41921, 1.75312, 1.75312, 3.54942, 0, 4.44, 0, 0, 0
12801, 0.988, 0.988, 7.48583, 7.43674, 1.75312, 1.75312, 3.54942, 0, 4.45, 0, 0, 0
12811, 0.988, 0.988, 7.50336, 7.45427, 1.74961, 1.74961, 2.07505, 0, 4.46, 0, 0, 0
12820, 0.988, 0.988, 7.51738, 7.4683, 1.4025, 1.75312, 2.26269, 0, 4.47, 0, 0, 0
12830, 0.988, 0.988, 7.53491, 7.48583, 1.75312, 1.4025, 4.96481, 0, 4.48, 0, 0, 0
12840, 0.988, 0.988, 7.55244, 7.50336, 1.75312, 1.75312, 4.96481, 0, 4.49, 0, 0, 0
12851, 0.988, 0.988, 7.56998, 7.52089, 1.74961, 1.74961, 4.96481, 0, 4.5, 0, 0, 0
12861, 0.988, 0.988, 7.58751, 7.53842, 1.75312, 1.75312, 3.54942, 0, 4.51, 0, 0, 0
12870, 0.988, 0.988, 7.60504, 7.55244, 1.75312, 1.4025, 2.26269, 0, 4.52, 0, 0, 0
12880, 0.988, 0.988, 7.61906, 7.56998, 1.4025, 1.75312, 2.26269, 0, 4.53, 0, 0, 0
12891, 0.988, 0.988, 7.63659, 7.58751, 1.75312, 1.75312, 8.2674, 0, 4.54, 0, 0, 0
12901, 0.988, 0.988, 7.65413, 7.60504, 1.74961, 1.74961, 8.2674, 0, 4.55, 0, 0, 0
12910, 0.988, 0.988, 7.67166, 7.62257, 1.75312, 1.75312, 1.31458, 0, 4.56, 0, 0, 0
12920, 0.988, 0.988, 7.68919, 7.6401, 1.74961, 1.75312, 3.54942, 0, 4.57, 0, 0, 0
12931, 0.988, 0.988, 7.70672, 7.65413, 1.75312, 1.4025, 3.54942, 0, 4.58, 0, 0, 0
12941, 0.988, 0.988, 7.72074, 7.67166, 1.39899, 1.74961, 0.928316, 0, 4.59, 0, 0, 0
12950, 0.988, 0.988, 7.73828, 7.68919, 1.75312, 1.75312, 0.928316, 0, 4.6, 0, 0, 0
12960, 0.988, 0.988, 7.75581, 7.70672, 1.74961, 1.74961, 1.66222, 0, 4.61, 0, 0, 0
12971, 0.988, 0.988, 7.77334, 7.72425, 1.75312, 1.75312, 8.2674, 0, 4.62, 0, 0, 0
12981, 0.988, 0.988, 7.79087, 7.73828, 1.74961, 1.74961, 8.2674, 0, 4.63, 0, 0, 0
12990, 0.988, 0.988, 7.8084, 7.75581, 1.75312, 1.4025, 1.66222, 0, 4.64, 0, 0, 0
13000, 0.988, 0.988, 7.82243, 7.77334, 1.4025, 1.75312, 2.26269, 0, 4.65, 0, 0, 0
13010, 0.988, 0.988, 7.83996, 7.79087, 1.75312, 1.75312, 0.630166, 0, 4.66, 0, 0, 0
13021, 0.988, 0.988, 7.85749, 7.8084, 1.74961, 1.74961, 8.2674, 0, 4.67, 0, 0, 0
13031, 0.988, 0.988, 7.87502, 7.82593, 1.74961, 1.74961, 8.2674, 0, 4.68, 0, 0, 0
13040, 0.988, 0.988, 7.89255, 7.84346, 1.75312, 1.75312, 6.20328, 0, 4.69, 0, 0, 0
13050, 0.988, 0.988, 7.90658, 7.85749, 1.4025, 1.4025, 2.76309, 0, 4.7, 0, 0, 0
13061, 0.988, 0.988, 7.92411, 7.87502, 1.75312, 1.75312, 2.76309, 0, 4.71, 0, 0, 0
13071, 0.988, 0.988, 7.94164, 7.89255, 1.74961, 1.74961, 1.55902, 0, 4.72, 0, 0, 0
13080, 0.988, 0.988, 7.95917, 7.90658, 1.75312, 1.74961, 3.54942, 0, 4.73, 0, 0, 0
13090, 0.988, 0.988, 7.9767, 7.92411, 1.75312, 1.4025, 3.54942, 0, 4.74, 0, 0, 0
13101, 0.988, 0.988, 7.99073, 7.94164, 1.39899, 1.74961, 8.2674, 0, 4.75, 0, 0, 0
13111, 0.988, 0.988, 8.00826, 7.95917, 1.74961, 1.75312, 8.2674, 0, 4.76, 0, 0, 0
13120, 0.988, 0.988, 8.02579, 7.9767, 1.75312, 1.75312, 0.586964, 0, 4.77, 0, 0, 0
13130, 0.988, 0.988, 8.04332, 7.99073, 1.74961, 1.74961, 2.76309, 0, 4.78, 0, 0, 0
