QGPIORecord, QRC v6.1.0, 02-12-2021 @ 16:13:02, Windows 10 Version 2009, 10.0.19042, x86_64
Time, VoltageA, VoltageB, PositionA, PositionB, SpeedA, SpeedB, FrontDistance, PendulumAngle, Time, ValueIn9, ValueIn10, ValueIn11
28840, 0, 0, 0, 0, 0, 0, 0.0960493, -0.0184258, 0, 0, 0, 0
28850, 6, 6, 0, 0, 0, 0, 0.0960493, -0.0184258, 0.01, 0, 0, 0
28860, 6, 6, 0, 0, 0, 0, 0.0957578, -0.0184258, 0.02, 0, 0, 0
28870, 6, 6, 0.0385687, 0.0385687, 3.84635, 3.83232, 0.0960493, -0.0184258, 0.03, 0, 0, 0
28880, 6, 6, 0.119212, 0.119212, 8.06436, 8.40797, 0.0960493, -0.0184258, 0.04, 0, 0, 0
28891, 6, 6, 0.220893, 0.220893, 10.1506, 10.1611, 0.0960493, -0.0184258, 0.05, 0, 0, 0
28900, 6, 6, 0.329587, 0.333093, 10.8693, 10.8729, 0.0960493, -0.0184258, 0.06, 0, 0, 0
28910, 6, 6, 0.445293, 0.445293, 11.5811, 11.5776, 0.0960493, -0.0184258, 0.07, 0, 0, 0
28920, 6, 6, 0.560999, 0.564505, 11.9037, 11.5566, 0.0963428, -0.0184258, 0.08, 0, 0, 0
28931, 6, 6, 0.680211, 0.680211, 11.5811, 11.9247, 0.0972356, -0.0184258, 0.09, 0, 0, 0
28940, 6, 6, 0.802929, 0.799423, 12.2648, 11.9107, 0.0972356, -0.0184258, 0.1, 0, 0, 0
28950, 6, 6, 0.922142, 0.922142, 11.9037, 11.9142, 0.0900666, -0.0184258, 0.11, 0, 0, 0
28960, 6, 6, 1.04486, 1.04135, 12.2789, 11.9388, 0.0984555, -0.0184258, 0.12, 0, 0, 0
28971, 6, 6, 1.16407, 1.16057, 11.9247, 11.9107, 0.0984555, -0.0184258, 0.13, 0, 0, 0
28981, 6, 6, 1.28679, 1.27978, 12.2508, 12.2613, 0.0997103, -0.0184258, 0.14, 0, 0, 0
28990, 6, 6, 1.406, 1.39899, 12.2964, 11.9388, 0.100675, -0.0184258, 0.15, 0, 0, 0
29000, 6, 6, 1.52872, 1.52171, 11.9212, 12.2543, 0.101002, -0.0184258, 0.16, 0, 0, 0
29010, 6, 6, 1.64793, 1.64092, 12.2508, 11.9212, 0.101995, -0.0184258, 0.17, 0, 0, 0
29021, 6, 6, 1.77065, 1.76364, 12.2718, 12.2754, 0.101995, -0.0184258, 0.18, 0, 0, 0
29030, 6, 6, 1.89337, 1.88636, 11.9423, 11.9212, 0.103354, -0.0184258, 0.19, 0, 0, 0
29040, 6, 6, 2.01609, 2.00557, 12.2543, 12.2648, 0.105833, -0.0184258, 0.2, 0, 0, 0
29050, 6, 6, 2.13881, 2.12829, 12.2718, 11.9282, 0.106198, -0.0184258, 0.21, 0, 0, 0
29061, 6, 6, 2.26153, 2.2475, 12.2613, 12.2648, 0.107687, -0.0184258, 0.22, 0, 0, 0
29070, 6, 6, 2.38074, 2.37022, 11.9247, 11.9212, 0.108834, -0.0184258, 0.23, 0, 0, 0
29080, 6, 6, 2.50346, 2.48943, 12.2754, 12.2789, 0.0993932, -0.0184258, 0.24, 0, 0, 0
29090, 6, 6, 2.62618, 2.61215, 12.2613, 12.2613, 0.112031, -0.0184258, 0.25, 0, 0, 0
29101, 6, 6, 2.74539, 2.73487, 12.2894, 11.9388, 0.112031, -0.0184258, 0.26, 0, 0, 0
29111, 6, 6, 2.86811, 2.85408, 11.9002, 12.2403, 0.117696, -0.0184258, 0.27, 0, 0, 0
29120, 6, 6, 2.99082, 2.9768, 12.2754, 12.2754, 0.121017, -0.0184258, 0.28, 0, 0, 0
29130, 6, 6, 3.11354, 3.09952, 12.2859, 11.9282, 0.121509, -0.0184258, 0.29, 0, 0, 0
29140, 6, 6, 3.23626, 3.22224, 12.2473, 12.2613, 0.125076, -0.0184258, 0.3, 0, 0, 0
29151, 6, 6, 3.35898, 3.34145, 12.2789, 12.2754, 0.129445, -0.0184258, 0.31, 0, 0, 0
29160, 6, 6, 3.4817, 3.46417, 12.2789, 11.9212, 0.129445, -0.0184258, 0.32, 0, 0, 0
29170, 6, 6, 3.60091, 3.58338, 12.2789, 12.2754, 0.131757, -0.0184258, 0.33, 0, 0, 0
29180, 6, 6, 3.72363, 3.7061, 11.9037, 11.9107, 0.13235, -0.0184258, 0.34, 0, 0, 0
29191, 6, 6, 3.84635, 3.82531, 12.2789, 12.2894, 0.119569, -0.0184258, 0.35, 0, 0, 0
29200, 6, 6, 3.96907, 3.94803, 12.2648, 11.8897, 0.136029, -0.0184258, 0.36, 0, 0, 0
29210, 6, 6, 4.09178, 4.06724, 12.2613, 12.2859, 0.136664, -0.0184258, 0.37, 0, 0, 0
29220, 6, 6, 4.2145, 4.18996, 12.2754, 12.2648, 0.138608, -0.0184258, 0.38, 0, 0, 0
29231, 6, 6, 4.33722, 4.31268, 12.2718, 11.9212, 0.138608, -0.0184258, 0.39, 0, 0, 0
29240, 6, 6, 4.45994, 4.43189, 12.2754, 12.2648, 0.141296, -0.0184258, 0.4, 0, 0, 0
29250, 6, 6, 4.58266, 4.55461, 12.2718, 12.2894, 0.147027, -0.0184258, 0.41, 0, 0, 0
29260, 6, 6, 4.70538, 4.67733, 12.2754, 12.2648, 0.147027, -0.0184258, 0.42, 0, 0, 0
29271, 6, 6, 4.82809, 4.80005, 12.2543, 11.9142, 0.148539, -0.0184258, 0.43, 0, 0, 0
29281, 6, 6, 4.95081, 4.92276, 12.2859, 12.2859, 0.150871, -0.0184258, 0.44, 0, 0, 0
29290, 6, 6, 5.07003, 5.04198, 12.2508, 12.2473, 0.151666, -0.0184258, 0.45, 0, 0, 0
29300, 6, 6, 5.19625, 5.16469, 12.2789, 12.2859, 0.154107, -0.0184258, 0.46, 0, 0, 0
29310, 6, 6, 5.31897, 5.28741, 12.2754, 11.9282, 0.154107, -0.0184258, 0.47, 0, 0, 0
29321, 6, 6, 5.44169, 5.41013, 12.2613, 12.2613, 0.1354, -0.0184258, 0.48, 0, 0, 0
29330, 6, 6, 5.5609, 5.52934, 12.2648, 12.2543, 0.157496, -0.0184258, 0.49, 0, 0, 0
29340, 6, 6, 5.68362, 5.65206, 11.9493, 11.9528, 0.157496, -0.0184258, 0.5, 0, 0, 0
29350, 6, 6, 5.80634, 5.77127, 12.5909, 12.2473, 0.168698, -0.0184258, 0.51, 0, 0, 0
29361, 6, 6, 5.92905, 5.89399, 12.2754, 12.2718, 0.177169, -0.0184258, 0.52, 0, 0, 0
29370, 6, 6, 6.05177, 6.01671, 11.9282, 11.9212, 0.177169, -0.0184258, 0.53, 0, 0, 0
29380, 6, 6, 6.17449, 6.13943, 12.2613, 12.2754, 0.177169, -0.0184258, 0.54, 0, 0, 0
29390, 6, 6, 6.29721, 6.25864, 12.2789, 12.2613, 0.177169, -0.0184258, 0.55, 0, 0, 0
29401, 6, 6, 6.41993, 6.38136, 12.2648, 11.9352, 0.16574, -0.0184258, 0.56, 0, 0, 0
29410, 6, 6, 6.54265, 6.50408, 12.2648, 12.2508, 0.164778, -0.0184258, 0.57, 0, 0, 0
29420, 6, 6, 6.66537, 6.6268, 12.2964, 12.3034, 0.16574, -0.0184258, 0.58, 0, 0, 0
29430, 6, 6, 6.78808, 6.74601, 12.2508, 12.2403, 0.168698, -0.0184258, 0.59, 0, 0, 0
29441, 6, 6, 6.9108, 6.86873, 12.2718, 12.2859, 0.172823, -0.0184258, 0.6, 0, 0, 0
29451, 6, 6, 7.03352, 6.99145, 12.2754, 12.2473, 0.172823, -0.0184258, 0.61, 0, 0, 0
29460, 6, 6, 7.15624, 7.11416, 12.2543, 12.2754, 0.177169, -0.0184258, 0.62, 0, 0, 0
29470, 6, 6, 7.27896, 7.23688, 12.2894, 11.9493, 0.177169, -0.0184258, 0.63, 0, 0, 0
29480, 6, 6, 7.40168, 7.3561, 12.2473, 12.2473, 0.186601, -0.0184258, 0.64, 0, 0, 0
29491, 6, 6, 7.52439, 7.47881, 12.2754, 12.2754, 0.197167, -0.0184258, 0.65, 0, 0, 0
29500, 6, 6, 7.64711, 7.60153, 12.2789, 12.2543, 0.197167, -0.0184258, 0.66, 0, 0, 0
29510, 6, 6, 7.76983, 7.72425, 12.2754, 11.9423, 0.209086, -0.0184258, 0.67, 0, 0, 0
29520, 6, 6, 7.89255, 7.84697, 12.2648, 12.2648, 0.209086, -0.0184258, 0.68, 0, 0, 0
29531, 6, 6, 8.01527, 7.96969, 12.2754, 12.2789, 0.22446, -0.0184258, 0.69, 0, 0, 0
29540, 6, 6, 8.13799, 8.0889, 12.2613, 12.2543, 0.238173, -0.0184258, 0.7, 0, 0, 0
29550, 6, 6, 8.26071, 8.21162, 12.2859, 12.2648, 0.242421, -0.0184258, 0.71, 0, 0, 0
29560, 6, 6, 8.38342, 8.33434, 12.2508, 12.2754, 0.205966, -0.0184258, 0.72, 0, 0, 0
29571, 6, 6, 8.50614, 8.45706, 12.2999, 11.9423, 0.280164, -0.0184258, 0.73, 0, 0, 0
29580, 6, 6, 8.62886, 8.57977, 12.2368, 12.2403, 0.280164, -0.0184258, 0.74, 0, 0, 0
29590, 6, 6, 8.75158, 8.70249, 12.2999, 12.2999, 0.336844, -0.0184258, 0.75, 0, 0, 0
29600, 6, 6, 8.87079, 8.82521, 12.2473, 12.2403, 0.336844, -0.0184258, 0.76, 0, 0, 0
29611, 6, 6, 8.99702, 8.94442, 12.2999, 12.2999, 0.423754, -0.0184258, 0.77, 0, 0, 0
29621, 6, 6, 9.11973, 9.06714, 12.2368, 12.2368, 0.646044, -0.0184258, 0.78, 0, 0, 0
29630, 6, 6, 9.24245, 9.18986, 12.2859, 12.2789, 0.646044, -0.0184258, 0.79, 0, 0, 0
29640, 6, 6, 9.36517, 9.31258, 12.2718, 12.2718, 1.08786, -0.0184258, 0.8, 0, 0, 0
29650, 6, 6, 9.48789, 9.4353, 12.2718, 11.9282, 2.26269, -0.0184258, 0.81, 0, 0, 0
29661, 6, 6, 9.61061, 9.55801, 12.2648, 12.2508, 2.26269, -0.0184258, 0.82, 0, 0, 0
29670, 6, 6, 9.73333, 9.68073, 12.2859, 12.2859, 4.96481, -0.0184258, 0.83, 0, 0, 0
29680, 6, 6, 9.85605, 9.80345, 12.2613, 12.2754, 0.809944, -0.0184258, 0.84, 0, 0, 0
29690, 6, 6, 9.97876, 9.92617, 12.2754, 12.2718, 0.784975, -0.0184258, 0.85, 0, 0, 0
29701, 6, 6, 10.1015, 10.0489, 12.2718, 12.2754, 8.2674, -0.0184258, 0.86, 0, 0, 0
29710, 6, 6, 10.2242, 10.1681, 12.2648, 12.2473, 8.2674, -0.0184258, 0.87, 0, 0, 0
29720, 6, 6, 10.3469, 10.2908, 12.2754, 12.2894, 8.2674, -0.0184258, 0.88, 0, 0, 0
29730, 6, 6, 10.4696, 10.4135, 12.2859, 12.2613, 8.2674, -0.0184258, 0.89, 0, 0, 0
29741, 6, 6, 10.5924, 10.5363, 12.2543, 11.9282, 8.2674, -0.0184258, 0.9, 0, 0, 0
29751, 6, 6, 10.7151, 10.6555, 12.6155, 12.2648, 8.2674, -0.0184258, 0.91, 0, 0, 0
29760, 6, 6, 10.8378, 10.7782, 12.2789, 12.2648, 8.2674, -0.0184258, 0.92, 0, 0, 0
29770, 6, 6, 10.9605, 10.9009, 11.9107, 12.2648, 8.2674, -0.0184258, 0.93, 0, 0, 0
29780, 6, 6, 11.0832, 11.0236, 12.64, 11.9493, 8.2674, -0.0184258, 0.94, 0, 0, 0
29791, 6, 6, 11.2095, 11.1463, 12.2298, 12.2368, 8.2674, -0.0184258, 0.95, 0, 0, 0
29800, 6, 6, 11.3322, 11.2656, 12.2894, 12.2789, 8.2674, -0.0184258, 0.96, 0, 0, 0
29810, 6, 6, 11.4549, 11.3883, 12.2718, 12.2648, 8.2674, -0.0184258, 0.97, 0, 0, 0
29820, 6, 6, 11.5776, 11.511, 12.2718, 12.2859, 24.7803, -0.0184258, 0.98, 0, 0, 0
29831, 6, 6, 11.7003, 11.6337, 12.2718, 12.2543, 8.2674, -0.0184258, 0.99, 0, 0, 0
29840, 6, 6, 11.823, 11.7564, 12.2648, 12.2648, 8.2674, -0.0184258, 1, 0, 0, 0
29850, 6, 6, 11.9458, 11.8791, 12.2859, 11.9423, 2.26269, -0.0184258, 1.01, 0, 0, 0
29860, 6, 6, 12.0685, 12.0019, 12.2508, 12.6049, 1.2494, -0.0184258, 1.02, 0, 0, 0
29871, 6, 6, 12.1912, 12.1246, 12.6505, 12.2859, 1.31458, -0.0184258, 1.03, 0, 0, 0
29880, 6, 6, 12.3174, 12.2473, 12.2368, 12.2508, 0.928316, -0.0184258, 1.04, 0, 0, 0
29890, 6, 6, 12.4401, 12.37, 12.2999, 11.9388, 0.9636, -0.0184258, 1.05, 0, 0, 0
29900, 6, 6, 12.5629, 12.4927, 12.2473, 12.6014, 0.836578, -0.0184258, 1.06, 0, 0, 0
29911, 6, 6, 12.6856, 12.6155, 12.2999, 12.2894, 0.586964, -0.0184258, 1.07, 0, 0, 0
29921, 6, 6, 12.8083, 12.7382, 12.2403, 12.2508, 0.369908, -0.0184258, 1.08, 0, 0, 0
29930, 6, 6, 12.931, 12.8609, 12.2999, 11.9282, 0.928316, -0.0184258, 1.09, 0, 0, 0
29940, 6, 6, 13.0537, 12.9836, 12.2473, 12.2718, 0.320549, -0.0184258, 1.1, 0, 0, 0
29950, 6, 6, 13.1765, 13.1063, 12.2859, 12.2718, 0.320549, -0.0184258, 1.11, 0, 0, 0
29961, 6, 6, 13.2992, 13.2255, 12.6225, 12.2754, 0.397953, -0.0184258, 1.12, 0, 0, 0
29970, 6, 6, 13.4219, 13.3483, 12.2613, 12.2613, 0.397953, -0.0184258, 1.13, 0, 0, 0
29980, 6, 6, 13.5481, 13.471, 12.2789, 12.2754, 0.320549, -0.0184258, 1.14, 0, 0, 0
29990, 6, 6, 13.6708, 13.5937, 12.2508, 12.2648, 0.646044, -0.0184258, 1.15, 0, 0, 0
30001, 6, 6, 13.7936, 13.7164, 12.2999, 11.9423, 0.646044, -0.0184258, 1.16, 0, 0, 0
30010, 6, 6, 13.9163, 13.8391, 12.2368, 12.2368, 0.375187, -0.0184258, 1.17, 0, 0, 0
30020, 6, 6, 14.039, 13.9619, 12.3034, 12.3034, 0.375187, -0.0184258, 1.18, 0, 0, 0
30030, 6, 6, 14.1617, 14.0811, 12.2403, 12.2473, 0.496606, -0.0184258, 1.19, 0, 0, 0
30041, 6, 6, 14.2844, 14.2038, 12.2999, 12.2964, 0.809944, -0.0184258, 1.2, 0, 0, 0
30050, 6, 6, 14.4071, 14.3265, 12.2368, 12.2403, 0.445482, -0.0184258, 1.21, 0, 0, 0
30060, 6, 6, 14.5299, 14.4492, 12.3034, 12.2859, 0.380624, -0.0184258, 1.22, 0, 0, 0
30070, 6, 6, 14.6526, 14.5719, 12.2543, 12.2543, 0.423754, -0.0184258, 1.23, 0, 0, 0
30081, 6, 6, 14.7753, 14.6947, 12.2859, 12.2894, 0.423754, -0.0184258, 1.24, 0, 0, 0
30091, 6, 6, 14.898, 14.8174, 12.2473, 12.2473, 0.423754, -0.0184258, 1.25, 0, 0, 0
30100, 6, 6, 15.0207, 14.9401, 12.6155, 12.2648, 0.423754, -0.0184258, 1.26, 0, 0, 0
30110, 6, 6, 15.1435, 15.0628, 12.2964, 12.2964, 0.240277, -0.0184258, 1.27, 0, 0, 0
30120, 6, 6, 15.2662, 15.1855, 12.2508, 12.2613, 0.320549, -0.0184258, 1.28, 0, 0, 0
30131, 6, 6, 15.3924, 15.3083, 12.2859, 12.2718, 0.320549, -0.0184258, 1.29, 0, 0, 0
30140, 6, 6, 15.5151, 15.431, 12.2508, 12.2613, 0.646044, -0.0184258, 1.3, 0, 0, 0
30150, 6, 6, 15.6378, 15.5537, 12.2964, 11.9282, 0.375187, -0.0184258, 1.31, 0, 0, 0
30160, 6, 6, 15.7606, 15.6764, 12.2508, 12.6225, 0.271662, -0.0184258, 1.32, 0, 0, 0
30171, 6, 6, 15.8833, 15.7991, 12.2964, 11.9423, 0.320549, -0.0184258, 1.33, 0, 0, 0
30180, 6, 6, 16.006, 15.9218, 12.2368, 12.5909, 0.320549, -0.0184258, 1.34, 0, 0, 0
30190, 6, 6, 16.1287, 16.0446, 12.2894, 11.9388, 0.496606, -0.0184258, 1.35, 0, 0, 0
30200, 6, 6, 16.2514, 16.1673, 12.6049, 12.6049, 0.423754, -0.0184258, 1.36, 0, 0, 0
30211, 6, 6, 16.3741, 16.29, 12.2789, 12.2648, 0.423754, -0.0184258, 1.37, 0, 0, 0
30220, 6, 6, 16.5004, 16.4127, 12.2648, 12.2754, 0.809944, -0.0184258, 1.38, 0, 0, 0
30230, 6, 6, 16.6231, 16.5354, 12.2789, 11.9352, 0.809944, -0.0184258, 1.39, 0, 0, 0
30240, 6, 6, 16.7458, 16.6582, 12.2648, 12.2508, 0.375187, -0.0184258, 1.4, 0, 0, 0
30251, 6, 6, 16.8685, 16.7809, 12.2789, 12.2894, 0.397953, -0.0184258, 1.41, 0, 0, 0
30261, 6, 6, 16.9912, 16.9036, 12.2613, 12.2508, 0.404096, -0.0184258, 1.42, 0, 0, 0
30270, 6, 6, 17.114, 17.0263, 12.2754, 12.2789, 0.496606, -0.0184258, 1.43, 0, 0, 0
30280, 6, 6, 17.2367, 17.1455, 12.612, 12.2648, 0.375187, -0.0184258, 1.44, 0, 0, 0
30290, 6, 6, 17.3594, 17.2717, 12.2964, 12.2999, 0.271662, -0.0184258, 1.45, 0, 0, 0
30301, 6, 6, 17.4856, 17.391, 12.2368, 12.2298, 0.586964, -0.0184258, 1.46, 0, 0, 0
30310, 6, 6, 17.6083, 17.5137, 12.2999, 12.2964, 0.586964, -0.0184258, 1.47, 0, 0, 0
30320, 6, 6, 17.7311, 17.6364, 12.2473, 12.2543, 0.354951, -0.0184258, 1.48, 0, 0, 0
30330, 6, 6, 17.8538, 17.7591, 12.2789, 12.2648, 0.354951, -0.0184258, 1.49, 0, 0, 0
30341, 6, 6, 17.9765, 17.8818, 12.2859, 12.2859, 0.354951, -0.0184258, 1.5, 0, 0, 0
30350, 6, 6, 18.0992, 18.0046, 12.2718, 12.2718, 0.453242, -0.0184258, 1.51, 0, 0, 0
30360, 6, 6, 18.2219, 18.1273, 12.6225, 12.2718, 0.369908, -0.0184258, 1.52, 0, 0, 0
30370, 6, 6, 18.3482, 18.25, 12.2648, 12.2754, 0.375187, -0.0184258, 1.53, 0, 0, 0
30381, 6, 6, 18.4709, 18.3727, 12.2789, 12.2718, 0.302336, -0.0184258, 1.54, 0, 0, 0
30391, 6, 6, 18.5936, 18.4954, 12.2508, 12.2648, 0.305805, -0.0184258, 1.55, 0, 0, 0
30400, 6, 6, 18.7163, 18.6181, 12.2789, 12.2648, 0.662757, -0.0184258, 1.56, 0, 0, 0
30410, 6, 6, 18.839, 18.7444, 12.2754, 12.2894, 0.268946, -0.0184258, 1.57, 0, 0, 0
30420, 6, 6, 18.9618, 18.8636, 12.2718, 12.2473, 0.268946, -0.0184258, 1.58, 0, 0, 0
30431, 6, 6, 19.0845, 18.9863, 12.2508, 12.2754, 0.397953, -0.0184258, 1.59, 0, 0, 0
30440, 6, 6, 19.2072, 19.109, 12.2964, 12.2613, 0.53794, -0.0184258, 1.6, 0, 0, 0
30450, 6, 6, 19.3299, 19.2317, 12.2613, 12.2894, 0.53794, -0.0184258, 1.61, 0, 0, 0
30460, 6, 6, 19.4526, 19.3545, 12.6225, 12.2613, 0.375187, -0.0184258, 1.62, 0, 0, 0
30471, 6, 6, 19.5789, 19.4772, 12.2648, 12.2754, 0.375187, -0.0184258, 1.63, 0, 0, 0
30480, 6, 6, 19.7016, 19.5999, 12.2508, 12.2508, 0.646044, -0.0184258, 1.64, 0, 0, 0
30490, 6, 6, 19.8243, 19.7226, 12.2859, 12.2894, 0.496606, -0.0184258, 1.65, 0, 0, 0
30500, 6, 6, 19.947, 19.8453, 12.2789, 12.2648, 0.496606, -0.0184258, 1.66, 0, 0, 0
30511, 6, 6, 20.0697, 19.968, 12.2648, 12.2648, 0.453242, -0.0184258, 1.67, 0, 0, 0
30520, 6, 6, 20.1924, 20.0908, 12.2613, 12.2613, 0.453242, -0.0184258, 1.68, 0, 0, 0
30530, 6, 6, 20.3152, 20.2135, 12.2789, 11.9247, 0.283122, -0.0184258, 1.69, 0, 0, 0
30540, 6, 6, 20.4379, 20.3362, 12.2859, 12.3034, 0.423754, -0.0184258, 1.7, 0, 0, 0
30551, 6, 6, 20.5606, 20.4589, 12.2543, 12.2403, 0.423754, -0.0184258, 1.71, 0, 0, 0
30561, 6, 6, 20.6833, 20.5816, 12.2754, 12.2859, 0.423754, -0.0184258, 1.72, 0, 0, 0
30570, 6, 6, 20.806, 20.7009, 12.6049, 12.2508, 0.423754, -0.0184258, 1.73, 0, 0, 0
30580, 6, 6, 20.9323, 20.8236, 12.2964, 12.2999, 0.423754, -0.0184258, 1.74, 0, 0, 0
30590, 6, 6, 21.055, 20.9463, 12.2403, 12.2403, 0.336844, -0.0184258, 1.75, 0, 0, 0
30601, 6, 6, 21.1777, 21.069, 12.2894, 12.2894, 0.336844, -0.0184258, 1.76, 0, 0, 0
30610, 6, 6, 21.3004, 21.1917, 12.2718, 12.2508, 0.305805, -0.0184258, 1.77, 0, 0, 0
30620, 6, 6, 21.4231, 21.3144, 12.2789, 12.2894, 0.336844, -0.0184258, 1.78, 0, 0, 0
30630, 6, 6, 21.5459, 21.4372, 12.2718, 12.2718, 0.336844, -0.0184258, 1.79, 0, 0, 0
30641, 6, 6, 21.6686, 21.5599, 12.5944, 12.2543, 0.928316, -0.0184258, 1.8, 0, 0, 0
30650, 6, 6, 21.7913, 21.6826, 11.9352, 12.2754, 0.809944, -0.0184258, 1.81, 0, 0, 0
30660, 6, 6, 21.914, 21.8053, 12.6155, 12.2789, 0.445482, -0.0184258, 1.82, 0, 0, 0
30670, 6, 6, 22.0402, 21.928, 12.2859, 12.2718, 0.302336, -0.0184258, 1.83, 0, 0, 0
30681, 6, 6, 22.163, 22.0508, 12.2473, 12.2613, 0.305805, -0.0184258, 1.84, 0, 0, 0
30690, 6, 6, 22.2857, 22.1735, 12.2859, 12.2613, 0.320549, -0.0184258, 1.85, 0, 0, 0
30700, 6, 6, 22.4084, 22.2962, 12.2613, 12.2859, 0.487266, -0.0184258, 1.86, 0, 0, 0
30710, 6, 6, 22.5311, 22.4189, 12.2859, 12.2543, 0.496606, -0.0184258, 1.87, 0, 0, 0
30721, 6, 6, 22.6538, 22.5416, 12.6049, 12.2859, 0.305805, -0.0184258, 1.88, 0, 0, 0
30731, 6, 6, 22.7801, 22.6643, 12.2648, 11.9107, 0.305805, -0.0184258, 1.89, 0, 0, 0
30740, 6, 6, 22.9028, 22.7871, 12.2754, 12.2613, 0.718628, -0.0184258, 1.9, 0, 0, 0
30750, 6, 6, 23.0255, 22.9098, 12.2718, 12.2894, 0.453242, -0.0184258, 1.91, 0, 0, 0
30760, 6, 6, 23.1482, 23.029, 12.2754, 12.2613, 0.461284, -0.0184258, 1.92, 0, 0, 0
30771, 6, 6, 23.2709, 23.1552, 12.2754, 12.2859, 0.345653, -0.0184258, 1.93, 0, 0, 0
30780, 6, 6, 23.3936, 23.2779, 12.6014, 12.2473, 0.375187, -0.0184258, 1.94, 0, 0, 0
30790, 6, 6, 23.5199, 23.3972, 12.2999, 12.3034, 0.380624, -0.0184258, 1.95, 0, 0, 0
30800, 6, 6, 23.6426, 23.5199, 12.2543, 12.2473, 1.66222, -0.0184258, 1.96, 0, 0, 0
30811, 6, 6, 23.7653, 23.6426, 12.2789, 12.2789, 1.66222, -0.0184258, 1.97, 0, 0, 0
30820, 6, 6, 23.888, 23.7653, 12.2508, 12.2508, 0.586964, -0.0184258, 1.98, 0, 0, 0
30830, 6, 6, 24.0107, 23.888, 12.6155, 12.2754, 0.375187, -0.0184258, 1.99, 0, 0, 0
30840, 6, 6, 24.1335, 24.0107, 12.2789, 12.2718, 0.375187, -0.0184258, 2, 0, 0, 0
30851, 6, 6, 24.2562, 24.1335, 11.9388, 12.2859, 0.586964, -0.0184258, 2.01, 0, 0, 0
30860, 6, 6, 24.3824, 24.2562, 12.6014, 12.2648, 0.397953, -0.0184258, 2.02, 0, 0, 0
30870, 6, 6, 24.5051, 24.3789, 12.2754, 12.2754, 0.397953, -0.0184258, 2.03, 0, 0, 0
30880, 6, 6, 24.6278, 24.5016, 12.2859, 12.2648, 0.280164, -0.0184258, 2.04, 0, 0, 0
30891, 6, 6, 24.7506, 24.6243, 12.2543, 12.2789, 0.220841, -0.0184258, 2.05, 0, 0, 0
30901, 6, 6, 24.8733, 24.7471, 12.2613, 12.2403, 0.261127, -0.0184258, 2.06, 0, 0, 0
30910, 6, 6, 24.996, 24.8698, 12.6155, 12.2754, 0.453242, -0.0184258, 2.07, 0, 0, 0
30920, 6, 6, 25.1222, 24.9925, 12.2859, 12.2789, 0.453242, -0.0184258, 2.08, 0, 0, 0
30930, 6, 6, 25.2449, 25.1152, 12.2718, 12.2789, 0.354951, -0.0184258, 2.09, 0, 0, 0
30941, 6, 6, 25.3642, 25.2379, 12.2613, 12.2508, 0.423754, -0.0184258, 2.1, 0, 0, 0
30950, 6, 6, 25.4904, 25.3606, 12.2789, 12.2789, 0.423754, -0.0184258, 2.11, 0, 0, 0
30960, 6, 6, 25.6131, 25.4834, 12.2754, 12.2754, 0.397953, -0.0184258, 2.12, 0, 0, 0
30970, 6, 6, 25.7358, 25.6061, 12.2789, 12.2789, 0.397953, -0.0184258, 2.13, 0, 0, 0
30981, 6, 6, 25.8585, 25.7288, 12.2543, 12.2543, 0.423754, -0.0184258, 2.14, 0, 0, 0
30990, 6, 6, 25.9813, 25.8515, 12.2613, 12.2613, 0.277269, -0.0184258, 2.15, 0, 0, 0
31000, 6, 6, 26.104, 25.9742, 12.2964, 12.2964, 0.283122, -0.0184258, 2.16, 0, 0, 0
31010, 6, 6, 26.2302, 26.097, 12.5944, 12.2613, 0.928316, -0.0184258, 2.17, 0, 0, 0
31021, 6, 6, 26.3529, 26.2197, 12.2964, 12.2789, 0.928316, -0.0184258, 2.18, 0, 0, 0
31030, 6, 6, 26.4756, 26.3424, 12.2403, 12.2508, 0.354951, -0.0184258, 2.19, 0, 0, 0
31040, 6, 6, 26.5984, 26.4651, 12.2999, 12.2859, 0.496606, -0.0184258, 2.2, 0, 0, 0
31050, 6, 6, 26.7211, 26.5878, 12.2473, 12.2613, 0.496606, -0.0184258, 2.21, 0, 0, 0
31060, 6, 6, 26.8438, 26.7106, 12.2964, 12.2718, 0.646044, -0.0184258, 2.22, 0, 0, 0
31071, 6, 6, 26.9665, 26.8333, 12.2403, 12.2648, 0.280164, -0.0184258, 2.23, 0, 0, 0
31080, 6, 6, 27.0892, 26.956, 12.2999, 12.2718, 0.280164, -0.0184258, 2.24, 0, 0, 0
31090, 6, 6, 27.2154, 27.0787, 12.6014, 11.9352, 0.354951, -0.0184258, 2.25, 0, 0, 0
31100, 6, 6, 27.3382, 27.2014, 12.2754, 12.2718, 0.354951, -0.0184258, 2.26, 0, 0, 0
31111, 6, 6, 27.4609, 27.3241, 12.2648, 12.2648, 0.423754, -0.0184258, 2.27, 0, 0, 0
31120, 6, 6, 27.5836, 27.4469, 12.2718, 12.2718, 0.496606, -0.0184258, 2.28, 0, 0, 0
31130, 6, 6, 27.7063, 27.5696, 12.2754, 12.2754, 0.496606, -0.0184258, 2.29, 0, 0, 0
31140, 6, 6, 27.829, 27.6923, 12.2859, 12.2859, 0.423754, -0.0184258, 2.3, 0, 0, 0
31151, 6, 6, 27.9518, 27.815, 12.2613, 12.2508, 0.453242, -0.0184258, 2.31, 0, 0, 0
31160, 6, 6, 28.0745, 27.9377, 12.2718, 12.2859, 0.453242, -0.0184258, 2.32, 0, 0, 0
31170, 6, 6, 28.1972, 28.0605, 12.6014, 12.2508, 0.354951, -0.0184258, 2.33, 0, 0, 0
31180, 6, 6, 28.3234, 28.1832, 12.2964, 12.2894, 0.354951, -0.0184258, 2.34, 0, 0, 0
31191, 6, 6, 28.4461, 28.3059, 12.2508, 12.2508, 0.375187, -0.0184258, 2.35, 0, 0, 0
31201, 6, 6, 28.5689, 28.4286, 12.2894, 12.2789, 2.26269, -0.0184258, 2.36, 0, 0, 0
31210, 6, 6, 28.6916, 28.5513, 12.2648, 12.2648, 2.26269, -0.0184258, 2.37, 0, 0, 0
31220, 6, 6, 28.8143, 28.674, 12.2754, 12.2754, 0.718628, -0.0184258, 2.38, 0, 0, 0
31230, 6, 6, 28.937, 28.7968, 12.612, 12.2754, 0.718628, -0.0184258, 2.39, 0, 0, 0
31241, 6, 6, 29.0632, 28.9195, 12.2613, 12.2613, 0.53794, -0.0184258, 2.4, 0, 0, 0
31250, 6, 6, 29.186, 29.0422, 12.2754, 12.2543, 0.397953, -0.0184258, 2.41, 0, 0, 0
31260, 6, 6, 29.3087, 29.1649, 12.2754, 12.2894, 0.286147, -0.0184258, 2.42, 0, 0, 0
31270, 6, 6, 29.4314, 29.2841, 12.2718, 12.2613, 0.809944, -0.0184258, 2.43, 0, 0, 0
31281, 6, 6, 29.5541, 29.4069, 12.6365, 12.2964, 0.397953, -0.0184258, 2.44, 0, 0, 0
31290, 6, 6, 29.6803, 29.5331, 12.2368, 12.2368, 0.397953, -0.0184258, 2.45, 0, 0, 0
31300, 6, 6, 29.8031, 29.6523, 12.3034, 12.2894, 0.586964, -0.0184258, 2.46, 0, 0, 0
31310, 6, 6, 29.9258, 29.775, 12.2613, 12.2648, 0.586964, -0.0184258, 2.47, 0, 0, 0
31321, 6, 6, 30.0485, 29.8977, 12.2718, 12.2718, 1.08786, -0.0184258, 2.48, 0, 0, 0
31330, 6, 6, 30.1712, 30.0204, 12.6014, 12.2508, 0.320549, -0.0184258, 2.49, 0, 0, 0
31340, 6, 6, 30.2974, 30.1432, 12.2718, 12.2789, 0.320549, -0.0184258, 2.5, 0, 0, 0
31350, 6, 6, 30.4202, 30.2659, 12.2964, 11.9493, 0.423754, -0.0184258, 2.51, 0, 0, 0
31361, 6, 6, 30.5429, 30.3886, 12.2473, 12.2473, 0.453242, -0.0184258, 2.52, 0, 0, 0
31371, 6, 6, 30.6656, 30.5113, 12.2894, 12.2754, 0.461284, -0.0184258, 2.53, 0, 0, 0
31380, 6, 6, 30.7883, 30.634, 12.2543, 12.6049, 1.31458, -0.0184258, 2.54, 0, 0, 0
31390, 6, 6, 30.911, 30.7568, 12.6295, 11.9423, 0.52696, -0.0184258, 2.55, 0, 0, 0
31400, 6, 6, 31.0373, 30.8795, 12.2718, 12.2648, 0.22446, -0.0184258, 2.56, 0, 0, 0
31411, 6, 6, 31.16, 31.0022, 12.2613, 12.6014, 0.586964, -0.0184258, 2.57, 0, 0, 0
31420, 6, 6, 31.2827, 31.1249, 12.2789, 11.9352, 0.586964, -0.0184258, 2.58, 0, 0, 0
31430, 6, 6, 31.4054, 31.2476, 12.2789, 12.2859, 0.573872, -0.0184258, 2.59, 0, 0, 0
31440, 6, 6, 31.5281, 31.3703, 12.2613, 12.2508, 0.586964, -0.0184258, 2.6, 0, 0, 0
31451, 6, 6, 31.6508, 31.4931, 12.2789, 12.6295, 0.336844, -0.0184258, 2.61, 0, 0, 0
31460, 6, 6, 31.7736, 31.6158, 12.5909, 12.2508, 0.646044, -0.0184258, 2.62, 0, 0, 0
31470, 6, 6, 31.8998, 31.7385, 12.2999, 11.9493, 0.646044, -0.0184258, 2.63, 0, 0, 0
31480, 6, 6, 32.0225, 31.8612, 12.2508, 12.6049, 0.53794, -0.0184258, 2.64, 0, 0, 0
31491, 6, 6, 32.1452, 31.9839, 12.2894, 12.2613, 0.423754, -0.0184258, 2.65, 0, 0, 0
31500, 6, 6, 32.2679, 32.1067, 12.2543, 12.2789, 0.298947, -0.0184258, 2.66, 0, 0, 0
31510, 6, 6, 32.3907, 32.2294, 12.2894, 11.9282, 0.586964, -0.0184258, 2.67, 0, 0, 0
31520, 6, 6, 32.5134, 32.3521, 12.6049, 12.2648, 0.586964, -0.0184258, 2.68, 0, 0, 0
31531, 6, 6, 32.6396, 32.4748, 12.2754, 12.2754, 0.258625, -0.0184258, 2.69, 0, 0, 0
31541, 6, 6, 32.7623, 32.5975, 12.2543, 12.2473, 0.453242, -0.0184258, 2.7, 0, 0, 0
31550, 6, 6, 32.885, 32.7202, 12.2789, 12.2859, 0.453242, -0.0184258, 2.71, 0, 0, 0
31560, 6, 6, 33.0078, 32.843, 12.2648, 12.2613, 0.496606, -0.0184258, 2.72, 0, 0, 0
31570, 6, 6, 33.134, 32.9622, 12.6365, 12.2964, 0.292402, -0.0184258, 2.73, 0, 0, 0
31581, 6, 6, 33.2567, 33.0849, 12.2473, 12.2473, 0.292402, -0.0184258, 2.74, 0, 0, 0
31590, 6, 6, 33.3794, 33.2076, 12.2964, 12.2789, 0.336844, -0.0184258, 2.75, 0, 0, 0
31600, 6, 6, 33.5021, 33.3303, 12.2648, 12.2718, 0.34119, -0.0184258, 2.76, 0, 0, 0
31610, 6, 6, 33.6249, 33.4531, 12.2718, 12.2718, 0.836578, -0.0184258, 2.77, 0, 0, 0
31621, 6, 6, 33.7476, 33.5758, 12.626, 12.2754, 0.453242, -0.0184258, 2.78, 0, 0, 0
31630, 6, 6, 33.8738, 33.6985, 12.2473, 12.2543, 0.309358, -0.0184258, 2.79, 0, 0, 0
31640, 6, 6, 33.9965, 33.8212, 12.2999, 12.2894, 0.354951, -0.0184258, 2.8, 0, 0, 0
31650, 6, 6, 34.1192, 33.9439, 12.2473, 12.2613, 0.718628, -0.0184258, 2.81, 0, 0, 0
31661, 6, 6, 34.242, 34.0666, 12.2894, 12.2754, 0.718628, -0.0184258, 2.82, 0, 0, 0
31671, 6, 6, 34.3647, 34.1894, 12.2648, 12.2754, 0.646044, -0.0184258, 2.83, 0, 0, 0
31680, 6, 6, 34.4874, 34.3121, 12.6155, 12.2473, 0.646044, -0.0184258, 2.84, 0, 0, 0
31690, 6, 6, 34.6101, 34.4348, 12.2718, 12.2964, 0.320549, -0.0184258, 2.85, 0, 0, 0
31700, 6, 6, 34.7363, 34.5575, 12.2718, 12.2543, 1.66222, -0.0184258, 2.86, 0, 0, 0
31711, 6, 6, 34.8591, 34.6802, 12.2789, 12.2894, 1.66222, -0.0184258, 2.87, 0, 0, 0
31720, 6, 6, 34.9818, 34.803, 12.2648, 12.2473, 0.320549, -0.0184258, 2.88, 0, 0, 0
31730, 6, 6, 35.1045, 34.9257, 12.2648, 12.2754, 0.320549, -0.0184258, 2.89, 0, 0, 0
31740, 6, 6, 35.2272, 35.0484, 12.2754, 11.9352, 0.445482, -0.0184258, 2.9, 0, 0, 0
31751, 6, 6, 35.3499, 35.1711, 12.2648, 12.6049, 0.222635, -0.0184258, 2.91, 0, 0, 0
31760, 6, 6, 35.4762, 35.2938, 12.626, 11.9388, 0.22446, -0.0184258, 2.92, 0, 0, 0
31770, 6, 6, 35.5989, 35.4165, 12.2543, 12.2508, 0.423754, -0.0184258, 2.93, 0, 0, 0
31780, 6, 6, 35.7216, 35.5393, 12.2894, 12.2789, 0.423754, -0.0184258, 2.94, 0, 0, 0
31791, 6, 6, 35.8443, 35.662, 12.2613, 12.2754, 0.423754, -0.0184258, 2.95, 0, 0, 0
31800, 6, 6, 35.967, 35.7847, 12.2613, 12.2613, 0.928316, -0.0184258, 2.96, 0, 0, 0
31810, 6, 6, 36.0897, 35.9039, 12.647, 12.2789, 0.928316, -0.0184258, 2.97, 0, 0, 0
31820, 6, 6, 36.216, 36.0266, 12.2613, 12.2718, 0.586964, -0.0184258, 2.98, 0, 0, 0
31831, 6, 6, 36.3387, 36.1494, 12.2754, 12.2543, 0.646044, -0.0184258, 2.99, 0, 0, 0
31841, 6, 6, 36.4614, 36.2721, 12.2473, 12.2648, 0.646044, -0.0184258, 3, 0, 0, 0
31850, 6, 6, 36.5841, 36.3948, 12.2999, 12.2718, 0.268946, -0.0184258, 3.01, 0, 0, 0
31860, 6, 6, 36.7068, 36.5175, 12.6049, 12.2859, 2.76309, -0.0184258, 3.02, 0, 0, 0
31870, 6, 6, 36.8331, 36.6402, 12.2718, 12.2613, 0.718628, -0.0184258, 3.03, 0, 0, 0
31881, 6, 6, 36.9558, 36.7629, 12.2648, 12.2754, 0.316726, -0.0184258, 3.04, 0, 0, 0
31890, 6, 6, 37.0785, 36.8857, 12.2754, 12.2543, 0.320549, -0.0184258, 3.05, 0, 0, 0
31900, 6, 6, 37.2012, 37.0084, 12.2718, 12.2789, 0.453242, -0.0184258, 3.06, 0, 0, 0
31910, 6, 6, 37.3239, 37.1311, 12.2718, 12.2718, 0.268946, -0.0184258, 3.07, 0, 0, 0
31921, 6, 6, 37.4467, 37.2538, 12.612, 12.2718, 0.268946, -0.0184258, 3.08, 0, 0, 0
31930, 6, 6, 37.5729, 37.3765, 12.2859, 12.2754, 0.52696, -0.0184258, 3.09, 0, 0, 0
31940, 6, 6, 37.6956, 37.4993, 12.2648, 12.2754, 0.53794, -0.0184258, 3.1, 0, 0, 0
31950, 6, 6, 37.8183, 37.622, 12.2789, 12.2543, 0.292402, -0.0184258, 3.11, 0, 0, 0
31961, 6, 6, 37.941, 37.7447, 12.2613, 12.2859, 0.423754, -0.0184258, 3.12, 0, 0, 0
31970, 6, 6, 38.0638, 37.8674, 12.612, 12.2508, 0.423754, -0.0184258, 3.13, 0, 0, 0
31980, 6, 6, 38.19, 37.9901, 12.2894, 12.2999, 0.232086, -0.0184258, 3.14, 0, 0, 0
31990, 6, 6, 38.3127, 38.1129, 12.2508, 12.2508, 0.52696, -0.0184258, 3.15, 0, 0, 0
32001, 6, 6, 38.4354, 38.2356, 12.2894, 12.2894, 0.53794, -0.0184258, 3.16, 0, 0, 0
32011, 6, 6, 38.5581, 38.3583, 12.2543, 12.2613, 0.53794, -0.0184258, 3.17, 0, 0, 0
32020, 6, 6, 38.6809, 38.481, 12.2754, 12.2648, 0.53794, -0.0184258, 3.18, 0, 0, 0
32030, 6, 6, 38.8071, 38.6072, 12.6225, 12.2789, 0.928316, -0.0184258, 3.19, 0, 0, 0
32040, 6, 6, 38.9298, 38.7299, 12.2718, 12.2718, 0.305805, -0.0184258, 3.2, 0, 0, 0
32051, 6, 6, 39.0525, 38.8492, 12.2613, 12.2473, 0.305805, -0.0184258, 3.21, 0, 0, 0
32060, 6, 6, 39.1752, 38.9719, 12.64, 12.2964, 0.397953, -0.0184258, 3.22, 0, 0, 0
32070, 6, 6, 39.3015, 39.0981, 12.2508, 12.2543, 0.646044, -0.0184258, 3.23, 0, 0, 0
32080, 6, 6, 39.4242, 39.2173, 12.2859, 12.2718, 0.646044, -0.0184258, 3.24, 0, 0, 0
32091, 6, 6, 39.5469, 39.34, 12.2648, 12.2718, 0.397953, -0.0184258, 3.25, 0, 0, 0
32100, 6, 6, 39.6696, 39.4628, 12.2754, 12.2718, 0.404096, -0.0184258, 3.26, 0, 0, 0
32110, 6, 6, 39.7923, 39.5855, 12.6155, 12.2859, 0.416987, -0.0184258, 3.27, 0, 0, 0
32120, 6, 6, 39.9186, 39.7082, 12.2718, 12.2648, 0.52696, -0.0184258, 3.28, 0, 0, 0
32131, 6, 6, 40.0413, 39.8309, 12.2789, 12.2718, 0.53794, -0.0184258, 3.29, 0, 0, 0
32140, 6, 6, 40.164, 39.9536, 12.2543, 12.2648, 0.354951, -0.0184258, 3.3, 0, 0, 0
32150, 6, 6, 40.2867, 40.0763, 12.2754, 12.2543, 0.354951, -0.0184258, 3.31, 0, 0, 0
32160, 6, 6, 40.4094, 40.1991, 12.2894, 12.3104, 0.354951, -0.0184258, 3.32, 0, 0, 0
32171, 6, 6, 40.5322, 40.3218, 12.6049, 12.2473, 0.289239, -0.0184258, 3.33, 0, 0, 0
32181, 6, 6, 40.6584, 40.4445, 12.2718, 12.2789, 0.292402, -0.0184258, 3.34, 0, 0, 0
32190, 6, 6, 40.7811, 40.5707, 12.2543, 12.2508, 0.453242, -0.0184258, 3.35, 0, 0, 0
32200, 6, 6, 40.9038, 40.6934, 12.2894, 12.2964, 0.397953, -0.0184258, 3.36, 0, 0, 0
32210, 6, 6, 41.0265, 40.8127, 12.2648, 12.2648, 0.397953, -0.0184258, 3.37, 0, 0, 0
32221, 6, 6, 41.1493, 40.9354, 12.2718, 12.2613, 0.305805, -0.0184258, 3.38, 0, 0, 0
32230, 6, 6, 41.272, 41.0616, 12.612, 12.2648, 0.305805, -0.0184258, 3.39, 0, 0, 0
32240, 6, 6, 41.3982, 41.1843, 12.2754, 12.2789, 0.289239, -0.0184258, 3.4, 0, 0, 0
32250, 6, 6, 41.5209, 41.307, 12.2718, 12.2613, 0.280164, -0.0184258, 3.41, 0, 0, 0
32261, 6, 6, 41.6436, 41.4298, 12.2718, 12.2859, 0.280164, -0.0184258, 3.42, 0, 0, 0
32270, 6, 6, 41.7699, 41.5525, 12.6014, 12.2508, 0.423754, -0.0184258, 3.43, 0, 0, 0
32280, 6, 6, 41.8926, 41.6717, 12.2999, 12.2964, 0.718628, -0.0184258, 3.44, 0, 0, 0
32290, 6, 6, 42.0118, 41.7944, 12.2543, 12.2473, 0.718628, -0.0184258, 3.45, 0, 0, 0
32301, 6, 6, 42.138, 41.9171, 12.2859, 12.2964, 0.928316, -0.0184258, 3.46, 0, 0, 0
32311, 6, 6, 42.2607, 42.0398, 12.2403, 12.2403, 0.928316, -0.0184258, 3.47, 0, 0, 0
32320, 6, 6, 42.3834, 42.1626, 12.6295, 12.2718, 0.646044, -0.0184258, 3.48, 0, 0, 0
32330, 6, 6, 42.5062, 42.2853, 12.2894, 12.2894, 0.496606, -0.0184258, 3.49, 0, 0, 0
32340, 6, 6, 42.6324, 42.408, 12.2508, 12.2648, 0.506319, -0.0184258, 3.5, 0, 0, 0
32351, 6, 6, 42.7551, 42.5307, 12.2894, 12.2754, 0.305805, -0.0184258, 3.51, 0, 0, 0
32360, 6, 6, 42.8778, 42.6534, 12.2473, 12.2508, 0.336844, -0.0184258, 3.52, 0, 0, 0
32370, 6, 6, 43.0005, 42.7761, 12.2964, 12.2754, 0.336844, -0.0184258, 3.53, 0, 0, 0
32380, 6, 6, 43.1233, 42.8989, 12.2789, 12.3034, 0.809944, -0.0184258, 3.54, 0, 0, 0
32391, 6, 6, 43.246, 43.0216, 12.6014, 12.2403, 0.809944, -0.0184258, 3.55, 0, 0, 0
32400, 6, 6, 43.3722, 43.1443, 12.2789, 12.2894, 0.320549, -0.0184258, 3.56, 0, 0, 0
32410, 6, 6, 43.4949, 43.267, 12.2613, 12.2508, 0.53794, -0.0184258, 3.57, 0, 0, 0
32420, 6, 6, 43.6176, 43.3897, 12.2789, 12.2754, 0.53794, -0.0184258, 3.58, 0, 0, 0
32431, 6, 6, 43.7404, 43.516, 12.6155, 12.2789, 0.336844, -0.0184258, 3.59, 0, 0, 0
32440, 6, 6, 43.8666, 43.6387, 12.2543, 12.2543, 0.336844, -0.0184258, 3.6, 0, 0, 0
32450, 6, 6, 43.9893, 43.7614, 12.2754, 12.2648, 0.496606, -0.0184258, 3.61, 0, 0, 0
32460, 6, 6, 44.112, 43.8841, 12.2859, 12.2964, 0.809944, -0.0184258, 3.62, 0, 0, 0
32471, 6, 6, 44.2383, 44.0068, 12.6049, 12.2543, 0.445482, -0.0184258, 3.63, 0, 0, 0
32481, 6, 6, 44.361, 44.1296, 12.2789, 12.2648, 0.226317, -0.0184258, 3.64, 0, 0, 0
32490, 6, 6, 44.4837, 44.2523, 12.2543, 12.2648, 0.292402, -0.0184258, 3.65, 0, 0, 0
32500, 6, 6, 44.6064, 44.375, 12.2894, 12.2859, 0.292402, -0.0184258, 3.66, 0, 0, 0
32510, 6, 6, 44.7291, 44.4977, 12.2508, 12.2648, 0.350238, -0.0184258, 3.67, 0, 0, 0
32521, 6, 6, 44.8554, 44.6204, 12.6225, 12.612, 0.354951, -0.0184258, 3.68, 0, 0, 0
32530, 6, 6, 44.9781, 44.7432, 12.2789, 12.2789, 0.496606, -0.0184258, 3.69, 0, 0, 0
32540, 6, 6, 45.1008, 44.8659, 12.2718, 12.2648, 0.423754, -0.0184258, 3.7, 0, 0, 0
32550, 6, 6, 45.2235, 44.9886, 12.2789, 12.2789, 0.423754, -0.0184258, 3.71, 0, 0, 0
32561, 6, 6, 45.3462, 45.1113, 12.6225, 12.2718, 0.320549, -0.0184258, 3.72, 0, 0, 0
32570, 6, 6, 45.4725, 45.234, 12.2403, 12.2508, 1.31458, -0.0184258, 3.73, 0, 0, 0
32580, 6, 6, 45.5952, 45.3567, 12.3034, 12.2789, 1.38701, -0.0184258, 3.74, 0, 0, 0
32590, 6, 6, 45.7179, 45.4795, 12.2403, 12.2648, 0.718628, -0.0184258, 3.75, 0, 0, 0
32601, 6, 6, 45.8406, 45.6022, 12.2999, 12.2789, 0.410438, -0.0184258, 3.76, 0, 0, 0
32610, 6, 6, 45.9633, 45.7249, 12.6014, 12.2718, 0.453242, -0.0184258, 3.77, 0, 0, 0
32620, 6, 6, 46.0896, 45.8476, 12.2754, 12.2648, 0.573872, -0.0184258, 3.78, 0, 0, 0
32630, 6, 6, 46.2123, 45.9703, 12.2718, 12.2718, 0.586964, -0.0184258, 3.79, 0, 0, 0
32641, 6, 6, 46.335, 46.0931, 12.6225, 12.2718, 0.302336, -0.0184258, 3.8, 0, 0, 0
32651, 6, 6, 46.4577, 46.2158, 12.2508, 12.2613, 0.305805, -0.0184258, 3.81, 0, 0, 0
32660, 6, 6, 46.5839, 46.3385, 12.3034, 12.2859, 0.397953, -0.0184258, 3.82, 0, 0, 0
32670, 6, 6, 46.7066, 46.4612, 12.2613, 12.2789, 0.336844, -0.0184258, 3.83, 0, 0, 0
32680, 6, 6, 46.8294, 46.5839, 12.2754, 12.2543, 0.336844, -0.0184258, 3.84, 0, 0, 0
32691, 6, 6, 46.9521, 46.7066, 12.2473, 12.2718, 0.928316, -0.0184258, 3.85, 0, 0, 0
32700, 6, 6, 47.0748, 46.8294, 12.6365, 12.2613, 0.487266, -0.0184258, 3.86, 0, 0, 0
32710, 6, 6, 47.201, 46.9521, 12.2859, 12.3034, 0.328488, -0.0184258, 3.87, 0, 0, 0
32720, 6, 6, 47.3237, 47.0748, 12.2613, 12.2508, 0.423754, -0.0184258, 3.88, 0, 0, 0
32731, 6, 6, 47.4465, 47.1975, 12.2754, 12.2754, 0.423754, -0.0184258, 3.89, 0, 0, 0
32740, 6, 6, 47.5692, 47.3202, 12.2648, 12.2613, 0.375187, -0.0184258, 3.9, 0, 0, 0
32750, 6, 6, 47.6919, 47.443, 12.612, 12.2789, 0.375187, -0.0184258, 3.91, 0, 0, 0
32760, 6, 6, 47.8181, 47.5657, 12.2859, 12.2718, 0.375187, -0.0184258, 3.92, 0, 0, 0
32771, 6, 6, 47.9408, 47.6884, 12.2508, 12.2648, 0.375187, -0.0184258, 3.93, 0, 0, 0
32780, 6, 6, 48.0636, 47.8111, 12.2789, 12.2543, 1.66222, -0.0184258, 3.94, 0, 0, 0
32790, 6, 6, 48.1863, 47.9338, 12.2894, 12.3104, 1.66222, -0.0184258, 3.95, 0, 0, 0
32800, 6, 6, 48.309, 48.0601, 12.5909, 12.2473, 0.453242, -0.0184258, 3.96, 0, 0, 0
32811, 6, 6, 48.4352, 48.1793, 12.2964, 12.2894, 0.461284, -0.0184258, 3.97, 0, 0, 0
32821, 6, 6, 48.5579, 48.302, 12.2368, 12.2403, 0.836578, -0.0184258, 3.98, 0, 0, 0
32830, 6, 6, 48.6842, 48.4247, 12.647, 12.2859, 0.336844, -0.0184258, 3.99, 0, 0, 0
32840, 6, 6, 48.8069, 48.5474, 12.2648, 12.2718, 0.251411, -0.0184258, 4, 0, 0, 0
32850, 6, 6, 48.9296, 48.6701, 12.2648, 12.2648, 0.336844, -0.0184258, 4.01, 0, 0, 0
32861, 6, 6, 49.0523, 48.7929, 12.2754, 12.2543, 0.375187, -0.0184258, 4.02, 0, 0, 0
32870, 6, 6, 49.175, 48.9156, 12.2754, 12.2859, 0.375187, -0.0184258, 4.03, 0, 0, 0
32880, 6, 6, 49.3013, 49.0383, 12.6155, 12.2648, 0.423754, -0.0184258, 4.04, 0, 0, 0
32890, 6, 6, 49.424, 49.161, 12.2754, 11.9352, 0.423754, -0.0184258, 4.05, 0, 0, 0
32901, 6, 6, 49.5467, 49.2837, 12.2648, 12.2718, 0.586964, -0.0184258, 4.06, 0, 0, 0
32910, 6, 6, 49.6694, 49.4065, 12.2613, 12.2473, 0.249098, -0.0184258, 4.07, 0, 0, 0
32920, 6, 6, 49.7921, 49.5292, 12.64, 12.3034, 0.249098, -0.0184258, 4.08, 0, 0, 0
32930, 6, 6, 49.9184, 49.6519, 12.2508, 12.2508, 0.354951, -0.0184258, 4.09, 0, 0, 0
32941, 6, 6, 50.0411, 49.7746, 12.2964, 12.2789, 0.354951, -0.0184258, 4.1, 0, 0, 0
32951, 6, 6, 50.1638, 49.8973, 12.5839, 12.2473, 0.295637, -0.0184258, 4.11, 0, 0, 0
32960, 6, 6, 50.2865, 50.02, 12.2859, 12.2789, 0.496606, -0.0184258, 4.12, 0, 0, 0
32970, 6, 6, 50.4127, 50.1428, 12.2754, 12.2859, 0.496606, -0.0184258, 4.13, 0, 0, 0
32980, 6, 6, 50.5355, 50.2655, 12.2718, 12.2718, 0.423754, -0.0184258, 4.14, 0, 0, 0
32991, 6, 6, 50.6582, 50.3882, 12.2543, 12.6014, 1.31458, -0.0184258, 4.15, 0, 0, 0
33000, 6, 6, 50.7809, 50.5109, 12.647, 12.2754, 1.31458, -0.0184258, 4.16, 0, 0, 0
33010, 6, 6, 50.9071, 50.6336, 12.2508, 12.2718, 0.280164, -0.0184258, 4.17, 0, 0, 0
33020, 6, 6, 51.0298, 50.7564, 12.2894, 12.2718, 0.280164, -0.0184258, 4.18, 0, 0, 0
33031, 6, 6, 51.1526, 50.8791, 12.2543, 12.2754, 0.809944, -0.0184258, 4.19, 0, 0, 0
33040, 6, 6, 51.2788, 51.0018, 12.6225, 12.2613, 0.423754, -0.0184258, 4.2, 0, 0, 0
33050, 6, 6, 51.4015, 51.1245, 12.2789, 12.2754, 0.423754, -0.0184258, 4.21, 0, 0, 0
33060, 6, 6, 51.5242, 51.2472, 12.2718, 12.2754, 0.646044, -0.0184258, 4.22, 0, 0, 0
33071, 6, 6, 51.6469, 51.3699, 12.2718, 12.2718, 0.586964, -0.0184258, 4.23, 0, 0, 0
33080, 6, 6, 51.7697, 51.4927, 12.6049, 12.2648, 0.36478, -0.0184258, 4.24, 0, 0, 0
33090, 6, 6, 51.8959, 51.6154, 12.2718, 12.2754, 1.66222, -0.0184258, 4.25, 0, 0, 0
33100, 6, 6, 52.0186, 51.7381, 12.2964, 12.2718, 1.66222, -0.0184258, 4.26, 0, 0, 0
33111, 6, 6, 52.1413, 51.8608, 12.2543, 12.2754, 0.397953, -0.0184258, 4.27, 0, 0, 0
33121, 6, 6, 52.264, 51.9835, 12.6014, 12.2508, 0.487266, -0.0184258, 4.28, 0, 0, 0
33130, 6, 6, 52.3903, 52.1063, 12.2894, 12.2859, 0.496606, -0.0184258, 4.29, 0, 0, 0
33140, 6, 6, 52.513, 52.229, 12.2718, 12.2648, 0.718628, -0.0184258, 4.3, 0, 0, 0
33150, 6, 6, 52.6357, 52.3517, 12.2859, 12.2789, 0.718628, -0.0184258, 4.31, 0, 0, 0
33161, 6, 6, 52.7584, 52.4779, 12.2403, 12.2543, 0.586964, -0.0184258, 4.32, 0, 0, 0
33170, 6, 6, 52.8811, 52.6006, 12.2964, 12.2754, 0.375187, -0.0184258, 4.33, 0, 0, 0
33180, 6, 6, 53.0039, 52.7234, 12.612, 12.2789, 0.380624, -0.0184258, 4.34, 0, 0, 0
33190, 6, 6, 53.1301, 52.8461, 12.2718, 12.2754, 0.53794, -0.0184258, 4.35, 0, 0, 0
33201, 6, 6, 53.2528, 52.9688, 12.2718, 12.2718, 0.280164, -0.0184258, 4.36, 0, 0, 0
33210, 6, 6, 53.3755, 53.0915, 12.2648, 12.6014, 0.219077, -0.0184258, 4.37, 0, 0, 0
33220, 6, 6, 53.4982, 53.2142, 12.2789, 12.2754, 0.53794, -0.0184258, 4.38, 0, 0, 0
33230, 6, 6, 53.6245, 53.337, 12.626, 12.2789, 0.53794, -0.0184258, 4.39, 0, 0, 0
33241, 6, 6, 53.7472, 53.4597, 12.2543, 12.2648, 0.305805, -0.0184258, 4.4, 0, 0, 0
33250, 6, 6, 53.8699, 53.5824, 12.2754, 12.2543, 0.336844, -0.0184258, 4.41, 0, 0, 0
33260, 6, 6, 53.9926, 53.7051, 12.6049, 12.2754, 0.336844, -0.0184258, 4.42, 0, 0, 0
33270, 6, 6, 54.1153, 53.8278, 11.9423, 12.2754, 0.350238, -0.0184258, 4.43, 0, 0, 0
33281, 6, 6, 54.2416, 53.9505, 12.6225, 12.2964, 0.305805, -0.0184258, 4.44, 0, 0, 0
33291, 6, 6, 54.3643, 54.0733, 12.2543, 12.2403, 0.305805, -0.0184258, 4.45, 0, 0, 0
33300, 6, 6, 54.487, 54.196, 12.2754, 12.2648, 0.453242, -0.0184258, 4.46, 0, 0, 0
33310, 6, 6, 54.6097, 54.3187, 12.626, 12.2859, 0.461284, -0.0184258, 4.47, 0, 0, 0
33320, 6, 6, 54.7359, 54.4414, 12.2543, 12.2648, 0.204442, -0.0184258, 4.48, 0, 0, 0
33331, 6, 6, 54.8587, 54.5641, 12.2859, 12.2754, 0.305805, -0.0184258, 4.49, 0, 0, 0
33340, 6, 6, 54.9814, 54.6869, 12.2613, 12.2648, 0.309358, -0.0184258, 4.5, 0, 0, 0
33350, 6, 6, 55.1041, 54.8096, 12.2859, 11.9282, 0.53794, -0.0184258, 4.51, 0, 0, 0
33360, 6, 6, 55.2268, 54.9323, 12.2648, 12.2754, 0.496606, -0.0184258, 4.52, 0, 0, 0
33371, 6, 6, 55.3495, 55.055, 12.6155, 12.2648, 0.496606, -0.0184258, 4.53, 0, 0, 0
33380, 6, 6, 55.4758, 55.1777, 12.2648, 12.2648, 2.26269, -0.0184258, 4.54, 0, 0, 0
33390, 6, 6, 55.5985, 55.3004, 12.2789, 12.2789, 2.26269, -0.0184258, 4.55, 0, 0, 0
33400, 6, 6, 55.7212, 55.4232, 12.6049, 12.2543, 0.397953, -0.0184258, 4.56, 0, 0, 0
33411, 6, 6, 55.8474, 55.5459, 12.2964, 12.6365, 0.718628, -0.0184258, 4.57, 0, 0, 0
33420, 6, 6, 55.9701, 55.6686, 12.2368, 12.2473, 0.739443, -0.0184258, 4.58, 0, 0, 0
33430, 6, 6, 56.0929, 55.7913, 12.2999, 12.2718, 0.423754, -0.0184258, 4.59, 0, 0, 0
33440, 6, 6, 56.2156, 55.914, 12.6225, 12.3034, 0.423754, -0.0184258, 4.6, 0, 0, 0
33451, 6, 6, 56.3418, 56.0368, 12.2613, 12.2473, 0.234079, -0.0184258, 4.61, 0, 0, 0
33461, 6, 6, 56.4645, 56.1595, 12.2789, 12.2894, 0.280164, -0.0184258, 4.62, 0, 0, 0
33470, 6, 6, 56.5872, 56.2857, 12.2508, 12.2473, 0.280164, -0.0184258, 4.63, 0, 0, 0
33480, 6, 6, 56.71, 56.4084, 12.2894, 12.2859, 0.718628, -0.0184258, 4.64, 0, 0, 0
33490, 6, 6, 56.8362, 56.5311, 12.6155, 12.2754, 0.423754, -0.0184258, 4.65, 0, 0, 0
33501, 6, 6, 56.9589, 56.6539, 12.2543, 12.5944, 0.423754, -0.0184258, 4.66, 0, 0, 0
33510, 6, 6, 57.0816, 56.7766, 12.2789, 12.2718, 0.53794, -0.0184258, 4.67, 0, 0, 0
33520, 6, 6, 57.2043, 56.8993, 12.6295, 12.2894, 0.53794, -0.0184258, 4.68, 0, 0, 0
33530, 6, 6, 57.3306, 57.022, 12.2613, 12.2718, 0.53794, -0.0184258, 4.69, 0, 0, 0
33541, 6, 6, 57.4533, 57.1447, 12.2789, 12.2543, 0.496606, -0.0184258, 4.7, 0, 0, 0
33550, 6, 6, 57.576, 57.2674, 12.6225, 12.2999, 0.496606, -0.0184258, 4.71, 0, 0, 0
33560, 6, 6, 57.7022, 57.3902, 12.2613, 12.2473, 0.354951, -0.0184258, 4.72, 0, 0, 0
33570, 6, 6, 57.8249, 57.5129, 12.2789, 12.2789, 0.292402, -0.0184258, 4.73, 0, 0, 0
33581, 6, 6, 57.9477, 57.6391, 12.2508, 12.2648, 0.292402, -0.0184258, 4.74, 0, 0, 0
33591, 6, 6, 58.0704, 57.7618, 12.6225, 12.2718, 0.397953, -0.0184258, 4.75, 0, 0, 0
33600, 6, 6, 58.1966, 57.8845, 12.2859, 12.2754, 0.397953, -0.0184258, 4.76, 0, 0, 0
33610, 6, 6, 58.3193, 58.0073, 12.2613, 12.2718, 0.646044, -0.0184258, 4.77, 0, 0, 0
33620, 6, 6, 58.442, 58.13, 12.2754, 12.2613, 0.53794, -0.0184258, 4.78, 0, 0, 0
33631, 6, 6, 58.5648, 58.2527, 12.6225, 12.6225, 0.53794, -0.0184258, 4.79, 0, 0, 0
33640, 6, 6, 58.6875, 58.3754, 12.2613, 12.2648, 0.928316, -0.0184258, 4.8, 0, 0, 0
33650, 6, 6, 58.8137, 58.4981, 12.2894, 11.9423, 0.928316, -0.0184258, 4.81, 0, 0, 0
33660, 6, 6, 58.9364, 58.6209, 12.2508, 12.2543, 0.423754, -0.0184258, 4.82, 0, 0, 0
33671, 6, 6, 59.0591, 58.7436, 12.2894, 12.612, 0.375187, -0.0184258, 4.83, 0, 0, 0
33680, 6, 6, 59.1819, 58.8663, 12.6014, 12.2789, 0.380624, -0.0184258, 4.84, 0, 0, 0
33690, 6, 6, 59.3081, 58.989, 12.2789, 12.2613, 0.219077, -0.0184258, 4.85, 0, 0, 0
33700, 6, 6, 59.4308, 59.1117, 12.2718, 12.2754, 0.320549, -0.0184258, 4.86, 0, 0, 0
33711, 6, 6, 59.5535, 59.2345, 12.6365, 12.2859, 0.320549, -0.0184258, 4.87, 0, 0, 0
33720, 6, 6, 59.6797, 59.3572, 12.2508, 12.2613, 0.336844, -0.0184258, 4.88, 0, 0, 0
33730, 6, 6, 59.8025, 59.4799, 12.2859, 12.2754, 0.336844, -0.0184258, 4.89, 0, 0, 0
33740, 6, 6, 59.9252, 59.6026, 12.2613, 12.2718, 0.646044, -0.0184258, 4.9, 0, 0, 0
33751, 6, 6, 60.0479, 59.7253, 12.2718, 12.2718, 0.397953, -0.0184258, 4.91, 0, 0, 0
33761, 6, 6, 60.1706, 59.848, 12.2789, 12.2789, 0.397953, -0.0184258, 4.92, 0, 0, 0
33770, 6, 6, 60.2933, 59.9743, 12.5944, 12.2473, 0.320549, -0.0184258, 4.93, 0, 0, 0
33780, 6, 6, 60.4196, 60.097, 12.2964, 12.2964, 0.453242, -0.0184258, 4.94, 0, 0, 0
33790, 6, 6, 60.5423, 60.2197, 12.2473, 12.2508, 0.461284, -0.0184258, 4.95, 0, 0, 0
33801, 6, 6, 60.665, 60.3424, 12.2859, 12.2718, 0.586964, -0.0184258, 4.96, 0, 0, 0
33810, 6, 6, 60.7877, 60.4651, 12.2648, 12.2718, 0.354951, -0.0184258, 4.97, 0, 0, 0
33820, 6, 6, 60.9104, 60.5879, 12.626, 12.2789, 0.646044, -0.0184258, 4.98, 0, 0, 0
33830, 6, 6, 61.0367, 60.7106, 12.2718, 12.2648, 0.354951, -0.0184258, 4.99, 0, 0, 0
33841, 6, 6, 61.1594, 60.8333, 12.2754, 12.2789, 0.354951, -0.0184258, 5, 0, 0, 0
33850, 6, 6, 61.2821, 60.956, 12.2543, 12.2473, 0.375187, -0.0184258, 5.01, 0, 0, 0
33860, 6, 6, 61.4083, 61.0787, 12.64, 12.2999, 0.586964, -0.0184258, 5.02, 0, 0, 0
33870, 6, 6, 61.531, 61.2015, 12.2508, 12.2508, 0.586964, -0.0184258, 5.03, 0, 0, 0
33881, 6, 6, 61.6538, 61.3242, 12.2894, 12.2789, 0.423754, -0.0184258, 5.04, 0, 0, 0
33890, 6, 6, 61.7765, 61.4469, 12.5909, 12.2508, 0.423754, -0.0184258, 5.05, 0, 0, 0
33900, 6, 6, 61.8992, 61.5696, 12.2859, 12.2894, 0.496606, -0.0184258, 5.06, 0, 0, 0
33910, 6, 6, 62.0254, 61.6923, 12.2754, 12.2718, 0.292402, -0.0184258, 5.07, 0, 0, 0
33921, 6, 6, 62.1481, 61.815, 12.2754, 12.6155, 0.295637, -0.0184258, 5.08, 0, 0, 0
33931, 6, 6, 62.2709, 61.9378, 12.2613, 12.2613, 0.496606, -0.0184258, 5.09, 0, 0, 0
33940, 6, 6, 62.3936, 62.0605, 12.2859, 11.9388, 0.496606, -0.0184258, 5.1, 0, 0, 0
33950, 6, 6, 62.5163, 62.1832, 12.6049, 12.612, 0.305805, -0.0184258, 5.11, 0, 0, 0
33960, 6, 6, 62.6425, 62.3059, 12.2859, 12.2754, 0.292402, -0.0184258, 5.12, 0, 0, 0
33971, 6, 6, 62.7652, 62.4286, 12.2473, 12.2543, 0.292402, -0.0184258, 5.13, 0, 0, 0
33980, 6, 6, 62.888, 62.5514, 12.64, 12.2718, 0.586964, -0.0184258, 5.14, 0, 0, 0
33990, 6, 6, 63.0142, 62.6741, 12.2754, 12.2964, 0.423754, -0.0184258, 5.15, 0, 0, 0
34000, 6, 6, 63.1369, 62.8003, 12.2508, 12.2543, 0.423754, -0.0184258, 5.16, 0, 0, 0
34011, 6, 6, 63.2596, 62.923, 12.2964, 12.2789, 0.496606, -0.0184258, 5.17, 0, 0, 0
34020, 6, 6, 63.3858, 63.0457, 12.5944, 12.2543, 0.496606, -0.0184258, 5.18, 0, 0, 0
34030, 6, 6, 63.5086, 63.1685, 12.2754, 12.2789, 0.336844, -0.0184258, 5.19, 0, 0, 0
34040, 6, 6, 63.6313, 63.2912, 12.2789, 12.2613, 0.496606, -0.0184258, 5.2, 0, 0, 0
34051, 6, 6, 63.754, 63.4139, 12.2648, 12.2789, 0.328488, -0.0184258, 5.21, 0, 0, 0
34060, 6, 6, 63.8767, 63.5366, 12.2613, 12.2508, 0.305805, -0.0184258, 5.22, 0, 0, 0
34070, 6, 6, 64.0029, 63.6593, 12.64, 12.2999, 0.928316, -0.0184258, 5.23, 0, 0, 0
34080, 6, 6, 64.1257, 63.782, 12.2508, 12.2543, 0.928316, -0.0184258, 5.24, 0, 0, 0
34091, 6, 6, 64.2484, 63.9048, 12.2894, 12.626, 0.453242, -0.0184258, 5.25, 0, 0, 0
34101, 6, 6, 64.3711, 64.0275, 12.2403, 12.2508, 0.453242, -0.0184258, 5.26, 0, 0, 0
34110, 6, 6, 64.4938, 64.1502, 12.3034, 12.2754, 0.397953, -0.0184258, 5.27, 0, 0, 0
34120, 6, 6, 64.6165, 64.2729, 12.6155, 12.2964, 0.573872, -0.0184258, 5.28, 0, 0, 0
34130, 6, 6, 64.7428, 64.3956, 12.2508, 12.2543, 0.586964, -0.0184258, 5.29, 0, 0, 0
34141, 6, 6, 64.8655, 64.5219, 12.2789, 12.2648, 0.496606, -0.0184258, 5.3, 0, 0, 0
34150, 6, 6, 64.9882, 64.6411, 12.2543, 12.2648, 0.496606, -0.0184258, 5.31, 0, 0, 0
34160, 6, 6, 65.1109, 64.7638, 12.3034, 12.2894, 0.295637, -0.0184258, 5.32, 0, 0, 0
34170, 6, 6, 65.2336, 64.89, 12.6014, 12.2718, 0.375187, -0.0184258, 5.33, 0, 0, 0
34181, 6, 6, 65.3599, 65.0127, 12.2754, 12.2718, 0.271662, -0.0184258, 5.34, 0, 0, 0
34190, 6, 6, 65.4826, 65.132, 12.2543, 12.2473, 0.375187, -0.0184258, 5.35, 0, 0, 0
34200, 6, 6, 65.6053, 65.2582, 12.6295, 12.2894, 0.487266, -0.0184258, 5.36, 0, 0, 0
34210, 6, 6, 65.728, 65.3809, 12.2613, 12.2648, 0.496606, -0.0184258, 5.37, 0, 0, 0
34221, 6, 6, 65.8542, 65.5036, 12.2894, 12.2894, 0.53794, -0.0184258, 5.38, 0, 0, 0
34231, 6, 6, 65.977, 65.6263, 12.2473, 12.2403, 0.53794, -0.0184258, 5.39, 0, 0, 0
34240, 6, 6, 66.0997, 65.749, 12.2999, 12.2859, 0.453242, -0.0184258, 5.4, 0, 0, 0
34250, 6, 6, 66.2224, 65.8718, 12.2508, 12.2648, 0.397953, -0.0184258, 5.41, 0, 0, 0
34260, 6, 6, 66.3451, 65.9945, 12.2894, 12.2789, 0.397953, -0.0184258, 5.42, 0, 0, 0
34271, 6, 6, 66.4713, 66.1172, 12.6049, 12.2648, 0.375187, -0.0184258, 5.43, 0, 0, 0
34280, 6, 6, 66.594, 66.2399, 12.2754, 12.2648, 0.646044, -0.0184258, 5.44, 0, 0, 0
34290, 6, 6, 66.7168, 66.3626, 12.2648, 12.2648, 0.718628, -0.0184258, 5.45, 0, 0, 0
34300, 6, 6, 66.8395, 66.4854, 12.2789, 12.6295, 0.423754, -0.0184258, 5.46, 0, 0, 0
34311, 6, 6, 66.9622, 66.6081, 12.6014, 12.2613, 0.423754, -0.0184258, 5.47, 0, 0, 0
34320, 6, 6, 67.0884, 66.7308, 12.2859, 12.2754, 0.718628, -0.0184258, 5.48, 0, 0, 0
34330, 6, 6, 67.2112, 66.8535, 12.2543, 12.2648, 0.397953, -0.0184258, 5.49, 0, 0, 0
34340, 6, 6, 67.3339, 66.9762, 12.626, 12.2648, 0.397953, -0.0184258, 5.5, 0, 0, 0
34351, 6, 6, 67.4601, 67.099, 12.2754, 12.2859, 0.354951, -0.0184258, 5.51, 0, 0, 0
34360, 6, 6, 67.5828, 67.2217, 12.2648, 12.2543, 0.354951, -0.0184258, 5.52, 0, 0, 0
34370, 6, 6, 67.7055, 67.3444, 12.2894, 12.2999, 0.53794, -0.0184258, 5.53, 0, 0, 0
34380, 6, 6, 67.8282, 67.4671, 12.2473, 12.2508, 0.53794, -0.0184258, 5.54, 0, 0, 0
34391, 6, 6, 67.951, 67.5898, 12.6225, 12.2718, 0.53794, -0.0184258, 5.55, 0, 0, 0
34401, 6, 6, 68.0772, 67.7125, 12.2859, 12.2718, 0.305805, -0.0184258, 5.56, 0, 0, 0
34410, 6, 6, 68.1999, 67.8353, 12.2718, 12.2754, 0.397953, -0.0184258, 5.57, 0, 0, 0
34420, 6, 6, 68.3226, 67.958, 12.2754, 12.2718, 0.283122, -0.0184258, 5.58, 0, 0, 0
34430, 6, 6, 68.4453, 68.0807, 12.2543, 12.2648, 0.320549, -0.0184258, 5.59, 0, 0, 0
34441, 6, 6, 68.5681, 68.2034, 12.2789, 12.2543, 0.320549, -0.0184258, 5.6, 0, 0, 0
34450, 6, 6, 68.6908, 68.3261, 12.6365, 12.2999, 0.53794, -0.0184258, 5.61, 0, 0, 0
34460, 6, 6, 68.817, 68.4489, 12.2508, 12.2508, 0.586964, -0.0184258, 5.62, 0, 0, 0
34470, 6, 6, 68.9397, 68.5716, 12.2718, 12.2718, 0.586964, -0.0184258, 5.63, 0, 0, 0
34481, 6, 6, 69.0624, 68.6943, 12.6295, 12.2789, 0.453242, -0.0184258, 5.64, 0, 0, 0
34490, 6, 6, 69.1887, 68.817, 12.2543, 12.2648, 0.809944, -0.0184258, 5.65, 0, 0, 0
34500, 6, 6, 69.3114, 68.9432, 12.2789, 12.2718, 0.809944, -0.0184258, 5.66, 0, 0, 0
34510, 6, 6, 69.4341, 69.0659, 12.6225, 12.2859, 0.320549, -0.0184258, 5.67, 0, 0, 0
34521, 6, 6, 69.5568, 69.1887, 12.2543, 12.2508, 0.324468, -0.0184258, 5.68, 0, 0, 0
34530, 6, 6, 69.6831, 69.3114, 12.2859, 12.2859, 0.404096, -0.0184258, 5.69, 0, 0, 0
34540, 6, 6, 69.8058, 69.4341, 12.2543, 12.2613, 0.423754, -0.0184258, 5.7, 0, 0, 0
34550, 6, 6, 69.9285, 69.5568, 12.2999, 12.6225, 0.423754, -0.0184258, 5.71, 0, 0, 0
34561, 6, 6, 70.0512, 69.6795, 12.6049, 12.2789, 0.718628, -0.0184258, 5.72, 0, 0, 0
34571, 6, 6, 70.1774, 69.8023, 12.2543, 12.2473, 0.423754, -0.0184258, 5.73, 0, 0, 0
34580, 6, 6, 70.3001, 69.925, 12.2999, 12.3034, 0.423754, -0.0184258, 5.74, 0, 0, 0
34590, 6, 6, 70.4229, 70.0512, 12.2508, 12.2613, 0.397953, -0.0184258, 5.75, 0, 0, 0
34600, 6, 6, 70.5456, 70.1739, 12.2789, 12.2648, 0.397953, -0.0184258, 5.76, 0, 0, 0
34611, 6, 6, 70.6718, 70.2966, 12.6049, 12.2648, 0.496606, -0.0184258, 5.77, 0, 0, 0
34620, 6, 6, 70.7945, 70.4194, 12.2789, 12.2754, 0.52696, -0.0184258, 5.78, 0, 0, 0
34630, 6, 6, 70.9172, 70.5421, 12.2718, 12.2648, 0.53794, -0.0184258, 5.79, 0, 0, 0
34640, 6, 6, 71.04, 70.6648, 12.2648, 12.2789, 0.453242, -0.0184258, 5.8, 0, 0, 0
34651, 6, 6, 71.1662, 70.7875, 12.612, 12.612, 0.453242, -0.0184258, 5.81, 0, 0, 0
34660, 6, 6, 71.2889, 70.9102, 12.2894, 11.9247, 0.261127, -0.0184258, 5.82, 0, 0, 0
34670, 6, 6, 71.4116, 71.033, 12.2543, 12.6155, 0.496606, -0.0184258, 5.83, 0, 0, 0
34680, 6, 6, 71.5343, 71.1557, 12.2894, 12.2718, 0.506319, -0.0184258, 5.84, 0, 0, 0
34691, 6, 6, 71.6606, 71.2784, 12.6049, 12.2789, 0.53794, -0.0184258, 5.85, 0, 0, 0
34700, 6, 6, 71.7833, 71.4011, 12.2508, 12.2508, 0.423754, -0.0184258, 5.86, 0, 0, 0
34710, 6, 6, 71.906, 71.5273, 12.3034, 12.2999, 0.423754, -0.0184258, 5.87, 0, 0, 0
34720, 6, 6, 72.0287, 71.6501, 12.2473, 12.2508, 0.320549, -0.0184258, 5.88, 0, 0, 0
34731, 6, 6, 72.1514, 71.7728, 12.2894, 12.2754, 0.320549, -0.0184258, 5.89, 0, 0, 0
34741, 6, 6, 72.2742, 71.8955, 12.6049, 12.6155, 0.280164, -0.0184258, 5.9, 0, 0, 0
34750, 6, 6, 72.4004, 72.0182, 12.2789, 12.2613, 0.292402, -0.0184258, 5.91, 0, 0, 0
34760, 6, 6, 72.5231, 72.1409, 12.2754, 12.2999, 0.295637, -0.0184258, 5.92, 0, 0, 0
34770, 6, 6, 72.6458, 72.2636, 12.2508, 12.2473, 0.496606, -0.0184258, 5.93, 0, 0, 0
34781, 6, 6, 72.7685, 72.3899, 12.2718, 12.2648, 0.423754, -0.0184258, 5.94, 0, 0, 0
34790, 6, 6, 72.8913, 72.5091, 12.2859, 12.2859, 0.298947, -0.0184258, 5.95, 0, 0, 0
34800, 6, 6, 73.014, 72.6318, 12.2754, 12.2718, 0.375187, -0.0184258, 5.96, 0, 0, 0
34810, 6, 6, 73.1367, 72.758, 12.2648, 12.2754, 0.375187, -0.0184258, 5.97, 0, 0, 0
34821, 6, 6, 73.2594, 72.8807, 12.2754, 12.2648, 0.646044, -0.0184258, 5.98, 0, 0, 0
34830, 6, 6, 73.3856, 73.0035, 12.6014, 12.2648, 0.397953, -0.0184258, 5.99, 0, 0, 0
34840, 6, 6, 73.5084, 73.1262, 12.2789, 12.2754, 0.397953, -0.0184258, 6, 0, 0, 0
34850, 6, 6, 73.6311, 73.2489, 12.2718, 12.2613, 0.928316, -0.0184258, 6.01, 0, 0, 0
34861, 6, 6, 73.7538, 73.3716, 12.6365, 12.2999, 0.928316, -0.0184258, 6.02, 0, 0, 0
34871, 6, 6, 73.88, 73.4943, 12.2368, 12.2368, 0.283122, -0.0184258, 6.03, 0, 0, 0
34880, 6, 6, 74.0027, 73.6171, 12.2999, 12.2999, 0.809944, -0.0184258, 6.04, 0, 0, 0
34890, 6, 6, 74.1255, 73.7398, 12.2543, 12.2508, 0.836578, -0.0184258, 6.05, 0, 0, 0
34900, 6, 6, 74.2517, 73.8625, 12.6295, 12.2789, 0.410438, -0.0184258, 6.06, 0, 0, 0
34911, 6, 6, 74.3744, 73.9852, 12.2613, 12.2613, 0.320549, -0.0184258, 6.07, 0, 0, 0
34920, 6, 6, 74.4971, 74.1079, 12.2754, 12.6049, 0.324468, -0.0184258, 6.08, 0, 0, 0
34930, 6, 6, 74.6198, 74.2306, 12.2718, 12.2789, 0.354951, -0.0184258, 6.09, 0, 0, 0
34940, 6, 6, 74.7426, 74.3534, 12.6295, 12.2789, 0.354951, -0.0184258, 6.1, 0, 0, 0
34951, 6, 6, 74.8688, 74.4761, 12.2473, 12.2613, 0.453242, -0.0184258, 6.11, 0, 0, 0
34960, 6, 6, 74.9915, 74.5988, 12.2964, 12.2648, 0.928316, -0.0184258, 6.12, 0, 0, 0
34970, 6, 6, 75.1142, 74.7215, 12.2789, 12.3034, 0.928316, -0.0184258, 6.13, 0, 0, 0
34980, 6, 6, 75.2404, 74.8442, 12.5909, 12.2473, 0.53794, -0.0184258, 6.14, 0, 0, 0
34991, 6, 6, 75.3632, 74.967, 12.2999, 12.2859, 0.496606, -0.0184258, 6.15, 0, 0, 0
35000, 6, 6, 75.4859, 75.0897, 12.6049, 12.2543, 0.496606, -0.0184258, 6.16, 0, 0, 0
35010, 6, 6, 75.6121, 75.2124, 12.2718, 12.2789, 0.397953, -0.0184258, 6.17, 0, 0, 0
35020, 6, 6, 75.7348, 75.3386, 12.2648, 12.2543, 0.416987, -0.0184258, 6.18, 0, 0, 0
35031, 6, 6, 75.8575, 75.4613, 12.2754, 12.2859, 0.242421, -0.0184258, 6.19, 0, 0, 0
35041, 6, 6, 75.9803, 75.5841, 12.6014, 12.2543, 0.445482, -0.0184258, 6.2, 0, 0, 0
35050, 6, 6, 76.1065, 75.7068, 12.2964, 12.2859, 0.453242, -0.0184258, 6.21, 0, 0, 0
35060, 6, 6, 76.2292, 75.8295, 12.2543, 12.612, 0.354951, -0.0184258, 6.22, 0, 0, 0
35070, 6, 6, 76.3519, 75.9522, 12.2894, 12.2648, 0.453242, -0.0184258, 6.23, 0, 0, 0
35081, 6, 6, 76.4781, 76.0749, 12.5944, 12.2754, 0.453242, -0.0184258, 6.24, 0, 0, 0
35090, 6, 6, 76.6009, 76.1976, 12.2789, 12.2543, 0.646044, -0.0184258, 6.25, 0, 0, 0
35100, 6, 6, 76.7236, 76.3204, 12.2894, 12.2964, 0.646044, -0.0184258, 6.26, 0, 0, 0
35110, 6, 6, 76.8463, 76.4466, 12.5839, 12.2543, 0.496606, -0.0184258, 6.27, 0, 0, 0
35121, 6, 6, 76.9725, 76.5693, 12.2894, 12.2894, 0.646044, -0.0184258, 6.28, 0, 0, 0
35130, 6, 6, 77.0952, 76.692, 12.2543, 12.2543, 0.662757, -0.0184258, 6.29, 0, 0, 0
35140, 6, 6, 77.218, 76.8147, 12.2859, 12.6225, 0.397953, -0.0184258, 6.3, 0, 0, 0
35150, 6, 6, 77.3407, 76.9375, 12.6049, 12.2648, 0.397953, -0.0184258, 6.31, 0, 0, 0
35161, 6, 6, 77.4669, 77.0602, 12.2964, 12.2859, 0.354951, -0.0184258, 6.32, 0, 0, 0
35170, 6, 6, 77.5896, 77.1864, 12.2508, 12.2648, 0.453242, -0.0184258, 6.33, 0, 0, 0
35180, 6, 6, 77.7123, 77.3056, 12.2754, 12.2613, 0.453242, -0.0184258, 6.34, 0, 0, 0
35190, 6, 6, 77.8351, 77.4318, 12.6365, 12.2999, 0.320549, -0.0184258, 6.35, 0, 0, 0
35201, 6, 6, 77.9578, 77.5546, 12.2473, 12.2473, 0.809944, -0.0184258, 6.36, 0, 0, 0
35211, 6, 6, 78.084, 77.6773, 12.2894, 12.2859, 0.809944, -0.0184258, 6.37, 0, 0, 0
35220, 6, 6, 78.2067, 77.8, 12.2508, 12.2473, 0.423754, -0.0184258, 6.38, 0, 0, 0
35230, 6, 6, 78.3294, 77.9227, 12.626, 12.2859, 0.423754, -0.0184258, 6.39, 0, 0, 0
35240, 6, 6, 78.4557, 78.0454, 12.2754, 12.626, 0.53794, -0.0184258, 6.4, 0, 0, 0
35251, 6, 6, 78.5784, 78.1682, 12.2648, 12.2473, 0.397953, -0.0184258, 6.41, 0, 0, 0
35260, 6, 6, 78.7011, 78.2909, 12.2754, 12.2859, 0.404096, -0.0184258, 6.42, 0, 0, 0
35270, 6, 6, 78.8238, 78.4136, 12.2718, 12.2648, 0.249098, -0.0184258, 6.43, 0, 0, 0
35280, 6, 6, 78.9465, 78.5363, 12.6225, 12.2859, 0.19173, -0.0184258, 6.44, 0, 0, 0
35291, 6, 6, 79.0728, 78.659, 12.2789, 12.2648, 0.19173, -0.0184258, 6.45, 0, 0, 0
35300, 6, 6, 79.1955, 78.7817, 12.2613, 12.2718, 0.181755, -0.0184258, 6.46, 0, 0, 0
35310, 6, 6, 79.3182, 78.9045, 12.2859, 12.2754, 0.181755, -0.0184258, 6.47, 0, 0, 0
35320, 6, 6, 79.4409, 79.0272, 12.2754, 12.2859, 0.172823, -0.0184258, 6.48, 0, 0, 0
35331, 6, 6, 79.5636, 79.1499, 12.5909, 12.2473, 0.172823, -0.0184258, 6.49, 0, 0, 0
35340, 6, 6, 79.6899, 79.2726, 12.2894, 12.2859, 0.173888, -0.0184258, 6.5, 0, 0, 0
35350, 6, 6, 79.8126, 79.3953, 12.2508, 12.2543, 0.177169, -0.0184258, 6.51, 0, 0, 0
35360, 6, 6, 79.9353, 79.5216, 12.2964, 12.2789, 0.177169, -0.0184258, 6.52, 0, 0, 0
35371, 6, 6, 80.058, 79.6443, 12.2613, 12.2718, 0.154939, -0.0184258, 6.53, 0, 0, 0
35381, 6, 6, 80.1807, 79.767, 12.6049, 12.5944, 0.136029, -0.0184258, 6.54, 0, 0, 0
35390, 6, 6, 80.307, 79.8897, 12.2859, 12.2754, 0.121509, -0.0184258, 6.55, 0, 0, 0
35400, 6, 6, 80.4297, 80.0124, 12.2718, 11.9423, 0.121017, -0.0184258, 6.56, 0, 0, 0
35410, 6, 6, 80.5524, 80.1352, 12.2718, 12.6049, 0.110407, -0.0184258, 6.57, 0, 0, 0
35421, 6, 6, 80.6786, 80.2579, 12.6225, 12.2718, 0.110407, -0.0184258, 6.58, 0, 0, 0
35430, 6, 6, 80.8013, 80.3806, 12.2508, 12.2648, 0.103354, -0.0184258, 6.59, 0, 0, 0
35440, 6, 6, 80.9241, 80.5033, 12.2964, 11.9282, 0.103354, -0.0184258, 6.6, 0, 0, 0
35450, 6, 6, 81.0468, 80.626, 12.2613, 12.6225, 0.0984555, -0.0184258, 6.61, 0, 0, 0
35461, 6, 6, 81.1695, 80.7487, 12.626, 12.2648, 0.0993932, -0.0184258, 6.62, 0, 0, 0
35470, 6, 6, 81.2957, 80.8715, 12.2613, 12.2718, 0.0997103, -0.0184258, 6.63, 0, 0, 0
35480, 6, 6, 81.4184, 80.9942, 12.2754, 12.2648, 0.105833, -0.0184258, 6.64, 0, 0, 0
35490, 6, 6, 81.5412, 81.1169, 12.2859, 12.2859, 0.106198, -0.0184258, 6.65, 0, 0, 0
35501, 6, 6, 81.6639, 81.2396, 12.2754, 12.2754, 0.110808, -0.0184258, 6.66, 0, 0, 0
35510, 6, 6, 81.7866, 81.3623, 12.5839, 12.2473, 0.114137, -0.0184258, 6.67, 0, 0, 0
35520, 6, 6, 81.9128, 81.4851, 12.2964, 12.2648, 0.10267, -0.0184258, 6.68, 0, 0, 0
35530, 6, 6, 82.0355, 81.6113, 12.2613, 12.2964, 0.113709, -0.0184258, 6.69, 0, 0, 0
35540, 6, 6, 82.1618, 81.734, 12.612, 12.2543, 0.113709, -0.0184258, 6.7, 0, 0, 0
35551, 6, 6, 82.2845, 81.8567, 12.2859, 12.2859, 0.114137, -0.0184258, 6.71, 0, 0, 0
35560, 6, 6, 82.4072, 81.9794, 12.2543, 12.2473, 0.114137, -0.0184258, 6.72, 0, 0, 0
35570, 6, 6, 82.5299, 82.1022, 12.2894, 12.2894, 0.114137, -0.0184258, 6.73, 0, 0, 0
35580, 6, 6, 82.6561, 82.2249, 12.6155, 12.2789, 0.114137, -0.0184258, 6.74, 0, 0, 0
35591, 6, 6, 82.7789, 82.3476, 12.2718, 12.6049, 0.113709, -0.0184258, 6.75, 0, 0, 0
35600, 6, 6, 82.9016, 82.4703, 12.2613, 12.2718, 0.114137, -0.0184258, 6.76, 0, 0, 0
35610, 6, 6, 83.0243, 82.593, 12.2754, 12.2648, 0.114137, -0.0184258, 6.77, 0, 0, 0
35620, 6, 6, 83.147, 82.7193, 12.2789, 12.2789, 0.114137, -0.0184258, 6.78, 0, 0, 0
35631, 6, 6, 83.2732, 82.842, 12.612, 12.2754, 0.1037, -0.0184258, 6.79, 0, 0, 0
35640, 6, 6, 83.396, 82.9647, 12.2648, 12.2613, 0.114137, -0.0184258, 6.8, 0, 0, 0
35650, 6, 6, 83.5187, 83.0874, 12.2754, 12.6155, 0.114137, -0.0184258, 6.81, 0, 0, 0
35660, 6, 6, 83.6414, 83.2101, 12.2894, 11.9493, 0.112031, -0.0184258, 6.82, 0, 0, 0
35671, 6, 6, 83.7676, 83.3328, 12.5944, 12.5944, 0.112031, -0.0184258, 6.83, 0, 0, 0
35681, 6, 6, 83.8903, 83.4556, 12.2859, 12.2754, 0.112445, -0.0184258, 6.84, 0, 0, 0
35690, 6, 6, 84.0131, 83.5783, 12.2543, 12.2543, 0.112031, -0.0184258, 6.85, 0, 0, 0
35700, 6, 6, 84.1358, 83.701, 12.626, 12.2754, 0.112031, -0.0184258, 6.86, 0, 0, 0
35710, 6, 6, 84.262, 83.8237, 12.2754, 12.2859, 0.112445, -0.0184258, 6.87, 0, 0, 0
35721, 6, 6, 84.3812, 83.9464, 12.2543, 12.2473, 0.112031, -0.0184258, 6.88, 0, 0, 0
35730, 6, 6, 84.5074, 84.0692, 12.2859, 12.2859, 0.112031, -0.0184258, 6.89, 0, 0, 0
35740, 6, 6, 84.6302, 84.1919, 12.2648, 11.9142, 0.112445, -0.0184258, 6.9, 0, 0, 0
35750, 6, 6, 84.7529, 84.3146, 12.2718, 12.6225, 0.112031, -0.0184258, 6.91, 0, 0, 0
35761, 6, 6, 84.8756, 84.4373, 12.2718, 12.2754, 0.101002, -0.0184258, 6.92, 0, 0, 0
35770, 6, 6, 85.0018, 84.56, 12.6014, 12.2613, 0.112031, -0.0184258, 6.93, 0, 0, 0
35780, 6, 6, 85.1245, 84.6828, 12.2999, 12.2859, 0.112031, -0.0184258, 6.94, 0, 0, 0
35790, 6, 6, 85.2473, 84.8055, 12.2648, 12.2754, 0.110407, -0.0184258, 6.95, 0, 0, 0
35801, 6, 6, 85.37, 84.9317, 12.2648, 12.2543, 0.108834, -0.0184258, 6.96, 0, 0, 0
35810, 6, 6, 85.4927, 85.0544, 12.2789, 12.2894, 0.109222, -0.0184258, 6.97, 0, 0, 0
35820, 6, 6, 85.6154, 85.1736, 12.2613, 12.2508, 0.107687, -0.0184258, 6.98, 0, 0, 0
35830, 6, 6, 85.7416, 85.2999, 12.6365, 12.2999, 0.103011, -0.0184258, 6.99, 0, 0, 0
35841, 6, 6, 85.8644, 85.4226, 12.2403, 12.2403, 0.103354, -0.0184258, 7, 0, 0, 0
35851, 6, 6, 85.9871, 85.5453, 12.2964, 12.2789, 0.0984555, -0.0184258, 7.01, 0, 0, 0
35860, 6, 6, 86.1098, 85.668, 12.2473, 12.6014, 0.0984555, -0.0184258, 7.02, 0, 0, 0
35870, 6, 6, 86.2325, 85.7907, 12.2999, 12.2859, 0.086218, -0.0184258, 7.03, 0, 0, 0
35880, 6, 6, 86.3552, 85.9134, 12.2543, 12.2789, 0.0895641, -0.0184258, 7.04, 0, 0, 0
35891, 6, 6, 86.478, 86.0362, 12.612, 12.2473, 0.0900666, -0.0184258, 7.05, 0, 0, 0
35900, 6, 6, 86.6042, 86.1589, 12.2789, 12.2718, 0.0878547, -0.0184258, 7.06, 0, 0, 0
35910, 6, 6, 86.7269, 86.2816, 12.2754, 12.2859, 0.0869109, -0.0184258, 7.07, 0, 0, 0
35920, 6, 6, 86.8496, 86.4043, 12.2754, 12.2754, 0.0869109, -0.0184258, 7.08, 0, 0, 0
35931, 6, 6, 86.9758, 86.5305, 12.612, 12.2754, 0.0859899, -0.0184258, 7.09, 0, 0, 0
35940, 6, 6, 87.0986, 86.6533, 12.2648, 12.2613, 0.086218, -0.0184258, 7.1, 0, 0, 0
35950, 6, 6, 87.2213, 86.7725, 12.2789, 12.2718, 0.086218, -0.0184258, 7.11, 0, 0, 0
35960, 6, 6, 87.344, 86.8952, 12.6225, 12.2789, 0.085091, -0.0184258, 7.12, 0, 0, 0
35971, 6, 6, 87.4667, 87.0214, 12.2543, 12.2543, 0.0853137, -0.0184258, 7.13, 0, 0, 0
35981, 6, 6, 87.5929, 87.1441, 12.2859, 12.2859, 0.0844308, -0.0184258, 7.14, 0, 0, 0
35990, 6, 6, 87.7157, 87.2633, 12.2543, 12.2508, 0.0844308, -0.0184258, 7.15, 0, 0, 0
36000, 6, 6, 87.8384, 87.3861, 12.2894, 12.2859, 0.0787925, -0.0184258, 7.16, 0, 0, 0
36011, 6, 6, 87.9611, 87.5088, 12.612, 12.2754, 0.0844308, -0.0184258, 7.17, 0, 0, 0
36021, 6, 6, 88.0873, 87.635, 12.2613, 12.2613, 0.0844308, -0.0184258, 7.18, 0, 0, 0
36030, 6, 6, 88.21, 87.7542, 12.2964, 12.2613, 0.0844308, -0.0184258, 7.19, 0, 0, 0
36040, 6, 6, 88.3327, 87.8769, 12.626, 12.3034, 0.0844308, -0.0184258, 7.2, 0, 0, 0
36050, 6, 6, 88.459, 88.0032, 12.2403, 12.2473, 0.0844308, -0.0184258, 7.21, 0, 0, 0
36061, 6, 6, 88.5817, 88.1259, 12.2789, 12.2648, 0.0844308, -0.0184258, 7.22, 0, 0, 0
36070, 6, 6, 88.7044, 88.2486, 12.2508, 12.2648, 0.0844308, -0.0184258, 7.23, 0, 0, 0
36080, 6, 6, 88.8271, 88.3713, 12.3034, 12.2894, 0.0846495, -0.0184258, 7.24, 0, 0, 0
36090, 6, 6, 88.9534, 88.494, 12.612, 12.2718, 0.0844308, -0.0184258, 7.25, 0, 0, 0
36101, 6, 6, 89.0761, 88.6168, 12.2718, 12.612, 0.0846495, -0.0184258, 7.26, 0, 0, 0
36110, 6, 6, 89.1988, 88.7395, 12.2648, 12.2613, 0.0791664, -0.0184258, 7.27, 0, 0, 0
36120, 6, 6, 89.3215, 88.8622, 12.2754, 12.2964, 0.0844308, -0.0184258, 7.28, 0, 0, 0
36130, 6, 6, 89.4442, 88.9884, 12.6155, 12.2613, 0.0846495, -0.0184258, 7.29, 0, 0, 0
36141, 6, 6, 89.5705, 89.1111, 12.2754, 12.2754, 0.085091, -0.0184258, 7.3, 0, 0, 0
36151, 6, 6, 89.6932, 89.2339, 12.2718, 12.2754, 0.0853137, -0.0184258, 7.31, 0, 0, 0
36160, 6, 6, 89.8159, 89.3566, 12.6049, 12.5944, 0.0853137, -0.0184258, 7.32, 0, 0, 0
36170, 6, 6, 89.9386, 89.4793, 12.2999, 11.9528, 0.0853137, -0.0184258, 7.33, 0, 0, 0
36180, 6, 6, 90.0648, 89.602, 12.2403, 12.5909, 0.0853137, -0.0184258, 7.34, 0, 0, 0
36191, 6, 6, 90.1876, 89.7247, 12.2894, 12.2648, 0.0859899, -0.0184258, 7.35, 0, 0, 0
36200, 6, 6, 90.3103, 89.8475, 12.2613, 12.2789, 0.0859899, -0.0184258, 7.36, 0, 0, 0
36210, 6, 6, 90.433, 89.9702, 12.6225, 12.2718, 0.0855377, -0.0184258, 7.37, 0, 0, 0
36220, 6, 6, 90.5592, 90.0929, 12.2789, 12.2894, 0.0859899, -0.0184258, 7.38, 0, 0, 0
36231, 6, 6, 90.6819, 90.2156, 12.2508, 12.2473, 0.0805081, -0.0184258, 7.39, 0, 0, 0
36240, 6, 6, 90.8046, 90.3418, 12.2859, 12.2859, 0.0799266, -0.0184258, 7.4, 0, 0, 0
36250, 6, 6, 90.9274, 90.461, 12.2543, 12.2543, 0.0859899, -0.0184258, 7.41, 0, 0, 0
36260, 6, 6, 91.0501, 90.5873, 12.6295, 12.2859, 0.086218, -0.0184258, 7.42, 0, 0, 0
36271, 6, 6, 91.1763, 90.71, 12.2718, 12.2718, 0.0859899, -0.0184258, 7.43, 0, 0, 0
36280, 6, 6, 91.299, 90.8327, 12.2613, 12.2613, 0.0859899, -0.0184258, 7.44, 0, 0, 0
36290, 6, 6, 91.4218, 90.9554, 12.2859, 12.2859, 0.0869109, -0.0184258, 7.45, 0, 0, 0
36300, 6, 6, 91.5445, 91.0781, 12.2754, 12.2754, 0.0869109, -0.0184258, 7.46, 0, 0, 0
36311, 6, 6, 91.6672, 91.2009, 12.2613, 12.2473, 0.0871446, -0.0184258, 7.47, 0, 0, 0
36321, 6, 6, 91.7899, 91.3236, 12.2789, 12.6295, 0.0871446, -0.0184258, 7.48, 0, 0, 0
36330, 6, 6, 91.9126, 91.4463, 12.2508, 12.2543, 0.0878547, -0.0184258, 7.49, 0, 0, 0
36340, 6, 6, 92.0388, 91.569, 12.647, 12.2894, 0.0880943, -0.0184258, 7.5, 0, 0, 0
36350, 6, 6, 92.1616, 91.6917, 12.2508, 12.2613, 0.0878547, -0.0184258, 7.51, 0, 0, 0
36361, 6, 6, 92.2843, 91.8144, 12.2789, 12.2648, 0.0878547, -0.0184258, 7.52, 0, 0, 0
36370, 6, 6, 92.407, 91.9372, 12.2543, 12.2648, 0.0888223, -0.0184258, 7.53, 0, 0, 0
36380, 6, 6, 92.5297, 92.0599, 12.2964, 12.2789, 0.0888223, -0.0184258, 7.54, 0, 0, 0
36390, 6, 6, 92.6524, 92.1826, 12.2754, 12.2964, 0.0888223, -0.0184258, 7.55, 0, 0, 0
36401, 6, 6, 92.7752, 92.3088, 12.5909, 12.2403, 0.0895641, -0.0184258, 7.56, 0, 0, 0
36410, 6, 6, 92.9014, 92.428, 12.2894, 12.2754, 0.0895641, -0.0184258, 7.57, 0, 0, 0
36420, 6, 6, 93.0241, 92.5508, 12.6014, 12.2718, 0.0908324, -0.0184258, 7.58, 0, 0, 0
36430, 6, 6, 93.1468, 92.677, 12.2754, 12.2754, 0.0905755, -0.0184258, 7.59, 0, 0, 0
36441, 6, 6, 93.273, 92.7997, 12.2754, 12.2718, 0.0908324, -0.0184258, 7.6, 0, 0, 0
36450, 6, 6, 93.3958, 92.9224, 12.2754, 12.2754, 0.0918768, -0.0184258, 7.61, 0, 0, 0
36460, 6, 6, 93.522, 93.0416, 12.6014, 12.2543, 0.0916132, -0.0184258, 7.62, 0, 0, 0
36470, 6, 6, 93.6447, 93.1644, 12.3034, 12.2999, 0.0853137, -0.0184258, 7.63, 0, 0, 0
36481, 6, 6, 93.7674, 93.2906, 12.2403, 12.2403, 0.0916132, -0.0184258, 7.64, 0, 0, 0
36491, 6, 6, 93.8901, 93.4133, 12.2789, 12.2718, 0.0916132, -0.0184258, 7.65, 0, 0, 0
36500, 6, 6, 94.0164, 93.5325, 12.6155, 12.2718, 0.0916132, -0.0184258, 7.66, 0, 0, 0
36510, 6, 6, 94.1391, 93.6587, 12.2789, 12.2859, 0.0926783, -0.0184258, 7.67, 0, 0, 0
36520, 6, 6, 94.2618, 93.7814, 12.2543, 12.2543, 0.092949, -0.0184258, 7.68, 0, 0, 0
36531, 6, 6, 94.3845, 93.9042, 12.64, 12.2894, 0.092949, -0.0184258, 7.69, 0, 0, 0
36540, 6, 6, 94.5107, 94.0269, 12.2508, 12.2473, 0.0926783, -0.0184258, 7.7, 0, 0, 0
36550, 6, 6, 94.6335, 94.1496, 12.2894, 12.2859, 0.092949, -0.0184258, 7.71, 0, 0, 0
36560, 6, 6, 94.7562, 94.2723, 12.612, 12.6225, 0.0937719, -0.0184258, 7.72, 0, 0, 0
36571, 6, 6, 94.8824, 94.395, 12.2718, 12.2613, 0.0940499, -0.0184258, 7.73, 0, 0, 0
36580, 6, 6, 95.0051, 94.5178, 12.2648, 12.2754, 0.0943298, -0.0184258, 7.74, 0, 0, 0
36590, 6, 6, 95.1278, 94.6405, 12.2789, 12.2648, 0.0948952, -0.0184258, 7.75, 0, 0, 0
36600, 6, 6, 95.2506, 94.7632, 12.2718, 12.2894, 0.0876165, -0.0184258, 7.76, 0, 0, 0
36611, 6, 6, 95.3768, 94.8894, 12.6155, 12.2613, 0.0948952, -0.0184258, 7.77, 0, 0, 0
36620, 6, 6, 95.4995, 95.0121, 12.2648, 12.6014, 0.0960493, -0.0184258, 7.78, 0, 0, 0
36630, 6, 6, 95.6222, 95.1349, 12.6155, 12.2754, 0.0960493, -0.0184258, 7.79, 0, 0, 0
36640, 6, 6, 95.7485, 95.2576, 12.2964, 12.2894, 0.0981473, -0.0184258, 7.8, 0, 0, 0
36651, 6, 6, 95.8712, 95.3803, 12.2648, 12.2754, 0.0984555, -0.0184258, 7.81, 0, 0, 0
36661, 6, 6, 95.9939, 95.503, 12.2508, 12.2403, 0.0997103, -0.0184258, 7.82, 0, 0, 0
36670, 6, 6, 96.1166, 95.6292, 12.2789, 12.2859, 0.0993932, -0.0184258, 7.83, 0, 0, 0
36680, 6, 6, 96.2428, 95.7485, 12.6155, 12.2718, 0.0997103, -0.0184258, 7.84, 0, 0, 0
36690, 6, 6, 96.3655, 95.8747, 12.2859, 12.2894, 0.101995, -0.0184258, 7.85, 0, 0, 0
36701, 6, 6, 96.4883, 95.9974, 12.2473, 12.2403, 0.101995, -0.0184258, 7.86, 0, 0, 0
36710, 6, 6, 96.611, 96.1201, 12.2964, 12.6155, 0.0940499, -0.0184258, 7.87, 0, 0, 0
36720, 6, 6, 96.7337, 96.2428, 12.612, 12.2964, 0.103354, -0.0184258, 7.88, 0, 0, 0
36730, 6, 6, 96.8599, 96.3655, 12.2718, 11.9212, 0.1037, -0.0184258, 7.89, 0, 0, 0
