QGPIORecord, QRC v6.1.0, 24-11-2021 @ 22:25:15, Windows 10 Version 2009, 10.0.19042, x86_64
Time, VoltageA, VoltageB, PositionA, PositionB, SpeedA, SpeedB, FrontDistance, PendulumAngle, Time, ValueIn9, ValueIn10, ValueIn11
7480, 0, 0, 0, 0, 0, 0, 0.154939, 0, 0, 0, 0, 0
7491, 0, 0, 0, 0, 0, 0, 0.154107, 0, 0, 0, 0, 0
7500, 0, 0, 0, 0, 0, 0, 0.154939, 0, 0, 0, 0, 0
7511, 0, 0, 0, 0, 0, 0, 0.154107, 0, 0, 0, 0, 0
7520, 0, 0, 0, 0, 0, 0, 0.154107, 0, 0, 0, 0, 0
7530, 0, 0, 0, 0, 0, 0, 0.133552, 0, 0, 0, 0, 0
7540, 0, 0, 0, 0, 0, 0, 0.154107, 0, 0, 0, 0, 0
7550, 0, 0, 0, 0, 0, 0, 0.154107, 0, 0, 0, 0, 0
7560, 0, 0, 0, 0, 0, 0, 0.154107, 0, 0, 0, 0, 0
7570, 0, 0, 0, 0, 0, 0, 0.154107, 0, 0, 0, 0, 0
7580, 0, 0, 0, 0, 0, 0, 0.154107, 0, 0, 0, 0, 0
7590, 0, 0, 0, 0, 0, 0, 0.154107, 0, 0, 0, 0, 0
7601, 0, 0, 0, 0, 0, 0, 0.154107, 0, 0, 0, 0, 0
7610, 0, 0, 0, 0, 0, 0, 0.154107, 0, 0, 0, 0, 0
7620, 0, 0, 0, 0, 0, 0, 0.154107, 0, 0, 0, 0, 0
7630, 0, 0, 0, 0, 0, 0, 0.154939, 0, 0, 0, 0, 0
7641, 0, 0, 0, 0, 0, 0, 0.154939, 0, 0, 0, 0, 0
7650, 0, 0, 0, 0, 0, 0, 0.154107, 0, 0, 0, 0, 0
7660, 0, 0, 0, 0, 0, 0, 0.133552, 0, 0, 0, 0, 0
7670, 0, 0, 0, 0, 0, 0, 0.154107, 0, 0, 0, 0, 0
7681, 0, 0, 0, 0, 0, 0, 0.154107, 0, 0, 0, 0, 0
7690, 0, 0, 0, 0, 0, 0, 0.154107, 0, 0, 0, 0, 0
7700, 0, 0, 0, 0, 0, 0, 0.154107, 0, 0, 0, 0, 0
7710, 0, 0, 0, 0, 0, 0, 0.154107, 0, 0, 0, 0, 0
7720, 0, 0, 0, 0, 0, 0, 0.154107, 0, 0, 0, 0, 0
7730, 0, 0, 0, 0, 0, 0, 0.154107, 0, 0, 0, 0, 0
7740, 0, 0, 0, 0, 0, 0, 0.154107, 0, 0, 0, 0, 0
7750, 0, 0, 0, 0, 0, 0, 0.154107, 0, 0, 0, 0, 0
7760, 0, 0, 0, 0, 0, 0, 0.154107, 0, 0, 0, 0, 0
7771, 0, 0, 0, 0, 0, 0, 0.154939, 0, 0, 0, 0, 0
7780, 0, 0, 0, 0, 0, 0, 0.154107, 0, 0, 0, 0, 0
7790, 0, 0, 0, 0, 0, 0, 0.157496, 0, 0, 0, 0, 0
7800, 0, 0, 0, 0, 0, 0, 0.154107, 0, 0, 0, 0, 0
7811, 0, 0, 0, 0, 0, 0, 0.154107, 0, 0, 0, 0, 0
7820, 0, 0, 0, 0, 0, 0, 0.154939, 0, 0, 0, 0, 0
7830, 0, 0, 0, 0, 0, 0, 0.154107, 0, 0, 0, 0, 0
7840, 0, 0, 0, 0, 0, 0, 0.154107, 0, 0, 0, 0, 0
7851, 0, 0, 0, 0, 0, 0, 0.154107, 0, 0, 0, 0, 0
7860, 0, 0, 0, 0, 0, 0, 0.154107, 0, 0, 0, 0, 0
7870, 0, 0, 0, 0, 0, 0, 0.154107, 0, 0, 0, 0, 0
7880, 0, 0, 0, 0, 0, 0, 0.154107, 0, 0, 0, 0, 0
7890, 0, 0, 0, 0, 0, 0, 0.154107, 0, 0, 0, 0, 0
7901, 0, 0, 0, 0, 0, 0, 0.154939, 0, 0, 0, 0, 0
7910, 0, 0, 0, 0, 0, 0, 0.154107, 0, 0, 0, 0, 0
7920, 0, 0, 0, 0, 0, 0, 0.154939, 0, 0, 0, 0, 0
7930, 0, 0, 0, 0, 0, 0, 0.133552, 0, 0, 0, 0, 0
7941, 0, 0, 0, 0, 0, 0, 0.154107, 0, 0, 0, 0, 0
7950, 0, 0, 0, 0, 0, 0, 0.154939, 0, 0, 0, 0, 0
7960, 0, 0, 0, 0, 0, 0, 0.154107, 0, 0, 0, 0, 0
7970, 0, 0, 0, 0, 0, 0, 0.154107, 0, 0, 0, 0, 0
7981, 0, 0, 0, 0, 0, 0, 0.154107, 0, 0, 0, 0, 0
7990, 0, 0, 0, 0, 0, 0, 0.154107, 0, 0, 0, 0, 0
8000, 0, 0, 0, 0, 0, 0, 0.154939, 0, 0, 0, 0, 0
8010, 0, 0, 0, 0, 0, 0, 0.154107, 0, 0, 0, 0, 0
8020, 0, 0, 0, 0, 0, 0, 0.154107, 0, 0, 0, 0, 0
8030, 0, 0, 0, 0, 0, 0, 0.154107, 0, 0, 0, 0, 0
8040, 0, 0, 0, 0, 0, 0, 0.154107, 0, 0, 0, 0, 0
8050, 0, 0, 0, 0, 0, 0, 0.154939, 0, 0, 0, 0, 0
8060, 0, 0, 0, 0, 0, 0, 0.154939, 0, 0, 0, 0, 0
8071, 0, 0, 0, 0, 0, 0, 0.154107, 0, 0, 0, 0, 0
8080, 0, 0, 0, 0, 0, 0, 0.133552, 0, 0, 0, 0, 0
8090, 0, 0, 0, 0, 0, 0, 0.154107, 0, 0, 0, 0, 0
8100, 0, 0, 0, 0, 0, 0, 0.154107, 0, 0, 0, 0, 0
8111, 0, 0, 0, 0, 0, 0, 0.154107, 0, 0, 0, 0, 0
8120, 0, 0, 0, 0, 0, 0, 0.154107, 0, 0, 0, 0, 0
8130, 0, 0, 0, 0, 0, 0, 0.154107, 0, 0, 0, 0, 0
8140, 0, 0, 0, 0, 0, 0, 0.154107, 0, 0, 0, 0, 0
8151, 0, 0, 0, 0, 0, 0, 0.154107, 0, 0, 0, 0, 0
8160, 0, 0, 0, 0, 0, 0, 0.154107, 0, 0, 0, 0, 0
8170, 0, 0, 0, 0, 0, 0, 0.154107, 0, 0, 0, 0, 0
8180, 0, 0, 0, 0, 0, 0, 0.154107, 0, 0, 0, 0, 0
8190, 0, 0, 0, 0, 0, 0, 0.154939, 0, 0, 0, 0, 0
8200, 0, 0, 0, 0, 0, 0, 0.154107, 0, 0, 0, 0, 0
8210, 0, 0, 0, 0, 0, 0, 0.133552, 0, 0, 0, 0, 0
8220, 0, 0, 0, 0, 0, 0, 0.133552, 0, 0, 0, 0, 0
8230, 0, 0, 0, 0, 0, 0, 0.154107, 0, 0, 0, 0, 0
8241, 0, 0, 0, 0, 0, 0, 0.154107, 0, 0, 0, 0, 0
8250, 0, 0, 0, 0, 0, 0, 0.154107, 0, 0, 0, 0, 0
8260, 0, 0, 0, 0, 0, 0, 0.154107, 0, 0, 0, 0, 0
8270, 0, 0, 0, 0, 0, 0, 0.154107, 0, 0, 0, 0, 0
8281, 0, 0, 0, 0, 0, 0, 0.154107, 0, 0, 0, 0, 0
8290, 0, 0, 0, 0, 0, 0, 0.154107, 0, 0, 0, 0, 0
8300, 0, 0, 0, 0, 0, 0, 0.154107, 0, 0, 0, 0, 0
8310, 0, 0, 0, 0, 0, 0, 0.154107, 0, 0, 0, 0, 0
8321, 0, 0, 0, 0, 0, 0, 0.154939, 0, 0, 0, 0, 0
8330, 0, 0, 0, 0, 0, 0, 0.154107, 0, 0, 0, 0, 0
8340, 0, 0, 0, 0, 0, 0, 0.154939, 0, 0, 0, 0, 0
8350, 0, 0, 0, 0, 0, 0, 0.133552, 0, 0, 0, 0, 0
8360, 0, 0, 0, 0, 0, 0, 0.154107, 0, 0, 0, 0, 0
8370, 0, 0, 0, 0, 0, 0, 0.155781, 0, 0, 0, 0, 0
8380, 0, 0, 0, 0, 0, 0, 0.154107, 0, 0, 0, 0, 0
8390, 0, 0, 0, 0, 0, 0, 0.154107, 0, 0, 0, 0, 0
8400, 0, 0, 0, 0, 0, 0, 0.154107, 0, 0, 0, 0, 0
8411, 0, 0, 0, 0, 0, 0, 0.154107, 0, 0, 0, 0, 0
8420, 0, 0, 0, 0, 0, 0, 0.154107, 0, 0, 0, 0, 0
8430, 0, 0, 0, 0, 0, 0, 0.154107, 0, 0, 0, 0, 0
8440, 0, 0, 0, 0, 0, 0, 0.154107, 0, 0, 0, 0, 0
8451, 0, 0, 0, 0, 0, 0, 0.154939, 0, 0, 0, 0, 0
8460, 0, 0, 0, 0, 0, 0, 0.154107, 0, 0, 0, 0, 0
8470, 0, 0, 0, 0, 0, 0, 0.154107, 0, 0, 0, 0, 0
8480, 0, 0, 0, 0, 0, 0, 0.154939, 0, 0, 0, 0, 0
8491, 0, 0, 0, 0, 0, 0, 0.154107, 0, 0, 0, 0, 0
8500, 0, 0, 0, 0, 0, 0, 0.134162, 0, 0, 0, 0, 0
8510, 0, 0, 0, 0, 0, 0, 0.154107, 0, 0, 0, 0, 0
8520, 0, 0, 0, 0, 0, 0, 0.154107, 0, 0, 0, 0, 0
8530, 0, 0, 0, 0, 0, 0, 0.154107, 0, 0, 0, 0, 0
8541, 0, 0, 0, 0, 0, 0, 0.154107, 0, 0.01, 0, 0, 0
8550, 5.976, 5.976, 0, 0, 0, 0, 0.154107, 0, 0.02, 0, 0, 0
8560, 5.976, 5.976, 0.0385687, 0.0385687, 3.84635, 3.82882, 0.154107, 0, 0.03, 0, 0, 0
8570, 5.976, 5.976, 0.122718, 0.119212, 8.41147, 8.41849, 0.154107, 0, 0.04, 0, 0, 0
8581, 5.976, 5.976, 0.227906, 0.224399, 10.5328, 10.5257, 0.154107, 0, 0.05, 0, 0, 0
8591, 5.976, 5.976, 0.340105, 0.340105, 11.2059, 11.1989, 0.154107, 0, 0.06, 0, 0, 0
8600, 5.976, 5.976, 0.462824, 0.459318, 12.2543, 12.2754, 0.154107, 0, 0.07, 0, 0, 0
8610, 5.976, 5.976, 0.585542, 0.582036, 12.3034, 11.9493, 0.154939, 0, 0.08, 0, 0, 0
8621, 5.976, 5.976, 0.708261, 0.704755, 12.2403, 12.5909, 0.154107, 0, 0.09, 0, 0, 0
8631, 5.976, 5.976, 0.830979, 0.827473, 12.626, 12.2648, 0.154939, 0, 0.1, 0, 0, 0
8640, 5.976, 5.976, 0.957204, 0.953698, 12.6155, 12.2718, 0.154939, 0, 0.11, 0, 0, 0
8650, 5.976, 5.976, 1.08343, 1.07642, 12.2894, 12.6365, 0.154107, 0, 0.12, 0, 0, 0
8660, 5.976, 5.976, 1.20965, 1.20264, 12.6049, 12.2543, 0.13235, 0, 0.13, 0, 0, 0
8671, 5.976, 5.976, 1.33588, 1.32887, 12.612, 12.612, 0.154107, 0, 0.14, 0, 0, 0
8681, 5.976, 5.976, 1.4621, 1.45158, 12.64, 12.6225, 0.154107, 0, 0.15, 0, 0, 0
8690, 5.976, 5.976, 1.58833, 1.57781, 12.626, 12.3104, 0.154107, 0, 0.16, 0, 0, 0
8700, 5.976, 5.976, 1.71455, 1.70403, 12.6155, 12.612, 0.154107, 0, 0.17, 0, 0, 0
8711, 5.976, 5.976, 1.84078, 1.82675, 12.612, 12.6155, 0.154107, 0, 0.18, 0, 0, 0
8721, 5.976, 5.976, 1.967, 1.95298, 12.612, 12.6049, 0.154107, 0, 0.19, 0, 0, 0
8730, 5.976, 5.976, 2.09323, 2.0792, 12.6365, 12.2859, 0.154107, 0, 0.2, 0, 0, 0
8740, 5.976, 5.976, 2.21945, 2.20192, 12.626, 12.6155, 0.154107, 0, 0.21, 0, 0, 0
8751, 5.976, 5.976, 2.34217, 2.32814, 12.626, 12.6295, 0.154107, 0, 0.22, 0, 0, 0
8761, 5.976, 5.976, 2.46839, 2.45437, 12.6155, 12.2718, 0.154107, 0, 0.23, 0, 0, 0
8770, 5.976, 5.976, 2.59462, 2.58059, 12.626, 12.6295, 0.154939, 0, 0.24, 0, 0, 0
8780, 5.976, 5.976, 2.72084, 2.70331, 12.2754, 12.6225, 0.154107, 0, 0.25, 0, 0, 0
8791, 5.976, 5.976, 2.84707, 2.82954, 12.6014, 12.6049, 0.132948, 0, 0.26, 0, 0, 0
8801, 5.976, 5.976, 2.97329, 2.95576, 12.612, 12.2543, 0.154107, 0, 0.27, 0, 0, 0
8810, 5.976, 5.976, 3.09952, 3.08199, 12.626, 12.6225, 0.154107, 0, 0.28, 0, 0, 0
8820, 5.976, 5.976, 3.22574, 3.2047, 12.6155, 12.6225, 0.154107, 0, 0.29, 0, 0, 0
8830, 5.976, 5.976, 3.35197, 3.33093, 12.6295, 12.2718, 0.154107, 0, 0.3, 0, 0, 0
8841, 5.976, 5.976, 3.47819, 3.45715, 12.612, 12.626, 0.154107, 0, 0.31, 0, 0, 0
8851, 5.976, 5.976, 3.60442, 3.57987, 12.6225, 12.612, 0.154107, 0, 0.32, 0, 0, 0
8860, 5.976, 5.976, 3.72714, 3.7061, 12.6225, 12.6295, 0.154107, 0, 0.33, 0, 0, 0
8870, 5.976, 5.976, 3.85687, 3.83232, 12.6155, 12.2648, 0.154107, 0, 0.34, 0, 0, 0
8881, 5.976, 5.976, 3.97958, 3.95504, 12.2859, 12.6155, 0.154107, 0, 0.35, 0, 0, 0
8891, 5.976, 5.976, 4.10581, 4.08127, 12.6295, 12.6225, 0.154107, 0, 0.36, 0, 0, 0
8900, 5.976, 5.976, 4.23203, 4.20749, 12.6295, 12.2964, 0.154939, 0, 0.37, 0, 0, 0
8910, 5.976, 5.976, 4.35826, 4.33021, 12.6155, 12.6155, 0.154107, 0, 0.38, 0, 0, 0
8921, 5.976, 5.976, 4.48448, 4.45643, 12.6049, 12.6049, 0.134162, 0, 0.39, 0, 0, 0
8931, 5.976, 5.976, 4.61071, 4.58266, 12.6225, 12.2859, 0.133552, 0, 0.4, 0, 0, 0
8940, 5.976, 5.976, 4.73693, 4.70888, 12.6225, 12.6049, 0.154107, 0, 0.41, 0, 0, 0
8950, 5.976, 5.976, 4.86316, 4.8316, 12.64, 12.64, 0.154107, 0, 0.42, 0, 0, 0
8961, 5.976, 5.976, 4.98588, 4.95783, 12.6155, 12.6155, 0.154107, 0, 0.43, 0, 0, 0
8971, 5.976, 5.976, 5.1121, 5.08405, 12.6049, 12.2648, 0.154107, 0, 0.44, 0, 0, 0
8980, 5.976, 5.976, 5.23833, 5.20677, 12.2648, 12.612, 0.154107, 0, 0.45, 0, 0, 0
8990, 5.976, 5.976, 5.36455, 5.33299, 12.6155, 12.6225, 0.154107, 0, 0.46, 0, 0, 0
9000, 5.976, 5.976, 5.49077, 5.45571, 12.6225, 12.2718, 0.154107, 0, 0.47, 0, 0, 0
9011, 5.976, 5.976, 5.617, 5.58194, 12.6295, 12.2789, 0.154107, 0, 0.48, 0, 0, 0
9021, 5.976, 5.976, 5.74322, 5.70816, 12.626, 12.6225, 0.154107, 0, 0.49, 0, 0, 0
9030, 5.976, 5.976, 5.86945, 5.83088, 12.6155, 12.626, 0.154939, 0, 0.5, 0, 0, 0
9040, 5.976, 5.976, 5.99217, 5.9571, 12.612, 12.6049, 0.154107, 0, 0.51, 0, 0, 0
9051, 5.976, 5.976, 6.1219, 6.08333, 12.6225, 12.2718, 0.154107, 0, 0.52, 0, 0, 0
9061, 5.976, 5.976, 6.24462, 6.20605, 12.2859, 12.6155, 0.133552, 0, 0.53, 0, 0, 0
9070, 5.976, 5.976, 6.37084, 6.33227, 12.6365, 12.6295, 0.154107, 0, 0.54, 0, 0, 0
9080, 5.976, 5.976, 6.49707, 6.45499, 12.6155, 12.2789, 0.154107, 0, 0.55, 0, 0, 0
9091, 5.976, 5.976, 6.62329, 6.58122, 12.6049, 12.6049, 0.154107, 0, 0.56, 0, 0, 0
9101, 5.976, 5.976, 6.74952, 6.70393, 12.6225, 12.2718, 0.154107, 0, 0.57, 0, 0, 0
9110, 5.976, 5.976, 6.87574, 6.83016, 12.6365, 12.6155, 0.154107, 0, 0.58, 0, 0, 0
9120, 5.976, 5.976, 7.00197, 6.95638, 12.6155, 12.2859, 0.154107, 0, 0.59, 0, 0, 0
9131, 5.976, 5.976, 7.12819, 7.08261, 12.6225, 12.626, 0.154107, 0, 0.6, 0, 0, 0
9141, 5.976, 5.976, 7.25441, 7.20533, 12.6225, 12.6155, 0.154107, 0, 0.61, 0, 0, 0
9151, 5.976, 5.976, 7.38064, 7.33155, 12.612, 12.6049, 0.154107, 0, 0.62, 0, 0, 0
9160, 5.976, 5.976, 7.50686, 7.45778, 12.626, 12.2894, 0.154939, 0, 0.63, 0, 0, 0
9170, 5.976, 5.976, 7.63309, 7.58049, 12.6225, 12.626, 0.154107, 0, 0.64, 0, 0, 0
9181, 5.976, 5.976, 7.75931, 7.70672, 12.626, 12.612, 0.154107, 0, 0.65, 0, 0, 0
9191, 5.976, 5.976, 7.88554, 7.83294, 12.626, 12.2789, 0.154939, 0, 0.66, 0, 0, 0
9200, 5.976, 5.976, 8.01176, 7.95566, 12.626, 12.6295, 0.154107, 0, 0.67, 0, 0, 0
9210, 5.976, 5.976, 8.13799, 8.08189, 12.6049, 12.6049, 0.133552, 0, 0.68, 0, 0, 0
9221, 5.976, 5.976, 8.26421, 8.20811, 12.626, 12.626, 0.154939, 0, 0.69, 0, 0, 0
9231, 5.976, 5.976, 8.38693, 8.33434, 12.6049, 12.2613, 0.154107, 0, 0.7, 0, 0, 0
9240, 5.976, 5.976, 8.51315, 8.45706, 12.647, 12.6295, 0.154107, 0, 0.71, 0, 0, 0
9250, 5.976, 5.976, 8.63938, 8.58328, 12.6155, 12.6225, 0.154107, 0, 0.72, 0, 0, 0
9261, 5.976, 5.976, 8.7656, 8.70951, 12.2718, 12.2789, 0.154107, 0, 0.73, 0, 0, 0
9271, 5.976, 5.976, 8.89183, 8.83573, 12.6014, 12.5944, 0.154107, 0, 0.74, 0, 0, 0
9280, 5.976, 5.976, 9.01805, 8.95845, 12.6365, 12.6295, 0.154107, 0, 0.75, 0, 0, 0
9290, 5.976, 5.976, 9.14428, 9.08467, 12.6014, 12.612, 0.154107, 0, 0.76, 0, 0, 0
9300, 5.976, 5.976, 9.2705, 9.2109, 12.626, 12.2754, 0.154939, 0, 0.77, 0, 0, 0
9311, 5.976, 5.976, 9.39673, 9.33712, 12.612, 12.6049, 0.154107, 0, 0.78, 0, 0, 0
9321, 5.976, 5.976, 9.52295, 9.45984, 12.6365, 12.6155, 0.154939, 0, 0.79, 0, 0, 0
9330, 5.976, 5.976, 9.64918, 9.58607, 12.626, 12.6365, 0.154107, 0, 0.8, 0, 0, 0
9340, 5.976, 5.976, 9.7719, 9.71229, 12.6155, 12.2754, 0.154107, 0, 0.81, 0, 0, 0
9351, 5.976, 5.976, 9.90163, 9.83851, 12.612, 12.612, 0.132948, 0, 0.82, 0, 0, 0
9361, 5.976, 5.976, 10.0243, 9.96123, 12.2718, 12.612, 0.154107, 0, 0.83, 0, 0, 0
9370, 5.976, 5.976, 10.1506, 10.0875, 12.6365, 12.2859, 0.154107, 0, 0.84, 0, 0, 0
9380, 5.976, 5.976, 10.2768, 10.2102, 12.6225, 12.6225, 0.154107, 0, 0.85, 0, 0, 0
9391, 5.976, 5.976, 10.403, 10.3364, 12.6295, 12.6155, 0.154107, 0, 0.86, 0, 0, 0
9401, 5.976, 5.976, 10.5292, 10.4626, 12.6155, 12.2894, 0.154107, 0, 0.87, 0, 0, 0
9410, 5.976, 5.976, 10.6555, 10.5853, 12.626, 12.6295, 0.154107, 0, 0.88, 0, 0, 0
9420, 5.976, 5.976, 10.7817, 10.7116, 12.6155, 12.612, 0.154107, 0, 0.89, 0, 0, 0
9431, 5.976, 5.976, 10.9079, 10.8378, 12.6155, 12.2718, 0.154107, 0, 0.9, 0, 0, 0
9441, 5.976, 5.976, 11.0306, 10.9605, 12.612, 12.612, 0.154107, 0, 0.91, 0, 0, 0
9450, 5.976, 5.976, 11.1569, 11.0867, 12.626, 12.6014, 0.154939, 0, 0.92, 0, 0, 0
9460, 5.976, 5.976, 11.2831, 11.213, 12.2754, 12.2999, 0.154107, 0, 0.93, 0, 0, 0
9470, 5.976, 5.976, 11.4093, 11.3357, 12.6155, 12.6155, 0.154107, 0, 0.94, 0, 0, 0
9481, 5.976, 5.976, 11.5355, 11.4619, 12.6014, 12.6014, 0.133552, 0, 0.95, 0, 0, 0
9491, 5.976, 5.976, 11.6618, 11.5881, 12.6365, 12.2754, 0.154107, 0, 0.96, 0, 0, 0
9500, 5.976, 5.976, 11.788, 11.7108, 12.6365, 12.6295, 0.154107, 0, 0.97, 0, 0, 0
9510, 5.976, 5.976, 11.9142, 11.8371, 12.6155, 12.2789, 0.154107, 0, 0.98, 0, 0, 0
9521, 5.976, 5.976, 12.0404, 11.9633, 12.6155, 12.6155, 0.154107, 0, 0.99, 0, 0, 0
9531, 5.976, 5.976, 12.1667, 12.086, 12.6049, 12.6014, 0.154107, 0, 1, 0, 0, 0
9540, 5.976, 5.976, 12.2894, 12.2122, 12.2894, 12.2789, 0.154107, 0, 1.01, 0, 0, 0
9550, 5.976, 5.976, 12.4156, 12.3385, 12.9556, 12.6155, 0.154107, 0, 1.02, 0, 0, 0
9561, 5.976, 5.976, 12.5418, 12.4612, 12.2999, 12.626, 0.154107, 0, 1.03, 0, 0, 0
9571, 5.976, 5.976, 12.6681, 12.5874, 12.612, 12.2754, 0.154107, 0, 1.04, 0, 0, 0
9580, 5.976, 5.976, 12.7943, 12.7136, 12.626, 12.626, 0.154939, 0, 1.05, 0, 0, 0
9590, 5.976, 5.976, 12.9205, 12.8364, 12.6155, 12.612, 0.154107, 0, 1.06, 0, 0, 0
9601, 5.976, 5.976, 13.0467, 12.9626, 12.6225, 12.2754, 0.154107, 0, 1.07, 0, 0, 0
9611, 5.976, 5.976, 13.173, 13.0853, 12.6225, 12.6225, 0.156633, 0, 1.08, 0, 0, 0
9620, 5.976, 5.976, 13.2992, 13.2115, 12.6295, 12.2859, 0.154107, 0, 1.09, 0, 0, 0
9630, 5.976, 5.976, 13.4254, 13.3377, 12.6155, 12.626, 0.154107, 0, 1.1, 0, 0, 0
9640, 5.976, 5.976, 13.5516, 13.464, 12.6225, 12.6225, 0.154107, 0, 1.11, 0, 0, 0
9651, 5.976, 5.976, 13.6778, 13.5867, 12.6014, 12.5944, 0.154107, 0, 1.12, 0, 0, 0
9661, 5.976, 5.976, 13.8006, 13.7129, 12.6365, 12.2789, 0.154107, 0, 1.13, 0, 0, 0
9670, 5.976, 5.976, 13.9268, 13.8391, 12.6155, 12.626, 0.154107, 0, 1.14, 0, 0, 0
9680, 5.976, 5.976, 14.053, 13.9619, 12.6295, 12.6155, 0.154107, 0, 1.15, 0, 0, 0
9691, 5.976, 5.976, 14.1792, 14.0881, 12.2754, 12.2894, 0.154107, 0, 1.16, 0, 0, 0
9701, 5.976, 5.976, 14.3055, 14.2108, 12.6014, 12.6014, 0.154107, 0, 1.17, 0, 0, 0
9710, 5.976, 5.976, 14.4317, 14.337, 12.6225, 12.6225, 0.154107, 0, 1.18, 0, 0, 0
9720, 5.976, 5.976, 14.5579, 14.4632, 12.612, 12.2543, 0.154939, 0, 1.19, 0, 0, 0
9731, 5.976, 5.976, 14.6841, 14.586, 12.626, 12.6295, 0.154107, 0, 1.2, 0, 0, 0
9741, 5.976, 5.976, 14.8104, 14.7122, 12.6155, 12.6014, 0.154939, 0, 1.21, 0, 0, 0
9750, 5.976, 5.976, 14.9331, 14.8384, 12.6365, 12.2999, 0.154107, 0, 1.22, 0, 0, 0
9760, 5.976, 5.976, 15.0593, 14.9646, 12.6155, 12.612, 0.154107, 0, 1.23, 0, 0, 0
9771, 5.976, 5.976, 15.1855, 15.0874, 12.2894, 12.626, 0.154107, 0, 1.24, 0, 0, 0
9781, 5.976, 5.976, 15.3118, 15.2136, 12.6014, 12.6049, 0.154107, 0, 1.25, 0, 0, 0
9790, 5.976, 5.976, 15.438, 15.3398, 12.626, 12.2718, 0.154107, 0, 1.26, 0, 0, 0
9800, 5.976, 5.976, 15.5642, 15.4625, 12.6365, 12.626, 0.154107, 0, 1.27, 0, 0, 0
9810, 5.976, 5.976, 15.6904, 15.5888, 12.6155, 12.6295, 0.154107, 0, 1.28, 0, 0, 0
9821, 5.976, 5.976, 15.8167, 15.715, 12.6155, 12.2754, 0.154107, 0, 1.29, 0, 0, 0
9831, 5.976, 5.976, 15.9394, 15.8377, 12.6295, 12.6225, 0.154107, 0, 1.3, 0, 0, 0
9840, 5.976, 5.976, 16.0656, 15.9639, 12.5944, 12.612, 0.154107, 0, 1.31, 0, 0, 0
9850, 5.976, 5.976, 16.1918, 16.0901, 12.2648, 12.612, 0.154107, 0, 1.32, 0, 0, 0
9861, 5.976, 5.976, 16.3181, 16.2129, 12.626, 12.2789, 0.154107, 0, 1.33, 0, 0, 0
9871, 5.976, 5.976, 16.4443, 16.3391, 12.626, 12.612, 0.154939, 0, 1.34, 0, 0, 0
9880, 5.976, 5.976, 16.567, 16.4653, 12.626, 12.2894, 0.154939, 0, 1.35, 0, 0, 0
9890, 5.976, 5.976, 16.6932, 16.5915, 12.6225, 12.6225, 0.154107, 0, 1.36, 0, 0, 0
9901, 5.976, 5.976, 16.8194, 16.7143, 12.2859, 12.6225, 0.134162, 0, 1.37, 0, 0, 0
9911, 5.976, 5.976, 16.9457, 16.8405, 12.6014, 12.6014, 0.154107, 0, 1.38, 0, 0, 0
9920, 5.976, 5.976, 17.0719, 16.9667, 12.6295, 12.2718, 0.154107, 0, 1.39, 0, 0, 0
9930, 5.976, 5.976, 17.1981, 17.0894, 12.6225, 12.64, 0.154107, 0, 1.4, 0, 0, 0
9940, 5.976, 5.976, 17.3243, 17.2156, 12.6295, 12.6225, 0.154107, 0, 1.41, 0, 0, 0
9951, 5.976, 5.976, 17.4506, 17.3419, 12.612, 12.2754, 0.154107, 0, 1.42, 0, 0, 0
9960, 5.976, 5.976, 17.5768, 17.4646, 12.626, 12.6155, 0.154107, 0, 1.43, 0, 0, 0
9970, 5.976, 5.976, 17.703, 17.5908, 12.612, 12.6155, 0.154107, 0, 1.44, 0, 0, 0
9980, 5.976, 5.976, 17.8292, 17.717, 12.626, 12.2754, 0.154107, 0, 1.45, 0, 0, 0
9991, 5.976, 5.976, 17.9555, 17.8398, 12.6225, 12.6155, 0.154107, 0, 1.46, 0, 0, 0
10001, 5.976, 5.976, 18.0817, 17.966, 12.626, 12.6225, 0.154939, 0, 1.47, 0, 0, 0
10010, 5.976, 5.976, 18.2044, 18.0922, 12.626, 12.2894, 0.154939, 0, 1.48, 0, 0, 0
10020, 5.976, 5.976, 18.3341, 18.2149, 12.6225, 12.6225, 0.154107, 0, 1.49, 0, 0, 0
10031, 5.976, 5.976, 18.4569, 18.3412, 12.2613, 12.6049, 0.133552, 0, 1.5, 0, 0, 0
10041, 5.976, 5.976, 18.5831, 18.4674, 12.9626, 12.2613, 0.154107, 0, 1.51, 0, 0, 0
10050, 5.976, 5.976, 18.7093, 18.5901, 12.2859, 12.626, 0.154107, 0, 1.52, 0, 0, 0
10060, 5.976, 5.976, 18.8355, 18.7163, 12.6225, 12.626, 0.154107, 0, 1.53, 0, 0, 0
10071, 5.976, 5.976, 18.9618, 18.8425, 12.626, 12.2859, 0.154107, 0, 1.54, 0, 0, 0
10081, 5.976, 5.976, 19.088, 18.9653, 12.6014, 12.5944, 0.154107, 0, 1.55, 0, 0, 0
10090, 5.976, 5.976, 19.2142, 19.0915, 12.9626, 12.6049, 0.154107, 0, 1.56, 0, 0, 0
10100, 5.976, 5.976, 19.3404, 19.2142, 12.2859, 12.2964, 0.154107, 0, 1.57, 0, 0, 0
10110, 5.976, 5.976, 19.4667, 19.3404, 12.6295, 12.612, 0.154107, 0, 1.58, 0, 0, 0
10121, 5.976, 5.976, 19.5929, 19.4667, 12.6155, 12.2789, 0.154107, 0, 1.59, 0, 0, 0
10131, 5.976, 5.976, 19.7191, 19.5894, 12.6155, 12.612, 0.154107, 0, 1.6, 0, 0, 0
10140, 5.976, 5.976, 19.8453, 19.7156, 12.612, 12.6225, 0.154939, 0, 1.61, 0, 0, 0
10150, 5.976, 5.976, 19.9716, 19.8418, 12.626, 12.2718, 0.154107, 0, 1.62, 0, 0, 0
10161, 5.976, 5.976, 20.0978, 19.9645, 12.626, 12.6155, 0.154939, 0, 1.63, 0, 0, 0
10171, 5.976, 5.976, 20.224, 20.0908, 12.6155, 12.2754, 0.133552, 0, 1.64, 0, 0, 0
10180, 5.976, 5.976, 20.3502, 20.217, 12.6295, 12.6295, 0.154107, 0, 1.65, 0, 0, 0
10190, 5.976, 5.976, 20.4765, 20.3397, 12.6049, 12.6049, 0.154939, 0, 1.66, 0, 0, 0
10201, 5.976, 5.976, 20.6027, 20.4659, 12.6225, 12.2754, 0.154107, 0, 1.67, 0, 0, 0
10211, 5.976, 5.976, 20.7289, 20.5887, 12.612, 12.612, 0.154107, 0, 1.68, 0, 0, 0
10220, 5.976, 5.976, 20.8551, 20.7149, 12.64, 12.626, 0.154107, 0, 1.69, 0, 0, 0
10230, 5.976, 5.976, 20.9814, 20.8411, 12.626, 12.2859, 0.154107, 0, 1.7, 0, 0, 0
10241, 5.976, 5.976, 21.1076, 20.9673, 12.612, 12.6155, 0.154107, 0, 1.71, 0, 0, 0
10251, 5.976, 5.976, 21.2303, 21.09, 12.6225, 12.6225, 0.154107, 0, 1.72, 0, 0, 0
10260, 5.976, 5.976, 21.36, 21.2163, 12.612, 12.6014, 0.154107, 0, 1.73, 0, 0, 0
10270, 5.976, 5.976, 21.4827, 21.3425, 12.2894, 12.2789, 0.154107, 0, 1.74, 0, 0, 0
10280, 5.976, 5.976, 21.609, 21.4687, 12.6049, 12.6225, 0.154107, 0, 1.75, 0, 0, 0
10291, 5.976, 5.976, 21.7352, 21.5914, 12.6365, 12.6155, 0.154939, 0, 1.76, 0, 0, 0
10301, 5.976, 5.976, 21.8614, 21.7177, 12.626, 12.6155, 0.155781, 0, 1.77, 0, 0, 0
10310, 5.976, 5.976, 21.9876, 21.8439, 12.6225, 12.2964, 0.154107, 0, 1.78, 0, 0, 0
10320, 5.976, 5.976, 22.1139, 21.9666, 12.6049, 12.6155, 0.132948, 0, 1.79, 0, 0, 0
10331, 5.976, 5.976, 22.2401, 22.0928, 12.626, 12.626, 0.154107, 0, 1.8, 0, 0, 0
10341, 5.976, 5.976, 22.3663, 22.2191, 12.6155, 12.2648, 0.154107, 0, 1.81, 0, 0, 0
10350, 5.976, 5.976, 22.489, 22.3418, 12.6365, 12.6225, 0.154107, 0, 1.82, 0, 0, 0
10360, 5.976, 5.976, 22.6153, 22.468, 12.6155, 12.6155, 0.154107, 0, 1.83, 0, 0, 0
10371, 5.976, 5.976, 22.7415, 22.5942, 12.2718, 12.2789, 0.154107, 0, 1.84, 0, 0, 0
10381, 5.976, 5.976, 22.8677, 22.7204, 12.6049, 12.6049, 0.154107, 0, 1.85, 0, 0, 0
10390, 5.976, 5.976, 22.9939, 22.8432, 12.626, 12.6295, 0.154107, 0, 1.86, 0, 0, 0
10400, 5.976, 5.976, 23.1202, 22.9694, 12.612, 12.6049, 0.154107, 0, 1.87, 0, 0, 0
10411, 5.976, 5.976, 23.2429, 23.0956, 12.626, 12.2789, 0.154107, 0, 1.88, 0, 0, 0
10421, 5.976, 5.976, 23.3691, 23.2218, 12.612, 12.6049, 0.154107, 0, 1.89, 0, 0, 0
10430, 5.976, 5.976, 23.4953, 23.3446, 12.3034, 12.626, 0.154939, 0, 1.9, 0, 0, 0
10440, 5.976, 5.976, 23.6216, 23.4708, 12.6155, 12.626, 0.154107, 0, 1.91, 0, 0, 0
10450, 5.976, 5.976, 23.7478, 23.597, 12.6155, 12.2754, 0.133552, 0, 1.92, 0, 0, 0
10461, 5.976, 5.976, 23.874, 23.7197, 12.612, 12.612, 0.154107, 0, 1.93, 0, 0, 0
10471, 5.976, 5.976, 24.0002, 23.846, 12.626, 12.6225, 0.154107, 0, 1.94, 0, 0, 0
10480, 5.976, 5.976, 24.1264, 23.9687, 12.6225, 12.2894, 0.154107, 0, 1.95, 0, 0, 0
10490, 5.976, 5.976, 24.2527, 24.0949, 12.6365, 12.6225, 0.154107, 0, 1.96, 0, 0, 0
10501, 5.976, 5.976, 24.3789, 24.2211, 12.6225, 12.2789, 0.154107, 0, 1.97, 0, 0, 0
10511, 5.976, 5.976, 24.5051, 24.3473, 12.612, 12.612, 0.154107, 0, 1.98, 0, 0, 0
10520, 5.976, 5.976, 24.6313, 24.4701, 12.626, 12.626, 0.154107, 0, 1.99, 0, 0, 0
10530, 5.976, 5.976, 24.7541, 24.5963, 12.612, 12.2648, 0.154939, 0, 2, 0, 0, 0
10541, 5.976, 5.976, 24.8838, 24.7225, 12.6155, 12.6155, 0.154107, 0, 2.01, 0, 0, 0
10551, 5.976, 5.976, 25.0065, 24.8452, 12.6295, 12.6155, 0.154107, 0, 2.02, 0, 0, 0
10560, 5.976, 5.976, 25.1327, 24.9715, 12.2754, 12.6225, 0.154939, 0, 2.03, 0, 0, 0
10570, 5.976, 5.976, 25.259, 25.0977, 12.6049, 12.2754, 0.154107, 0, 2.04, 0, 0, 0
10580, 5.976, 5.976, 25.3852, 25.2204, 12.626, 12.6225, 0.134162, 0, 2.05, 0, 0, 0
10591, 5.976, 5.976, 25.5114, 25.3466, 12.945, 12.6014, 0.133552, 0, 2.06, 0, 0, 0
10601, 5.976, 5.976, 25.6376, 25.4728, 12.2964, 12.2859, 0.154107, 0, 2.07, 0, 0, 0
10610, 5.976, 5.976, 25.7639, 25.5956, 12.6225, 12.6225, 0.154107, 0, 2.08, 0, 0, 0
10620, 5.976, 5.976, 25.8901, 25.7218, 12.6225, 12.2648, 0.154107, 0, 2.09, 0, 0, 0
10631, 5.976, 5.976, 26.0163, 25.848, 12.6155, 12.6295, 0.154107, 0, 2.1, 0, 0, 0
10641, 5.976, 5.976, 26.1425, 25.9707, 12.6049, 12.6014, 0.154107, 0, 2.11, 0, 0, 0
10650, 5.976, 5.976, 26.2688, 26.097, 12.6295, 12.2859, 0.154107, 0, 2.12, 0, 0, 0
10660, 5.976, 5.976, 26.395, 26.2197, 12.6155, 12.612, 0.154939, 0, 2.13, 0, 0, 0
10671, 5.976, 5.976, 26.5212, 26.3459, 12.64, 12.6295, 0.154107, 0, 2.14, 0, 0, 0
10681, 5.976, 5.976, 26.6474, 26.4721, 12.612, 12.2718, 0.154107, 0, 2.15, 0, 0, 0
10690, 5.976, 5.976, 26.7737, 26.5984, 12.6295, 12.6295, 0.154939, 0, 2.16, 0, 0, 0
10700, 5.976, 5.976, 26.8999, 26.7211, 12.6049, 12.612, 0.154107, 0, 2.17, 0, 0, 0
10711, 5.976, 5.976, 27.0261, 26.8473, 12.6225, 12.6225, 0.154107, 0, 2.18, 0, 0, 0
10721, 5.976, 5.976, 27.1523, 26.9735, 12.6155, 12.2613, 0.133552, 0, 2.19, 0, 0, 0
10730, 5.976, 5.976, 27.2751, 27.0962, 12.64, 12.6225, 0.154107, 0, 2.2, 0, 0, 0
10740, 5.976, 5.976, 27.4048, 27.2225, 12.612, 12.2859, 0.154939, 0, 2.21, 0, 0, 0
10750, 5.976, 5.976, 27.5275, 27.3487, 12.2894, 12.626, 0.154107, 0, 2.22, 0, 0, 0
10761, 5.976, 5.976, 27.6537, 27.4714, 12.945, 12.6049, 0.154107, 0, 2.23, 0, 0, 0
10771, 5.976, 5.976, 27.78, 27.5976, 12.2754, 12.612, 0.154107, 0, 2.24, 0, 0, 0
10780, 5.976, 5.976, 27.9062, 27.7239, 12.626, 12.2789, 0.154107, 0, 2.25, 0, 0, 0
10790, 5.976, 5.976, 28.0324, 27.8501, 12.626, 12.626, 0.154107, 0, 2.26, 0, 0, 0
10801, 5.976, 5.976, 28.1586, 27.9728, 12.626, 12.612, 0.154107, 0, 2.27, 0, 0, 0
10811, 5.976, 5.976, 28.2849, 28.099, 12.612, 12.6155, 0.154107, 0, 2.28, 0, 0, 0
10820, 5.976, 5.976, 28.4111, 28.2252, 12.6295, 12.2999, 0.154939, 0, 2.29, 0, 0, 0
10830, 5.976, 5.976, 28.5373, 28.348, 12.6155, 12.6049, 0.154107, 0, 2.3, 0, 0, 0
10841, 5.976, 5.976, 28.6635, 28.4742, 12.6155, 12.626, 0.154107, 0, 2.31, 0, 0, 0
10851, 5.976, 5.976, 28.7898, 28.6004, 12.6155, 12.2648, 0.154939, 0, 2.32, 0, 0, 0
10860, 5.976, 5.976, 28.916, 28.7231, 12.6295, 12.6295, 0.154107, 0, 2.33, 0, 0, 0
10870, 5.976, 5.976, 29.0387, 28.8494, 12.6295, 12.6155, 0.13235, 0, 2.34, 0, 0, 0
10881, 5.976, 5.976, 29.1649, 28.9756, 12.2613, 12.2789, 0.154939, 0, 2.35, 0, 0, 0
10891, 5.976, 5.976, 29.2911, 29.1018, 12.612, 12.6049, 0.154107, 0, 2.36, 0, 0, 0
10900, 5.976, 5.976, 29.4174, 29.2245, 12.6225, 12.6225, 0.154107, 0, 2.37, 0, 0, 0
10910, 5.976, 5.976, 29.5436, 29.3507, 12.6155, 12.6155, 0.154107, 0, 2.38, 0, 0, 0
10920, 5.976, 5.976, 29.6698, 29.477, 12.6155, 12.2718, 0.154107, 0, 2.39, 0, 0, 0
10931, 5.976, 5.976, 29.796, 29.5997, 12.6225, 12.6225, 0.154107, 0, 2.4, 0, 0, 0
10941, 5.976, 5.976, 29.9223, 29.7259, 12.6365, 12.612, 0.154107, 0, 2.41, 0, 0, 0
10950, 5.976, 5.976, 30.045, 29.8521, 12.6225, 12.2964, 0.154107, 0, 2.42, 0, 0, 0
10960, 5.976, 5.976, 30.1712, 29.9749, 12.626, 12.6225, 0.154107, 0, 2.43, 0, 0, 0
10971, 5.976, 5.976, 30.2974, 30.1011, 12.6049, 12.6049, 0.154107, 0, 2.44, 0, 0, 0
10981, 5.976, 5.976, 30.4237, 30.2273, 12.2754, 12.6155, 0.154939, 0, 2.45, 0, 0, 0
10990, 5.976, 5.976, 30.5499, 30.35, 12.626, 12.2789, 0.154107, 0, 2.46, 0, 0, 0
11000, 5.976, 5.976, 30.6761, 30.4763, 12.6295, 12.6155, 0.154107, 0, 2.47, 0, 0, 0
11011, 5.976, 5.976, 30.8023, 30.6025, 12.6225, 12.2789, 0.154107, 0, 2.48, 0, 0, 0
11021, 5.976, 5.976, 30.9286, 30.7287, 12.612, 12.626, 0.154107, 0, 2.49, 0, 0, 0
11030, 5.976, 5.976, 31.0548, 30.8514, 12.6295, 12.626, 0.154107, 0, 2.5, 0, 0, 0
11040, 5.976, 5.976, 31.181, 30.9776, 12.6049, 12.612, 0.154107, 0, 2.51, 0, 0, 0
11051, 5.976, 5.976, 31.3072, 31.1039, 12.626, 12.2718, 0.154107, 0, 2.52, 0, 0, 0
11061, 5.976, 5.976, 31.4335, 31.2266, 12.6155, 12.6155, 0.154107, 0, 2.53, 0, 0, 0
11070, 5.976, 5.976, 31.5597, 31.3528, 12.6295, 12.6155, 0.154107, 0, 2.54, 0, 0, 0
11080, 5.976, 5.976, 31.6824, 31.479, 12.6295, 12.2964, 0.154107, 0, 2.55, 0, 0, 0
11090, 5.976, 5.976, 31.8121, 31.6018, 12.6049, 12.6049, 0.154107, 0, 2.56, 0, 0, 0
11101, 5.976, 5.976, 31.9349, 31.728, 12.6155, 12.6155, 0.154107, 0, 2.57, 0, 0, 0
11111, 5.976, 5.976, 32.0646, 31.8507, 12.6155, 12.2648, 0.154939, 0, 2.58, 0, 0, 0
11120, 5.976, 5.976, 32.1873, 31.9769, 12.647, 12.6365, 0.154107, 0, 2.59, 0, 0, 0
11130, 5.976, 5.976, 32.3135, 32.1031, 12.2718, 12.2859, 0.154107, 0, 2.6, 0, 0, 0
11141, 5.976, 5.976, 32.4398, 32.2259, 12.612, 12.6049, 0.132948, 0, 2.61, 0, 0, 0
11151, 5.976, 5.976, 32.566, 32.3521, 12.6049, 12.6049, 0.154107, 0, 2.62, 0, 0, 0
11160, 5.976, 5.976, 32.6922, 32.4783, 12.6225, 12.2754, 0.154939, 0, 2.63, 0, 0, 0
11170, 5.976, 5.976, 32.8184, 32.6045, 12.6155, 12.6155, 0.154107, 0, 2.64, 0, 0, 0
11181, 5.976, 5.976, 32.9446, 32.7273, 12.6365, 12.6225, 0.154107, 0, 2.65, 0, 0, 0
11191, 5.976, 5.976, 33.0709, 32.8535, 12.6155, 12.2789, 0.154107, 0, 2.66, 0, 0, 0
11200, 5.976, 5.976, 33.1971, 32.9797, 12.626, 12.6155, 0.154107, 0, 2.67, 0, 0, 0
11210, 5.976, 5.976, 33.3233, 33.1024, 12.612, 12.6225, 0.154107, 0, 2.68, 0, 0, 0
11220, 5.976, 5.976, 33.4495, 33.2287, 12.6225, 12.2718, 0.154107, 0, 2.69, 0, 0, 0
11231, 5.976, 5.976, 33.5723, 33.3514, 12.612, 12.6049, 0.154107, 0, 2.7, 0, 0, 0
11241, 5.976, 5.976, 33.702, 33.4776, 12.64, 12.6225, 0.154939, 0, 2.71, 0, 0, 0
11250, 5.976, 5.976, 33.8247, 33.6038, 12.2648, 12.2894, 0.154939, 0, 2.72, 0, 0, 0
11260, 5.976, 5.976, 33.9509, 33.73, 12.9731, 12.6225, 0.154107, 0, 2.73, 0, 0, 0
11271, 5.976, 5.976, 34.0772, 33.8528, 12.2754, 12.612, 0.134162, 0, 2.74, 0, 0, 0
11281, 5.976, 5.976, 34.2034, 33.979, 12.6155, 12.6155, 0.154107, 0, 2.75, 0, 0, 0
11290, 5.976, 5.976, 34.3296, 34.1052, 12.6295, 12.2789, 0.154107, 0, 2.76, 0, 0, 0
11300, 5.976, 5.976, 34.4558, 34.2279, 12.6225, 12.6365, 0.154107, 0, 2.77, 0, 0, 0
11311, 5.976, 5.976, 34.5821, 34.3542, 12.6295, 12.6049, 0.154107, 0, 2.78, 0, 0, 0
11321, 5.976, 5.976, 34.7083, 34.4804, 12.6049, 12.6155, 0.154107, 0, 2.79, 0, 0, 0
11330, 5.976, 5.976, 34.8345, 34.6066, 12.6295, 12.2964, 0.154107, 0, 2.8, 0, 0, 0
11340, 5.976, 5.976, 34.9607, 34.7293, 12.612, 12.6049, 0.154107, 0, 2.81, 0, 0, 0
11351, 5.976, 5.976, 35.0835, 34.8555, 12.626, 12.626, 0.154107, 0, 2.82, 0, 0, 0
11361, 5.976, 5.976, 35.2097, 34.9818, 12.612, 12.2648, 0.154107, 0, 2.83, 0, 0, 0
11370, 5.976, 5.976, 35.3359, 35.108, 12.2648, 12.6014, 0.154939, 0, 2.84, 0, 0, 0
11380, 5.976, 5.976, 35.4621, 35.2307, 12.6295, 12.6295, 0.154107, 0, 2.85, 0, 0, 0
11390, 5.976, 5.976, 35.5884, 35.3569, 12.6225, 12.626, 0.154107, 0, 2.86, 0, 0, 0
11401, 5.976, 5.976, 35.7146, 35.4832, 12.612, 12.2718, 0.154939, 0, 2.87, 0, 0, 0
11411, 5.976, 5.976, 35.8408, 35.6059, 12.6365, 12.6225, 0.154107, 0, 2.88, 0, 0, 0
11420, 5.976, 5.976, 35.967, 35.7321, 12.6049, 12.6225, 0.154107, 0, 2.89, 0, 0, 0
11430, 5.976, 5.976, 36.0897, 35.8583, 12.6225, 12.2718, 0.154107, 0, 2.9, 0, 0, 0
11441, 5.976, 5.976, 36.216, 35.9846, 12.2718, 12.6225, 0.154107, 0, 2.91, 0, 0, 0
11451, 5.976, 5.976, 36.3422, 36.1073, 12.6365, 12.612, 0.154107, 0, 2.92, 0, 0, 0
11460, 5.976, 5.976, 36.4684, 36.2335, 12.626, 12.6225, 0.154107, 0, 2.93, 0, 0, 0
11470, 5.976, 5.976, 36.5946, 36.3597, 12.6225, 12.2894, 0.154107, 0, 2.94, 0, 0, 0
11481, 5.976, 5.976, 36.7209, 36.4824, 12.612, 12.6049, 0.154107, 0, 2.95, 0, 0, 0
11491, 5.976, 5.976, 36.8471, 36.6087, 12.612, 12.612, 0.154107, 0, 2.96, 0, 0, 0
11500, 5.976, 5.976, 36.9733, 36.7314, 12.6295, 12.2894, 0.154107, 0, 2.97, 0, 0, 0
11510, 5.976, 5.976, 37.0995, 36.8576, 12.6295, 12.612, 0.154107, 0, 2.98, 0, 0, 0
11521, 5.976, 5.976, 37.2258, 36.9838, 12.626, 12.2964, 0.154107, 0, 2.99, 0, 0, 0
11531, 5.976, 5.976, 37.352, 37.1101, 12.6049, 12.612, 0.154939, 0, 3, 0, 0, 0
11540, 5.976, 5.976, 37.4782, 37.2328, 12.6295, 12.6225, 0.154939, 0, 3.01, 0, 0, 0
11550, 5.976, 5.976, 37.6044, 37.359, 12.612, 12.6155, 0.154107, 0, 3.02, 0, 0, 0
11560, 5.976, 5.976, 37.7307, 37.4852, 12.6225, 12.2754, 0.133552, 0, 3.03, 0, 0, 0
11571, 5.976, 5.976, 37.8569, 37.6115, 12.612, 12.612, 0.154107, 0, 3.04, 0, 0, 0
11581, 5.976, 5.976, 37.9831, 37.7342, 12.64, 12.6225, 0.154107, 0, 3.05, 0, 0, 0
11590, 5.976, 5.976, 38.1093, 37.8604, 12.626, 12.2964, 0.154107, 0, 3.06, 0, 0, 0
11600, 5.976, 5.976, 38.2321, 37.9831, 12.6049, 12.6014, 0.154107, 0, 3.07, 0, 0, 0
11611, 5.976, 5.976, 38.3583, 38.1093, 12.626, 12.2754, 0.154107, 0, 3.08, 0, 0, 0
11621, 5.976, 5.976, 38.4845, 38.2321, 12.6049, 12.612, 0.154107, 0, 3.09, 0, 0, 0
11630, 5.976, 5.976, 38.6107, 38.3583, 12.2894, 12.2754, 0.154107, 0, 3.1, 0, 0, 0
11640, 5.976, 5.976, 38.737, 38.4845, 12.9626, 12.6225, 0.154107, 0, 3.11, 0, 0, 0
11651, 5.976, 5.976, 38.8632, 38.6072, 12.2789, 12.6295, 0.154107, 0, 3.12, 0, 0, 0
11661, 5.976, 5.976, 38.9894, 38.7335, 12.5944, 12.5944, 0.154939, 0, 3.13, 0, 0, 0
11670, 5.976, 5.976, 39.1156, 38.8597, 12.6225, 12.2718, 0.154939, 0, 3.14, 0, 0, 0
11680, 5.976, 5.976, 39.2419, 38.9824, 12.64, 12.6295, 0.154107, 0, 3.15, 0, 0, 0
11691, 5.976, 5.976, 39.3681, 39.1086, 12.6155, 12.6155, 0.133552, 0, 3.16, 0, 0, 0
11701, 5.976, 5.976, 39.4943, 39.2348, 12.612, 12.2754, 0.154107, 0, 3.17, 0, 0, 0
11710, 5.976, 5.976, 39.6205, 39.3576, 12.626, 12.6155, 0.154107, 0, 3.18, 0, 0, 0
11720, 5.976, 5.976, 39.7468, 39.4838, 12.6155, 12.2718, 0.154107, 0, 3.19, 0, 0, 0
11730, 5.976, 5.976, 39.8695, 39.6065, 12.6155, 12.6155, 0.154107, 0, 3.2, 0, 0, 0
11741, 5.976, 5.976, 39.9992, 39.7327, 12.6295, 12.6225, 0.154939, 0, 3.21, 0, 0, 0
11751, 5.976, 5.976, 40.1219, 39.859, 12.6225, 12.2789, 0.154107, 0, 3.22, 0, 0, 0
11760, 5.976, 5.976, 40.2481, 39.9852, 12.626, 12.626, 0.154107, 0, 3.23, 0, 0, 0
11770, 5.976, 5.976, 40.3744, 40.1079, 12.2859, 12.6225, 0.154107, 0, 3.24, 0, 0, 0
11781, 5.976, 5.976, 40.5006, 40.2341, 12.6049, 12.612, 0.154107, 0, 3.25, 0, 0, 0
11791, 5.976, 5.976, 40.6268, 40.3604, 12.612, 12.2613, 0.154107, 0, 3.26, 0, 0, 0
11800, 5.976, 5.976, 40.753, 40.4831, 12.6365, 12.6365, 0.154939, 0, 3.27, 0, 0, 0
11810, 5.976, 5.976, 40.8793, 40.6093, 12.6295, 12.6155, 0.154107, 0, 3.28, 0, 0, 0
11821, 5.976, 5.976, 41.0055, 40.7355, 12.6155, 12.2894, 0.154939, 0, 3.29, 0, 0, 0
11831, 5.976, 5.976, 41.1282, 40.8617, 12.6155, 12.6225, 0.133552, 0, 3.3, 0, 0, 0
11840, 5.976, 5.976, 41.2544, 40.9845, 12.6225, 12.612, 0.154107, 0, 3.31, 0, 0, 0
11850, 5.976, 5.976, 41.3807, 41.1107, 12.2543, 12.612, 0.154939, 0, 3.32, 0, 0, 0
11860, 5.976, 5.976, 41.5069, 41.2369, 12.6155, 12.2718, 0.154107, 0, 3.33, 0, 0, 0
11871, 5.976, 5.976, 41.6331, 41.3596, 12.6155, 12.6155, 0.154107, 0, 3.34, 0, 0, 0
11881, 5.976, 5.976, 41.7593, 41.4859, 12.64, 12.6155, 0.154107, 0, 3.35, 0, 0, 0
11890, 5.976, 5.976, 41.8856, 41.6121, 12.6155, 12.2894, 0.154107, 0, 3.36, 0, 0, 0
11900, 5.976, 5.976, 42.0118, 41.7383, 12.626, 12.6225, 0.154107, 0, 3.37, 0, 0, 0
11911, 5.976, 5.976, 42.1345, 41.861, 12.2754, 12.6155, 0.154107, 0, 3.38, 0, 0, 0
11921, 5.976, 5.976, 42.2607, 41.9872, 12.612, 12.612, 0.154107, 0, 3.39, 0, 0, 0
11930, 5.976, 5.976, 42.387, 42.1135, 12.626, 12.2754, 0.154107, 0, 3.4, 0, 0, 0
11940, 5.976, 5.976, 42.5132, 42.2362, 12.6155, 12.6295, 0.154107, 0, 3.41, 0, 0, 0
11951, 5.976, 5.976, 42.6394, 42.3624, 12.6365, 12.6225, 0.154939, 0, 3.42, 0, 0, 0
11961, 5.976, 5.976, 42.7656, 42.4886, 12.6155, 12.2754, 0.155781, 0, 3.43, 0, 0, 0
11970, 5.976, 5.976, 42.8884, 42.6114, 12.6155, 12.6225, 0.154107, 0, 3.44, 0, 0, 0
11980, 5.976, 5.976, 43.0181, 42.7376, 12.6225, 12.6225, 0.154107, 0, 3.45, 0, 0, 0
11991, 5.976, 5.976, 43.1408, 42.8638, 12.2718, 12.2648, 0.154107, 0, 3.46, 0, 0, 0
12001, 5.976, 5.976, 43.267, 42.9865, 12.6295, 12.6225, 0.154107, 0, 3.47, 0, 0, 0
12010, 5.976, 5.976, 43.3932, 43.1128, 12.626, 12.6155, 0.154107, 0, 3.48, 0, 0, 0
12020, 5.976, 5.976, 43.5195, 43.239, 12.6049, 12.2754, 0.154107, 0, 3.49, 0, 0, 0
12030, 5.976, 5.976, 43.6457, 43.3652, 12.6225, 12.626, 0.154107, 0, 3.5, 0, 0, 0
12041, 5.976, 5.976, 43.7719, 43.4879, 12.612, 12.6049, 0.154107, 0, 3.51, 0, 0, 0
12051, 5.976, 5.976, 43.8981, 43.6141, 12.6225, 12.2648, 0.154107, 0, 3.52, 0, 0, 0
12060, 5.976, 5.976, 44.0244, 43.7404, 12.6225, 12.6295, 0.154107, 0, 3.53, 0, 0, 0
12070, 5.976, 5.976, 44.1506, 43.8631, 12.6295, 12.6155, 0.154107, 0, 3.54, 0, 0, 0
12081, 5.976, 5.976, 44.2768, 43.9893, 12.626, 12.2859, 0.154107, 0, 3.55, 0, 0, 0
12091, 5.976, 5.976, 44.403, 44.1155, 12.6049, 12.612, 0.154939, 0, 3.56, 0, 0, 0
12100, 5.976, 5.976, 44.5293, 44.2383, 12.626, 12.6225, 0.154107, 0, 3.57, 0, 0, 0
12110, 5.976, 5.976, 44.6555, 44.3645, 12.612, 12.6155, 0.133552, 0, 3.58, 0, 0, 0
12121, 5.976, 5.976, 44.7782, 44.4907, 12.626, 12.2718, 0.154107, 0, 3.59, 0, 0, 0
12131, 5.976, 5.976, 44.9079, 44.6134, 12.626, 12.6155, 0.154107, 0, 3.6, 0, 0, 0
12140, 5.976, 5.976, 45.0307, 44.7396, 12.2859, 12.2859, 0.154107, 0, 3.61, 0, 0, 0
12150, 5.976, 5.976, 45.1569, 44.8659, 12.9626, 12.6225, 0.154107, 0, 3.62, 0, 0, 0
12161, 5.976, 5.976, 45.2831, 44.9886, 12.2718, 12.6225, 0.154107, 0, 3.63, 0, 0, 0
12171, 5.976, 5.976, 45.4093, 45.1148, 12.9521, 12.2508, 0.154107, 0, 3.64, 0, 0, 0
12180, 5.976, 5.976, 45.5356, 45.241, 12.626, 12.6225, 0.154107, 0, 3.65, 0, 0, 0
12190, 5.976, 5.976, 45.6618, 45.3638, 12.2964, 12.6295, 0.154939, 0, 3.66, 0, 0, 0
12200, 5.976, 5.976, 45.788, 45.49, 12.6049, 12.2789, 0.154107, 0, 3.67, 0, 0, 0
12211, 5.976, 5.976, 45.9142, 45.6162, 12.6295, 12.6155, 0.154107, 0, 3.68, 0, 0, 0
12221, 5.976, 5.976, 46.0405, 45.7389, 12.6225, 12.6155, 0.154939, 0, 3.69, 0, 0, 0
12230, 5.976, 5.976, 46.1667, 45.8652, 12.6155, 12.6225, 0.154107, 0, 3.7, 0, 0, 0
12240, 5.976, 5.976, 46.2929, 45.9879, 12.6225, 12.2718, 0.133552, 0, 3.71, 0, 0, 0
12251, 5.976, 5.976, 46.4191, 46.1141, 12.6365, 12.6225, 0.133552, 0, 3.72, 0, 0, 0
12261, 5.976, 5.976, 46.5454, 46.2403, 12.612, 12.612, 0.154107, 0, 3.73, 0, 0, 0
12270, 5.976, 5.976, 46.6716, 46.3665, 12.6295, 12.2964, 0.154107, 0, 3.74, 0, 0, 0
12280, 5.976, 5.976, 46.7978, 46.4893, 12.6155, 12.6295, 0.154107, 0, 3.75, 0, 0, 0
12291, 5.976, 5.976, 46.924, 46.6155, 12.612, 12.5944, 0.154107, 0, 3.76, 0, 0, 0
12301, 5.976, 5.976, 47.0503, 46.7417, 12.6155, 12.2754, 0.154107, 0, 3.77, 0, 0, 0
12310, 5.976, 5.976, 47.173, 46.8679, 12.626, 12.6295, 0.154107, 0, 3.78, 0, 0, 0
12320, 5.976, 5.976, 47.2992, 46.9907, 12.6225, 12.6049, 0.154107, 0, 3.79, 0, 0, 0
12331, 5.976, 5.976, 47.4254, 47.1169, 12.2789, 12.6295, 0.154107, 0, 3.8, 0, 0, 0
12341, 5.976, 5.976, 47.5517, 47.2431, 12.6049, 12.2648, 0.154107, 0, 3.81, 0, 0, 0
12350, 5.976, 5.976, 47.6779, 47.3693, 12.626, 12.6225, 0.154939, 0, 3.82, 0, 0, 0
12360, 5.976, 5.976, 47.8041, 47.492, 12.612, 12.6155, 0.154107, 0, 3.83, 0, 0, 0
12370, 5.976, 5.976, 47.9303, 47.6183, 12.6225, 12.2754, 0.154107, 0, 3.84, 0, 0, 0
12381, 5.976, 5.976, 48.0565, 47.7445, 12.612, 12.612, 0.133552, 0, 3.85, 0, 0, 0
12391, 5.976, 5.976, 48.1793, 47.8672, 12.64, 12.6155, 0.154107, 0, 3.86, 0, 0, 0
12400, 5.976, 5.976, 48.3055, 47.9934, 12.6225, 12.2964, 0.155781, 0, 3.87, 0, 0, 0
12410, 5.976, 5.976, 48.4317, 48.1197, 12.2789, 12.6155, 0.154107, 0, 3.88, 0, 0, 0
12421, 5.976, 5.976, 48.5579, 48.2459, 12.6225, 12.6225, 0.154107, 0, 3.89, 0, 0, 0
12431, 5.976, 5.976, 48.6842, 48.3686, 12.6049, 12.6049, 0.154107, 0, 3.9, 0, 0, 0
12440, 5.976, 5.976, 48.8104, 48.4948, 12.626, 12.626, 0.154107, 0, 3.91, 0, 0, 0
12450, 5.976, 5.976, 48.9366, 48.6211, 12.6155, 12.2648, 0.154107, 0, 3.92, 0, 0, 0
12461, 5.976, 5.976, 49.0628, 48.7438, 12.6365, 12.6365, 0.154107, 0, 3.93, 0, 0, 0
12471, 5.976, 5.976, 49.1891, 48.87, 12.6155, 12.6049, 0.154107, 0, 3.94, 0, 0, 0
12480, 5.976, 5.976, 49.3153, 48.9962, 12.6295, 12.3034, 0.154939, 0, 3.95, 0, 0, 0
12490, 5.976, 5.976, 49.4415, 49.1189, 12.6049, 12.6049, 0.154107, 0, 3.96, 0, 0, 0
12500, 5.976, 5.976, 49.5677, 49.2452, 12.6225, 12.6225, 0.154107, 0, 3.97, 0, 0, 0
12511, 5.976, 5.976, 49.694, 49.3714, 12.6155, 12.2648, 0.154939, 0, 3.98, 0, 0, 0
12520, 5.976, 5.976, 49.8167, 49.4941, 12.6225, 12.6155, 0.154107, 0, 3.99, 0, 0, 0
12530, 5.976, 5.976, 49.9464, 49.6203, 12.6365, 12.626, 0.154939, 0, 4, 0, 0, 0
12540, 5.976, 5.976, 50.0691, 49.7466, 12.6225, 12.2859, 0.154939, 0, 4.01, 0, 0, 0
12551, 5.976, 5.976, 50.1989, 49.8728, 12.6225, 12.6225, 0.154107, 0, 4.02, 0, 0, 0
12561, 5.976, 5.976, 50.3216, 49.9955, 12.2648, 12.612, 0.154107, 0, 4.03, 0, 0, 0
12570, 5.976, 5.976, 50.4478, 50.1217, 12.9661, 12.2648, 0.154107, 0, 4.04, 0, 0, 0
12580, 5.976, 5.976, 50.574, 50.248, 12.2718, 12.626, 0.154107, 0, 4.05, 0, 0, 0
12591, 5.976, 5.976, 50.7003, 50.3707, 12.612, 12.612, 0.154107, 0, 4.06, 0, 0, 0
12601, 5.976, 5.976, 50.8265, 50.4969, 12.6225, 12.612, 0.154107, 0, 4.07, 0, 0, 0
12610, 5.976, 5.976, 50.9527, 50.6231, 12.6295, 12.2859, 0.154107, 0, 4.08, 0, 0, 0
12620, 5.976, 5.976, 51.0789, 50.7458, 12.6225, 12.626, 0.154939, 0, 4.09, 0, 0, 0
12631, 5.976, 5.976, 51.2052, 50.8721, 12.612, 12.612, 0.154107, 0, 4.1, 0, 0, 0
12641, 5.976, 5.976, 51.3314, 50.9983, 12.6155, 12.2648, 0.154939, 0, 4.11, 0, 0, 0
12650, 5.976, 5.976, 51.4576, 51.121, 12.6365, 12.6155, 0.154107, 0, 4.12, 0, 0, 0
12660, 5.976, 5.976, 51.5838, 51.2472, 12.6225, 12.2894, 0.154107, 0, 4.13, 0, 0, 0
12670, 5.976, 5.976, 51.7101, 51.3735, 12.6225, 12.6225, 0.154107, 0, 4.14, 0, 0, 0
12681, 5.976, 5.976, 51.8363, 51.4962, 12.612, 12.612, 0.154107, 0, 4.15, 0, 0, 0
12691, 5.976, 5.976, 51.9625, 51.6224, 12.6225, 12.612, 0.154107, 0, 4.16, 0, 0, 0
12700, 5.976, 5.976, 52.0887, 51.7486, 12.6225, 12.2789, 0.154107, 0, 4.17, 0, 0, 0
12710, 5.976, 5.976, 52.2114, 51.8713, 12.6225, 12.6225, 0.154107, 0, 4.18, 0, 0, 0
12721, 5.976, 5.976, 52.3412, 51.9976, 12.6365, 12.6155, 0.154107, 0, 4.19, 0, 0, 0
12731, 5.976, 5.976, 52.4639, 52.1238, 12.612, 12.2789, 0.154107, 0, 4.2, 0, 0, 0
12740, 5.976, 5.976, 52.5936, 52.25, 12.626, 12.626, 0.154107, 0, 4.21, 0, 0, 0
12750, 5.976, 5.976, 52.7163, 52.3727, 12.612, 12.6049, 0.154107, 0, 4.22, 0, 0, 0
12761, 5.976, 5.976, 52.8426, 52.499, 12.2789, 12.6225, 0.154107, 0, 4.23, 0, 0, 0
12771, 5.976, 5.976, 52.9688, 52.6252, 12.6155, 12.2648, 0.154939, 0, 4.24, 0, 0, 0
12780, 5.976, 5.976, 53.095, 52.7479, 12.6365, 12.626, 0.154107, 0, 4.25, 0, 0, 0
12790, 5.976, 5.976, 53.2212, 52.8741, 12.6225, 12.6225, 0.154107, 0, 4.26, 0, 0, 0
12801, 5.976, 5.976, 53.3475, 53.0004, 12.6225, 12.2859, 0.133552, 0, 4.27, 0, 0, 0
12811, 5.976, 5.976, 53.4737, 53.1266, 12.6155, 12.612, 0.154107, 0, 4.28, 0, 0, 0
12820, 5.976, 5.976, 53.5999, 53.2493, 12.6295, 12.6365, 0.154107, 0, 4.29, 0, 0, 0
12830, 5.976, 5.976, 53.7261, 53.3755, 12.6049, 12.6155, 0.154107, 0, 4.3, 0, 0, 0
12840, 5.976, 5.976, 53.8524, 53.5017, 12.6225, 12.2718, 0.154107, 0, 4.31, 0, 0, 0
12851, 5.976, 5.976, 53.9786, 53.6245, 12.6155, 12.6155, 0.154107, 0, 4.32, 0, 0, 0
12861, 5.976, 5.976, 54.1013, 53.7507, 12.2894, 12.6155, 0.154107, 0, 4.33, 0, 0, 0
12870, 5.976, 5.976, 54.2275, 53.8769, 12.9521, 12.6155, 0.154107, 0, 4.34, 0, 0, 0
12880, 5.976, 5.976, 54.3538, 54.0031, 12.2789, 12.2859, 0.154107, 0, 4.35, 0, 0, 0
12891, 5.976, 5.976, 54.48, 54.1259, 12.6155, 12.6155, 0.154107, 0, 4.36, 0, 0, 0
12901, 5.976, 5.976, 54.6062, 54.2521, 12.6049, 12.6049, 0.154939, 0, 4.37, 0, 0, 0
12910, 5.976, 5.976, 54.7324, 54.3783, 12.626, 12.2789, 0.154939, 0, 4.38, 0, 0, 0
12920, 5.976, 5.976, 54.8552, 54.501, 12.6155, 12.6155, 0.154107, 0, 4.39, 0, 0, 0
12931, 5.976, 5.976, 54.9814, 54.6272, 12.6365, 12.6225, 0.133552, 0, 4.4, 0, 0, 0
12941, 5.976, 5.976, 55.1076, 54.7535, 12.2754, 12.2754, 0.154107, 0, 4.41, 0, 0, 0
12950, 5.976, 5.976, 55.2338, 54.8797, 12.6295, 12.626, 0.154107, 0, 4.42, 0, 0, 0
12960, 5.976, 5.976, 55.3601, 55.0024, 12.6225, 12.6365, 0.154107, 0, 4.43, 0, 0, 0
12971, 5.976, 5.976, 55.4863, 55.1286, 12.6049, 12.5944, 0.154107, 0, 4.44, 0, 0, 0
12981, 5.976, 5.976, 55.6125, 55.2549, 12.6155, 12.2789, 0.154107, 0, 4.45, 0, 0, 0
12990, 5.976, 5.976, 55.7387, 55.3811, 12.626, 12.6155, 0.154107, 0, 4.46, 0, 0, 0
13000, 5.976, 5.976, 55.865, 55.5038, 12.6365, 12.626, 0.154107, 0, 4.47, 0, 0, 0
13010, 5.976, 5.976, 55.9912, 55.63, 12.6225, 12.2789, 0.154107, 0, 4.48, 0, 0, 0
13021, 5.976, 5.976, 56.1139, 55.7563, 12.612, 12.6225, 0.154107, 0, 4.49, 0, 0, 0
13031, 5.976, 5.976, 56.2436, 55.879, 12.626, 12.612, 0.154939, 0, 4.5, 0, 0, 0
13040, 5.976, 5.976, 56.3663, 56.0052, 12.612, 12.6225, 0.154939, 0, 4.51, 0, 0, 0
13050, 5.976, 5.976, 56.4961, 56.1314, 12.6225, 12.2754, 0.154107, 0, 4.52, 0, 0, 0
13061, 5.976, 5.976, 56.6188, 56.2541, 12.6295, 12.6155, 0.154939, 0, 4.53, 0, 0, 0
13071, 5.976, 5.976, 56.745, 56.3804, 12.612, 12.612, 0.154107, 0, 4.54, 0, 0, 0
13080, 5.976, 5.976, 56.8712, 56.5066, 12.2789, 12.2894, 0.154107, 0, 4.55, 0, 0, 0
13090, 5.976, 5.976, 56.9975, 56.6293, 12.626, 12.626, 0.155781, 0, 4.56, 0, 0, 0
13101, 5.976, 5.976, 57.1237, 56.7555, 12.5944, 12.6014, 0.154107, 0, 4.57, 0, 0, 0
13111, 5.976, 5.976, 57.2499, 56.8818, 12.6225, 12.6225, 0.154107, 0, 4.58, 0, 0, 0
13120, 5.976, 5.976, 57.3761, 57.008, 12.9731, 12.2648, 0.154107, 0, 4.59, 0, 0, 0
13130, 5.976, 5.976, 57.5024, 57.1307, 12.2859, 12.6365, 0.154107, 0, 4.6, 0, 0, 0
13140, 5.976, 5.976, 57.6286, 57.2569, 12.6155, 12.6049, 0.154107, 0, 4.61, 0, 0, 0
13151, 5.976, 5.976, 57.7548, 57.3832, 12.6225, 12.2859, 0.154107, 0, 4.62, 0, 0, 0
13160, 5.976, 5.976, 57.881, 57.5059, 12.6225, 12.612, 0.154107, 0, 4.63, 0, 0, 0
13170, 5.976, 5.976, 58.0073, 57.6321, 12.612, 12.6155, 0.154939, 0, 4.64, 0, 0, 0
13180, 5.976, 5.976, 58.1335, 57.7583, 12.6225, 12.2754, 0.154107, 0, 4.65, 0, 0, 0
13191, 5.976, 5.976, 58.2597, 57.881, 12.6295, 12.6155, 0.154939, 0, 4.66, 0, 0, 0
13201, 5.976, 5.976, 58.3859, 58.0073, 12.6155, 12.6155, 0.154939, 0, 4.67, 0, 0, 0
13210, 5.976, 5.976, 58.5122, 58.1335, 12.626, 12.2859, 0.154107, 0, 4.68, 0, 0, 0
13220, 5.976, 5.976, 58.6384, 58.2562, 12.6225, 12.6225, 0.132948, 0, 4.69, 0, 0, 0
13231, 5.976, 5.976, 58.7646, 58.3824, 12.612, 12.2613, 0.154107, 0, 4.7, 0, 0, 0
13241, 5.976, 5.976, 58.8908, 58.5087, 12.612, 12.6155, 0.154107, 0, 4.71, 0, 0, 0
13250, 5.976, 5.976, 59.0171, 58.6314, 12.64, 12.626, 0.154107, 0, 4.72, 0, 0, 0
13260, 5.976, 5.976, 59.1398, 58.7576, 12.626, 12.2859, 0.154107, 0, 4.73, 0, 0, 0
13271, 5.976, 5.976, 59.2695, 58.8838, 12.612, 12.6155, 0.154107, 0, 4.74, 0, 0, 0
13281, 5.976, 5.976, 59.3922, 59.0065, 12.2648, 12.6014, 0.154107, 0, 4.75, 0, 0, 0
13290, 5.976, 5.976, 59.5185, 59.1328, 12.9661, 12.6225, 0.154107, 0, 4.76, 0, 0, 0
13300, 5.976, 5.976, 59.6447, 59.259, 12.2859, 12.2789, 0.154107, 0, 4.77, 0, 0, 0
13310, 5.976, 5.976, 59.7709, 59.3817, 12.6365, 12.6225, 0.154107, 0, 4.78, 0, 0, 0
13321, 5.976, 5.976, 59.8971, 59.5079, 12.6049, 12.612, 0.154939, 0, 4.79, 0, 0, 0
13331, 5.976, 5.976, 60.0234, 59.6342, 12.6365, 12.2894, 0.154939, 0, 4.8, 0, 0, 0
13340, 5.976, 5.976, 60.1496, 59.7569, 12.6155, 12.6225, 0.154107, 0, 4.81, 0, 0, 0
13350, 5.976, 5.976, 60.2758, 59.8831, 12.6155, 12.626, 0.133552, 0, 4.82, 0, 0, 0
13361, 5.976, 5.976, 60.402, 60.0093, 12.612, 12.2648, 0.154107, 0, 4.83, 0, 0, 0
13371, 5.976, 5.976, 60.5283, 60.1356, 12.6225, 12.6225, 0.154107, 0, 4.84, 0, 0, 0
13380, 5.976, 5.976, 60.651, 60.2583, 12.2859, 12.6225, 0.154107, 0, 4.85, 0, 0, 0
13390, 5.976, 5.976, 60.7772, 60.3845, 12.612, 12.612, 0.154107, 0, 4.86, 0, 0, 0
13401, 5.976, 5.976, 60.9034, 60.5107, 12.6225, 12.2859, 0.154107, 0, 4.87, 0, 0, 0
13411, 5.976, 5.976, 61.0296, 60.6369, 12.612, 12.612, 0.154107, 0, 4.88, 0, 0, 0
13420, 5.976, 5.976, 61.1559, 60.7597, 12.6225, 12.6155, 0.154107, 0, 4.89, 0, 0, 0
13430, 5.976, 5.976, 61.2821, 60.8859, 12.6225, 12.2754, 0.154107, 0, 4.9, 0, 0, 0
13441, 5.976, 5.976, 61.4083, 61.0086, 12.6225, 12.6225, 0.154107, 0, 4.91, 0, 0, 0
13451, 5.976, 5.976, 61.5345, 61.1348, 12.6225, 12.612, 0.154107, 0, 4.92, 0, 0, 0
13460, 5.976, 5.976, 61.6573, 61.2611, 12.2894, 12.6155, 0.154107, 0, 4.93, 0, 0, 0
13470, 5.976, 5.976, 61.7835, 61.3873, 12.9661, 12.2964, 0.154107, 0, 4.94, 0, 0, 0
13480, 5.976, 5.976, 61.9097, 61.51, 12.2648, 12.6155, 0.157496, 0, 4.95, 0, 0, 0
13491, 5.976, 5.976, 62.0359, 61.6362, 12.6155, 12.6049, 0.13235, 0, 4.96, 0, 0, 0
13501, 5.976, 5.976, 62.1622, 61.7625, 12.626, 12.2648, 0.154107, 0, 4.97, 0, 0, 0
13510, 5.976, 5.976, 62.2884, 61.8852, 12.626, 12.6365, 0.154107, 0, 4.98, 0, 0, 0
13520, 5.976, 5.976, 62.4146, 62.0114, 12.626, 12.612, 0.154107, 0, 4.99, 0, 0, 0
13531, 5.976, 5.976, 62.5408, 62.1376, 12.626, 12.3034, 0.154107, 0, 5, 0, 0, 0
13541, 5.976, 5.976, 62.6671, 62.2603, 12.6049, 12.6049, 0.154107, 0, 5.01, 0, 0, 0
13550, 5.976, 5.976, 62.7933, 62.3866, 12.626, 12.6225, 0.154107, 0, 5.02, 0, 0, 0
13560, 5.976, 5.976, 62.9195, 62.5128, 12.6155, 12.2648, 0.154107, 0, 5.03, 0, 0, 0
13571, 5.976, 5.976, 63.0457, 62.6355, 12.6225, 12.626, 0.154107, 0, 5.04, 0, 0, 0
13581, 5.976, 5.976, 63.172, 62.7617, 12.6225, 12.612, 0.154107, 0, 5.05, 0, 0, 0
13590, 5.976, 5.976, 63.2947, 62.888, 12.6295, 12.2859, 0.154939, 0, 5.06, 0, 0, 0
13600, 5.976, 5.976, 63.4209, 63.0142, 12.6225, 12.626, 0.154107, 0, 5.07, 0, 0, 0
13611, 5.976, 5.976, 63.5471, 63.1369, 12.2754, 12.6225, 0.154939, 0, 5.08, 0, 0, 0
13621, 5.976, 5.976, 63.6734, 63.2631, 12.945, 12.6014, 0.133552, 0, 5.09, 0, 0, 0
13630, 5.976, 5.976, 63.7996, 63.3893, 12.2789, 12.2718, 0.154107, 0, 5.1, 0, 0, 0
13640, 5.976, 5.976, 63.9258, 63.5121, 12.612, 12.6155, 0.154107, 0, 5.11, 0, 0, 0
13650, 5.976, 5.976, 64.052, 63.6383, 12.6365, 12.626, 0.154107, 0, 5.12, 0, 0, 0
13661, 5.976, 5.976, 64.1783, 63.7645, 12.6225, 12.2859, 0.154107, 0, 5.13, 0, 0, 0
13671, 5.976, 5.976, 64.3045, 63.8907, 12.6155, 12.6049, 0.154107, 0, 5.14, 0, 0, 0
13680, 5.976, 5.976, 64.4307, 64.0135, 12.626, 12.6365, 0.154107, 0, 5.15, 0, 0, 0
13690, 5.976, 5.976, 64.5569, 64.1397, 12.6049, 12.2508, 0.154107, 0, 5.16, 0, 0, 0
13701, 5.976, 5.976, 64.6832, 64.2624, 12.6295, 12.6225, 0.154107, 0, 5.17, 0, 0, 0
13711, 5.976, 5.976, 64.8094, 64.3886, 12.6155, 12.2789, 0.154107, 0, 5.18, 0, 0, 0
13720, 5.976, 5.976, 64.9356, 64.5148, 12.626, 12.626, 0.154107, 0, 5.19, 0, 0, 0
13730, 5.976, 5.976, 65.0618, 64.6376, 12.612, 12.6049, 0.154107, 0, 5.2, 0, 0, 0
13741, 5.976, 5.976, 65.188, 64.7638, 12.6225, 12.626, 0.154107, 0, 5.21, 0, 0, 0
13751, 5.976, 5.976, 65.3143, 64.89, 12.6155, 12.2648, 0.154939, 0, 5.22, 0, 0, 0
13760, 5.976, 5.976, 65.437, 65.0127, 12.626, 12.6155, 0.154107, 0, 5.23, 0, 0, 0
13770, 5.976, 5.976, 65.5667, 65.139, 12.6295, 12.626, 0.132948, 0, 5.24, 0, 0, 0
13780, 5.976, 5.976, 65.6894, 65.2652, 12.6225, 12.2859, 0.154107, 0, 5.25, 0, 0, 0
13791, 5.976, 5.976, 65.8157, 65.3879, 12.6155, 12.6155, 0.154107, 0, 5.26, 0, 0, 0
13801, 5.976, 5.976, 65.9419, 65.5141, 12.2789, 12.6049, 0.154107, 0, 5.27, 0, 0, 0
13810, 5.976, 5.976, 66.0681, 65.6404, 12.6155, 12.2754, 0.154107, 0, 5.28, 0, 0, 0
13820, 5.976, 5.976, 66.1943, 65.7631, 12.6225, 12.626, 0.154107, 0, 5.29, 0, 0, 0
13831, 5.976, 5.976, 66.3206, 65.8893, 12.6295, 12.626, 0.154107, 0, 5.3, 0, 0, 0
13841, 5.976, 5.976, 66.4468, 66.0155, 12.6155, 12.2648, 0.154107, 0, 5.31, 0, 0, 0
13850, 5.976, 5.976, 66.573, 66.1417, 12.6295, 12.647, 0.154107, 0, 5.32, 0, 0, 0
13860, 5.976, 5.976, 66.6957, 66.2645, 12.6225, 12.6225, 0.154107, 0, 5.33, 0, 0, 0
13871, 5.976, 5.976, 66.8255, 66.3907, 12.6049, 12.6014, 0.154107, 0, 5.34, 0, 0, 0
13881, 5.976, 5.976, 66.9482, 66.5169, 12.2718, 12.2754, 0.154939, 0, 5.35, 0, 0, 0
13890, 5.976, 5.976, 67.0744, 66.6431, 12.9556, 12.6049, 0.154107, 0, 5.36, 0, 0, 0
13900, 5.976, 5.976, 67.2006, 66.7659, 12.2859, 12.6225, 0.133552, 0, 5.37, 0, 0, 0
13911, 5.976, 5.976, 67.3269, 66.8921, 12.6225, 12.626, 0.133552, 0, 5.38, 0, 0, 0
13921, 5.976, 5.976, 67.4531, 67.0183, 12.612, 12.2718, 0.154107, 0, 5.39, 0, 0, 0
13930, 5.976, 5.976, 67.5793, 67.1445, 12.6365, 12.626, 0.154107, 0, 5.4, 0, 0, 0
13940, 5.976, 5.976, 67.702, 67.2673, 12.2508, 12.612, 0.154107, 0, 5.41, 0, 0, 0
13950, 5.976, 5.976, 67.8282, 67.3935, 12.9766, 12.2718, 0.154107, 0, 5.42, 0, 0, 0
13961, 5.976, 5.976, 67.9545, 67.5162, 12.2718, 12.612, 0.154107, 0, 5.43, 0, 0, 0
13971, 5.976, 5.976, 68.0807, 67.6424, 12.64, 12.6225, 0.154107, 0, 5.44, 0, 0, 0
13980, 5.976, 5.976, 68.2069, 67.7686, 12.6225, 12.2894, 0.154107, 0, 5.45, 0, 0, 0
13990, 5.976, 5.976, 68.3331, 67.8914, 12.626, 12.6365, 0.154107, 0, 5.46, 0, 0, 0
14001, 5.976, 5.976, 68.4594, 68.0176, 12.6155, 12.6155, 0.154107, 0, 5.47, 0, 0, 0
14011, 5.976, 5.976, 68.5856, 68.1438, 12.6049, 12.6049, 0.154939, 0, 5.48, 0, 0, 0
14020, 5.976, 5.976, 68.7118, 68.27, 12.626, 12.2754, 0.154107, 0, 5.49, 0, 0, 0
14030, 5.976, 5.976, 68.838, 68.3928, 12.626, 12.626, 0.154107, 0, 5.5, 0, 0, 0
14041, 5.976, 5.976, 68.9643, 68.519, 12.626, 12.6155, 0.133552, 0, 5.51, 0, 0, 0
14051, 5.976, 5.976, 69.0905, 68.6452, 12.6155, 12.2789, 0.154107, 0, 5.52, 0, 0, 0
14060, 5.976, 5.976, 69.2167, 68.7679, 12.6295, 12.626, 0.154939, 0, 5.53, 0, 0, 0
14070, 5.976, 5.976, 69.3394, 68.8941, 12.6049, 12.6049, 0.154107, 0, 5.54, 0, 0, 0
14081, 5.976, 5.976, 69.4692, 69.0204, 12.6225, 12.2754, 0.154107, 0, 5.55, 0, 0, 0
14091, 5.976, 5.976, 69.5919, 69.1431, 12.2789, 12.6155, 0.154107, 0, 5.56, 0, 0, 0
14100, 5.976, 5.976, 69.7181, 69.2693, 12.9766, 12.6155, 0.154107, 0, 5.57, 0, 0, 0
14110, 5.976, 5.976, 69.8443, 69.3955, 12.2718, 12.2894, 0.154107, 0, 5.58, 0, 0, 0
14120, 5.976, 5.976, 69.9706, 69.5218, 12.6049, 12.612, 0.154107, 0, 5.59, 0, 0, 0
14131, 5.976, 5.976, 70.0968, 69.6445, 12.6295, 12.626, 0.154107, 0, 5.6, 0, 0, 0
14141, 5.976, 5.976, 70.223, 69.7707, 12.6014, 12.5944, 0.154939, 0, 5.61, 0, 0, 0
14150, 5.976, 5.976, 70.3492, 69.8969, 12.6155, 12.2754, 0.154107, 0, 5.62, 0, 0, 0
14160, 5.976, 5.976, 70.4755, 70.0196, 12.6365, 12.6225, 0.154107, 0, 5.63, 0, 0, 0
14171, 5.976, 5.976, 70.6017, 70.1459, 12.626, 12.2894, 0.154939, 0, 5.64, 0, 0, 0
14181, 5.976, 5.976, 70.7279, 70.2686, 12.6049, 12.6049, 0.154107, 0, 5.65, 0, 0, 0
14190, 5.976, 5.976, 70.8541, 70.3948, 12.6225, 12.6155, 0.134162, 0, 5.66, 0, 0, 0
14200, 5.976, 5.976, 70.9804, 70.521, 12.6225, 12.2718, 0.154107, 0, 5.67, 0, 0, 0
14211, 5.976, 5.976, 71.1066, 70.6438, 12.6365, 12.626, 0.154107, 0, 5.68, 0, 0, 0
14221, 5.976, 5.976, 71.2328, 70.77, 12.612, 12.612, 0.154107, 0, 5.69, 0, 0, 0
14230, 5.976, 5.976, 71.359, 70.8962, 12.6295, 12.2964, 0.154107, 0, 5.7, 0, 0, 0
14240, 5.976, 5.976, 71.4853, 71.0189, 12.6225, 12.6155, 0.154107, 0, 5.71, 0, 0, 0
14251, 5.976, 5.976, 71.6115, 71.1451, 12.6049, 12.6049, 0.154107, 0, 5.72, 0, 0, 0
14261, 5.976, 5.976, 71.7377, 71.2714, 12.612, 12.2613, 0.154107, 0, 5.73, 0, 0, 0
14271, 5.976, 5.976, 71.8639, 71.3976, 12.6295, 12.626, 0.154107, 0, 5.74, 0, 0, 0
14280, 5.976, 5.976, 71.9866, 71.5203, 12.6365, 12.6295, 0.154107, 0, 5.75, 0, 0, 0
14290, 5.976, 5.976, 72.1164, 71.6465, 12.6225, 12.626, 0.154107, 0, 5.76, 0, 0, 0
14301, 5.976, 5.976, 72.2391, 71.7728, 12.612, 12.2648, 0.154939, 0, 5.77, 0, 0, 0
14311, 5.976, 5.976, 72.3653, 71.8955, 12.2894, 12.6225, 0.154107, 0, 5.78, 0, 0, 0
14320, 5.976, 5.976, 72.4915, 72.0217, 12.5909, 12.6155, 0.154107, 0, 5.79, 0, 0, 0
14330, 5.976, 5.976, 72.6178, 72.1479, 12.6365, 12.2718, 0.154107, 0, 5.8, 0, 0, 0
14341, 5.976, 5.976, 72.744, 72.2707, 12.626, 12.626, 0.154107, 0, 5.81, 0, 0, 0
14351, 5.976, 5.976, 72.8702, 72.3969, 12.6155, 12.6049, 0.154107, 0, 5.82, 0, 0, 0
14360, 5.976, 5.976, 72.9965, 72.5231, 12.6295, 12.2789, 0.154107, 0, 5.83, 0, 0, 0
14370, 5.976, 5.976, 73.1227, 72.6493, 12.6295, 12.6505, 0.154107, 0, 5.84, 0, 0, 0
14381, 5.976, 5.976, 73.2489, 72.772, 12.6155, 12.6155, 0.154107, 0, 5.85, 0, 0, 0
14391, 5.976, 5.976, 73.3751, 72.8983, 12.5944, 12.6014, 0.154107, 0, 5.86, 0, 0, 0
14400, 5.976, 5.976, 73.5014, 73.0245, 12.6295, 12.2718, 0.154107, 0, 5.87, 0, 0, 0
14410, 5.976, 5.976, 73.6241, 73.1507, 12.6225, 12.6295, 0.154107, 0, 5.88, 0, 0, 0
14420, 5.976, 5.976, 73.7503, 73.2734, 12.6049, 12.6049, 0.154107, 0, 5.89, 0, 0, 0
14431, 5.976, 5.976, 73.8765, 73.3997, 12.2964, 12.6295, 0.154939, 0, 5.9, 0, 0, 0
14441, 5.976, 5.976, 74.0027, 73.5259, 12.612, 12.2648, 0.154107, 0, 5.91, 0, 0, 0
14450, 5.976, 5.976, 74.129, 73.6521, 12.626, 12.6365, 0.154107, 0, 5.92, 0, 0, 0
14460, 5.976, 5.976, 74.2552, 73.7748, 12.6049, 12.6014, 0.132948, 0, 5.93, 0, 0, 0
14471, 5.976, 5.976, 74.3814, 73.9011, 12.6225, 12.2754, 0.154107, 0, 5.94, 0, 0, 0
14481, 5.976, 5.976, 74.5076, 74.0238, 12.626, 12.612, 0.154939, 0, 5.95, 0, 0, 0
14490, 5.976, 5.976, 74.6304, 74.15, 12.2754, 12.626, 0.154107, 0, 5.96, 0, 0, 0
14500, 5.976, 5.976, 74.7566, 74.2762, 12.9731, 12.2789, 0.154107, 0, 5.97, 0, 0, 0
14511, 5.976, 5.976, 74.8828, 74.4025, 12.2859, 12.626, 0.154107, 0, 5.98, 0, 0, 0
14521, 5.976, 5.976, 75.009, 74.5252, 12.612, 12.612, 0.154107, 0, 5.99, 0, 0, 0
14530, 5.976, 5.976, 75.1353, 74.6514, 12.6155, 12.6155, 0.154107, 0, 6, 0, 0, 0
14540, 5.976, 5.976, 75.2615, 74.7776, 12.6225, 12.2718, 0.154107, 0, 6.01, 0, 0, 0
14551, 5.976, 5.976, 75.3877, 74.9038, 12.6225, 12.6225, 0.154107, 0, 6.02, 0, 0, 0
14561, 5.976, 5.976, 75.5139, 75.0266, 12.626, 12.612, 0.154939, 0, 6.03, 0, 0, 0
14570, 5.976, 5.976, 75.6402, 75.1528, 12.6365, 12.2894, 0.154939, 0, 6.04, 0, 0, 0
14580, 5.976, 5.976, 75.7664, 75.279, 12.6225, 12.6295, 0.154107, 0, 6.05, 0, 0, 0
14590, 5.976, 5.976, 75.8926, 75.4017, 12.612, 12.612, 0.133552, 0, 6.06, 0, 0, 0
14601, 5.976, 5.976, 76.0188, 75.528, 12.6049, 12.6155, 0.154107, 0, 6.07, 0, 0, 0
14611, 5.976, 5.976, 76.1451, 75.6542, 12.626, 12.2613, 0.154107, 0, 6.08, 0, 0, 0
14620, 5.976, 5.976, 76.2713, 75.7769, 12.6295, 12.626, 0.154107, 0, 6.09, 0, 0, 0
14630, 5.976, 5.976, 76.3975, 75.9031, 12.6295, 12.64, 0.154107, 0, 6.1, 0, 0, 0
14641, 5.976, 5.976, 76.5237, 76.0294, 12.6155, 12.2648, 0.154107, 0, 6.11, 0, 0, 0
14651, 5.976, 5.976, 76.65, 76.1521, 12.612, 12.6225, 0.154107, 0, 6.12, 0, 0, 0
14660, 5.976, 5.976, 76.7762, 76.2783, 12.6295, 12.6155, 0.154107, 0, 6.13, 0, 0, 0
14670, 5.976, 5.976, 76.9024, 76.4045, 12.6049, 12.6225, 0.154107, 0, 6.14, 0, 0, 0
14681, 5.976, 5.976, 77.0286, 76.5307, 12.6225, 12.2754, 0.154107, 0, 6.15, 0, 0, 0
14691, 5.976, 5.976, 77.1549, 76.657, 12.6155, 12.6155, 0.154107, 0, 6.16, 0, 0, 0
14700, 5.976, 5.976, 77.2811, 76.7797, 12.6365, 12.6225, 0.154939, 0, 6.17, 0, 0, 0
14710, 5.976, 5.976, 77.4073, 76.9059, 12.626, 12.2859, 0.154107, 0, 6.18, 0, 0, 0
14721, 5.976, 5.976, 77.5335, 77.0321, 12.6225, 12.626, 0.154939, 0, 6.19, 0, 0, 0
14731, 5.976, 5.976, 77.6598, 77.1549, 12.5944, 12.5944, 0.154107, 0, 6.2, 0, 0, 0
14740, 5.976, 5.976, 77.786, 77.2811, 12.6295, 12.2718, 0.154107, 0, 6.21, 0, 0, 0
14750, 5.976, 5.976, 77.9122, 77.4038, 12.6295, 12.626, 0.155781, 0, 6.22, 0, 0, 0
14760, 5.976, 5.976, 78.0384, 77.53, 12.626, 12.626, 0.154107, 0, 6.23, 0, 0, 0
14771, 5.976, 5.976, 78.1611, 77.6562, 12.612, 12.2754, 0.154107, 0, 6.24, 0, 0, 0
14781, 5.976, 5.976, 78.2874, 77.779, 12.6295, 12.6225, 0.154107, 0, 6.25, 0, 0, 0
14790, 5.976, 5.976, 78.4136, 77.9052, 12.6049, 12.612, 0.154107, 0, 6.26, 0, 0, 0
14800, 5.976, 5.976, 78.5398, 78.0314, 12.2754, 12.2789, 0.154107, 0, 6.27, 0, 0, 0
14811, 5.976, 5.976, 78.666, 78.1576, 12.6049, 12.6014, 0.154107, 0, 6.28, 0, 0, 0
14821, 5.976, 5.976, 78.7923, 78.2804, 12.64, 12.6295, 0.154107, 0, 6.29, 0, 0, 0
14830, 5.976, 5.976, 78.9185, 78.4066, 12.612, 12.612, 0.154939, 0, 6.3, 0, 0, 0
14840, 5.976, 5.976, 79.0447, 78.5328, 12.626, 12.2894, 0.154107, 0, 6.31, 0, 0, 0
14851, 5.976, 5.976, 79.1709, 78.659, 12.6155, 12.6155, 0.154939, 0, 6.32, 0, 0, 0
14861, 5.976, 5.976, 79.2972, 78.7817, 12.6014, 12.5944, 0.154939, 0, 6.33, 0, 0, 0
14870, 5.976, 5.976, 79.4234, 78.908, 12.626, 12.6225, 0.154107, 0, 6.34, 0, 0, 0
14880, 5.976, 5.976, 79.5496, 79.0342, 12.626, 12.2789, 0.133552, 0, 6.35, 0, 0, 0
14891, 5.976, 5.976, 79.6758, 79.1569, 12.6295, 12.6225, 0.154107, 0, 6.36, 0, 0, 0
14901, 5.976, 5.976, 79.7986, 79.2831, 12.612, 12.612, 0.154107, 0, 6.37, 0, 0, 0
14910, 5.976, 5.976, 79.9283, 79.4094, 12.6365, 12.2894, 0.154107, 0, 6.38, 0, 0, 0
14920, 5.976, 5.976, 80.051, 79.5356, 12.6155, 12.6225, 0.154107, 0, 6.39, 0, 0, 0
14930, 5.976, 5.976, 80.1772, 79.6583, 12.6225, 12.626, 0.154107, 0, 6.4, 0, 0, 0
14941, 5.976, 5.976, 80.3035, 79.7845, 12.2648, 12.5944, 0.154107, 0, 6.41, 0, 0, 0
14951, 5.976, 5.976, 80.4297, 79.9108, 12.6295, 12.2789, 0.154107, 0, 6.42, 0, 0, 0
14960, 5.976, 5.976, 80.5559, 80.037, 12.6155, 12.6225, 0.154107, 0, 6.43, 0, 0, 0
14970, 5.976, 5.976, 80.6821, 80.1597, 12.6365, 12.6365, 0.154107, 0, 6.44, 0, 0, 0
14981, 5.976, 5.976, 80.8084, 80.2859, 12.6225, 12.612, 0.154939, 0, 6.45, 0, 0, 0
14991, 5.976, 5.976, 80.9346, 80.4121, 12.612, 12.2789, 0.154939, 0, 6.46, 0, 0, 0
15000, 5.976, 5.976, 81.0608, 80.5384, 12.6295, 12.6295, 0.154107, 0, 6.47, 0, 0, 0
15010, 5.976, 5.976, 81.187, 80.6611, 12.6049, 12.612, 0.133552, 0, 6.48, 0, 0, 0
15021, 5.976, 5.976, 81.3097, 80.7873, 12.626, 12.2754, 0.154107, 0, 6.49, 0, 0, 0
15031, 5.976, 5.976, 81.436, 80.9135, 12.612, 12.612, 0.154107, 0, 6.5, 0, 0, 0
15040, 5.976, 5.976, 81.5622, 81.0363, 12.64, 12.6225, 0.154107, 0, 6.51, 0, 0, 0
15050, 5.976, 5.976, 81.6884, 81.1625, 12.626, 12.2894, 0.154107, 0, 6.52, 0, 0, 0
15060, 5.976, 5.976, 81.8146, 81.2887, 12.6155, 12.6155, 0.154107, 0, 6.53, 0, 0, 0
15071, 5.976, 5.976, 81.9409, 81.4149, 12.2648, 12.6155, 0.154107, 0, 6.54, 0, 0, 0
15080, 5.976, 5.976, 82.0671, 81.5377, 12.9626, 12.6049, 0.154107, 0, 6.55, 0, 0, 0
15090, 5.976, 5.976, 82.1933, 81.6639, 12.2718, 12.626, 0.154939, 0, 6.56, 0, 0, 0
15100, 5.976, 5.976, 82.3195, 81.7901, 12.612, 12.2613, 0.154107, 0, 6.57, 0, 0, 0
15111, 5.976, 5.976, 82.4458, 81.9128, 12.6295, 12.6225, 0.154107, 0, 6.58, 0, 0, 0
15121, 5.976, 5.976, 82.572, 82.039, 12.6155, 12.6155, 0.154939, 0, 6.59, 0, 0, 0
15130, 5.976, 5.976, 82.6982, 82.1653, 12.626, 12.2894, 0.154107, 0, 6.6, 0, 0, 0
15140, 5.976, 5.976, 82.8244, 82.288, 12.612, 12.6049, 0.154939, 0, 6.61, 0, 0, 0
15151, 5.976, 5.976, 82.9507, 82.4142, 12.6225, 12.6225, 0.132948, 0, 6.62, 0, 0, 0
15161, 5.976, 5.976, 83.0769, 82.5404, 12.612, 12.2648, 0.154107, 0, 6.63, 0, 0, 0
15170, 5.976, 5.976, 83.2031, 82.6632, 12.64, 12.626, 0.154939, 0, 6.64, 0, 0, 0
15180, 5.976, 5.976, 83.3293, 82.7894, 12.626, 12.626, 0.154107, 0, 6.65, 0, 0, 0
15191, 5.976, 5.976, 83.4556, 82.9156, 12.6225, 12.2859, 0.154107, 0, 6.66, 0, 0, 0
15201, 5.976, 5.976, 83.5818, 83.0418, 12.6049, 12.6049, 0.154107, 0, 6.67, 0, 0, 0
15210, 5.976, 5.976, 83.708, 83.1646, 12.626, 12.6155, 0.154107, 0, 6.68, 0, 0, 0
15220, 5.976, 5.976, 83.8342, 83.2908, 12.6225, 12.2789, 0.154107, 0, 6.69, 0, 0, 0
15230, 5.976, 5.976, 83.9605, 83.4135, 12.6155, 12.612, 0.154107, 0, 6.7, 0, 0, 0
15241, 5.976, 5.976, 84.0867, 83.5397, 12.6225, 12.6155, 0.154107, 0, 6.71, 0, 0, 0
15251, 5.976, 5.976, 84.2129, 83.6659, 12.6295, 12.2789, 0.154939, 0, 6.72, 0, 0, 0
15260, 5.976, 5.976, 84.3356, 83.7887, 12.626, 12.6295, 0.154107, 0, 6.73, 0, 0, 0
15270, 5.976, 5.976, 84.4619, 83.9149, 12.6049, 12.6049, 0.154939, 0, 6.74, 0, 0, 0
15281, 5.976, 5.976, 84.5916, 84.0411, 12.6155, 12.2718, 0.133552, 0, 6.75, 0, 0, 0
15291, 5.976, 5.976, 84.7143, 84.1638, 12.6225, 12.6225, 0.154107, 0, 6.76, 0, 0, 0
15300, 5.976, 5.976, 84.8405, 84.2901, 12.6365, 12.6225, 0.154939, 0, 6.77, 0, 0, 0
15310, 5.976, 5.976, 84.9668, 84.4163, 12.6225, 12.2859, 0.154107, 0, 6.78, 0, 0, 0
15321, 5.976, 5.976, 85.093, 84.5425, 12.6225, 12.6225, 0.154107, 0, 6.79, 0, 0, 0
15331, 5.976, 5.976, 85.2192, 84.6652, 12.2789, 12.6155, 0.154107, 0, 6.8, 0, 0, 0
15340, 5.976, 5.976, 85.3454, 84.7914, 12.612, 12.612, 0.154107, 0, 6.81, 0, 0, 0
15350, 5.976, 5.976, 85.4717, 84.9177, 12.6225, 12.2718, 0.154107, 0, 6.82, 0, 0, 0
15361, 5.976, 5.976, 85.5979, 85.0404, 12.6225, 12.6225, 0.154107, 0, 6.83, 0, 0, 0
15371, 5.976, 5.976, 85.7241, 85.1666, 12.626, 12.612, 0.154107, 0, 6.84, 0, 0, 0
15380, 5.976, 5.976, 85.8503, 85.2928, 12.6295, 12.2894, 0.154107, 0, 6.85, 0, 0, 0
15390, 5.976, 5.976, 85.9766, 85.4191, 12.6225, 12.6295, 0.154107, 0, 6.86, 0, 0, 0
15400, 5.976, 5.976, 86.1028, 85.5418, 12.6155, 12.6225, 0.154107, 0, 6.87, 0, 0, 0
15411, 5.976, 5.976, 86.229, 85.668, 12.6014, 12.5909, 0.154939, 0, 6.88, 0, 0, 0
15421, 5.976, 5.976, 86.3552, 85.7942, 12.6365, 12.2894, 0.154107, 0, 6.89, 0, 0, 0
15430, 5.976, 5.976, 86.4815, 85.9169, 12.6295, 12.626, 0.133552, 0, 6.9, 0, 0, 0
15440, 5.976, 5.976, 86.6077, 86.0432, 12.6225, 12.6225, 0.154107, 0, 6.91, 0, 0, 0
15451, 5.976, 5.976, 86.7339, 86.1694, 12.6225, 12.2789, 0.154107, 0, 6.92, 0, 0, 0
15461, 5.976, 5.976, 86.8566, 86.2956, 12.2648, 12.6225, 0.154107, 0, 6.93, 0, 0, 0
15470, 5.976, 5.976, 86.9828, 86.4219, 12.9626, 12.612, 0.154107, 0, 6.94, 0, 0, 0
15480, 5.976, 5.976, 87.1091, 86.5446, 12.2859, 12.6295, 0.154107, 0, 6.95, 0, 0, 0
15491, 5.976, 5.976, 87.2353, 86.6708, 12.5944, 12.2508, 0.154107, 0, 6.96, 0, 0, 0
15501, 5.976, 5.976, 87.3615, 86.797, 12.612, 12.612, 0.154107, 0, 6.97, 0, 0, 0
15511, 5.976, 5.976, 87.4877, 86.9197, 12.64, 12.6155, 0.154939, 0, 6.98, 0, 0, 0
15520, 5.976, 5.976, 87.614, 87.046, 12.626, 12.2999, 0.154107, 0, 0, 0, 0, 0
15531, 0, 0, 87.7402, 87.1687, 12.6575, 12.6505, 0.154107, 0, 0, 0, 0, 0
15541, 0, 0, 87.8208, 87.2493, 8.06436, 8.05734, 0.154939, 0, 0, 0, 0, 0
15550, 0, 0, 87.8524, 87.2844, 3.50624, 3.15912, 0.154107, 0, 0, 0, 0, 0
15560, 0, 0, 87.8664, 87.2949, 1.05187, 1.05187, 0.133552, 0, 0, 0, 0, 0
15570, 0, 0, 87.8699, 87.2984, 0.347118, 0.697742, 0.154107, 0, 0, 0, 0, 0
15581, 0, 0, 87.8734, 87.3019, 0.347118, 0, 0.154107, 0, 0, 0, 0, 0
15590, 0, 0, 87.8734, 87.3019, 0, 0, 0.154107, 0, 0, 0, 0, 0
15600, 0, 0, 87.8734, 87.3019, 0, 0, 0.154107, 0, 0, 0, 0, 0
15610, 0, 0, 87.8734, 87.3019, 0, 0, 0.154107, 0, 0, 0, 0, 0
15621, 0, 0, 87.8734, 87.3019, 0, 0, 0.154107, 0, 0, 0, 0, 0
15630, 0, 0, 87.8734, 87.3019, 0, 0, 0.154107, 0, 0, 0, 0, 0
15640, 0, 0, 87.8734, 87.3019, 0, 0, 0.154939, 0, 0, 0, 0, 0
15650, 0, 0, 87.8734, 87.3019, 0, 0, 0.154107, 0, 0, 0, 0, 0
15661, 0, 0, 87.8734, 87.3019, 0, 0, 0.154107, 0, 0, 0, 0, 0
15670, 0, 0, 87.8734, 87.3019, 0, 0, 0.154939, 0, 0, 0, 0, 0
15680, 0, 0, 87.8734, 87.3019, 0, 0, 0.154107, 0, 0, 0, 0, 0
15690, 0, 0, 87.8734, 87.3019, 0, 0, 0.154107, 0, 0, 0, 0, 0
15700, 0, 0, 87.8734, 87.3019, 0, 0, 0.154107, 0, 0, 0, 0, 0
15710, 0, 0, 87.8734, 87.3019, 0, 0, 0.154107, 0, 0, 0, 0, 0
15720, 0, 0, 87.8734, 87.3019, 0, 0, 0.154107, 0, 0, 0, 0, 0
15730, 0, 0, 87.8734, 87.3019, 0, 0, 0.154107, 0, 0, 0, 0, 0
15740, 0, 0, 87.8734, 87.3019, 0, 0, 0.154107, 0, 0, 0, 0, 0
15751, 0, 0, 87.8734, 87.3019, 0, 0, 0.154107, 0, 0, 0, 0, 0
15760, 0, 0, 87.8734, 87.3019, 0, 0, 0.154107, 0, 0, 0, 0, 0
15770, 0, 0, 87.8734, 87.3019, 0, 0, 0.154107, 0, 0, 0, 0, 0
15780, 0, 0, 87.8734, 87.3019, 0, 0, 0.154107, 0, 0, 0, 0, 0
15791, 0, 0, 87.8734, 87.3019, 0, 0, 0.154107, 0, 0, 0, 0, 0
15800, 0, 0, 87.8734, 87.3019, 0, 0, 0.154939, 0, 0, 0, 0, 0
15810, 0, 0, 87.8734, 87.3019, 0, 0, 0.154107, 0, 0, 0, 0, 0
15820, 0, 0, 87.8734, 87.3019, 0, 0, 0.154107, 0, 0, 0, 0, 0
15831, 0, 0, 87.8734, 87.3019, 0, 0, 0.132948, 0, 0, 0, 0, 0
15840, 0, 0, 87.8734, 87.3019, 0, 0, 0.154107, 0, 0, 0, 0, 0
15850, 0, 0, 87.8734, 87.3019, 0, 0, 0.154107, 0, 0, 0, 0, 0
15860, 0, 0, 87.8734, 87.3019, 0, 0, 0.154107, 0, 0, 0, 0, 0
15870, 0, 0, 87.8734, 87.3019, 0, 0, 0.154107, 0, 0, 0, 0, 0
15880, 0, 0, 87.8734, 87.3019, 0, 0, 0.154107, 0, 0, 0, 0, 0
15890, 0, 0, 87.8734, 87.3019, 0, 0, 0.154107, 0, 0, 0, 0, 0
15900, 0, 0, 87.8734, 87.3019, 0, 0, 0.154107, 0, 0, 0, 0, 0
15910, 0, 0, 87.8734, 87.3019, 0, 0, 0.154939, 0, 0, 0, 0, 0
15921, 0, 0, 87.8734, 87.3019, 0, 0, 0.154107, 0, 0, 0, 0, 0
15930, 0, 0, 87.8734, 87.3019, 0, 0, 0.154939, 0, 0, 0, 0, 0
15940, 0, 0, 87.8734, 87.3019, 0, 0, 0.154939, 0, 0, 0, 0, 0
15950, 0, 0, 87.8734, 87.3019, 0, 0, 0.154107, 0, 0, 0, 0, 0
15961, 0, 0, 87.8734, 87.3019, 0, 0, 0.133552, 0, 0, 0, 0, 0
15970, 0, 0, 87.8734, 87.3019, 0, 0, 0.154107, 0, 0, 0, 0, 0
15980, 0, 0, 87.8734, 87.3019, 0, 0, 0.154107, 0, 0, 0, 0, 0
15990, 0, 0, 87.8734, 87.3019, 0, 0, 0.154107, 0, 0, 0, 0, 0
16001, 0, 0, 87.8734, 87.3019, 0, 0, 0.154107, 0, 0, 0, 0, 0
16010, 0, 0, 87.8734, 87.3019, 0, 0, 0.154107, 0, 0, 0, 0, 0
16020, 0, 0, 87.8734, 87.3019, 0, 0, 0.154107, 0, 0, 0, 0, 0
16030, 0, 0, 87.8734, 87.3019, 0, 0, 0.154107, 0, 0, 0, 0, 0
16040, 0, 0, 87.8734, 87.3019, 0, 0, 0.154939, 0, 0, 0, 0, 0
16051, 0, 0, 87.8734, 87.3019, 0, 0, 0.154107, 0, 0, 0, 0, 0
16060, 0, 0, 87.8734, 87.3019, 0, 0, 0.154939, 0, 0, 0, 0, 0
16070, 0, 0, 87.8734, 87.3019, 0, 0, 0.154939, 0, 0, 0, 0, 0
16080, 0, 0, 87.8734, 87.3019, 0, 0, 0.154107, 0, 0, 0, 0, 0
16091, 0, 0, 87.8734, 87.3019, 0, 0, 0.155781, 0, 0, 0, 0, 0
16100, 0, 0, 87.8734, 87.3019, 0, 0, 0.154107, 0, 0, 0, 0, 0
16110, 0, 0, 87.8734, 87.3019, 0, 0, 0.154107, 0, 0, 0, 0, 0
16120, 0, 0, 87.8734, 87.3019, 0, 0, 0.154107, 0, 0, 0, 0, 0
16131, 0, 0, 87.8734, 87.3019, 0, 0, 0.154107, 0, 0, 0, 0, 0
16140, 0, 0, 87.8734, 87.3019, 0, 0, 0.154107, 0, 0, 0, 0, 0
16150, 0, 0, 87.8734, 87.3019, 0, 0, 0.154107, 0, 0, 0, 0, 0
16160, 0, 0, 87.8734, 87.3019, 0, 0, 0.154107, 0, 0, 0, 0, 0
16171, 0, 0, 87.8734, 87.3019, 0, 0, 0.154107, 0, 0, 0, 0, 0
16180, 0, 0, 87.8734, 87.3019, 0, 0, 0.154107, 0, 0, 0, 0, 0
16190, 0, 0, 87.8734, 87.3019, 0, 0, 0.154107, 0, 0, 0, 0, 0
16200, 0, 0, 87.8734, 87.3019, 0, 0, 0.154939, 0, 0, 0, 0, 0
16210, 0, 0, 87.8734, 87.3019, 0, 0, 0.154107, 0, 0, 0, 0, 0
16221, 0, 0, 87.8734, 87.3019, 0, 0, 0.154939, 0, 0, 0, 0, 0
16230, 0, 0, 87.8734, 87.3019, 0, 0, 0.133552, 0, 0, 0, 0, 0
16240, 0, 0, 87.8734, 87.3019, 0, 0, 0.154107, 0, 0, 0, 0, 0
16250, 0, 0, 87.8734, 87.3019, 0, 0, 0.154939, 0, 0, 0, 0, 0
16261, 0, 0, 87.8734, 87.3019, 0, 0, 0.154107, 0, 0, 0, 0, 0
16270, 0, 0, 87.8734, 87.3019, 0, 0, 0.154107, 0, 0, 0, 0, 0
16280, 0, 0, 87.8734, 87.3019, 0, 0, 0.154107, 0, 0, 0, 0, 0
16290, 0, 0, 87.8734, 87.3019, 0, 0, 0.154107, 0, 0, 0, 0, 0
16301, 0, 0, 87.8734, 87.3019, 0, 0, 0.154107, 0, 0, 0, 0, 0
16310, 0, 0, 87.8734, 87.3019, 0, 0, 0.154107, 0, 0, 0, 0, 0
16320, 0, 0, 87.8734, 87.3019, 0, 0, 0.154107, 0, 0, 0, 0, 0
16330, 0, 0, 87.8734, 87.3019, 0, 0, 0.154107, 0, 0, 0, 0, 0
16340, 0, 0, 87.8734, 87.3019, 0, 0, 0.154107, 0, 0, 0, 0, 0
16350, 0, 0, 87.8734, 87.3019, 0, 0, 0.154939, 0, 0, 0, 0, 0
16360, 0, 0, 87.8734, 87.3019, 0, 0, 0.154939, 0, 0, 0, 0, 0
16370, 0, 0, 87.8734, 87.3019, 0, 0, 0.154107, 0, 0, 0, 0, 0
16380, 0, 0, 87.8734, 87.3019, 0, 0, 0.133552, 0, 0, 0, 0, 0
16391, 0, 0, 87.8734, 87.3019, 0, 0, 0.154107, 0, 0, 0, 0, 0
16400, 0, 0, 87.8734, 87.3019, 0, 0, 0.154107, 0, 0, 0, 0, 0
16410, 0, 0, 87.8734, 87.3019, 0, 0, 0.154107, 0, 0, 0, 0, 0
16420, 0, 0, 87.8734, 87.3019, 0, 0, 0.154107, 0, 0, 0, 0, 0
16431, 0, 0, 87.8734, 87.3019, 0, 0, 0.154107, 0, 0, 0, 0, 0
16440, 0, 0, 87.8734, 87.3019, 0, 0, 0.154107, 0, 0, 0, 0, 0
16450, 0, 0, 87.8734, 87.3019, 0, 0, 0.154107, 0, 0, 0, 0, 0
16460, 0, 0, 87.8734, 87.3019, 0, 0, 0.154107, 0, 0, 0, 0, 0
16471, 0, 0, 87.8734, 87.3019, 0, 0, 0.154107, 0, 0, 0, 0, 0
16480, 0, 0, 87.8734, 87.3019, 0, 0, 0.154107, 0, 0, 0, 0, 0
16490, 0, 0, 87.8734, 87.3019, 0, 0, 0.154939, 0, 0, 0, 0, 0
16500, 0, 0, 87.8734, 87.3019, 0, 0, 0.154107, 0, 0, 0, 0, 0
16510, 0, 0, 87.8734, 87.3019, 0, 0, 0.133552, 0, 0, 0, 0, 0
16520, 0, 0, 87.8734, 87.3019, 0, 0, 0.133552, 0, 0, 0, 0, 0
16530, 0, 0, 87.8734, 87.3019, 0, 0, 0.154107, 0, 0, 0, 0, 0
16540, 0, 0, 87.8734, 87.3019, 0, 0, 0.154107, 0, 0, 0, 0, 0
16550, 0, 0, 87.8734, 87.3019, 0, 0, 0.154107, 0, 0, 0, 0, 0
16561, 0, 0, 87.8734, 87.3019, 0, 0, 0.154107, 0, 0, 0, 0, 0
16570, 0, 0, 87.8734, 87.3019, 0, 0, 0.154107, 0, 0, 0, 0, 0
16580, 0, 0, 87.8734, 87.3019, 0, 0, 0.154107, 0, 0, 0, 0, 0
16590, 0, 0, 87.8734, 87.3019, 0, 0, 0.154939, 0, 0, 0, 0, 0
16601, 0, 0, 87.8734, 87.3019, 0, 0, 0.154107, 0, 0, 0, 0, 0
16610, 0, 0, 87.8734, 87.3019, 0, 0, 0.154107, 0, 0, 0, 0, 0
16620, 0, 0, 87.8734, 87.3019, 0, 0, 0.154939, 0, 0, 0, 0, 0
16630, 0, 0, 87.8734, 87.3019, 0, 0, 0.154107, 0, 0, 0, 0, 0
16641, 0, 0, 87.8734, 87.3019, 0, 0, 0.154939, 0, 0, 0, 0, 0
16650, 0, 0, 87.8734, 87.3019, 0, 0, 0.133552, 0, 0, 0, 0, 0
16660, 0, 0, 87.8734, 87.3019, 0, 0, 0.154107, 0, 0, 0, 0, 0
16670, 0, 0, 87.8734, 87.3019, 0, 0, 0.154107, 0, 0, 0, 0, 0
16680, 0, 0, 87.8734, 87.3019, 0, 0, 0.154107, 0, 0, 0, 0, 0
16691, 0, 0, 87.8734, 87.3019, 0, 0, 0.154107, 0, 0, 0, 0, 0
16700, 0, 0, 87.8734, 87.3019, 0, 0, 0.154107, 0, 0, 0, 0, 0
16710, 0, 0, 87.8734, 87.3019, 0, 0, 0.154107, 0, 0, 0, 0, 0
16720, 0, 0, 87.8734, 87.3019, 0, 0, 0.154107, 0, 0, 0, 0, 0
16731, 0, 0, 87.8734, 87.3019, 0, 0, 0.154107, 0, 0, 0, 0, 0
16740, 0, 0, 87.8734, 87.3019, 0, 0, 0.154107, 0, 0, 0, 0, 0
16750, 0, 0, 87.8734, 87.3019, 0, 0, 0.154939, 0, 0, 0, 0, 0
16760, 0, 0, 87.8734, 87.3019, 0, 0, 0.154107, 0, 0, 0, 0, 0
16771, 0, 0, 87.8734, 87.3019, 0, 0, 0.154107, 0, 0, 0, 0, 0
16780, 0, 0, 87.8734, 87.3019, 0, 0, 0.154939, 0, 0, 0, 0, 0
16790, 0, 0, 87.8734, 87.3019, 0, 0, 0.154107, 0, 0, 0, 0, 0
16800, 0, 0, 87.8734, 87.3019, 0, 0, 0.132948, 0, 0, 0, 0, 0
16811, 0, 0, 87.8734, 87.3019, 0, 0, 0.154939, 0, 0, 0, 0, 0
16820, 0, 0, 87.8734, 87.3019, 0, 0, 0.154107, 0, 0, 0, 0, 0
16830, 0, 0, 87.8734, 87.3019, 0, 0, 0.154107, 0, 0, 0, 0, 0
16840, 0, 0, 87.8734, 87.3019, 0, 0, 0.154107, 0, 0, 0, 0, 0
16850, 0, 0, 87.8734, 87.3019, 0, 0, 0.154107, 0, 0, 0, 0, 0
16861, 0, 0, 87.8734, 87.3019, 0, 0, 0.154107, 0, 0, 0, 0, 0
16870, 0, 0, 87.8734, 87.3019, 0, 0, 0.154107, 0, 0, 0, 0, 0
16880, 0, 0, 87.8734, 87.3019, 0, 0, 0.154939, 0, 0, 0, 0, 0
16890, 0, 0, 87.8734, 87.3019, 0, 0, 0.154107, 0, 0, 0, 0, 0
16901, 0, 0, 87.8734, 87.3019, 0, 0, 0.154107, 0, 0, 0, 0, 0
16910, 0, 0, 87.8734, 87.3019, 0, 0, 0.154939, 0, 0, 0, 0, 0
16920, 0, 0, 87.8734, 87.3019, 0, 0, 0.154107, 0, 0, 0, 0, 0
16930, 0, 0, 87.8734, 87.3019, 0, 0, 0.133552, 0, 0, 0, 0, 0
16941, 0, 0, 87.8734, 87.3019, 0, 0, 0.154107, 0, 0, 0, 0, 0
16950, 0, 0, 87.8734, 87.3019, 0, 0, 0.154107, 0, 0, 0, 0, 0
16960, 0, 0, 87.8734, 87.3019, 0, 0, 0.154107, 0, 0, 0, 0, 0
16970, 0, 0, 87.8734, 87.3019, 0, 0, 0.154107, 0, 0, 0, 0, 0
16980, 0, 0, 87.8734, 87.3019, 0, 0, 0.154107, 0, 0, 0, 0, 0
16990, 0, 0, 87.8734, 87.3019, 0, 0, 0.154107, 0, 0, 0, 0, 0
17000, 0, 0, 87.8734, 87.3019, 0, 0, 0.154107, 0, 0, 0, 0, 0
17010, 0, 0, 87.8734, 87.3019, 0, 0, 0.154939, 0, 0, 0, 0, 0
17020, 0, 0, 87.8734, 87.3019, 0, 0, 0.154107, 0, 0, 0, 0, 0
17031, 0, 0, 87.8734, 87.3019, 0, 0, 0.154107, 0, 0, 0, 0, 0
17040, 0, 0, 87.8734, 87.3019, 0, 0, 0.154939, 0, 0, 0, 0, 0
17050, 0, 0, 87.8734, 87.3019, 0, 0, 0.154107, 0, 0, 0, 0, 0
17060, 0, 0, 87.8734, 87.3019, 0, 0, 0.154107, 0, 0, 0, 0, 0
17071, 0, 0, 87.8734, 87.3019, 0, 0, 0.132948, 0, 0, 0, 0, 0
17080, 0, 0, 87.8734, 87.3019, 0, 0, 0.154107, 0, 0, 0, 0, 0
17090, 0, 0, 87.8734, 87.3019, 0, 0, 0.154107, 0, 0, 0, 0, 0
17100, 0, 0, 87.8734, 87.3019, 0, 0, 0.154107, 0, 0, 0, 0, 0
17111, 0, 0, 87.8734, 87.3019, 0, 0, 0.154107, 0, 0, 0, 0, 0
17120, 0, 0, 87.8734, 87.3019, 0, 0, 0.154107, 0, 0, 0, 0, 0
17130, 0, 0, 87.8734, 87.3019, 0, 0, 0.154107, 0, 0, 0, 0, 0
17140, 0, 0, 87.8734, 87.3019, 0, 0, 0.154107, 0, 0, 0, 0, 0
17150, 0, 0, 87.8734, 87.3019, 0, 0, 0.154107, 0, 0, 0, 0, 0
17160, 0, 0, 87.8734, 87.3019, 0, 0, 0.154107, 0, 0, 0, 0, 0
17170, 0, 0, 87.8734, 87.3019, 0, 0, 0.154939, 0, 0, 0, 0, 0
17180, 0, 0, 87.8734, 87.3019, 0, 0, 0.154107, 0, 0, 0, 0, 0
17190, 0, 0, 87.8734, 87.3019, 0, 0, 0.154107, 0, 0, 0, 0, 0
17201, 0, 0, 87.8734, 87.3019, 0, 0, 0.134162, 0, 0, 0, 0, 0
17210, 0, 0, 87.8734, 87.3019, 0, 0, 0.154107, 0, 0, 0, 0, 0
17220, 0, 0, 87.8734, 87.3019, 0, 0, 0.154939, 0, 0, 0, 0, 0
17230, 0, 0, 87.8734, 87.3019, 0, 0, 0.154107, 0, 0, 0, 0, 0
17241, 0, 0, 87.8734, 87.3019, 0, 0, 0.154107, 0, 0, 0, 0, 0
17250, 0, 0, 87.8734, 87.3019, 0, 0, 0.154107, 0, 0, 0, 0, 0
17260, 0, 0, 87.8734, 87.3019, 0, 0, 0.154107, 0, 0, 0, 0, 0
17270, 0, 0, 87.8734, 87.3019, 0, 0, 0.154107, 0, 0, 0, 0, 0
17281, 0, 0, 87.8734, 87.3019, 0, 0, 0.154107, 0, 0, 0, 0, 0
17290, 0, 0, 87.8734, 87.3019, 0, 0, 0.154107, 0, 0, 0, 0, 0
17300, 0, 0, 87.8734, 87.3019, 0, 0, 0.154939, 0, 0, 0, 0, 0
17310, 0, 0, 87.8734, 87.3019, 0, 0, 0.154107, 0, 0, 0, 0, 0
17320, 0, 0, 87.8734, 87.3019, 0, 0, 0.154107, 0, 0, 0, 0, 0
17331, 0, 0, 87.8734, 87.3019, 0, 0, 0.154939, 0, 0, 0, 0, 0
17340, 0, 0, 87.8734, 87.3019, 0, 0, 0.154107, 0, 0, 0, 0, 0
17350, 0, 0, 87.8734, 87.3019, 0, 0, 0.154107, 0, 0, 0, 0, 0
17360, 0, 0, 87.8734, 87.3019, 0, 0, 0.154107, 0, 0, 0, 0, 0
17371, 0, 0, 87.8734, 87.3019, 0, 0, 0.154107, 0, 0, 0, 0, 0
17380, 0, 0, 87.8734, 87.3019, 0, 0, 0.154107, 0, 0, 0, 0, 0
17390, 0, 0, 87.8734, 87.3019, 0, 0, 0.154107, 0, 0, 0, 0, 0
17400, 0, 0, 87.8734, 87.3019, 0, 0, 0.154107, 0, 0, 0, 0, 0
17411, 0, 0, 87.8734, 87.3019, 0, 0, 0.154107, 0, 0, 0, 0, 0
17420, 0, 0, 87.8734, 87.3019, 0, 0, 0.154107, 0, 0, 0, 0, 0
17430, 0, 0, 87.8734, 87.3019, 0, 0, 0.154939, 0, 0, 0, 0, 0
17440, 0, 0, 87.8734, 87.3019, 0, 0, 0.154939, 0, 0, 0, 0, 0
17451, 0, 0, 87.8734, 87.3019, 0, 0, 0.154107, 0, 0, 0, 0, 0
17460, 0, 0, 87.8734, 87.3019, 0, 0, 0.154939, 0, 0, 0, 0, 0
17470, 0, 0, 87.8734, 87.3019, 0, 0, 0.154107, 0, 0, 0, 0, 0
17480, 0, 0, 87.8734, 87.3019, 0, 0, 0.154107, 0, 0, 0, 0, 0
17490, 0, 0, 87.8734, 87.3019, 0, 0, 0.133552, 0, 0, 0, 0, 0
17501, 0, 0, 87.8734, 87.3019, 0, 0, 0.154107, 0, 0, 0, 0, 0
17510, 0, 0, 87.8734, 87.3019, 0, 0, 0.154107, 0, 0, 0, 0, 0
17520, 0, 0, 87.8734, 87.3019, 0, 0, 0.154107, 0, 0, 0, 0, 0
17530, 0, 0, 87.8734, 87.3019, 0, 0, 0.154107, 0, 0, 0, 0, 0
17541, 0, 0, 87.8734, 87.3019, 0, 0, 0.154107, 0, 0, 0, 0, 0
17550, 0, 0, 87.8734, 87.3019, 0, 0, 0.154107, 0, 0, 0, 0, 0
17560, 0, 0, 87.8734, 87.3019, 0, 0, 0.154107, 0, 0, 0, 0, 0
17570, 0, 0, 87.8734, 87.3019, 0, 0, 0.154939, 0, 0, 0, 0, 0
17581, 0, 0, 87.8734, 87.3019, 0, 0, 0.154107, 0, 0, 0, 0, 0
17590, 0, 0, 87.8734, 87.3019, 0, 0, 0.154939, 0, 0, 0, 0, 0
17600, 0, 0, 87.8734, 87.3019, 0, 0, 0.154939, 0, 0, 0, 0, 0
17610, 0, 0, 87.8734, 87.3019, 0, 0, 0.154107, 0, 0, 0, 0, 0
17620, 0, 0, 87.8734, 87.3019, 0, 0, 0.133552, 0, 0, 0, 0, 0
17630, 0, 0, 87.8734, 87.3019, 0, 0, 0.154107, 0, 0, 0, 0, 0
17640, 0, 0, 87.8734, 87.3019, 0, 0, 0.154107, 0, 0, 0, 0, 0
17650, 0, 0, 87.8734, 87.3019, 0, 0, 0.154107, 0, 0, 0, 0, 0
17660, 0, 0, 87.8734, 87.3019, 0, 0, 0.154107, 0, 0, 0, 0, 0
17671, 0, 0, 87.8734, 87.3019, 0, 0, 0.154107, 0, 0, 0, 0, 0
17680, 0, 0, 87.8734, 87.3019, 0, 0, 0.154107, 0, 0, 0, 0, 0
17690, 0, 0, 87.8734, 87.3019, 0, 0, 0.154107, 0, 0, 0, 0, 0
17700, 0, 0, 87.8734, 87.3019, 0, 0, 0.154939, 0, 0, 0, 0, 0
17711, 0, 0, 87.8734, 87.3019, 0, 0, 0.154107, 0, 0, 0, 0, 0
17720, 0, 0, 87.8734, 87.3019, 0, 0, 0.154939, 0, 0, 0, 0, 0
17730, 0, 0, 87.8734, 87.3019, 0, 0, 0.154939, 0, 0, 0, 0, 0
17740, 0, 0, 87.8734, 87.3019, 0, 0, 0.154107, 0, 0, 0, 0, 0
17751, 0, 0, 87.8734, 87.3019, 0, 0, 0.154939, 0, 0, 0, 0, 0
17760, 0, 0, 87.8734, 87.3019, 0, 0, 0.154107, 0, 0, 0, 0, 0
17770, 0, 0, 87.8734, 87.3019, 0, 0, 0.154107, 0, 0, 0, 0, 0
17780, 0, 0, 87.8734, 87.3019, 0, 0, 0.154107, 0, 0, 0, 0, 0
17790, 0, 0, 87.8734, 87.3019, 0, 0, 0.154107, 0, 0, 0, 0, 0
17800, 0, 0, 87.8734, 87.3019, 0, 0, 0.154107, 0, 0, 0, 0, 0
17810, 0, 0, 87.8734, 87.3019, 0, 0, 0.154107, 0, 0, 0, 0, 0
17820, 0, 0, 87.8734, 87.3019, 0, 0, 0.154107, 0, 0, 0, 0, 0
17830, 0, 0, 87.8734, 87.3019, 0, 0, 0.154939, 0, 0, 0, 0, 0
17841, 0, 0, 87.8734, 87.3019, 0, 0, 0.154107, 0, 0, 0, 0, 0
17850, 0, 0, 87.8734, 87.3019, 0, 0, 0.154107, 0, 0, 0, 0, 0
17860, 0, 0, 87.8734, 87.3019, 0, 0, 0.154939, 0, 0, 0, 0, 0
17870, 0, 0, 87.8734, 87.3019, 0, 0, 0.154107, 0, 0, 0, 0, 0
17881, 0, 0, 87.8734, 87.3019, 0, 0, 0.154939, 0, 0, 0, 0, 0
17890, 0, 0, 87.8734, 87.3019, 0, 0, 0.155781, 0, 0, 0, 0, 0
17900, 0, 0, 87.8734, 87.3019, 0, 0, 0.154107, 0, 0, 0, 0, 0
17910, 0, 0, 87.8734, 87.3019, 0, 0, 0.154939, 0, 0, 0, 0, 0
17921, 0, 0, 87.8734, 87.3019, 0, 0, 0.154107, 0, 0, 0, 0, 0
17930, 0, 0, 87.8734, 87.3019, 0, 0, 0.154107, 0, 0, 0, 0, 0
17940, 0, 0, 87.8734, 87.3019, 0, 0, 0.154107, 0, 0, 0, 0, 0
17950, 0, 0, 87.8734, 87.3019, 0, 0, 0.154107, 0, 0, 0, 0, 0
17960, 0, 0, 87.8734, 87.3019, 0, 0, 0.154939, 0, 0, 0, 0, 0
17971, 0, 0, 87.8734, 87.3019, 0, 0, 0.154107, 0, 0, 0, 0, 0
17980, 0, 0, 87.8734, 87.3019, 0, 0, 0.154107, 0, 0, 0, 0, 0
17990, 0, 0, 87.8734, 87.3019, 0, 0, 0.154939, 0, 0, 0, 0, 0
18000, 0, 0, 87.8734, 87.3019, 0, 0, 0.154107, 0, 0, 0, 0, 0
18011, 0, 0, 87.8734, 87.3019, 0, 0, 0.154939, 0, 0, 0, 0, 0
18020, 0, 0, 87.8734, 87.3019, 0, 0, 0.154939, 0, 0, 0, 0, 0
18030, 0, 0, 87.8734, 87.3019, 0, 0, 0.154107, 0, 0, 0, 0, 0
18040, 0, 0, 87.8734, 87.3019, 0, 0, 0.134162, 0, 0, 0, 0, 0
18051, 0, 0, 87.8734, 87.3019, 0, 0, 0.154107, 0, 0, 0, 0, 0
18060, 0, 0, 87.8734, 87.3019, 0, 0, 0.154107, 0, 0, 0, 0, 0
18070, 0, 0, 87.8734, 87.3019, 0, 0, 0.154107, 0, 0, 0, 0, 0
18080, 0, 0, 87.8734, 87.3019, 0, 0, 0.154107, 0, 0, 0, 0, 0
18091, 0, 0, 87.8734, 87.3019, 0, 0, 0.154107, 0, 0, 0, 0, 0
18100, 0, 0, 87.8734, 87.3019, 0, 0, 0.154107, 0, 0, 0, 0, 0
18110, 0, 0, 87.8734, 87.3019, 0, 0, 0.154107, 0, 0, 0, 0, 0
18120, 0, 0, 87.8734, 87.3019, 0, 0, 0.154939, 0, 0, 0, 0, 0
18130, 0, 0, 87.8734, 87.3019, 0, 0, 0.154107, 0, 0, 0, 0, 0
18141, 0, 0, 87.8734, 87.3019, 0, 0, 0.154107, 0, 0, 0, 0, 0
18150, 0, 0, 87.8734, 87.3019, 0, 0, 0.154939, 0, 0, 0, 0, 0
18160, 0, 0, 87.8734, 87.3019, 0, 0, 0.154107, 0, 0, 0, 0, 0
18170, 0, 0, 87.8734, 87.3019, 0, 0, 0.134162, 0, 0, 0, 0, 0
18181, 0, 0, 87.8734, 87.3019, 0, 0, 0.133552, 0, 0, 0, 0, 0
18190, 0, 0, 87.8734, 87.3019, 0, 0, 0.154107, 0, 0, 0, 0, 0
18200, 0, 0, 87.8734, 87.3019, 0, 0, 0.154107, 0, 0, 0, 0, 0
18210, 0, 0, 87.8734, 87.3019, 0, 0, 0.154107, 0, 0, 0, 0, 0
18221, 0, 0, 87.8734, 87.3019, 0, 0, 0.154107, 0, 0, 0, 0, 0
18230, 0, 0, 87.8734, 87.3019, 0, 0, 0.154107, 0, 0, 0, 0, 0
18240, 0, 0, 87.8734, 87.3019, 0, 0, 0.154107, 0, 0, 0, 0, 0
18250, 0, 0, 87.8734, 87.3019, 0, 0, 0.154107, 0, 0, 0, 0, 0
18260, 0, 0, 87.8734, 87.3019, 0, 0, 0.154107, 0, 0, 0, 0, 0
18270, 0, 0, 87.8734, 87.3019, 0, 0, 0.154107, 0, 0, 0, 0, 0
18280, 0, 0, 87.8734, 87.3019, 0, 0, 0.154939, 0, 0, 0, 0, 0
18290, 0, 0, 87.8734, 87.3019, 0, 0, 0.154107, 0, 0, 0, 0, 0
18300, 0, 0, 87.8734, 87.3019, 0, 0, 0.154939, 0, 0, 0, 0, 0
18311, 0, 0, 87.8734, 87.3019, 0, 0, 0.133552, 0, 0, 0, 0, 0
18320, 0, 0, 87.8734, 87.3019, 0, 0, 0.154107, 0, 0, 0, 0, 0
18330, 0, 0, 87.8734, 87.3019, 0, 0, 0.154107, 0, 0, 0, 0, 0
18340, 0, 0, 87.8734, 87.3019, 0, 0, 0.154107, 0, 0, 0, 0, 0
18351, 0, 0, 87.8734, 87.3019, 0, 0, 0.154107, 0, 0, 0, 0, 0
18360, 0, 0, 87.8734, 87.3019, 0, 0, 0.154107, 0, 0, 0, 0, 0
18370, 0, 0, 87.8734, 87.3019, 0, 0, 0.154107, 0, 0, 0, 0, 0
18380, 0, 0, 87.8734, 87.3019, 0, 0, 0.154107, 0, 0, 0, 0, 0
18391, 0, 0, 87.8734, 87.3019, 0, 0, 0.154107, 0, 0, 0, 0, 0
18400, 0, 0, 87.8734, 87.3019, 0, 0, 0.154107, 0, 0, 0, 0, 0
18410, 0, 0, 87.8734, 87.3019, 0, 0, 0.154939, 0, 0, 0, 0, 0
18420, 0, 0, 87.8734, 87.3019, 0, 0, 0.154107, 0, 0, 0, 0, 0
18430, 0, 0, 87.8734, 87.3019, 0, 0, 0.154107, 0, 0, 0, 0, 0
18440, 0, 0, 87.8734, 87.3019, 0, 0, 0.154939, 0, 0, 0, 0, 0
18450, 0, 0, 87.8734, 87.3019, 0, 0, 0.154107, 0, 0, 0, 0, 0
18460, 0, 0, 87.8734, 87.3019, 0, 0, 0.133552, 0, 0, 0, 0, 0
18470, 0, 0, 87.8734, 87.3019, 0, 0, 0.154107, 0, 0, 0, 0, 0
18481, 0, 0, 87.8734, 87.3019, 0, 0, 0.154107, 0, 0, 0, 0, 0
18490, 0, 0, 87.8734, 87.3019, 0, 0, 0.154107, 0, 0, 0, 0, 0
18500, 0, 0, 87.8734, 87.3019, 0, 0, 0.154107, 0, 0, 0, 0, 0
18510, 0, 0, 87.8734, 87.3019, 0, 0, 0.154107, 0, 0, 0, 0, 0
18521, 0, 0, 87.8734, 87.3019, 0, 0, 0.154107, 0, 0, 0, 0, 0
18530, 0, 0, 87.8734, 87.3019, 0, 0, 0.154107, 0, 0, 0, 0, 0
18540, 0, 0, 87.8734, 87.3019, 0, 0, 0.154939, 0, 0, 0, 0, 0
18550, 0, 0, 87.8734, 87.3019, 0, 0, 0.154107, 0, 0, 0, 0, 0
18561, 0, 0, 87.8734, 87.3019, 0, 0, 0.154107, 0, 0, 0, 0, 0
18570, 0, 0, 87.8734, 87.3019, 0, 0, 0.154939, 0, 0, 0, 0, 0
18580, 0, 0, 87.8734, 87.3019, 0, 0, 0.154107, 0, 0, 0, 0, 0
18590, 0, 0, 87.8734, 87.3019, 0, 0, 0.134162, 0, 0, 0, 0, 0
18600, 0, 0, 87.8734, 87.3019, 0, 0, 0.13235, 0, 0, 0, 0, 0
18611, 0, 0, 87.8734, 87.3019, 0, 0, 0.154107, 0, 0, 0, 0, 0
18620, 0, 0, 87.8734, 87.3019, 0, 0, 0.154107, 0, 0, 0, 0, 0
18630, 0, 0, 87.8734, 87.3019, 0, 0, 0.154107, 0, 0, 0, 0, 0
18640, 0, 0, 87.8734, 87.3019, 0, 0, 0.154107, 0, 0, 0, 0, 0
18651, 0, 0, 87.8734, 87.3019, 0, 0, 0.154107, 0, 0, 0, 0, 0
18660, 0, 0, 87.8734, 87.3019, 0, 0, 0.154107, 0, 0, 0, 0, 0
18670, 0, 0, 87.8734, 87.3019, 0, 0, 0.154107, 0, 0, 0, 0, 0
18680, 0, 0, 87.8734, 87.3019, 0, 0, 0.154107, 0, 0, 0, 0, 0
18691, 0, 0, 87.8734, 87.3019, 0, 0, 0.154107, 0, 0, 0, 0, 0
18700, 0, 0, 87.8734, 87.3019, 0, 0, 0.154939, 0, 0, 0, 0, 0
18710, 0, 0, 87.8734, 87.3019, 0, 0, 0.154107, 0, 0, 0, 0, 0
18720, 0, 0, 87.8734, 87.3019, 0, 0, 0.154107, 0, 0, 0, 0, 0
18731, 0, 0, 87.8734, 87.3019, 0, 0, 0.133552, 0, 0, 0, 0, 0
18740, 0, 0, 87.8734, 87.3019, 0, 0, 0.154107, 0, 0, 0, 0, 0
18750, 0, 0, 87.8734, 87.3019, 0, 0, 0.154939, 0, 0, 0, 0, 0
18760, 0, 0, 87.8734, 87.3019, 0, 0, 0.154107, 0, 0, 0, 0, 0
18770, 0, 0, 87.8734, 87.3019, 0, 0, 0.154107, 0, 0, 0, 0, 0
18781, 0, 0, 87.8734, 87.3019, 0, 0, 0.154107, 0, 0, 0, 0, 0
18790, 0, 0, 87.8734, 87.3019, 0, 0, 0.154107, 0, 0, 0, 0, 0
18800, 0, 0, 87.8734, 87.3019, 0, 0, 0.154107, 0, 0, 0, 0, 0
18810, 0, 0, 87.8734, 87.3019, 0, 0, 0.154939, 0, 0, 0, 0, 0
18821, 0, 0, 87.8734, 87.3019, 0, 0, 0.154107, 0, 0, 0, 0, 0
18830, 0, 0, 87.8734, 87.3019, 0, 0, 0.154939, 0, 0, 0, 0, 0
18840, 0, 0, 87.8734, 87.3019, 0, 0, 0.154107, 0, 0, 0, 0, 0
18850, 0, 0, 87.8734, 87.3019, 0, 0, 0.154107, 0, 0, 0, 0, 0
18861, 0, 0, 87.8734, 87.3019, 0, 0, 0.157496, 0, 0, 0, 0, 0
18870, 0, 0, 87.8734, 87.3019, 0, 0, 0.154107, 0, 0, 0, 0, 0
18880, 0, 0, 87.8734, 87.3019, 0, 0, 0.154939, 0, 0, 0, 0, 0
18890, 0, 0, 87.8734, 87.3019, 0, 0, 0.154107, 0, 0, 0, 0, 0
18900, 0, 0, 87.8734, 87.3019, 0, 0, 0.154107, 0, 0, 0, 0, 0
18910, 0, 0, 87.8734, 87.3019, 0, 0, 0.154107, 0, 0, 0, 0, 0
18920, 0, 0, 87.8734, 87.3019, 0, 0, 0.154107, 0, 0, 0, 0, 0
18930, 0, 0, 87.8734, 87.3019, 0, 0, 0.154107, 0, 0, 0, 0, 0
18940, 0, 0, 87.8734, 87.3019, 0, 0, 0.154107, 0, 0, 0, 0, 0
18951, 0, 0, 87.8734, 87.3019, 0, 0, 0.154107, 0, 0, 0, 0, 0
18960, 0, 0, 87.8734, 87.3019, 0, 0, 0.154939, 0, 0, 0, 0, 0
18970, 0, 0, 87.8734, 87.3019, 0, 0, 0.154107, 0, 0, 0, 0, 0
18980, 0, 0, 87.8734, 87.3019, 0, 0, 0.154107, 0, 0, 0, 0, 0
18991, 0, 0, 87.8734, 87.3019, 0, 0, 0.154939, 0, 0, 0, 0, 0
19000, 0, 0, 87.8734, 87.3019, 0, 0, 0.154107, 0, 0, 0, 0, 0
19010, 0, 0, 87.8734, 87.3019, 0, 0, 0.154107, 0, 0, 0, 0, 0
19020, 0, 0, 87.8734, 87.3019, 0, 0, 0.154107, 0, 0, 0, 0, 0
19031, 0, 0, 87.8734, 87.3019, 0, 0, 0.154107, 0, 0, 0, 0, 0
19040, 0, 0, 87.8734, 87.3019, 0, 0, 0.154107, 0, 0, 0, 0, 0
19050, 0, 0, 87.8734, 87.3019, 0, 0, 0.154107, 0, 0, 0, 0, 0
19060, 0, 0, 87.8734, 87.3019, 0, 0, 0.154107, 0, 0, 0, 0, 0
19070, 0, 0, 87.8734, 87.3019, 0, 0, 0.154107, 0, 0, 0, 0, 0
19080, 0, 0, 87.8734, 87.3019, 0, 0, 0.154107, 0, 0, 0, 0, 0
19090, 0, 0, 87.8734, 87.3019, 0, 0, 0.154107, 0, 0, 0, 0, 0
19100, 0, 0, 87.8734, 87.3019, 0, 0, 0.154107, 0, 0, 0, 0, 0
19110, 0, 0, 87.8734, 87.3019, 0, 0, 0.154107, 0, 0, 0, 0, 0
19121, 0, 0, 87.8734, 87.3019, 0, 0, 0.154939, 0, 0, 0, 0, 0
19130, 0, 0, 87.8734, 87.3019, 0, 0, 0.154107, 0, 0, 0, 0, 0
19140, 0, 0, 87.8734, 87.3019, 0, 0, 0.154107, 0, 0, 0, 0, 0
19150, 0, 0, 87.8734, 87.3019, 0, 0, 0.133552, 0, 0, 0, 0, 0
19161, 0, 0, 87.8734, 87.3019, 0, 0, 0.154107, 0, 0, 0, 0, 0
19170, 0, 0, 87.8734, 87.3019, 0, 0, 0.154107, 0, 0, 0, 0, 0
19180, 0, 0, 87.8734, 87.3019, 0, 0, 0.154107, 0, 0, 0, 0, 0
19190, 0, 0, 87.8734, 87.3019, 0, 0, 0.154107, 0, 0, 0, 0, 0
19201, 0, 0, 87.8734, 87.3019, 0, 0, 0.154107, 0, 0, 0, 0, 0
19210, 0, 0, 87.8734, 87.3019, 0, 0, 0.154107, 0, 0, 0, 0, 0
19220, 0, 0, 87.8734, 87.3019, 0, 0, 0.154107, 0, 0, 0, 0, 0
19230, 0, 0, 87.8734, 87.3019, 0, 0, 0.154107, 0, 0, 0, 0, 0
19240, 0, 0, 87.8734, 87.3019, 0, 0, 0.154107, 0, 0, 0, 0, 0
19251, 0, 0, 87.8734, 87.3019, 0, 0, 0.154939, 0, 0, 0, 0, 0
19260, 0, 0, 87.8734, 87.3019, 0, 0, 0.154939, 0, 0, 0, 0, 0
19270, 0, 0, 87.8734, 87.3019, 0, 0, 0.154107, 0, 0, 0, 0, 0
19280, 0, 0, 87.8734, 87.3019, 0, 0, 0.134162, 0, 0, 0, 0, 0
19291, 0, 0, 87.8734, 87.3019, 0, 0, 0.154107, 0, 0, 0, 0, 0
19300, 0, 0, 87.8734, 87.3019, 0, 0, 0.154107, 0, 0, 0, 0, 0
19310, 0, 0, 87.8734, 87.3019, 0, 0, 0.154107, 0, 0, 0, 0, 0
19320, 0, 0, 87.8734, 87.3019, 0, 0, 0.154107, 0, 0, 0, 0, 0
19331, 0, 0, 87.8734, 87.3019, 0, 0, 0.154107, 0, 0, 0, 0, 0
19340, 0, 0, 87.8734, 87.3019, 0, 0, 0.154107, 0, 0, 0, 0, 0
19350, 0, 0, 87.8734, 87.3019, 0, 0, 0.154107, 0, 0, 0, 0, 0
19360, 0, 0, 87.8734, 87.3019, 0, 0, 0.154107, 0, 0, 0, 0, 0
19371, 0, 0, 87.8734, 87.3019, 0, 0, 0.154107, 0, 0, 0, 0, 0
19380, 0, 0, 87.8734, 87.3019, 0, 0, 0.154939, 0, 0, 0, 0, 0
19390, 0, 0, 87.8734, 87.3019, 0, 0, 0.154107, 0, 0, 0, 0, 0
19400, 0, 0, 87.8734, 87.3019, 0, 0, 0.154107, 0, 0, 0, 0, 0
19410, 0, 0, 87.8734, 87.3019, 0, 0, 0.154939, 0, 0, 0, 0, 0
19421, 0, 0, 87.8734, 87.3019, 0, 0, 0.154107, 0, 0, 0, 0, 0
19430, 0, 0, 87.8734, 87.3019, 0, 0, 0.154107, 0, 0, 0, 0, 0
19440, 0, 0, 87.8734, 87.3019, 0, 0, 0.155781, 0, 0, 0, 0, 0
19450, 0, 0, 87.8734, 87.3019, 0, 0, 0.154107, 0, 0, 0, 0, 0
19461, 0, 0, 87.8734, 87.3019, 0, 0, 0.154107, 0, 0, 0, 0, 0
19470, 0, 0, 87.8734, 87.3019, 0, 0, 0.154107, 0, 0, 0, 0, 0
19480, 0, 0, 87.8734, 87.3019, 0, 0, 0.154107, 0, 0, 0, 0, 0
19490, 0, 0, 87.8734, 87.3019, 0, 0, 0.154107, 0, 0, 0, 0, 0
19501, 0, 0, 87.8734, 87.3019, 0, 0, 0.154107, 0, 0, 0, 0, 0
19510, 0, 0, 87.8734, 87.3019, 0, 0, 0.154107, 0, 0, 0, 0, 0
19520, 0, 0, 87.8734, 87.3019, 0, 0, 0.154939, 0, 0, 0, 0, 0
19530, 0, 0, 87.8734, 87.3019, 0, 0, 0.154107, 0, 0, 0, 0, 0
19540, 0, 0, 87.8734, 87.3019, 0, 0, 0.154939, 0, 0, 0, 0, 0
19550, 0, 0, 87.8734, 87.3019, 0, 0, 0.154939, 0, 0, 0, 0, 0
19560, 0, 0, 87.8734, 87.3019, 0, 0, 0.154107, 0, 0, 0, 0, 0
19570, 0, 0, 87.8734, 87.3019, 0, 0, 0.13235, 0, 0, 0, 0, 0
19580, 0, 0, 87.8734, 87.3019, 0, 0, 0.154107, 0, 0, 0, 0, 0
19591, 0, 0, 87.8734, 87.3019, 0, 0, 0.154107, 0, 0, 0, 0, 0
19600, 0, 0, 87.8734, 87.3019, 0, 0, 0.154107, 0, 0, 0, 0, 0
19610, 0, 0, 87.8734, 87.3019, 0, 0, 0.154107, 0, 0, 0, 0, 0
19620, 0, 0, 87.8734, 87.3019, 0, 0, 0.154107, 0, 0, 0, 0, 0
19631, 0, 0, 87.8734, 87.3019, 0, 0, 0.154107, 0, 0, 0, 0, 0
19640, 0, 0, 87.8734, 87.3019, 0, 0, 0.154107, 0, 0, 0, 0, 0
19650, 0, 0, 87.8734, 87.3019, 0, 0, 0.154939, 0, 0, 0, 0, 0
19660, 0, 0, 87.8734, 87.3019, 0, 0, 0.154107, 0, 0, 0, 0, 0
19671, 0, 0, 87.8734, 87.3019, 0, 0, 0.154939, 0, 0, 0, 0, 0
19680, 0, 0, 87.8734, 87.3019, 0, 0, 0.154939, 0, 0, 0, 0, 0
19690, 0, 0, 87.8734, 87.3019, 0, 0, 0.154107, 0, 0, 0, 0, 0
19700, 0, 0, 87.8734, 87.3019, 0, 0, 0.133552, 0, 0, 0, 0, 0
19710, 0, 0, 87.8734, 87.3019, 0, 0, 0.154107, 0, 0, 0, 0, 0
19720, 0, 0, 87.8734, 87.3019, 0, 0, 0.154107, 0, 0, 0, 0, 0
19730, 0, 0, 87.8734, 87.3019, 0, 0, 0.154107, 0, 0, 0, 0, 0
19740, 0, 0, 87.8734, 87.3019, 0, 0, 0.154107, 0, 0, 0, 0, 0
19750, 0, 0, 87.8734, 87.3019, 0, 0, 0.154107, 0, 0, 0, 0, 0
19761, 0, 0, 87.8734, 87.3019, 0, 0, 0.154107, 0, 0, 0, 0, 0
19770, 0, 0, 87.8734, 87.3019, 0, 0, 0.154107, 0, 0, 0, 0, 0
19780, 0, 0, 87.8734, 87.3019, 0, 0, 0.154939, 0, 0, 0, 0, 0
19790, 0, 0, 87.8734, 87.3019, 0, 0, 0.154107, 0, 0, 0, 0, 0
19801, 0, 0, 87.8734, 87.3019, 0, 0, 0.154107, 0, 0, 0, 0, 0
19810, 0, 0, 87.8734, 87.3019, 0, 0, 0.154939, 0, 0, 0, 0, 0
19820, 0, 0, 87.8734, 87.3019, 0, 0, 0.154107, 0, 0, 0, 0, 0
19830, 0, 0, 87.8734, 87.3019, 0, 0, 0.156633, 0, 0, 0, 0, 0
19841, 0, 0, 87.8734, 87.3019, 0, 0, 0.132948, 0, 0, 0, 0, 0
19850, 0, 0, 87.8734, 87.3019, 0, 0, 0.154107, 0, 0, 0, 0, 0
19860, 0, 0, 87.8734, 87.3019, 0, 0, 0.154107, 0, 0, 0, 0, 0
19870, 0, 0, 87.8734, 87.3019, 0, 0, 0.154107, 0, 0, 0, 0, 0
19880, 0, 0, 87.8734, 87.3019, 0, 0, 0.154107, 0, 0, 0, 0, 0
19891, 0, 0, 87.8734, 87.3019, 0, 0, 0.154107, 0, 0, 0, 0, 0
19900, 0, 0, 87.8734, 87.3019, 0, 0, 0.154107, 0, 0, 0, 0, 0
19910, 0, 0, 87.8734, 87.3019, 0, 0, 0.154107, 0, 0, 0, 0, 0
19920, 0, 0, 87.8734, 87.3019, 0, 0, 0.154107, 0, 0, 0, 0, 0
19931, 0, 0, 87.8734, 87.3019, 0, 0, 0.154107, 0, 0, 0, 0, 0
19940, 0, 0, 87.8734, 87.3019, 0, 0, 0.154939, 0, 0, 0, 0, 0
19950, 0, 0, 87.8734, 87.3019, 0, 0, 0.154107, 0, 0, 0, 0, 0
19960, 0, 0, 87.8734, 87.3019, 0, 0, 0.154939, 0, 0, 0, 0, 0
19971, 0, 0, 87.8734, 87.3019, 0, 0, 0.133552, 0, 0, 0, 0, 0
19980, 0, 0, 87.8734, 87.3019, 0, 0, 0.154107, 0, 0, 0, 0, 0
19990, 0, 0, 87.8734, 87.3019, 0, 0, 0.154939, 0, 0, 0, 0, 0
20000, 0, 0, 87.8734, 87.3019, 0, 0, 0.154107, 0, 0, 0, 0, 0
20011, 0, 0, 87.8734, 87.3019, 0, 0, 0.154107, 0, 0, 0, 0, 0
20020, 0, 0, 87.8734, 87.3019, 0, 0, 0.154107, 0, 0, 0, 0, 0
20030, 0, 0, 87.8734, 87.3019, 0, 0, 0.154107, 0, 0, 0, 0, 0
20040, 0, 0, 87.8734, 87.3019, 0, 0, 0.154107, 0, 0, 0, 0, 0
20050, 0, 0, 87.8734, 87.3019, 0, 0, 0.154107, 0, 0, 0, 0, 0
20061, 0, 0, 87.8734, 87.3019, 0, 0, 0.154107, 0, 0, 0, 0, 0
20070, 0, 0, 87.8734, 87.3019, 0, 0, 0.154939, 0, 0, 0, 0, 0
20080, 0, 0, 87.8734, 87.3019, 0, 0, 0.154107, 0, 0, 0, 0, 0
20090, 0, 0, 87.8734, 87.3019, 0, 0, 0.154107, 0, 0, 0, 0, 0
20101, 0, 0, 87.8734, 87.3019, 0, 0, 0.154939, 0, 0, 0, 0, 0
20110, 0, 0, 87.8734, 87.3019, 0, 0, 0.154107, 0, 0, 0, 0, 0
20120, 0, 0, 87.8734, 87.3019, 0, 0, 0.133552, 0, 0, 0, 0, 0
20130, 0, 0, 87.8734, 87.3019, 0, 0, 0.154107, 0, 0, 0, 0, 0
20141, 0, 0, 87.8734, 87.3019, 0, 0, 0.154107, 0, 0, 0, 0, 0
20150, 0, 0, 87.8734, 87.3019, 0, 0, 0.154107, 0, 0, 0, 0, 0
20160, 0, 0, 87.8734, 87.3019, 0, 0, 0.154107, 0, 0, 0, 0, 0
20170, 0, 0, 87.8734, 87.3019, 0, 0, 0.154107, 0, 0, 0, 0, 0
20180, 0, 0, 87.8734, 87.3019, 0, 0, 0.154107, 0, 0, 0, 0, 0
20190, 0, 0, 87.8734, 87.3019, 0, 0, 0.154107, 0, 0, 0, 0, 0
20200, 0, 0, 87.8734, 87.3019, 0, 0, 0.154107, 0, 0, 0, 0, 0
20210, 0, 0, 87.8734, 87.3019, 0, 0, 0.154107, 0, 0, 0, 0, 0
20220, 0, 0, 87.8734, 87.3019, 0, 0, 0.154107, 0, 0, 0, 0, 0
20231, 0, 0, 87.8734, 87.3019, 0, 0, 0.154939, 0, 0, 0, 0, 0
20240, 0, 0, 87.8734, 87.3019, 0, 0, 0.154107, 0, 0, 0, 0, 0
20250, 0, 0, 87.8734, 87.3019, 0, 0, 0.133552, 0, 0, 0, 0, 0
20260, 0, 0, 87.8734, 87.3019, 0, 0, 0.133552, 0, 0, 0, 0, 0
20271, 0, 0, 87.8734, 87.3019, 0, 0, 0.154107, 0, 0, 0, 0, 0
20280, 0, 0, 87.8734, 87.3019, 0, 0, 0.154107, 0, 0, 0, 0, 0
20290, 0, 0, 87.8734, 87.3019, 0, 0, 0.154107, 0, 0, 0, 0, 0
20300, 0, 0, 87.8734, 87.3019, 0, 0, 0.154107, 0, 0, 0, 0, 0
20311, 0, 0, 87.8734, 87.3019, 0, 0, 0.154107, 0, 0, 0, 0, 0
20320, 0, 0, 87.8734, 87.3019, 0, 0, 0.154107, 0, 0, 0, 0, 0
20330, 0, 0, 87.8734, 87.3019, 0, 0, 0.154107, 0, 0, 0, 0, 0
20340, 0, 0, 87.8734, 87.3019, 0, 0, 0.154107, 0, 0, 0, 0, 0
20350, 0, 0, 87.8734, 87.3019, 0, 0, 0.154107, 0, 0, 0, 0, 0
20361, 0, 0, 87.8734, 87.3019, 0, 0, 0.154939, 0, 0, 0, 0, 0
20370, 0, 0, 87.8734, 87.3019, 0, 0, 0.154107, 0, 0, 0, 0, 0
20380, 0, 0, 87.8734, 87.3019, 0, 0, 0.154107, 0, 0, 0, 0, 0
20390, 0, 0, 87.8734, 87.3019, 0, 0, 0.133552, 0, 0, 0, 0, 0
20401, 0, 0, 87.8734, 87.3019, 0, 0, 0.154107, 0, 0, 0, 0, 0
20410, 0, 0, 87.8734, 87.3019, 0, 0, 0.154107, 0, 0, 0, 0, 0
20420, 0, 0, 87.8734, 87.3019, 0, 0, 0.154107, 0, 0, 0, 0, 0
20430, 0, 0, 87.8734, 87.3019, 0, 0, 0.154107, 0, 0, 0, 0, 0
20441, 0, 0, 87.8734, 87.3019, 0, 0, 0.154107, 0, 0, 0, 0, 0
20450, 0, 0, 87.8734, 87.3019, 0, 0, 0.154107, 0, 0, 0, 0, 0
20460, 0, 0, 87.8734, 87.3019, 0, 0, 0.154107, 0, 0, 0, 0, 0
20470, 0, 0, 87.8734, 87.3019, 0, 0, 0.154107, 0, 0, 0, 0, 0
20481, 0, 0, 87.8734, 87.3019, 0, 0, 0.154107, 0, 0, 0, 0, 0
20490, 0, 0, 87.8734, 87.3019, 0, 0, 0.154939, 0, 0, 0, 0, 0
20500, 0, 0, 87.8734, 87.3019, 0, 0, 0.154107, 0, 0, 0, 0, 0
20510, 0, 0, 87.8734, 87.3019, 0, 0, 0.154107, 0, 0, 0, 0, 0
20520, 0, 0, 87.8734, 87.3019, 0, 0, 0.154939, 0, 0, 0, 0, 0
20531, 0, 0, 87.8734, 87.3019, 0, 0, 0.154107, 0, 0, 0, 0, 0
20540, 0, 0, 87.8734, 87.3019, 0, 0, 0.133552, 0, 0, 0, 0, 0
