QGPIORecord, QRC v6.1.0, 02-12-2021 @ 16:17:22, Windows 10 Version 2009, 10.0.19042, x86_64
Time, VoltageA, VoltageB, PositionA, PositionB, SpeedA, SpeedB, FrontDistance, PendulumAngle, Time, ValueIn9, ValueIn10, ValueIn11
11451, 0, 0, 0, 0, 0, 0, 1.31458, 0, 0, 0, 0, 0
11460, 6, 6, 0, 0, 0, 0, 1.31458, 0, 0.01, 0, 0, 0
11470, 6, 6, 0, 0, 0, 0, 4.13916, 0, 0.02, 0, 0, 0
11481, 6, 6, 0.0385687, 0.0385687, 3.85336, 3.83232, 4.96481, 0, 0.03, 0, 0, 0
11490, 6, 6, 0.108693, 0.1122, 7.00898, 7.69971, 6.20328, 0.00153548, 0.04, 0, 0, 0
11500, 6, 6, 0.185831, 0.203362, 7.6962, 9.10571, 0.630166, 0.00307096, 0.05, 0, 0, 0
11510, 6, 6, 0.273487, 0.308549, 8.77963, 10.1821, 0.646044, 0.0076774, 0.06, 0, 0, 0
11521, 6, 6, 0.361143, 0.417243, 8.7621, 11.213, 8.2674, 0.0122838, 0.07, 0, 0, 0
11531, 6, 6, 0.448799, 0.529442, 8.75859, 10.8623, 6.20328, 0.0199612, 0.08, 0, 0, 0
11540, 6, 6, 0.536455, 0.638136, 8.77612, 10.8588, 6.20328, 0.0276386, 0.09, 0, 0, 0
11550, 6, 6, 0.627617, 0.74683, 9.10922, 10.8729, 0.895553, 0.0368515, 0.1, 0, 0, 0
11560, 6, 6, 0.71878, 0.852017, 9.13025, 10.8799, 0.423754, 0.0475999, 0.11, 0, 0, 0
11571, 6, 6, 0.809942, 0.957204, 9.08117, 10.4837, 1.66222, 0.0598837, 0.12, 0, 0, 0
11580, 6, 6, 0.901104, 1.05888, 9.11973, 10.1681, 0.586964, 0.0737031, 0.13, 0, 0, 0
11590, 6, 6, 0.992266, 1.16057, 9.13376, 10.1997, 0.586964, 0.0890579, 0.14, 0, 0, 0
11600, 6, 6, 1.08343, 1.26575, 9.10922, 10.5117, 4.96481, 0.105948, 0.15, 0, 0, 0
11611, 6, 6, 1.1781, 1.37445, 9.45984, 10.5047, 1.31458, 0.122838, 0.16, 0, 0, 0
11620, 6, 6, 1.26926, 1.47963, 9.45984, 10.8729, 1.31458, 0.141264, 0.17, 0, 0, 0
11630, 6, 6, 1.36743, 1.58833, 9.47387, 10.8693, 8.2674, 0.15969, 0.18, 0, 0, 0
11640, 6, 6, 1.46912, 1.69702, 10.1751, 10.5222, 8.2674, 0.178116, 0.19, 0, 0, 0
11651, 6, 6, 1.57781, 1.80221, 10.8448, 10.8518, 3.54942, 0.196541, 0.2, 0, 0, 0
11661, 6, 6, 1.6865, 1.9109, 10.8729, 10.8588, 8.2674, 0.211896, 0.21, 0, 0, 0
11670, 6, 6, 1.80221, 2.0231, 11.5601, 10.8764, 8.2674, 0.227251, 0.22, 0, 0, 0
11680, 6, 6, 1.91441, 2.1353, 11.2375, 11.5916, 0.646044, 0.239535, 0.23, 0, 0, 0
11691, 6, 6, 2.03011, 2.25101, 11.5811, 11.5461, 0.646044, 0.251819, 0.24, 0, 0, 0
11701, 6, 6, 2.14582, 2.36671, 11.9107, 11.6022, 8.2674, 0.262567, 0.25, 0, 0, 0
11710, 6, 6, 2.26503, 2.48593, 11.5425, 11.532, 0.809944, 0.270245, 0.26, 0, 0, 0
11720, 6, 6, 2.38424, 2.59813, 11.9388, 11.5951, 0.809944, 0.276386, 0.27, 0, 0, 0
11730, 6, 6, 2.50346, 2.71734, 11.9142, 11.5601, 8.2674, 0.280993, 0.28, 0, 0, 0
11741, 6, 6, 2.62267, 2.83304, 11.9212, 11.5741, 1.66222, 0.284064, 0.29, 0, 0, 0
11750, 6, 6, 2.74188, 2.94875, 11.9107, 11.9037, 1.66222, 0.284064, 0.3, 0, 0, 0
11760, 6, 6, 2.86109, 3.06796, 12.2859, 11.5811, 1.66222, 0.282528, 0.31, 0, 0, 0
11770, 6, 6, 2.98381, 3.18367, 11.9352, 11.9142, 1.66222, 0.279457, 0.32, 0, 0, 0
11781, 6, 6, 3.10302, 3.30288, 12.2613, 11.9212, 2.26269, 0.273316, 0.33, 0, 0, 0
11790, 6, 6, 3.22574, 3.42209, 12.2718, 11.9212, 0.646044, 0.265638, 0.34, 0, 0, 0
11800, 6, 6, 3.35197, 3.54481, 12.2543, 11.9212, 0.354951, 0.256425, 0.35, 0, 0, 0
11810, 6, 6, 3.47469, 3.66753, 12.2894, 12.2754, 8.2674, 0.244141, 0.36, 0, 0, 0
11821, 6, 6, 3.5974, 3.78674, 12.2613, 12.2754, 0.809944, 0.230322, 0.37, 0, 0, 0
11831, 6, 6, 3.72012, 3.90946, 12.5909, 11.8862, 0.809944, 0.214967, 0.38, 0, 0, 0
11840, 6, 6, 3.84635, 4.02867, 12.3034, 12.2964, 0.928316, 0.199612, 0.39, 0, 0, 0
11850, 6, 6, 3.96907, 4.14788, 12.2473, 11.9107, 0.928316, 0.181187, 0.4, 0, 0, 0
11860, 6, 6, 4.08828, 4.2671, 11.9282, 11.9282, 8.2674, 0.162761, 0.41, 0, 0, 0
11871, 6, 6, 4.211, 4.38631, 12.2789, 11.9107, 2.76309, 0.1428, 0.42, 0, 0, 0
11880, 6, 6, 4.33371, 4.50903, 12.6365, 12.2789, 2.76309, 0.122838, 0.43, 0, 0, 0
11890, 6, 6, 4.45994, 4.63175, 12.2473, 12.2648, 8.2674, 0.101342, 0.44, 0, 0, 0
11900, 6, 6, 4.57915, 4.75446, 12.2859, 11.9352, 8.2674, 0.0783095, 0.45, 0, 0, 0
11911, 6, 6, 4.70187, 4.87368, 11.9212, 12.2508, 4.13916, 0.0568128, 0.46, 0, 0, 0
11920, 6, 6, 4.82459, 4.99289, 12.2403, 11.9107, 1.08786, 0.0337806, 0.47, 0, 0, 0
11930, 6, 6, 4.94731, 5.11561, 12.2999, 11.9528, 0.445482, 0.0122838, 0.48, 0, 0, 0
11940, 6, 6, 5.06652, 5.23482, 11.9037, 12.2403, 0.487266, -0.0107484, 0.49, 0, 0, 0
11951, 6, 6, 5.18924, 5.35754, 12.2964, 11.9528, 2.76309, -0.0322451, 0.5, 0, 0, 0
11960, 6, 6, 5.31546, 5.48026, 12.5769, 12.2263, 2.76309, -0.0552773, 0.51, 0, 0, 0
11970, 6, 6, 5.43818, 5.59947, 12.2894, 12.2789, 1.08786, -0.076774, 0.52, 0, 0, 0
11980, 6, 6, 5.56441, 5.72219, 12.647, 12.2964, 1.08786, -0.0967353, 0.53, 0, 0, 0
11991, 6, 6, 5.68712, 5.8449, 12.2473, 12.2543, 8.2674, -0.116697, 0.54, 0, 0, 0
12001, 6, 6, 5.80984, 5.96762, 12.2718, 12.2508, 3.54942, -0.135122, 0.55, 0, 0, 0
12010, 6, 6, 5.93256, 6.08684, 12.2648, 11.9212, 3.54942, -0.150477, 0.56, 0, 0, 0
12020, 6, 6, 6.05528, 6.20955, 12.2718, 11.9282, 0.928316, -0.165832, 0.57, 0, 0, 0
12030, 6, 6, 6.178, 6.32877, 12.2789, 12.2859, 8.2674, -0.179651, 0.58, 0, 0, 0
12041, 6, 6, 6.30072, 6.45149, 12.2859, 11.9247, 8.2674, -0.191935, 0.59, 0, 0, 0
12050, 6, 6, 6.42344, 6.5742, 12.612, 12.2508, 0.718628, -0.202683, 0.6, 0, 0, 0
12060, 6, 6, 6.54966, 6.69692, 12.2648, 12.2859, 0.739443, -0.211896, 0.61, 0, 0, 0
12070, 6, 6, 6.67238, 6.81964, 12.6155, 12.2648, 2.07505, -0.219574, 0.62, 0, 0, 0
12081, 6, 6, 6.7986, 6.94236, 12.2964, 12.2859, 0.928316, -0.225716, 0.63, 0, 0, 0
12090, 6, 6, 6.92483, 7.06508, 12.5944, 12.2613, 0.928316, -0.228787, 0.64, 0, 0, 0
12100, 6, 6, 7.04755, 7.1878, 12.64, 12.2859, 4.96481, -0.231858, 0.65, 0, 0, 0
12110, 6, 6, 7.17377, 7.30701, 12.2543, 12.2543, 1.08786, -0.231858, 0.66, 0, 0, 0
12121, 6, 6, 7.29649, 7.42973, 12.6225, 12.2718, 1.08786, -0.230322, 0.67, 0, 0, 0
12130, 6, 6, 7.42271, 7.55244, 12.2859, 12.2613, 1.66222, -0.227251, 0.68, 0, 0, 0
12140, 6, 6, 7.54894, 7.67516, 12.6155, 11.9388, 1.66222, -0.221109, 0.69, 0, 0, 0
12150, 6, 6, 7.67166, 7.79788, 12.2648, 12.2648, 2.76309, -0.214967, 0.7, 0, 0, 0
12161, 6, 6, 7.79438, 7.91709, 12.2754, 12.2754, 8.2674, -0.205754, 0.71, 0, 0, 0
12171, 6, 6, 7.91709, 8.04332, 12.2613, 12.2613, 0.680374, -0.196541, 0.72, 0, 0, 0
12180, 6, 6, 8.04332, 8.16604, 12.6225, 12.2718, 8.2674, -0.184258, 0.73, 0, 0, 0
12190, 6, 6, 8.16604, 8.28876, 12.2964, 12.2859, 8.2674, -0.171974, 0.74, 0, 0, 0
12200, 6, 6, 8.29226, 8.41147, 12.6155, 12.626, 1.66222, -0.158154, 0.75, 0, 0, 0
12211, 6, 6, 8.41498, 8.5377, 12.6049, 12.2613, 8.2674, -0.1428, 0.76, 0, 0, 0
12220, 6, 6, 8.54121, 8.66042, 12.2718, 12.2613, 8.2674, -0.127445, 0.77, 0, 0, 0
12230, 6, 6, 8.66392, 8.78314, 12.2613, 12.6049, 1.55902, -0.110555, 0.78, 0, 0, 0
12240, 6, 6, 8.78664, 8.90585, 12.2859, 11.9423, 6.20328, -0.0936643, 0.79, 0, 0, 0
12251, 6, 6, 8.90936, 9.02857, 12.2648, 12.2718, 6.20328, -0.0752385, 0.8, 0, 0, 0
12260, 6, 6, 9.03208, 9.14779, 12.2613, 11.9037, 8.2674, -0.0568128, 0.81, 0, 0, 0
12270, 6, 6, 9.1548, 9.267, 12.2894, 11.9388, 8.2674, -0.0368515, 0.82, 0, 0, 0
12280, 6, 6, 9.27401, 9.38621, 11.8862, 12.2368, 2.26269, -0.0168903, 0.83, 0, 0, 0
12291, 6, 6, 9.39673, 9.50542, 12.6681, 11.9633, 1.31458, 0.00153548, 0.84, 0, 0, 0
12300, 6, 6, 9.52295, 9.62814, 12.2368, 12.2263, 0.478278, 0.0214967, 0.85, 0, 0, 0
12310, 6, 6, 9.64567, 9.75086, 12.6225, 12.2754, 8.2674, 0.0399225, 0.86, 0, 0, 0
12320, 6, 6, 9.7719, 9.87358, 12.3034, 11.9563, 0.809944, 0.0568128, 0.87, 0, 0, 0
12331, 6, 6, 9.89812, 9.9963, 12.5909, 12.5769, 0.809944, 0.0737031, 0.88, 0, 0, 0
12341, 6, 6, 10.0208, 10.119, 12.2754, 12.2789, 0.928316, 0.0905933, 0.89, 0, 0, 0
12350, 6, 6, 10.1436, 10.2417, 12.2754, 12.2543, 0.928316, 0.105948, 0.9, 0, 0, 0
12360, 6, 6, 10.2663, 10.3609, 12.2613, 11.5881, 8.2674, 0.121303, 0.91, 0, 0, 0
12370, 6, 6, 10.3855, 10.4802, 11.9107, 11.9107, 1.08786, 0.135122, 0.92, 0, 0, 0
12381, 6, 6, 10.5082, 10.5994, 12.2859, 11.9247, 1.08786, 0.148942, 0.93, 0, 0, 0
12390, 6, 6, 10.6274, 10.7151, 11.9388, 11.9107, 8.2674, 0.161225, 0.94, 0, 0, 0
12400, 6, 6, 10.7501, 10.8378, 12.2508, 11.9388, 8.2674, 0.171974, 0.95, 0, 0, 0
12410, 6, 6, 10.8729, 10.957, 12.2754, 12.2648, 1.13681, 0.181187, 0.96, 0, 0, 0
12421, 6, 6, 10.9956, 11.0762, 12.2789, 11.9388, 0.718628, 0.1904, 0.97, 0, 0, 0
12430, 6, 6, 11.1183, 11.1954, 12.2648, 11.9212, 0.718628, 0.196541, 0.98, 0, 0, 0
12440, 6, 6, 11.2375, 11.3146, 11.9352, 11.9212, 8.2674, 0.201148, 0.99, 0, 0, 0
12450, 6, 6, 11.3602, 11.4374, 12.2543, 11.9212, 1.08786, 0.205754, 1, 0, 0, 0
12461, 6, 6, 11.4829, 11.5566, 12.2789, 12.2648, 1.08786, 0.20729, 1.01, 0, 0, 0
12471, 6, 6, 11.6057, 11.6793, 12.2403, 12.2508, 1.08786, 0.20729, 1.02, 0, 0, 0
12480, 6, 6, 11.7284, 11.802, 12.2999, 12.2789, 1.08786, 0.205754, 1.03, 0, 0, 0
12490, 6, 6, 11.8476, 11.9247, 12.2508, 11.9247, 1.66222, 0.202683, 1.04, 0, 0, 0
12500, 6, 6, 11.9703, 12.0439, 11.9388, 12.2859, 8.2674, 0.199612, 1.05, 0, 0, 0
12511, 6, 6, 12.093, 12.1667, 12.2613, 12.2368, 8.2674, 0.193471, 1.06, 0, 0, 0
12520, 6, 6, 12.2157, 12.2859, 12.2754, 11.9282, 4.96481, 0.187329, 1.07, 0, 0, 0
12530, 6, 6, 12.3385, 12.4086, 12.2718, 11.9282, 0.586964, 0.179651, 1.08, 0, 0, 0
12540, 6, 6, 12.4577, 12.5243, 11.9107, 11.9107, 0.332612, 0.170438, 1.09, 0, 0, 0
12551, 6, 6, 12.5804, 12.647, 12.2613, 11.9212, 6.20328, 0.15969, 1.1, 0, 0, 0
12560, 6, 6, 12.6996, 12.7662, 11.9212, 12.2718, 6.20328, 0.150477, 1.11, 0, 0, 0
12570, 6, 6, 12.8223, 12.8889, 12.2964, 12.2859, 1.08786, 0.138193, 1.12, 0, 0, 0
12580, 6, 6, 12.945, 13.0117, 12.2473, 12.2543, 0.718628, 0.124374, 1.13, 0, 0, 0
12591, 6, 6, 13.0678, 13.1344, 12.2859, 12.2613, 0.718628, 0.110555, 1.14, 0, 0, 0
12600, 6, 6, 13.194, 13.2571, 12.6014, 12.2754, 3.54942, 0.0951998, 1.15, 0, 0, 0
12610, 6, 6, 13.3167, 13.3798, 12.2754, 12.2648, 8.2674, 0.079845, 1.16, 0, 0, 0
12620, 6, 6, 13.4394, 13.5025, 12.2859, 11.9423, 8.2674, 0.0629547, 1.17, 0, 0, 0
12631, 6, 6, 13.5586, 13.6217, 12.2613, 12.2613, 8.2674, 0.0475999, 1.18, 0, 0, 0
12641, 6, 6, 13.6814, 13.741, 11.9247, 11.9247, 8.2674, 0.0322451, 1.19, 0, 0, 0
12650, 6, 6, 13.8006, 13.8637, 11.9282, 11.9247, 2.76309, 0.0168903, 1.2, 0, 0, 0
12660, 6, 6, 13.9233, 13.9829, 12.2789, 12.2613, 0.928316, 0.00153548, 1.21, 0, 0, 0
12670, 6, 6, 14.0425, 14.1021, 11.9002, 11.9212, 0.416987, -0.0138193, 1.22, 0, 0, 0
12681, 6, 6, 14.1652, 14.2248, 12.2543, 12.2648, 3.54942, -0.0276386, 1.23, 0, 0, 0
12690, 6, 6, 14.2879, 14.3475, 12.3034, 11.9282, 3.54942, -0.041458, 1.24, 0, 0, 0
12700, 6, 6, 14.4107, 14.4703, 12.2298, 12.6014, 1.66222, -0.0552773, 1.25, 0, 0, 0
12710, 6, 6, 14.5334, 14.593, 12.3104, 12.2859, 1.66222, -0.0690966, 1.26, 0, 0, 0
12721, 6, 6, 14.6561, 14.7192, 12.2508, 12.2789, 1.66222, -0.0813805, 1.27, 0, 0, 0
12730, 6, 6, 14.7823, 14.8419, 12.6049, 12.2508, 0.646044, -0.0936643, 1.28, 0, 0, 0
12740, 6, 6, 14.905, 14.9646, 12.2894, 12.2894, 1.31458, -0.104413, 1.29, 0, 0, 0
12750, 6, 6, 15.0242, 15.0874, 12.2543, 12.2543, 1.31458, -0.115161, 1.3, 0, 0, 0
12761, 6, 6, 15.1505, 15.2101, 12.2894, 12.6295, 2.07505, -0.122838, 1.31, 0, 0, 0
12770, 6, 6, 15.2732, 15.3328, 12.2403, 12.2508, 2.26269, -0.130516, 1.32, 0, 0, 0
12780, 6, 6, 15.3959, 15.4555, 12.3034, 11.9528, 0.761519, -0.136658, 1.33, 0, 0, 0
12790, 6, 6, 15.5151, 15.5782, 12.2403, 12.2473, 0.809944, -0.1428, 1.34, 0, 0, 0
12801, 6, 6, 15.6378, 15.701, 12.2999, 12.2999, 0.809944, -0.145871, 1.35, 0, 0, 0
12811, 6, 6, 15.7641, 15.8202, 12.2403, 12.2403, 0.646044, -0.148942, 1.36, 0, 0, 0
12820, 6, 6, 15.8868, 15.9429, 12.2999, 12.2754, 4.96481, -0.150477, 1.37, 0, 0, 0
12830, 6, 6, 16.0095, 16.0656, 12.2648, 12.2859, 4.96481, -0.150477, 1.38, 0, 0, 0
12840, 6, 6, 16.1357, 16.1883, 12.612, 12.2613, 0.928316, -0.148942, 1.39, 0, 0, 0
12851, 6, 6, 16.2584, 16.3145, 12.6049, 12.2543, 0.928316, -0.147406, 1.4, 0, 0, 0
12860, 6, 6, 16.3847, 16.4373, 12.3034, 12.626, 1.31458, -0.144335, 1.41, 0, 0, 0
12870, 6, 6, 16.5109, 16.5635, 12.6155, 12.2999, 0.928316, -0.139729, 1.42, 0, 0, 0
12880, 6, 6, 16.6336, 16.6862, 12.5944, 12.2403, 0.928316, -0.133587, 1.43, 0, 0, 0
12891, 6, 6, 16.7598, 16.8089, 12.2718, 12.2754, 2.76309, -0.127445, 1.44, 0, 0, 0
12900, 6, 6, 16.8826, 16.9316, 12.2754, 12.2613, 2.76309, -0.119767, 1.45, 0, 0, 0
12910, 6, 6, 17.0053, 17.0544, 12.2754, 12.2894, 0.615063, -0.11209, 1.46, 0, 0, 0
12920, 6, 6, 17.128, 17.1771, 12.612, 12.2613, 0.928316, -0.102877, 1.47, 0, 0, 0
12931, 6, 6, 17.2542, 17.2998, 12.2999, 12.2964, 0.928316, -0.0936643, 1.48, 0, 0, 0
12941, 6, 6, 17.3769, 17.4225, 12.2368, 12.2403, 1.66222, -0.0844514, 1.49, 0, 0, 0
12950, 6, 6, 17.4997, 17.5452, 12.2999, 12.2859, 0.809944, -0.0737031, 1.5, 0, 0, 0
12960, 6, 6, 17.6224, 17.668, 12.2508, 12.2613, 0.809944, -0.0614192, 1.51, 0, 0, 0
12971, 6, 6, 17.7451, 17.7907, 12.2894, 12.2648, 2.07505, -0.0506709, 1.52, 0, 0, 0
12981, 6, 6, 17.8713, 17.9134, 12.6014, 12.2789, 2.26269, -0.038387, 1.53, 0, 0, 0
12990, 6, 6, 17.994, 18.0361, 12.2648, 12.2543, 0.718628, -0.0276386, 1.54, 0, 0, 0
13000, 6, 6, 18.1168, 18.1588, 12.2859, 12.2718, 1.31458, -0.0153548, 1.55, 0, 0, 0
13010, 6, 6, 18.2395, 18.2815, 12.2859, 12.3034, 1.31458, -0.00307096, 1.56, 0, 0, 0
13021, 6, 6, 18.3622, 18.4043, 12.2368, 12.2263, 8.2674, 0.0076774, 1.57, 0, 0, 0
13030, 6, 6, 18.4849, 18.527, 12.2999, 12.3034, 0.809944, 0.0199612, 1.58, 0, 0, 0
13040, 6, 6, 18.6076, 18.6497, 12.6014, 12.2473, 0.391999, 0.0307096, 1.59, 0, 0, 0
13050, 6, 6, 18.7303, 18.7724, 12.2964, 12.2964, 2.07505, 0.041458, 1.6, 0, 0, 0
13061, 6, 6, 18.8531, 18.8951, 11.9002, 12.2543, 2.26269, 0.0522063, 1.61, 0, 0, 0
13070, 6, 6, 18.9758, 19.0179, 12.6155, 12.2754, 0.809944, 0.0614192, 1.62, 0, 0, 0
13080, 6, 6, 19.0985, 19.1406, 12.2648, 12.2648, 1.66222, 0.0721676, 1.63, 0, 0, 0
13090, 6, 6, 19.2212, 19.2633, 12.2894, 12.2859, 1.66222, 0.079845, 1.64, 0, 0, 0
13101, 6, 6, 19.3439, 19.386, 12.2543, 12.2543, 3.54942, 0.0875224, 1.65, 0, 0, 0
13111, 6, 6, 19.4702, 19.5087, 12.2789, 12.2789, 3.54942, 0.0936643, 1.66, 0, 0, 0
13120, 6, 6, 19.5929, 19.6314, 12.2754, 12.2718, 3.54942, 0.0998062, 1.67, 0, 0, 0
13130, 6, 6, 19.7191, 19.7542, 12.612, 12.2718, 1.66222, 0.104413, 1.68, 0, 0, 0
13140, 6, 6, 19.8418, 19.8769, 12.2754, 12.2718, 1.66222, 0.107484, 1.69, 0, 0, 0
13151, 6, 6, 19.9645, 19.9996, 12.2648, 12.2718, 1.55902, 0.110555, 1.7, 0, 0, 0
13160, 6, 6, 20.0838, 20.1188, 11.9247, 12.2543, 4.96481, 0.113626, 1.71, 0, 0, 0
13170, 6, 6, 20.2065, 20.238, 12.2648, 11.9212, 6.20328, 0.115161, 1.72, 0, 0, 0
13180, 6, 6, 20.3292, 20.3607, 12.2648, 12.2754, 6.20328, 0.115161, 1.73, 0, 0, 0
13191, 6, 6, 20.4484, 20.4835, 12.2859, 12.2754, 6.20328, 0.115161, 1.74, 0, 0, 0
13200, 6, 6, 20.5746, 20.6062, 12.2473, 12.2613, 3.54942, 0.113626, 1.75, 0, 0, 0
13210, 6, 6, 20.6973, 20.7289, 12.3034, 12.2894, 8.2674, 0.110555, 1.76, 0, 0, 0
13220, 6, 6, 20.8201, 20.8516, 12.2543, 12.2718, 8.2674, 0.107484, 1.77, 0, 0, 0
13231, 6, 6, 20.9428, 20.9743, 12.2789, 12.2648, 4.96481, 0.104413, 1.78, 0, 0, 0
13240, 6, 6, 21.0655, 21.0971, 12.2403, 12.2508, 3.54942, 0.0998062, 1.79, 0, 0, 0
13250, 6, 6, 21.1847, 21.2198, 11.9388, 11.9423, 3.54942, 0.0951998, 1.8, 0, 0, 0
13260, 6, 6, 21.3074, 21.3425, 12.2718, 12.2718, 4.96481, 0.0890579, 1.81, 0, 0, 0
13271, 6, 6, 21.4302, 21.4652, 12.2718, 12.2718, 4.96481, 0.0829159, 1.82, 0, 0, 0
13281, 6, 6, 21.5529, 21.5844, 12.2613, 12.2403, 0.680374, 0.0752385, 1.83, 0, 0, 0
13290, 6, 6, 21.6721, 21.7071, 11.9282, 11.9247, 4.96481, 0.0690966, 1.84, 0, 0, 0
13300, 6, 6, 21.7948, 21.8264, 12.2613, 12.2789, 6.20328, 0.0614192, 1.85, 0, 0, 0
13310, 6, 6, 21.914, 21.9491, 12.2859, 11.9388, 6.20328, 0.0537418, 1.86, 0, 0, 0
13321, 6, 6, 22.0367, 22.0683, 11.9212, 12.2473, 2.76309, 0.0460644, 1.87, 0, 0, 0
13330, 6, 6, 22.1594, 22.191, 12.2508, 11.9142, 2.76309, 0.0368515, 1.88, 0, 0, 0
13340, 6, 6, 22.2822, 22.3102, 12.2894, 12.2859, 1.66222, 0.0291741, 1.89, 0, 0, 0
13350, 6, 6, 22.4049, 22.4329, 12.2648, 12.2648, 1.66222, 0.0214967, 1.9, 0, 0, 0
13361, 6, 6, 22.5276, 22.5557, 12.2754, 12.2613, 8.2674, 0.0122838, 1.91, 0, 0, 0
13370, 6, 6, 22.6503, 22.6784, 12.2754, 12.2894, 2.76309, 0.00460644, 1.92, 0, 0, 0
13380, 6, 6, 22.7765, 22.8046, 12.6014, 12.2648, 2.76309, -0.00460644, 1.93, 0, 0, 0
13390, 6, 6, 22.8993, 22.9273, 12.6225, 12.2648, 8.2674, -0.0122838, 1.94, 0, 0, 0
13401, 6, 6, 23.0255, 23.05, 12.2894, 12.2894, 8.2674, -0.0214967, 1.95, 0, 0, 0
13410, 6, 6, 23.1447, 23.1692, 12.2508, 12.2403, 0.646044, -0.0291741, 1.96, 0, 0, 0
13420, 6, 6, 23.2674, 23.292, 11.9212, 11.9352, 3.54942, -0.0353161, 1.97, 0, 0, 0
13430, 6, 6, 23.3901, 23.4112, 12.2789, 12.2754, 3.54942, -0.0429934, 1.98, 0, 0, 0
13441, 6, 6, 23.5094, 23.5339, 12.2543, 12.2473, 2.76309, -0.0491354, 1.99, 0, 0, 0
13451, 6, 6, 23.6356, 23.6566, 12.2894, 12.3034, 2.76309, -0.0552773, 2, 0, 0, 0
13460, 6, 6, 23.7583, 23.7793, 12.2543, 12.2473, 2.76309, -0.0598837, 2.01, 0, 0, 0
13470, 6, 6, 23.881, 23.9021, 12.2859, 12.2894, 0.809944, -0.0644902, 2.02, 0, 0, 0
13480, 6, 6, 24.0002, 24.0248, 11.9282, 11.9212, 0.809944, -0.0675611, 2.03, 0, 0, 0
13491, 6, 6, 24.1229, 24.144, 12.2368, 12.2508, 0.928316, -0.0706321, 2.04, 0, 0, 0
13500, 6, 6, 24.2457, 24.2667, 12.2894, 12.2648, 2.26269, -0.0737031, 2.05, 0, 0, 0
13510, 6, 6, 24.3684, 24.3894, 12.2718, 12.2789, 2.26269, -0.0752385, 2.06, 0, 0, 0
13520, 6, 6, 24.4911, 24.5121, 12.2859, 12.2859, 1.31458, -0.076774, 2.07, 0, 0, 0
13531, 6, 6, 24.6138, 24.6349, 12.2718, 12.2718, 3.54942, -0.0783095, 2.08, 0, 0, 0
13540, 6, 6, 24.7365, 24.7576, 12.2508, 12.2508, 4.13916, -0.0783095, 2.09, 0, 0, 0
13550, 6, 6, 24.8557, 24.8803, 11.9352, 11.9352, 2.07505, -0.076774, 2.1, 0, 0, 0
13560, 6, 6, 24.9785, 25.003, 12.2543, 12.2648, 2.26269, -0.0752385, 2.11, 0, 0, 0
13571, 6, 6, 25.1012, 25.1222, 12.2894, 12.2754, 1.08786, -0.0721676, 2.12, 0, 0, 0
13580, 6, 6, 25.2204, 25.2449, 12.2473, 12.2508, 4.96481, -0.0690966, 2.13, 0, 0, 0
13590, 6, 6, 25.3431, 25.3677, 12.2789, 11.9388, 4.96481, -0.0660257, 2.14, 0, 0, 0
13600, 6, 6, 25.4658, 25.4904, 12.2648, 12.2718, 3.54942, -0.0629547, 2.15, 0, 0, 0
13611, 6, 6, 25.5886, 25.6131, 12.2754, 12.2718, 3.54942, -0.0583483, 2.16, 0, 0, 0
13621, 6, 6, 25.7148, 25.7358, 12.2613, 12.2648, 3.54942, -0.0537418, 2.17, 0, 0, 0
13630, 6, 6, 25.8375, 25.8585, 12.2789, 12.2403, 4.96481, -0.0491354, 2.18, 0, 0, 0
13640, 6, 6, 25.9637, 25.9813, 12.6295, 12.3209, 4.96481, -0.0445289, 2.19, 0, 0, 0
13650, 6, 6, 26.0864, 26.1005, 12.2508, 12.2508, 0.516429, -0.0399225, 2.2, 0, 0, 0
13661, 6, 6, 26.2092, 26.2232, 12.2859, 12.2789, 8.2674, -0.0353161, 2.21, 0, 0, 0
13670, 6, 6, 26.3319, 26.3459, 12.2473, 12.2508, 12.3956, -0.0291741, 2.22, 0, 0, 0
13680, 6, 6, 26.4546, 26.4686, 12.2894, 12.2894, 2.26269, -0.0245677, 2.23, 0, 0, 0
13690, 6, 6, 26.5773, 26.5913, 12.2508, 12.2473, 2.26269, -0.0184258, 2.24, 0, 0, 0
13701, 6, 6, 26.7, 26.7141, 12.2999, 12.2894, 3.54942, -0.0122838, 2.25, 0, 0, 0
13710, 6, 6, 26.8228, 26.8368, 12.2508, 12.2508, 2.76309, -0.0076774, 2.26, 0, 0, 0
13720, 6, 6, 26.942, 26.9595, 11.9352, 12.2964, 2.76309, -0.00153548, 2.27, 0, 0, 0
13730, 6, 6, 27.0647, 27.0822, 12.2754, 11.9142, 2.76309, 0.00460644, 2.28, 0, 0, 0
13741, 6, 6, 27.1874, 27.2049, 12.2543, 12.2648, 2.76309, 0.0107484, 2.29, 0, 0, 0
13751, 6, 6, 27.3101, 27.3276, 12.2789, 12.2789, 2.76309, 0.0168903, 2.3, 0, 0, 0
13760, 6, 6, 27.4328, 27.4469, 12.2508, 12.2473, 3.54942, 0.0230322, 2.31, 0, 0, 0
13770, 6, 6, 27.5556, 27.5731, 12.2964, 12.2894, 0.615063, 0.0276386, 2.32, 0, 0, 0
13780, 6, 6, 27.6783, 27.6958, 12.2543, 12.2648, 0.445482, 0.0322451, 2.33, 0, 0, 0
13791, 6, 6, 27.801, 27.815, 12.6225, 12.2718, 1.31458, 0.0368515, 2.34, 0, 0, 0
13800, 6, 6, 27.9272, 27.9377, 12.2859, 12.2543, 1.31458, 0.041458, 2.35, 0, 0, 0
13810, 6, 6, 28.0464, 28.0605, 11.9037, 11.9247, 2.26269, 0.0445289, 2.36, 0, 0, 0
13820, 6, 6, 28.1691, 28.1797, 12.2613, 12.2718, 1.66222, 0.0491354, 2.37, 0, 0, 0
13831, 6, 6, 28.2919, 28.3024, 12.2964, 11.9423, 1.66222, 0.0522063, 2.38, 0, 0, 0
13840, 6, 6, 28.4146, 28.4251, 12.2403, 12.2403, 1.66222, 0.0552773, 2.39, 0, 0, 0
13850, 6, 6, 28.5338, 28.5443, 12.2999, 12.3034, 1.66222, 0.0583483, 2.4, 0, 0, 0
13860, 6, 6, 28.6565, 28.667, 12.2613, 12.2473, 1.66222, 0.0598837, 2.41, 0, 0, 0
13871, 6, 6, 28.7827, 28.7898, 12.2648, 11.9247, 1.66222, 0.0598837, 2.42, 0, 0, 0
13880, 6, 6, 28.9055, 28.9125, 12.2718, 12.2718, 1.66222, 0.0614192, 2.43, 0, 0, 0
13890, 6, 6, 29.0282, 29.0352, 12.2754, 12.2648, 4.96481, 0.0614192, 2.44, 0, 0, 0
13900, 6, 6, 29.1509, 29.1579, 12.6295, 12.2894, 4.96481, 0.0598837, 2.45, 0, 0, 0
13911, 6, 6, 29.2736, 29.2806, 12.2473, 12.6014, 1.66222, 0.0598837, 2.46, 0, 0, 0
13921, 6, 6, 29.3963, 29.4033, 11.9352, 11.9352, 1.66222, 0.0583483, 2.47, 0, 0, 0
13930, 6, 6, 29.5191, 29.5226, 12.2648, 12.2403, 1.66222, 0.0568128, 2.48, 0, 0, 0
13940, 6, 6, 29.6418, 29.6453, 12.2648, 11.9388, 4.96481, 0.0537418, 2.49, 0, 0, 0
13950, 6, 6, 29.7645, 29.7645, 12.2859, 12.2789, 1.66222, 0.0522063, 2.5, 0, 0, 0
13961, 6, 6, 29.8872, 29.8872, 12.2543, 12.2473, 1.66222, 0.0491354, 2.51, 0, 0, 0
13970, 6, 6, 30.0099, 30.0099, 12.2754, 12.2789, 2.76309, 0.0460644, 2.52, 0, 0, 0
13980, 6, 6, 30.1326, 30.1326, 12.2754, 12.2718, 2.76309, 0.0429934, 2.53, 0, 0, 0
13990, 6, 6, 30.2554, 30.2554, 12.2718, 12.2859, 1.66222, 0.0399225, 2.54, 0, 0, 0
14001, 6, 6, 30.3746, 30.3746, 11.9282, 11.9142, 2.76309, 0.0368515, 2.55, 0, 0, 0
14010, 6, 6, 30.4938, 30.4938, 12.2368, 11.8967, 3.10711, 0.0322451, 2.56, 0, 0, 0
14020, 6, 6, 30.6165, 30.6165, 11.9388, 11.9423, 2.76309, 0.0291741, 2.57, 0, 0, 0
14030, 6, 6, 30.7392, 30.7357, 12.2754, 12.2754, 0.809944, 0.0261032, 2.58, 0, 0, 0
14041, 6, 6, 30.8584, 30.8584, 11.9212, 12.2543, 0.809944, 0.0214967, 2.59, 0, 0, 0
14050, 6, 6, 30.9812, 30.9812, 12.2648, 11.9247, 2.76309, 0.0184258, 2.6, 0, 0, 0
14060, 6, 6, 31.1039, 31.1039, 12.2754, 12.2754, 2.76309, 0.0138193, 2.61, 0, 0, 0
14070, 6, 6, 31.2266, 31.2231, 12.2613, 12.2613, 1.31458, 0.00921288, 2.62, 0, 0, 0
14081, 6, 6, 31.3493, 31.3458, 12.2894, 12.2789, 2.76309, 0.00614192, 2.63, 0, 0, 0
14091, 6, 6, 31.472, 31.4685, 12.2298, 12.2403, 2.76309, 0.00153548, 2.64, 0, 0, 0
14100, 6, 6, 31.5912, 31.5912, 11.9493, 11.9423, 2.76309, -0.00153548, 2.65, 0, 0, 0
14110, 6, 6, 31.7105, 31.7105, 11.9352, 12.2789, 2.76309, -0.00460644, 2.66, 0, 0, 0
14120, 6, 6, 31.8332, 31.8332, 12.2508, 11.9002, 1.66222, -0.0076774, 2.67, 0, 0, 0
14131, 6, 6, 31.9524, 31.9524, 11.9212, 12.2718, 1.31458, -0.00921288, 2.68, 0, 0, 0
14140, 6, 6, 32.0751, 32.0751, 12.2859, 11.9388, 0.478278, -0.0122838, 2.69, 0, 0, 0
14150, 6, 6, 32.1978, 32.1978, 12.6014, 12.2543, 0.600679, -0.0153548, 2.7, 0, 0, 0
14160, 6, 6, 32.324, 32.3205, 12.2894, 12.2789, 2.76309, -0.0184258, 2.71, 0, 0, 0
14171, 6, 6, 32.4468, 32.4433, 12.6014, 12.2648, 2.76309, -0.0214967, 2.72, 0, 0, 0
14180, 6, 6, 32.5695, 32.5625, 12.2754, 12.2718, 0.928316, -0.0230322, 2.73, 0, 0, 0
14190, 6, 6, 32.6922, 32.6852, 11.9423, 12.2859, 0.928316, -0.0245677, 2.74, 0, 0, 0
14200, 6, 6, 32.8149, 32.8079, 12.2508, 11.9002, 2.76309, -0.0261032, 2.75, 0, 0, 0
14211, 6, 6, 32.9376, 32.9306, 12.2754, 12.2859, 1.31458, -0.0276386, 2.76, 0, 0, 0
14220, 6, 6, 33.0568, 33.0533, 12.2613, 12.2648, 1.31458, -0.0291741, 2.77, 0, 0, 0
14230, 6, 6, 33.1796, 33.1726, 11.9247, 12.2543, 1.31458, -0.0291741, 2.78, 0, 0, 0
14240, 6, 6, 33.3023, 33.2953, 12.2718, 11.9388, 1.31458, -0.0291741, 2.79, 0, 0, 0
14251, 6, 6, 33.425, 33.418, 12.2718, 12.2718, 1.38701, -0.0291741, 2.8, 0, 0, 0
14261, 6, 6, 33.5477, 33.5407, 12.2648, 12.2508, 1.66222, -0.0276386, 2.81, 0, 0, 0
14270, 6, 6, 33.6704, 33.6634, 12.612, 12.6155, 0.506319, -0.0276386, 2.82, 0, 0, 0
14280, 6, 6, 33.7967, 33.7861, 12.2964, 12.2894, 1.66222, -0.0261032, 2.83, 0, 0, 0
14290, 6, 6, 33.9159, 33.9089, 11.9247, 12.2718, 2.26269, -0.0261032, 2.84, 0, 0, 0
14301, 6, 6, 34.0386, 34.0316, 12.2508, 12.2543, 2.26269, -0.0245677, 2.85, 0, 0, 0
14310, 6, 6, 34.1578, 34.1543, 11.9282, 11.9352, 1.31458, -0.0230322, 2.86, 0, 0, 0
14320, 6, 6, 34.2805, 34.277, 12.2754, 12.2789, 2.26269, -0.0214967, 2.87, 0, 0, 0
14330, 6, 6, 34.4032, 34.3962, 12.2613, 12.2508, 2.26269, -0.0199612, 2.88, 0, 0, 0
14341, 6, 6, 34.5225, 34.519, 11.9107, 11.9247, 1.66222, -0.0168903, 2.89, 0, 0, 0
14350, 6, 6, 34.6452, 34.6382, 12.2859, 12.2718, 1.66222, -0.0153548, 2.9, 0, 0, 0
14360, 6, 6, 34.7679, 34.7609, 12.2789, 12.2754, 2.26269, -0.0138193, 2.91, 0, 0, 0
14370, 6, 6, 34.8906, 34.8836, 12.2403, 12.2543, 0.928316, -0.0122838, 2.92, 0, 0, 0
14381, 6, 6, 35.0133, 35.0063, 12.647, 11.9493, 0.9636, -0.0107484, 2.93, 0, 0, 0
14391, 6, 6, 35.1361, 35.129, 12.2403, 12.2368, 1.66222, -0.00921288, 2.94, 0, 0, 0
14400, 6, 6, 35.2588, 35.2518, 12.3034, 12.3034, 1.66222, -0.0076774, 2.95, 0, 0, 0
14410, 6, 6, 35.385, 35.371, 12.2543, 12.2473, 1.31458, -0.00614192, 2.96, 0, 0, 0
14420, 6, 6, 35.5077, 35.4937, 12.2859, 12.2789, 0.928316, -0.00460644, 2.97, 0, 0, 0
14431, 6, 6, 35.6304, 35.6199, 12.5839, 12.2508, 0.928316, -0.00307096, 2.98, 0, 0, 0
14440, 6, 6, 35.7531, 35.7391, 11.9493, 12.2859, 2.26269, -0.00153548, 2.99, 0, 0, 0
14450, 6, 6, 35.8759, 35.8618, 12.2754, 12.2789, 2.07505, 0, 3, 0, 0, 0
14460, 6, 6, 35.9986, 35.9846, 12.2543, 11.9212, 2.26269, 0, 3.01, 0, 0, 0
14471, 6, 6, 36.1213, 36.1073, 12.2718, 12.2648, 1.08786, 0.00153548, 3.02, 0, 0, 0
14480, 6, 6, 36.244, 36.2265, 12.2648, 12.2648, 1.08786, 0.00307096, 3.03, 0, 0, 0
14490, 6, 6, 36.3667, 36.3492, 12.2754, 12.2754, 2.26269, 0.00460644, 3.04, 0, 0, 0
14500, 6, 6, 36.486, 36.4719, 12.2859, 12.2754, 1.66222, 0.00614192, 3.05, 0, 0, 0
14511, 6, 6, 36.6087, 36.5946, 11.9037, 12.2543, 0.516429, 0.00614192, 3.06, 0, 0, 0
14520, 6, 6, 36.7314, 36.7174, 12.2613, 11.9247, 1.31458, 0.0076774, 3.07, 0, 0, 0
14530, 6, 6, 36.8541, 36.8401, 12.2789, 12.2754, 1.66222, 0.0076774, 3.08, 0, 0, 0
14540, 6, 6, 36.9768, 36.9628, 12.2613, 12.2613, 1.66222, 0.00921288, 3.09, 0, 0, 0
14551, 6, 6, 37.0995, 37.082, 12.2894, 12.2789, 1.31458, 0.00921288, 3.1, 0, 0, 0
14561, 6, 6, 37.2223, 37.2047, 12.2473, 12.2543, 1.31458, 0.00921288, 3.11, 0, 0, 0
14570, 6, 6, 37.345, 37.3274, 12.2964, 11.9247, 1.66222, 0.00921288, 3.12, 0, 0, 0
14580, 6, 6, 37.4642, 37.4467, 11.9107, 12.2718, 2.07505, 0.00921288, 3.13, 0, 0, 0
14590, 6, 6, 37.5834, 37.5694, 12.2754, 12.2859, 2.26269, 0.00921288, 3.14, 0, 0, 0
14601, 6, 6, 37.7061, 37.6921, 11.9107, 11.9142, 2.26269, 0.00921288, 3.15, 0, 0, 0
14610, 6, 6, 37.8288, 37.8113, 12.2859, 12.2613, 2.26269, 0.00921288, 3.16, 0, 0, 0
14620, 6, 6, 37.9481, 37.934, 11.9107, 12.2718, 2.76309, 0.0107484, 3.17, 0, 0, 0
14630, 6, 6, 38.0673, 38.0567, 12.2754, 11.9247, 2.76309, 0.0107484, 3.18, 0, 0, 0
14641, 6, 6, 38.19, 38.176, 11.9282, 12.2789, 0.586964, 0.0107484, 3.19, 0, 0, 0
14650, 6, 6, 38.3127, 38.2987, 12.2473, 12.2473, 2.26269, 0.0107484, 3.2, 0, 0, 0
14660, 6, 6, 38.4354, 38.4214, 12.2859, 11.9423, 2.26269, 0.0107484, 3.21, 0, 0, 0
14670, 6, 6, 38.5581, 38.5406, 12.2789, 12.2718, 2.26269, 0.00921288, 3.22, 0, 0, 0
14681, 6, 6, 38.6809, 38.6633, 12.2473, 12.2543, 2.26269, 0.00921288, 3.23, 0, 0, 0
14690, 6, 6, 38.8001, 38.786, 11.9247, 11.9282, 2.26269, 0.00921288, 3.24, 0, 0, 0
14700, 6, 6, 38.9228, 38.9053, 12.2894, 11.9352, 2.26269, 0.00921288, 3.25, 0, 0, 0
14710, 6, 6, 39.042, 39.028, 12.2473, 12.2508, 2.76309, 0.00921288, 3.26, 0, 0, 0
14721, 6, 6, 39.1647, 39.1472, 11.9282, 12.2754, 2.76309, 0.0076774, 3.27, 0, 0, 0
14731, 6, 6, 39.2874, 39.2699, 12.2718, 12.2508, 3.54942, 0.0076774, 3.28, 0, 0, 0
14740, 6, 6, 39.4102, 39.3926, 12.2613, 12.2754, 2.76309, 0.0076774, 3.29, 0, 0, 0
14750, 6, 6, 39.5329, 39.5153, 12.2894, 11.9352, 2.76309, 0.0076774, 3.3, 0, 0, 0
14760, 6, 6, 39.6521, 39.6346, 11.9212, 12.2613, 4.96481, 0.0076774, 3.31, 0, 0, 0
14771, 6, 6, 39.7748, 39.7573, 12.2473, 11.9212, 4.96481, 0.0076774, 3.32, 0, 0, 0
14780, 6, 6, 39.8975, 39.88, 12.2964, 12.2859, 2.76309, 0.0076774, 3.33, 0, 0, 0
14790, 6, 6, 40.0202, 40.0027, 12.2508, 12.2613, 2.76309, 0.0076774, 3.34, 0, 0, 0
14800, 6, 6, 40.143, 40.1254, 12.2894, 12.2894, 2.76309, 0.0076774, 3.35, 0, 0, 0
14811, 6, 6, 40.2657, 40.2481, 12.2508, 12.2473, 4.96481, 0.0076774, 3.36, 0, 0, 0
14820, 6, 6, 40.3884, 40.3709, 12.2859, 12.2859, 4.96481, 0.00614192, 3.37, 0, 0, 0
14830, 6, 6, 40.5076, 40.4936, 11.9142, 12.2543, 4.96481, 0.00614192, 3.38, 0, 0, 0
14840, 6, 6, 40.6303, 40.6128, 12.2894, 12.2999, 3.54942, 0.00614192, 3.39, 0, 0, 0
14851, 6, 6, 40.753, 40.7355, 12.2648, 12.2543, 3.54942, 0.00614192, 3.4, 0, 0, 0
14860, 6, 6, 40.8723, 40.8547, 11.9002, 11.9002, 3.54942, 0.00614192, 3.41, 0, 0, 0
14870, 6, 6, 40.9915, 40.9774, 12.2613, 11.9142, 2.26269, 0.0076774, 3.42, 0, 0, 0
14880, 6, 6, 41.1142, 41.0967, 11.9352, 12.2964, 0.52696, 0.0076774, 3.43, 0, 0, 0
14891, 6, 6, 41.2334, 41.2194, 11.9352, 11.9282, 2.76309, 0.0076774, 3.44, 0, 0, 0
14901, 6, 6, 41.3561, 41.3386, 12.2613, 11.9002, 2.76309, 0.0076774, 3.45, 0, 0, 0
14910, 6, 6, 41.4788, 41.4578, 12.2718, 12.2613, 2.76309, 0.00921288, 3.46, 0, 0, 0
14920, 6, 6, 41.6016, 41.5805, 12.2718, 12.2894, 2.26269, 0.00921288, 3.47, 0, 0, 0
14930, 6, 6, 41.7243, 41.7032, 12.2789, 12.2718, 2.26269, 0.00921288, 3.48, 0, 0, 0
14941, 6, 6, 41.8505, 41.826, 12.5839, 12.2508, 3.54942, 0.0076774, 3.49, 0, 0, 0
14950, 6, 6, 41.9732, 41.9487, 12.2999, 12.2648, 1.66222, 0.0076774, 3.5, 0, 0, 0
14960, 6, 6, 42.0959, 42.0714, 12.2613, 12.2964, 1.66222, 0.0076774, 3.51, 0, 0, 0
14970, 6, 6, 42.2152, 42.1906, 11.9282, 11.9282, 3.54942, 0.0076774, 3.52, 0, 0, 0
14981, 6, 6, 42.3379, 42.3133, 12.2754, 11.9212, 3.54942, 0.0076774, 3.53, 0, 0, 0
14990, 6, 6, 42.4606, 42.436, 12.2403, 12.2403, 4.13916, 0.0076774, 3.54, 0, 0, 0
15000, 6, 6, 42.5833, 42.5588, 12.2999, 12.3034, 2.76309, 0.0076774, 3.55, 0, 0, 0
15010, 6, 6, 42.706, 42.6815, 12.2473, 12.2473, 0.586964, 0.00614192, 3.56, 0, 0, 0
15021, 6, 6, 42.8252, 42.8042, 12.2964, 12.2964, 2.76309, 0.00614192, 3.57, 0, 0, 0
15031, 6, 6, 42.948, 42.9269, 12.2368, 12.2368, 2.76309, 0.00614192, 3.58, 0, 0, 0
15040, 6, 6, 43.0707, 43.0496, 12.3034, 12.2999, 2.76309, 0.00614192, 3.59, 0, 0, 0
15050, 6, 6, 43.1934, 43.1688, 11.9142, 11.9037, 2.26269, 0.00614192, 3.6, 0, 0, 0
15060, 6, 6, 43.3161, 43.2881, 12.2543, 12.2543, 2.26269, 0.00614192, 3.61, 0, 0, 0
15071, 6, 6, 43.4353, 43.4108, 12.2718, 11.9282, 2.26269, 0.00614192, 3.62, 0, 0, 0
15080, 6, 6, 43.558, 43.5335, 12.2754, 12.2718, 3.54942, 0.00614192, 3.63, 0, 0, 0
15090, 6, 6, 43.6808, 43.6562, 11.9107, 12.2648, 3.54942, 0.00614192, 3.64, 0, 0, 0
15100, 6, 6, 43.8035, 43.7789, 12.2894, 12.2964, 3.54942, 0.00614192, 3.65, 0, 0, 0
15111, 6, 6, 43.9262, 43.9017, 12.2508, 12.2508, 3.54942, 0.00614192, 3.66, 0, 0, 0
15120, 6, 6, 44.0454, 44.0209, 11.9352, 12.2789, 4.13916, 0.00614192, 3.67, 0, 0, 0
15130, 6, 6, 44.1681, 44.1436, 12.2754, 12.2543, 2.76309, 0.00614192, 3.68, 0, 0, 0
15140, 6, 6, 44.2908, 44.2663, 12.2473, 11.9212, 2.76309, 0.0076774, 3.69, 0, 0, 0
15151, 6, 6, 44.4101, 44.3855, 11.9423, 12.2964, 2.26269, 0.0076774, 3.7, 0, 0, 0
15160, 6, 6, 44.5328, 44.5082, 12.2648, 12.2403, 3.54942, 0.00921288, 3.71, 0, 0, 0
15170, 6, 6, 44.6555, 44.631, 12.2613, 12.2789, 3.54942, 0.00921288, 3.72, 0, 0, 0
15180, 6, 6, 44.7782, 44.7537, 12.2859, 11.9352, 3.54942, 0.00921288, 3.73, 0, 0, 0
15191, 6, 6, 44.9009, 44.8764, 12.2473, 12.2508, 3.54942, 0.00921288, 3.74, 0, 0, 0
15201, 6, 6, 45.0237, 44.9991, 12.2964, 12.2648, 3.54942, 0.0076774, 3.75, 0, 0, 0
15210, 6, 6, 45.1464, 45.1218, 12.6155, 12.2859, 2.76309, 0.0076774, 3.76, 0, 0, 0
15220, 6, 6, 45.2726, 45.2445, 12.2648, 12.2754, 2.76309, 0.0076774, 3.77, 0, 0, 0
15230, 6, 6, 45.3953, 45.3673, 12.2718, 12.2543, 2.76309, 0.00614192, 3.78, 0, 0, 0
15241, 6, 6, 45.518, 45.49, 12.2648, 12.2789, 2.26269, 0.00614192, 3.79, 0, 0, 0
15250, 6, 6, 45.6408, 45.6092, 12.2859, 12.2613, 0.549396, 0.00614192, 3.8, 0, 0, 0
15260, 6, 6, 45.7635, 45.7319, 12.2613, 12.2859, 2.76309, 0.00614192, 3.81, 0, 0, 0
15270, 6, 6, 45.8827, 45.8546, 11.9247, 11.9212, 3.10711, 0.00614192, 3.82, 0, 0, 0
15281, 6, 6, 46.0019, 45.9738, 12.2789, 12.2718, 2.76309, 0.00614192, 3.83, 0, 0, 0
15290, 6, 6, 46.1246, 46.0966, 11.9037, 12.2543, 2.07505, 0.00614192, 3.84, 0, 0, 0
15300, 6, 6, 46.2473, 46.2228, 12.6225, 12.2789, 2.26269, 0.00614192, 3.85, 0, 0, 0
15310, 6, 6, 46.37, 46.3455, 11.9352, 12.2718, 2.76309, 0.00614192, 3.86, 0, 0, 0
15321, 6, 6, 46.4928, 46.4647, 12.6049, 12.2718, 2.26269, 0.00614192, 3.87, 0, 0, 0
15330, 6, 6, 46.6155, 46.5874, 11.9247, 12.2648, 2.26269, 0.00614192, 3.88, 0, 0, 0
15340, 6, 6, 46.7382, 46.7102, 12.2543, 12.2648, 2.76309, 0.00614192, 3.89, 0, 0, 0
15350, 6, 6, 46.8609, 46.8329, 12.2789, 12.2648, 2.76309, 0.00460644, 3.9, 0, 0, 0
15361, 6, 6, 46.9836, 46.9556, 12.2718, 12.2789, 2.26269, 0.00460644, 3.91, 0, 0, 0
15371, 6, 6, 47.1064, 47.0783, 12.2648, 11.9212, 2.26269, 0.00460644, 3.92, 0, 0, 0
15380, 6, 6, 47.2256, 47.1975, 11.9352, 12.2789, 0.53794, 0.00460644, 3.93, 0, 0, 0
15390, 6, 6, 47.3448, 47.3202, 12.2613, 11.9142, 2.76309, 0.00614192, 3.94, 0, 0, 0
15400, 6, 6, 47.4675, 47.4395, 11.9142, 12.2543, 2.76309, 0.00614192, 3.95, 0, 0, 0
15411, 6, 6, 47.5902, 47.5622, 12.2718, 12.2718, 2.76309, 0.00614192, 3.96, 0, 0, 0
15420, 6, 6, 47.7129, 47.6814, 12.2754, 11.9282, 2.26269, 0.00614192, 3.97, 0, 0, 0
15430, 6, 6, 47.8357, 47.8041, 12.2859, 12.2789, 2.26269, 0.0076774, 3.98, 0, 0, 0
15440, 6, 6, 47.9584, 47.9268, 12.2508, 11.9107, 2.26269, 0.0076774, 3.99, 0, 0, 0
15451, 6, 6, 48.0811, 48.0495, 12.2859, 12.2894, 2.26269, 0.0076774, 4, 0, 0, 0
15460, 6, 6, 48.2038, 48.1723, 12.2508, 12.2508, 2.26269, 0.0076774, 4.01, 0, 0, 0
15470, 6, 6, 48.3265, 48.295, 12.6295, 12.2754, 2.26269, 0.0076774, 4.02, 0, 0, 0
15480, 6, 6, 48.4492, 48.4177, 12.2754, 12.2754, 2.26269, 0.00614192, 4.03, 0, 0, 0
15491, 6, 6, 48.572, 48.5404, 11.9247, 12.2648, 2.26269, 0.00614192, 4.04, 0, 0, 0
15500, 6, 6, 48.6912, 48.6596, 12.2543, 12.2543, 2.26269, 0.0076774, 4.05, 0, 0, 0
15510, 6, 6, 48.8104, 48.7823, 11.9142, 11.9142, 0.53794, 0.0076774, 4.06, 0, 0, 0
15520, 6, 6, 48.9331, 48.9016, 11.9282, 11.9388, 2.26269, 0.0076774, 4.07, 0, 0, 0
15531, 6, 6, 49.0558, 49.0208, 12.2859, 12.2754, 2.76309, 0.0076774, 4.08, 0, 0, 0
15541, 6, 6, 49.1785, 49.1435, 12.2648, 12.2648, 2.76309, 0.0076774, 4.09, 0, 0, 0
15550, 6, 6, 49.3013, 49.2662, 12.2648, 12.2543, 2.26269, 0.0076774, 4.1, 0, 0, 0
15560, 6, 6, 49.424, 49.3889, 12.2754, 11.9493, 2.26269, 0.0076774, 4.11, 0, 0, 0
15570, 6, 6, 49.5432, 49.5081, 12.2754, 12.2613, 1.66222, 0.00921288, 4.12, 0, 0, 0
15581, 6, 6, 49.6659, 49.6273, 11.9107, 11.9107, 2.26269, 0.00921288, 4.13, 0, 0, 0
15590, 6, 6, 49.7851, 49.7466, 11.9282, 11.9107, 2.26269, 0.00921288, 4.14, 0, 0, 0
15600, 6, 6, 49.9078, 49.8693, 12.2473, 11.9282, 2.26269, 0.0107484, 4.15, 0, 0, 0
15610, 6, 6, 50.0306, 49.992, 12.2964, 12.2894, 2.26269, 0.0107484, 4.16, 0, 0, 0
15621, 6, 6, 50.1533, 50.1147, 12.2508, 12.2508, 0.506319, 0.0107484, 4.17, 0, 0, 0
15630, 6, 6, 50.2725, 50.2374, 12.2789, 12.2789, 2.26269, 0.0107484, 4.18, 0, 0, 0
15640, 6, 6, 50.3952, 50.3566, 11.9282, 12.2543, 2.76309, 0.0107484, 4.19, 0, 0, 0
15650, 6, 6, 50.5179, 50.4794, 12.2473, 11.9247, 2.26269, 0.0107484, 4.2, 0, 0, 0
15661, 6, 6, 50.6371, 50.5986, 12.2648, 12.2648, 1.66222, 0.0107484, 4.21, 0, 0, 0
15671, 6, 6, 50.7599, 50.7213, 11.9352, 11.9352, 1.66222, 0.0122838, 4.22, 0, 0, 0
15680, 6, 6, 50.8791, 50.8405, 12.2718, 12.2508, 2.26269, 0.0122838, 4.23, 0, 0, 0
15690, 6, 6, 51.0018, 50.9632, 11.9037, 12.2754, 2.26269, 0.0122838, 4.24, 0, 0, 0
15700, 6, 6, 51.1245, 51.0859, 12.2964, 11.9423, 2.26269, 0.0122838, 4.25, 0, 0, 0
15711, 6, 6, 51.2437, 51.2052, 12.2543, 12.2403, 1.66222, 0.0122838, 4.26, 0, 0, 0
15720, 6, 6, 51.3664, 51.3279, 12.2789, 11.9282, 1.66222, 0.0122838, 4.27, 0, 0, 0
15730, 6, 6, 51.4892, 51.4506, 12.2718, 12.2859, 1.66222, 0.0122838, 4.28, 0, 0, 0
15740, 6, 6, 51.6119, 51.5698, 12.2789, 12.2648, 1.66222, 0.0107484, 4.29, 0, 0, 0
15751, 6, 6, 51.7381, 51.6925, 12.2508, 12.2613, 0.516429, 0.0107484, 4.3, 0, 0, 0
15760, 6, 6, 51.8608, 51.8152, 12.2859, 12.2613, 1.66222, 0.00921288, 4.31, 0, 0, 0
15770, 6, 6, 51.98, 51.938, 11.9142, 12.2789, 1.66222, 0.00921288, 4.32, 0, 0, 0
15780, 6, 6, 52.1028, 52.0572, 12.2789, 11.9388, 1.66222, 0.00921288, 4.33, 0, 0, 0
15791, 6, 6, 52.2255, 52.1799, 12.2718, 11.9212, 1.66222, 0.00921288, 4.34, 0, 0, 0
15800, 6, 6, 52.3447, 52.2991, 11.9002, 12.2543, 1.66222, 0.00921288, 4.35, 0, 0, 0
15810, 6, 6, 52.4639, 52.4218, 11.9388, 12.2754, 1.66222, 0.0107484, 4.36, 0, 0, 0
15820, 6, 6, 52.5866, 52.5445, 12.2543, 12.2543, 1.66222, 0.0107484, 4.37, 0, 0, 0
15831, 6, 6, 52.7093, 52.6708, 12.612, 12.2754, 1.66222, 0.00921288, 4.38, 0, 0, 0
15841, 6, 6, 52.8356, 52.7935, 12.2754, 12.2754, 1.66222, 0.00921288, 4.39, 0, 0, 0
15850, 6, 6, 52.9583, 52.9162, 12.2754, 12.2648, 1.78017, 0.00921288, 4.4, 0, 0, 0
15860, 6, 6, 53.081, 53.0389, 12.2718, 12.2789, 1.38701, 0.00921288, 4.41, 0, 0, 0
15870, 6, 6, 53.2037, 53.1616, 12.2718, 12.2718, 1.31458, 0.0076774, 4.42, 0, 0, 0
15881, 6, 6, 53.3264, 53.2844, 12.2613, 12.2613, 1.31458, 0.0076774, 4.43, 0, 0, 0
15890, 6, 6, 53.4456, 53.4071, 11.9423, 12.2718, 1.66222, 0.00614192, 4.44, 0, 0, 0
15900, 6, 6, 53.5684, 53.5263, 12.2473, 12.2718, 1.66222, 0.00614192, 4.45, 0, 0, 0
15910, 6, 6, 53.6876, 53.649, 11.9282, 11.9282, 1.66222, 0.00614192, 4.46, 0, 0, 0
15921, 6, 6, 53.8103, 53.7682, 12.2789, 12.2789, 1.31458, 0.00614192, 4.47, 0, 0, 0
15930, 6, 6, 53.9295, 53.8909, 12.2543, 12.2403, 1.31458, 0.00614192, 4.48, 0, 0, 0
15940, 6, 6, 54.0522, 54.0137, 12.2754, 11.9352, 1.31458, 0.00614192, 4.49, 0, 0, 0
15950, 6, 6, 54.1749, 54.1329, 11.9282, 12.2718, 1.31458, 0.00614192, 4.5, 0, 0, 0
15961, 6, 6, 54.2977, 54.2556, 12.2718, 12.2754, 1.31458, 0.00614192, 4.51, 0, 0, 0
15970, 6, 6, 54.4204, 54.3783, 12.2543, 11.9002, 1.31458, 0.00614192, 4.52, 0, 0, 0
15980, 6, 6, 54.5431, 54.501, 12.2859, 12.2964, 1.38701, 0.00614192, 4.53, 0, 0, 0
15990, 6, 6, 54.6693, 54.6237, 12.6014, 12.2508, 0.461284, 0.00614192, 4.54, 0, 0, 0
16001, 6, 6, 54.792, 54.7465, 12.2894, 12.2789, 1.08786, 0.00614192, 4.55, 0, 0, 0
16011, 6, 6, 54.9148, 54.8692, 12.2473, 12.6049, 1.08786, 0.00460644, 4.56, 0, 0, 0
16020, 6, 6, 55.0375, 54.9919, 12.2999, 11.9352, 1.31458, 0.00460644, 4.57, 0, 0, 0
16030, 6, 6, 55.1567, 55.1111, 11.9142, 12.2613, 1.08786, 0.00614192, 4.58, 0, 0, 0
16040, 6, 6, 55.2794, 55.2303, 12.2473, 11.9212, 1.08786, 0.00614192, 4.59, 0, 0, 0
16051, 6, 6, 55.3986, 55.353, 12.2789, 12.2754, 1.08786, 0.00614192, 4.6, 0, 0, 0
16060, 6, 6, 55.5213, 55.4758, 11.9352, 11.9037, 1.08786, 0.00614192, 4.61, 0, 0, 0
16070, 6, 6, 55.6441, 55.5985, 12.2473, 12.2789, 1.31458, 0.00614192, 4.62, 0, 0, 0
16080, 6, 6, 55.7668, 55.7212, 12.2964, 12.2894, 1.08786, 0.00614192, 4.63, 0, 0, 0
16091, 6, 6, 55.8895, 55.8439, 12.2473, 12.2508, 1.08786, 0.00614192, 4.64, 0, 0, 0
16100, 6, 6, 56.0087, 55.9631, 12.2648, 12.2613, 1.08786, 0.0076774, 4.65, 0, 0, 0
16110, 6, 6, 56.1314, 56.0858, 11.9493, 11.9528, 1.08786, 0.0076774, 4.66, 0, 0, 0
16120, 6, 6, 56.2541, 56.2086, 12.2508, 12.2508, 0.430751, 0.0076774, 4.67, 0, 0, 0
16131, 6, 6, 56.3769, 56.3313, 12.2894, 12.2754, 1.08786, 0.0076774, 4.68, 0, 0, 0
16140, 6, 6, 56.4996, 56.454, 12.2473, 12.2543, 1.08786, 0.0076774, 4.69, 0, 0, 0
16150, 6, 6, 56.6223, 56.5767, 12.2999, 12.2999, 1.08786, 0.00614192, 4.7, 0, 0, 0
16160, 6, 6, 56.7415, 56.6994, 12.2403, 12.5909, 0.928316, 0.00614192, 4.71, 0, 0, 0
16171, 6, 6, 56.8642, 56.8222, 11.9352, 11.9352, 0.928316, 0.00614192, 4.72, 0, 0, 0
16181, 6, 6, 56.9834, 56.9414, 12.2754, 12.2648, 1.08786, 0.00614192, 4.73, 0, 0, 0
16190, 6, 6, 57.1062, 57.0641, 11.9142, 11.9142, 1.08786, 0.0076774, 4.74, 0, 0, 0
16200, 6, 6, 57.2254, 57.1833, 11.9212, 12.2718, 0.9636, 0.0076774, 4.75, 0, 0, 0
16210, 6, 6, 57.3481, 57.3025, 12.2754, 11.9352, 0.928316, 0.00921288, 4.76, 0, 0, 0
16221, 6, 6, 57.4708, 57.4252, 12.2718, 12.2508, 0.9636, 0.00921288, 4.77, 0, 0, 0
16230, 6, 6, 57.5935, 57.5479, 12.2473, 11.9142, 0.928316, 0.00921288, 4.78, 0, 0, 0
16240, 6, 6, 57.7162, 57.6707, 12.2999, 12.2999, 0.928316, 0.00921288, 4.79, 0, 0, 0
16250, 6, 6, 57.839, 57.7934, 12.2473, 12.2508, 0.928316, 0.0076774, 4.8, 0, 0, 0
16261, 6, 6, 57.9617, 57.9161, 12.2999, 12.2859, 0.928316, 0.0076774, 4.81, 0, 0, 0
16270, 6, 6, 58.0809, 58.0353, 12.2508, 11.9002, 0.928316, 0.0076774, 4.82, 0, 0, 0
16280, 6, 6, 58.2036, 58.1545, 11.9282, 12.2789, 0.928316, 0.0076774, 4.83, 0, 0, 0
16290, 6, 6, 58.3228, 58.2772, 11.9037, 12.2718, 0.928316, 0.0076774, 4.84, 0, 0, 0
16301, 6, 6, 58.4455, 58.3965, 12.2894, 11.9352, 0.928316, 0.0076774, 4.85, 0, 0, 0
16311, 6, 6, 58.5683, 58.5192, 12.2508, 12.2403, 0.928316, 0.0076774, 4.86, 0, 0, 0
16320, 6, 6, 58.691, 58.6419, 12.2789, 11.9352, 0.928316, 0.0076774, 4.87, 0, 0, 0
16330, 6, 6, 58.8102, 58.7646, 11.9282, 12.2859, 0.809944, 0.0076774, 4.88, 0, 0, 0
16340, 6, 6, 58.9294, 58.8838, 11.9212, 11.9002, 0.809944, 0.0076774, 4.89, 0, 0, 0
16351, 6, 6, 59.0521, 59.0065, 12.2473, 12.2718, 0.836578, 0.0076774, 4.9, 0, 0, 0
16360, 6, 6, 59.1748, 59.1293, 12.2964, 12.2859, 0.380624, 0.0076774, 4.91, 0, 0, 0
16370, 6, 6, 59.2976, 59.2485, 12.2508, 12.2543, 0.809944, 0.0076774, 4.92, 0, 0, 0
16380, 6, 6, 59.4168, 59.3712, 12.2964, 12.2964, 0.809944, 0.00614192, 4.93, 0, 0, 0
16391, 6, 6, 59.5395, 59.4939, 11.9142, 12.2473, 0.809944, 0.00614192, 4.94, 0, 0, 0
16400, 6, 6, 59.6622, 59.6166, 12.2403, 12.2648, 0.809944, 0.00460644, 4.95, 0, 0, 0
16410, 6, 6, 59.7849, 59.7358, 12.3034, 11.9493, 0.809944, 0.00460644, 4.96, 0, 0, 0
16420, 6, 6, 59.9041, 59.8586, 12.2543, 11.9107, 0.809944, 0.00460644, 4.97, 0, 0, 0
16431, 6, 6, 60.0269, 59.9778, 11.9212, 12.2543, 0.809944, 0.00460644, 4.98, 0, 0, 0
16440, 6, 6, 60.1461, 60.097, 11.9247, 11.9247, 0.718628, 0.00460644, 4.99, 0, 0, 0
16450, 6, 6, 60.2653, 60.2162, 12.2648, 11.9247, 0.718628, 0.00614192, 5, 0, 0, 0
16460, 6, 6, 60.388, 60.3354, 11.9212, 11.9107, 0.718628, 0.00614192, 5.01, 0, 0, 0
16471, 6, 6, 60.5072, 60.4546, 11.9212, 11.9282, 0.718628, 0.0076774, 5.02, 0, 0, 0
16481, 6, 6, 60.6264, 60.5773, 12.2508, 11.9037, 0.739443, 0.00921288, 5.03, 0, 0, 0
16490, 6, 6, 60.7491, 60.6966, 11.9352, 12.2718, 0.354951, 0.00921288, 5.04, 0, 0, 0
16500, 6, 6, 60.8719, 60.8193, 12.2859, 11.9493, 0.718628, 0.00921288, 5.05, 0, 0, 0
16510, 6, 6, 60.9946, 60.942, 12.2508, 12.5944, 0.718628, 0.00921288, 5.06, 0, 0, 0
16521, 6, 6, 61.1173, 61.0647, 12.2859, 12.2648, 0.718628, 0.00921288, 5.07, 0, 0, 0
16530, 6, 6, 61.24, 61.1874, 12.2754, 12.2894, 0.718628, 0.00921288, 5.08, 0, 0, 0
16540, 6, 6, 61.3627, 61.3066, 12.2754, 11.9352, 0.718628, 0.0107484, 5.09, 0, 0, 0
16550, 6, 6, 61.4819, 61.4258, 11.9212, 11.9142, 0.646044, 0.0107484, 5.1, 0, 0, 0
16561, 6, 6, 61.6012, 61.5451, 11.9212, 11.9247, 0.646044, 0.0122838, 5.11, 0, 0, 0
16570, 6, 6, 61.7204, 61.6643, 12.2508, 11.8967, 0.646044, 0.0122838, 5.12, 0, 0, 0
16580, 6, 6, 61.8431, 61.787, 11.9247, 12.2648, 0.646044, 0.0122838, 5.13, 0, 0, 0
16590, 6, 6, 61.9658, 61.9097, 12.2718, 12.2789, 0.646044, 0.0122838, 5.14, 0, 0, 0
16601, 6, 6, 62.0885, 62.0324, 12.2648, 12.2543, 0.646044, 0.0107484, 5.15, 0, 0, 0
16610, 6, 6, 62.2113, 62.1551, 12.2718, 12.2789, 0.646044, 0.0107484, 5.16, 0, 0, 0
16620, 6, 6, 62.3305, 62.2779, 11.9352, 11.9352, 0.646044, 0.0107484, 5.17, 0, 0, 0
16630, 6, 6, 62.4532, 62.3971, 12.2613, 11.9107, 0.646044, 0.0107484, 5.18, 0, 0, 0
16641, 6, 6, 62.5724, 62.5163, 11.9142, 12.2543, 0.646044, 0.0107484, 5.19, 0, 0, 0
16651, 6, 6, 62.6951, 62.6355, 12.2648, 11.9247, 0.586964, 0.0107484, 5.2, 0, 0, 0
16660, 6, 6, 62.8143, 62.7582, 11.9282, 12.2613, 0.586964, 0.0107484, 5.21, 0, 0, 0
16670, 6, 6, 62.9335, 62.8774, 11.9247, 11.9423, 0.586964, 0.0107484, 5.22, 0, 0, 0
16680, 6, 6, 63.0527, 63.0002, 11.9282, 11.9212, 0.586964, 0.0107484, 5.23, 0, 0, 0
16691, 6, 6, 63.172, 63.1194, 11.9107, 12.2508, 0.586964, 0.0107484, 5.24, 0, 0, 0
16700, 6, 6, 63.2947, 63.2386, 12.2754, 11.9282, 0.53794, 0.0107484, 5.25, 0, 0, 0
16710, 6, 6, 63.4174, 63.3613, 12.2613, 11.9282, 0.53794, 0.0107484, 5.26, 0, 0, 0
16720, 6, 6, 63.5331, 63.477, 11.5811, 11.9212, 0.53794, 0.0122838, 5.27, 0, 0, 0
16731, 6, 6, 63.6558, 63.5962, 12.2648, 11.9142, 0.53794, 0.0122838, 5.28, 0, 0, 0
16740, 6, 6, 63.7715, 63.7154, 11.9142, 11.5776, 0.52696, 0.0122838, 5.29, 0, 0, 0
16750, 6, 6, 63.8942, 63.8346, 11.9247, 12.2613, 0.53794, 0.0138193, 5.3, 0, 0, 0
16760, 6, 6, 64.0135, 63.9538, 11.9107, 11.9107, 0.53794, 0.0138193, 5.31, 0, 0, 0
16771, 6, 6, 64.1362, 64.0766, 12.2648, 12.2754, 0.53794, 0.0138193, 5.32, 0, 0, 0
16780, 6, 6, 64.2589, 64.1993, 12.2789, 11.9037, 0.53794, 0.0122838, 5.33, 0, 0, 0
16790, 6, 6, 64.3781, 64.3185, 12.2718, 12.2859, 0.487266, 0.0122838, 5.34, 0, 0, 0
16800, 6, 6, 64.5008, 64.4377, 11.9002, 11.9142, 0.496606, 0.0122838, 5.35, 0, 0, 0
16811, 6, 6, 64.6235, 64.5569, 12.2859, 11.9282, 0.487266, 0.0122838, 5.36, 0, 0, 0
16821, 6, 6, 64.7428, 64.6796, 11.9142, 11.9037, 0.496606, 0.0122838, 5.37, 0, 0, 0
16830, 6, 6, 64.8655, 64.7989, 12.2718, 12.2754, 0.496606, 0.0122838, 5.38, 0, 0, 0
16840, 6, 6, 64.9847, 64.9216, 12.2894, 11.9493, 0.453242, 0.0122838, 5.39, 0, 0, 0
16850, 6, 6, 65.1039, 65.0408, 11.9212, 12.2613, 0.280164, 0.0122838, 5.4, 0, 0, 0
16861, 6, 6, 65.2266, 65.1635, 11.9002, 11.8967, 0.292402, 0.0122838, 5.41, 0, 0, 0
16870, 6, 6, 65.3458, 65.2827, 11.9282, 12.2718, 0.453242, 0.0122838, 5.42, 0, 0, 0
16880, 6, 6, 65.4685, 65.4054, 12.2718, 11.9423, 0.453242, 0.0138193, 5.43, 0, 0, 0
16890, 6, 6, 65.5878, 65.5247, 12.2754, 12.2613, 0.453242, 0.0138193, 5.44, 0, 0, 0
16901, 6, 6, 65.7105, 65.6474, 11.9107, 12.2613, 0.453242, 0.0138193, 5.45, 0, 0, 0
16910, 6, 6, 65.8297, 65.7666, 12.2648, 11.9247, 0.423754, 0.0138193, 5.46, 0, 0, 0
16920, 6, 6, 65.9524, 65.8893, 11.9247, 11.9282, 0.423754, 0.0138193, 5.47, 0, 0, 0
16930, 6, 6, 66.0716, 66.0085, 11.9247, 12.2754, 0.423754, 0.0153548, 5.48, 0, 0, 0
16941, 6, 6, 66.1908, 66.1312, 11.9037, 12.2508, 0.423754, 0.0153548, 5.49, 0, 0, 0
16951, 6, 6, 66.31, 66.2539, 12.2894, 11.9388, 0.397953, 0.0153548, 5.5, 0, 0, 0
16960, 6, 6, 66.4328, 66.3767, 11.9142, 12.2473, 0.404096, 0.0153548, 5.51, 0, 0, 0
16970, 6, 6, 66.552, 66.4959, 11.9212, 11.9282, 0.397953, 0.0153548, 5.52, 0, 0, 0
16980, 6, 6, 66.6712, 66.6151, 12.2543, 12.2718, 0.256173, 0.0153548, 5.53, 0, 0, 0
16991, 6, 6, 66.7904, 66.7343, 11.5741, 11.5601, 0.375187, 0.0153548, 5.54, 0, 0, 0
17000, 6, 6, 66.9131, 66.8535, 12.2648, 11.9212, 0.375187, 0.0168903, 5.55, 0, 0, 0
17010, 6, 6, 67.0323, 66.9727, 12.2718, 11.9282, 0.375187, 0.0168903, 5.56, 0, 0, 0
17020, 6, 6, 67.1551, 67.0919, 11.9423, 12.2789, 0.375187, 0.0153548, 5.57, 0, 0, 0
17031, 6, 6, 67.2778, 67.2147, 12.2543, 12.2543, 0.375187, 0.0153548, 5.58, 0, 0, 0
17040, 6, 6, 67.4005, 67.3374, 12.2508, 12.2613, 0.354951, 0.0138193, 5.59, 0, 0, 0
17050, 6, 6, 67.5232, 67.4601, 12.2894, 11.9388, 0.354951, 0.0138193, 5.6, 0, 0, 0
17060, 6, 6, 67.6424, 67.5793, 11.9247, 12.2648, 0.354951, 0.0138193, 5.61, 0, 0, 0
17071, 6, 6, 67.7616, 67.6985, 11.9247, 11.5811, 0.336844, 0.0138193, 5.62, 0, 0, 0
17080, 6, 6, 67.8808, 67.8177, 11.9107, 12.2508, 0.316726, 0.0138193, 5.63, 0, 0, 0
17090, 6, 6, 68.0001, 67.9369, 11.9212, 11.5811, 0.324468, 0.0138193, 5.64, 0, 0, 0
17100, 6, 6, 68.1228, 68.0562, 12.2718, 12.2648, 0.320549, 0.0122838, 5.65, 0, 0, 0
17111, 6, 6, 68.2455, 68.1789, 12.2648, 12.2648, 0.320549, 0.0122838, 5.66, 0, 0, 0
17121, 6, 6, 68.3647, 68.2981, 11.9212, 11.9247, 0.305805, 0.0122838, 5.67, 0, 0, 0
17130, 6, 6, 68.4839, 68.4208, 11.9388, 12.2718, 0.305805, 0.0107484, 5.68, 0, 0, 0
17140, 6, 6, 68.6066, 68.54, 12.2613, 11.9142, 0.305805, 0.0107484, 5.69, 0, 0, 0
17150, 6, 6, 68.7258, 68.6627, 11.9142, 11.9142, 0.289239, 0.0107484, 5.7, 0, 0, 0
17161, 6, 6, 68.8451, 68.7784, 11.9282, 11.9142, 0.280164, 0.0107484, 5.71, 0, 0, 0
17170, 6, 6, 68.9643, 68.8977, 11.9247, 11.9212, 0.280164, 0.0107484, 5.72, 0, 0, 0
17180, 6, 6, 69.0835, 69.0204, 12.2473, 11.9282, 0.280164, 0.0107484, 5.73, 0, 0, 0
17190, 6, 6, 69.2062, 69.1396, 11.9212, 12.2648, 0.280164, 0.0107484, 5.74, 0, 0, 0
17201, 6, 6, 69.3254, 69.2588, 11.9247, 11.9247, 0.268946, 0.0107484, 5.75, 0, 0, 0
17210, 6, 6, 69.4446, 69.378, 11.9212, 11.9247, 0.258625, 0.00921288, 5.76, 0, 0, 0
17221, 6, 6, 69.5638, 69.5007, 11.9388, 12.2754, 0.193059, 0.00921288, 5.77, 0, 0, 0
