QGPIORecord, QRC v6.1.0, 20-12-2021 @ 23:06:01, Windows 10 Version 2009, 10.0.19042, x86_64
Time, VoltageA, eA, desired_velocity, time, PositionB, SpeedA, SpeedB, GetFrontDistance, xhat, Phat, nu, S
4234500, 0.251411, 0, 0, 0, 0, 0, 0, 0.0153548, 0, 0, 0, 0
4234510, 0.251411, 0, 0, 0, 0, 0, 0, 0.0153548, 0, 0, 0, 0
4234520, 0.251411, 0, 0, 0, 0, 0, 0, 0.0153548, 0, 0, 0, 0
4234530, 0.251411, 0, 0, 0, 0, 0, 0, 0.0153548, 0, 0, 0, 0
4234542, 0.249098, 0, 0, 0, 0, 0, 0, 0.0153548, 0, 0, 0, 0
4234550, 0.251411, 0, 0, 0, 0, 0, 0, 0.0153548, 0, 0, 0, 0
4234560, 0.226317, 0, 0, 0, 0, 0, 0, 0.0153548, 0, 0, 0, 0
4234570, 0.249098, 0, 0, 0, 0, 0, 0, 0.0153548, 0, 0, 0, 0
4234580, 0.251411, 0, 0, 0, 0, 0, 0, 0.0153548, 0, 0, 0, 0
4234590, 0.251411, 0, 0, 0, 0, 0, 0, 0.0153548, 0, 0, 0, 0
4234600, 0.249098, 0, 0, 0, 0, 0, 0, 0.0153548, 0, 0, 0, 0
4234610, 0.251411, 0, 0, 0, 0, 0, 0, 0.0153548, 0, 0, 0, 0
4234620, 0.249098, 0, 0, 0, 0, 0, 0, 0.0153548, 0, 0, 0, 0
4234630, 0.251411, 0, 0, 0, 0, 0, 0, 0.0153548, 0, 0, 0, 0
4234640, 0.251411, 0, 0, 0, 0, 0, 0, 0.0153548, 0, 0, 0, 0
4234650, 0.249098, 0, 0, 0, 0, 0, 0, 0.0153548, 0, 0, 0, 0
4234660, 0.253768, 0, 0, 0, 0, 0, 0, 0.0153548, 0, 0, 0, 0
4234671, 0.240277, 0, 0, 0, 0, 0, 0, 0.0153548, 0, 0, 0, 0
4234680, 0.251411, 0, 0, 0, 0, 0, 0, 0.0153548, 0, 0, 0, 0
4234690, 0.251411, 0, 0, 0, 0, 0, 0, 0.0153548, 0, 0, 0, 0
4234700, 0.249098, 0, 0, 0, 0, 0, 0, 0.0153548, 0, 0, 0, 0
4234711, 0.251411, 0, 0, 0, 0, 0, 0, 0.0153548, 0, 0, 0, 0
4234720, 0.251411, 0, 0, 0, 0, 0, 0, 0.0153548, 0, 0, 0, 0
4234730, 0.249098, 0, 0, 0, 0, 0, 0, 0.0153548, 0, 0, 0, 0
4234740, 0.251411, 0, 0, 0, 0, 0, 0, 0.0153548, 0, 0, 0, 0
4234750, 0.249098, 0, 0, 0, 0, 0, 0, 0.0153548, 0, 0, 0, 0
4234760, 0.251411, 0, 0, 0, 0, 0, 0, 0.0153548, 0, 0, 0, 0
4234770, 0.251411, 0, 0, 0, 0, 0, 0, 0.0153548, 0, 0, 0, 0
4234780, 0.251411, 0, 0, 0, 0, 0, 0, 0.0153548, 0, 0, 0, 0
4234790, 0.240277, 0, 0, 0, 0, 0, 0, 0.0153548, 0, 0, 0, 0
4234800, 0.251411, 0, 0, 0, 0, 0, 0, 0.0153548, 0, 0, 0, 0
4234810, 0.249098, 0, 0, 0, 0, 0, 0, 0.0153548, 0, 0, 0, 0
4234820, 0.251411, 0, 0, 0, 0, 0, 0, 0.0153548, 0, 0, 0, 0
4234830, 0.249098, 0, 0, 0, 0, 0, 0, 0.0153548, 0, 0, 0, 0
4234841, 0.251411, 0, 0, 0, 0, 0, 0, 0.0153548, 0, 0, 0, 0
4234850, 0.251411, 0, 0, 0, 0, 0, 0, 0.0153548, 0, 0, 0, 0
4234860, 0.249098, 0, 0, 0, 0, 0, 0, 0.0153548, 0, 0, 0, 0
4234870, 0.251411, 0, 0, 0, 0, 0, 0, 0.0153548, 0, 0, 0, 0
4234881, 0.251411, 0, 0, 0, 0, 0, 0, 0.0153548, 0, 0, 0, 0
4234890, 0.249098, 0, 0, 0, 0, 0, 0, 0.0153548, 0, 0, 0, 0
4234900, 0.253768, 0, 0, 0, 0, 0, 0, 0.0153548, 0, 0, 0, 0
4234910, 0.251411, 0, 0, 0, 0, 0, 0, 0.0153548, 0, 0, 0, 0
4234920, 0.251411, 0, 0, 0, 0, 0, 0, 0.0153548, 0, 0, 0, 0
4234930, 0.253768, 0, 0, 0, 0, 0, 0, 0.0153548, 0, 0, 0, 0
4234940, 0.249098, 0, 0, 0, 0, 0, 0, 0.0153548, 0, 0, 0, 0
4234950, 0.251411, 0, 0, 0, 0, 0, 0, 0.0153548, 0, 0, 0, 0
4234960, 0.249098, 0, 0, 0, 0, 0, 0, 0.0153548, 0, 0, 0, 0
4234970, 0.249098, 0, 0, 0, 0, 0, 0, 0.0153548, 0, 0, 0, 0
4234980, 0.251411, 0, 0, 0, 0, 0, 0, 0.0153548, 0, 0, 0, 0
4234990, 0.251411, 0, 0, 0, 0, 0, 0, 0.0153548, 0, 0, 0, 0
4235000, 0.251411, 0, 0, 0, 0, 0, 0, 0.0153548, 0, 0, 0, 0
4235011, 0.251411, 0, 0, 0, 0, 0, 0, 0.0153548, 0, 0, 0, 0
4235020, 0.251411, 0, 0, 0, 0, 0, 0, 0.0153548, 0, 0, 0, 0
4235030, 0.242421, 0, 0, 0, 0, 0, 0, 0.0153548, 0, 0, 0, 0
4235040, 0.249098, 0, 0, 0, 0, 0, 0, 0.0153548, 0, 0, 0, 0
4235051, 0.249098, 0, 0, 0, 0, 0, 0, 0.0153548, 0, 0, 0, 0
4235060, 0.251411, 0, 0, 0, 0, 0, 0, 0.0153548, 0, 0, 0, 0
4235070, 0.249098, 0, 0, 0, 0, 0, 0, 0.0153548, 0, 0, 0, 0
4235080, 0.251411, 0, 0, 0, 0, 0, 0, 0.0153548, 0, 0, 0, 0
4235090, 0.251411, 0, 0, 0, 0, 0, 0, 0.0153548, 0, 0, 0, 0
4235100, 0.249098, 0, 0, 0, 0, 0, 0, 0.0153548, 0, 0, 0, 0
4235110, 0.251411, 0, 0, 0, 0, 0, 0, 0.0153548, 0, 0, 0, 0
4235120, 0.249098, 0, 0, 0, 0, 0, 0, 0.0153548, 0, 0, 0, 0
4235130, 0.249098, 0, 0, 0, 0, 0, 0, 0.0153548, 0, 0, 0, 0
4235140, 0.253768, 0, 0, 0, 0, 0, 0, 0.0153548, 0, 0, 0, 0
4235150, 0.249098, 0, 0, 0, 0, 0, 0, 0.0153548, 0, 0, 0, 0
4235160, 0.234079, 0, 0, 0, 0, 0, 0, 0.0153548, 0, 0, 0, 0
4235170, 0.251411, 0, 0, 0, 0, 0, 0, 0.0153548, 0, 0, 0, 0
4235181, 0.249098, 0, 0, 0, 0, 0, 0, 0.0153548, 0, 0, 0, 0
4235190, 0.251411, 0, 0, 0, 0, 0, 0, 0.0153548, 0, 0, 0, 0
4235200, 0.251411, 0, 0, 0, 0, 0, 0, 0.0153548, 0, 0, 0, 0
4235210, 0.251411, 0, 0, 0, 0, 0, 0, 0.0153548, 0, 0, 0, 0
4235220, 0.251411, 0, 0, 0, 0, 0, 0, 0.0153548, 0, 0, 0, 0
4235230, 0.251411, 0, 0, 0, 0, 0, 0, 0.0153548, 0, 0, 0, 0
4235240, 0.251411, 0, 0, 0, 0, 0, 0, 0.0153548, 0, 0, 0, 0
4235250, 0.249098, 0, 0, 0, 0, 0, 0, 0.0153548, 0, 0, 0, 0
4235260, 0.249098, 0, 0, 0, 0, 0, 0, 0.0153548, 0, 0, 0, 0
4235270, 0.240277, 0, 0, 0, 0, 0, 0, 0.0153548, 0, 0, 0, 0
4235280, 0.251411, 0, 0, 0, 0, 0, 0, 0.0153548, 0, 0, 0, 0
4235290, 0.251411, 0, 0, 0, 0, 0, 0, 0.0153548, 0, 0, 0, 0
4235300, 0.251411, 0, 0, 0, 0, 0, 0, 0.0153548, 0, 0, 0, 0
4235311, 0.251411, 0, 0, 0, 0, 0, 0, 0.0153548, 0, 0, 0, 0
4235320, 0.251411, 0, 0, 0, 0, 0, 0, 0.0153548, 0, 0, 0, 0
4235330, 0.249098, 0, 0, 0, 0, 0, 0, 0.0153548, 0, 0, 0, 0
4235340, 0.251411, 0, 0, 0, 0, 0, 0, 0.0153548, 0, 0, 0, 0
4235351, 0.251411, 0, 0, 0, 0, 0, 0, 0.0153548, 0, 0, 0, 0
4235360, 0.249098, 0, 0, 0, 0, 0, 0, 0.0153548, 0, 0, 0, 0
4235370, 0.251411, 0, 0, 0, 0, 0, 0, 0.0153548, 0, 0, 0, 0
4235380, 0.251411, 0, 0, 0, 0, 0, 0, 0.0153548, 0, 0, 0, 0
4235390, 0.249098, 0, 0, 0, 0, 0, 0, 0.0153548, 0, 0, 0, 0
4235400, 0.234079, 0, 0, 0, 0, 0, 0, 0.0153548, 0, 0, 0, 0
4235410, 0.249098, 0, 0, 0, 0, 0, 0, 0.0153548, 0, 0, 0, 0
4235420, 0.251411, 0, 0, 0, 0, 0, 0, 0.0153548, 0, 0, 0, 0
4235430, 0.251411, 0, 0, 0, 0, 0, 0, 0.0153548, 0, 0, 0, 0
4235440, 0.251411, 0, 0, 0, 0, 0, 0, 0.0153548, 0, 0, 0, 0
4235450, 0.251411, 0, 0, 0, 0, 0, 0, 0.0153548, 0, 0, 0, 0
4235460, 0.249098, 0, 0, 0, 0, 0, 0, 0.0153548, 0, 0, 0, 0
4235470, 0.249098, 0, 0, 0, 0, 0, 0, 0.0153548, 0, 0, 0, 0
4235481, 0.251411, 0, 0, 0, 0, 0, 0, 0.0153548, 0, 0, 0, 0
4235490, 0.249098, 0, 0, 0, 0, 0, 0, 0.0153548, 0, 0, 0, 0
4235500, 0.253768, 0, 0, 0, 0, 0, 0, 0.0153548, 0, 0, 0, 0
4235510, 0.240277, 0, 0, 0, 0, 0, 0, 0.0153548, 0, 0, 0, 0
4235521, 0.249098, 0, 0, 0, 0, 0, 0, 0.0153548, 0, 0, 0, 0
4235530, 0.251411, 0, 0, 0, 0, 0, 0, 0.0153548, 0, 0, 0, 0
4235540, 0.249098, 0, 0, 0, 0, 0, 0, 0.0153548, 0, 0, 0, 0
4235550, 0.249098, 0, 0, 0, 0, 0, 0, 0.0153548, 0, 0, 0, 0
4235560, 0.251411, 0, 0, 0, 0, 0, 0, 0.0153548, 0, 0, 0, 0
4235570, 0.249098, 0, 0, 0, 0, 0, 0, 0.0153548, 0, 0, 0, 0
4235580, 0.251411, 0, 0, 0, 0, 0, 0, 0.0153548, 0, 0, 0, 0
4235590, 0.251411, 0, 0, 0, 0, 0, 0, 0.0153548, 0, 0, 0, 0
4235600, 0.249098, 0, 0, 0, 0, 0, 0, 0.0153548, 0, 0, 0, 0
4235610, 0.251411, 0, 0, 0, 0, 0, 0, 0.0153548, 0, 0, 0, 0
4235620, 0.249098, 0, 0, 0, 0, 0, 0, 0.0153548, 0, 0, 0, 0
4235630, 0.251411, 0, 0, 0, 0, 0, 0, 0.0153548, 0, 0, 0, 0
4235640, 0.251411, 0, 0, 0, 0, 0, 0, 0.0153548, 0, 0, 0, 0
4235651, 0.251411, 0, 0, 0, 0, 0, 0, 0.0153548, 0, 0, 0, 0
4235660, 0.251411, 0, 0, 0, 0, 0, 0, 0.0153548, 0, 0, 0, 0
4235670, 0.249098, 0, 0, 0, 0, 0, 0, 0.0153548, 0, 0, 0, 0
4235680, 0.251411, 0, 0, 0, 0, 0, 0, 0.0153548, 0, 0, 0, 0
4235691, 0.251411, 0, 0, 0, 0, 0, 0, 0.0153548, 0, 0, 0, 0
4235700, 0.249098, 0, 0, 0, 0, 0, 0, 0.0153548, 0, 0, 0, 0
4235710, 0.251411, 0, 0, 0, 0, 0, 0, 0.0153548, 0, 0, 0, 0
4235720, 0.251411, 0, 0, 0, 0, 0, 0, 0.0153548, 0, 0, 0, 0
4235730, 0.251411, 0, 0, 0, 0, 0, 0, 0.0153548, 0, 0, 0, 0
4235740, 0.253768, 0, 0, 0, 0, 0, 0, 0.0153548, 0, 0, 0, 0
4235750, 0.249098, 0, 0, 0, 0, 0, 0, 0.0153548, 0, 0, 0, 0
4235760, 0.249098, 0, 0, 0, 0, 0, 0, 0.0153548, 0, 0, 0, 0
4235770, 0.251411, 0, 0, 0, 0, 0, 0, 0.0153548, 0, 0, 0, 0
4235780, 0.249098, 0, 0, 0, 0, 0, 0, 0.0153548, 0, 0, 0, 0
4235790, 0.251411, 0, 0, 0, 0, 0, 0, 0.0153548, 0, 0, 0, 0
4235800, 0.251411, 0, 0, 0, 0, 0, 0, 0.0153548, 0, 0, 0, 0
4235810, 0.251411, 0, 0, 0, 0, 0, 0, 0.0153548, 0, 0, 0, 0
4235821, 0.251411, 0, 0, 0, 0, 0, 0, 0.0153548, 0, 0, 0, 0
4235830, 0.249098, 0, 0, 0, 0, 0, 0, 0.0153548, 0, 0, 0, 0
4235840, 0.251411, 0, 0, 0, 0, 0, 0, 0.0153548, 0, 0, 0, 0
4235850, 0.251411, 0, 0, 0, 0, 0, 0, 0.0153548, 0, 0, 0, 0
4235860, 0.249098, 0, 0, 0, 0, 0, 0, 0.0153548, 0, 0, 0, 0
4235870, 0.242421, 0, 0, 0, 0, 0, 0, 0.0153548, 0, 0, 0, 0
4235880, 0.251411, 0, 0, 0, 0, 0, 0, 0.0153548, 0, 0, 0, 0
4235890, 0.251411, 0, 0, 0, 0, 0, 0, 0.0153548, 0, 0, 0, 0
4235900, 0.251411, 0, 0, 0, 0, 0, 0, 0.0153548, 0, 0, 0, 0
4235910, 0.249098, 0, 0, 0, 0, 0, 0, 0.0153548, 0, 0, 0, 0
4235920, 0.251411, 0, 0, 0, 0, 0, 0, 0.0153548, 0, 0, 0, 0
4235930, 0.251411, 0, 0, 0, 0, 0, 0, 0.0153548, 0, 0, 0, 0
4235940, 0.249098, 0, 0, 0, 0, 0, 0, 0.0153548, 0, 0, 0, 0
4235951, 0.251411, 0, 0, 0, 0, 0, 0, 0.0153548, 0, 0, 0, 0
4235960, 0.249098, 0, 0, 0, 0, 0, 0, 0.0153548, 0, 0, 0, 0
4235970, 0.249098, 0, 0, 0, 0, 0, 0, 0.0153548, 0, 0, 0, 0
4235980, 0.251411, 0, 0, 0, 0, 0, 0, 0.0153548, 0, 0, 0, 0
4235991, 0.249098, 0, 0, 0, 0, 0, 0, 0.0153548, 0, 0, 0, 0
4236000, 0.251411, 0, 0, 0, 0, 0, 0, 0.0153548, 0, 0, 0, 0
4236010, 0.249098, 0, 0, 0, 0, 0, 0, 0.0153548, 0, 0, 0, 0
4236020, 0.249098, 0, 0, 0, 0, 0, 0, 0.0153548, 0, 0, 0, 0
4236030, 0.251411, 0, 0, 0, 0, 0, 0, 0.0153548, 0, 0, 0, 0
4236040, 0.251411, 0, 0, 0, 0, 0, 0, 0.0153548, 0, 0, 0, 0
4236050, 0.251411, 0, 0, 0, 0, 0, 0, 0.0153548, 0, 0, 0, 0
4236060, 0.251411, 0, 0, 0, 0, 0, 0, 0.0153548, 0, 0, 0, 0
4236070, 0.249098, 0, 0, 0, 0, 0, 0, 0.0153548, 0, 0, 0, 0
4236080, 0.251411, 0, 0, 0, 0, 0, 0, 0.0153548, 0, 0, 0, 0
4236090, 0.251411, 0, 0, 0, 0, 0, 0, 0.0153548, 0, 0, 0, 0
4236100, 0.249098, 0, 0, 0, 0, 0, 0, 0.0153548, 0, 0, 0, 0
4236110, 0.240277, 0, 0, 0, 0, 0, 0, 0.0153548, 0, 0, 0, 0
4236121, 0.249098, 0, 0, 0, 0, 0, 0, 0.0153548, 0, 0, 0, 0
4236130, 0.251411, 0, 0, 0, 0, 0, 0, 0.0153548, 0, 0, 0, 0
4236140, 0.251411, 0, 0, 0, 0, 0, 0, 0.0153548, 0, 0, 0, 0
4236150, 0.249098, 0, 0, 0, 0, 0, 0, 0.0153548, 0, 0, 0, 0
4236161, 0.251411, 0, 0, 0, 0, 0, 0, 0.0153548, 0, 0, 0, 0
4236170, 0.249098, 0, 0, 0, 0, 0, 0, 0.0153548, 0, 0, 0, 0
4236180, 0.251411, 0, 0, 0, 0, 0, 0, 0.0153548, 0, 0, 0, 0
4236190, 0.251411, 0, 0, 0, 0, 0, 0, 0.0153548, 0, 0, 0, 0
4236200, 0.251411, 0, 0, 0, 0, 0, 0, 0.0153548, 0, 0, 0, 0
4236210, 0.251411, 0, 0, 0, 0, 0, 0, 0.0153548, 0, 0, 0, 0
4236220, 0.251411, 0, 0, 0, 0, 0, 0, 0.0153548, 0, 0, 0, 0
4236230, 0.249098, 0, 0, 0, 0, 0, 0, 0.0153548, 0, 0, 0, 0
4236240, 0.251411, 0, 0, 0, 0, 0, 0, 0.0153548, 0, 0, 0, 0
4236250, 0.249098, 0, 0, 0, 0, 0, 0, 0.0153548, 0, 0, 0, 0
4236260, 0.251411, 0, 0, 0, 0, 0, 0, 0.0153548, 0, 0, 0, 0
4236270, 0.251411, 0, 0, 0, 0, 0, 0, 0.0153548, 0, 0, 0, 0
4236280, 0.249098, 0, 0, 0, 0, 0, 0, 0.0153548, 0, 0, 0, 0
4236291, 0.251411, 0, 0, 0, 0, 0, 0, 0.0153548, 0, 0, 0, 0
4236300, 0.251411, 0, 0, 0, 0, 0, 0, 0.0153548, 0, 0, 0, 0
4236310, 0.249098, 0, 0, 0, 0, 0, 0, 0.0153548, 0, 0, 0, 0
4236320, 0.251411, 0, 0, 0, 0, 0, 0, 0.0153548, 0, 0, 0, 0
4236331, 0.249098, 0, 0, 0, 0, 0, 0, 0.0153548, 0, 0, 0, 0
4236340, 0.251411, 0, 0, 0, 0, 0, 0, 0.0153548, 0, 0, 0, 0
4236350, 0.240277, 0, 0, 0, 0, 0, 0, 0.0153548, 0, 0, 0, 0
4236360, 0.249098, 0, 0, 0, 0, 0, 0, 0.0153548, 0, 0, 0, 0
4236370, 0.251411, 0, 0, 0, 0, 0, 0, 0.0153548, 0, 0, 0, 0
4236380, 0.249098, 0, 0, 0, 0, 0, 0, 0.0153548, 0, 0, 0, 0
4236390, 0.249098, 0, 0, 0, 0, 0, 0, 0.0153548, 0, 0, 0, 0
4236400, 0.251411, 0, 0, 0, 0, 0, 0, 0.0153548, 0, 0, 0, 0
4236410, 0.249098, 0, 0, 0, 0, 0, 0, 0.0153548, 0, 0, 0, 0
4236420, 0.251411, 0, 0, 0, 0, 0, 0, 0.0153548, 0, 0, 0, 0
4236430, 0.251411, 0, 0, 0, 0, 0, 0, 0.0153548, 0, 0, 0, 0
4236440, 0.249098, 0, 0, 0, 0, 0, 0, 0.0153548, 0, 0, 0, 0
4236450, 0.251411, 0, 0, 0, 0, 0, 0, 0.0153548, 0, 0, 0, 0
4236461, 0.249098, 0, 0, 0, 0, 0, 0, 0.0153548, 0, 0, 0, 0
4236470, 0.249098, 0, 0, 0, 0, 0, 0, 0.0153548, 0, 0, 0, 0
4236480, 0.251411, 0, 0, 0, 0, 0, 0, 0.0153548, 0, 0, 0, 0
4236490, 0.249098, 0, 0, 0, 0, 0, 0, 0.0153548, 0, 0, 0, 0
4236500, 0.251411, 0, 0, 0, 0, 0, 0, 0.0153548, 0, 0, 0, 0
4236510, 0.251411, 0, 0, 0, 0, 0, 0, 0.0153548, 0, 0, 0, 0
4236520, 0.249098, 0, 0, 0, 0, 0, 0, 0.0153548, 0, 0, 0, 0
4236530, 0.251411, 0, 0, 0, 0, 0, 0, 0.0153548, 0, 0, 0, 0
4236540, 0.249098, 0, 0, 0, 0, 0, 0, 0.0153548, 0, 0, 0, 0
4236550, 0.251411, 0, 0, 0, 0, 0, 0, 0.0153548, 0, 0, 0, 0
4236560, 0.251411, 0, 0, 0, 0, 0, 0, 0.0153548, 0, 0, 0, 0
4236570, 0.249098, 0, 0, 0, 0, 0, 0, 0.0153548, 0, 0, 0, 0
4236580, 0.251411, 0, 0, 0, 0, 0, 0, 0.0153548, 0, 0, 0, 0
4236591, 0.240277, 0, 0, 0, 0, 0, 0, 0.0153548, 0, 0, 0, 0
4236600, 0.251411, 0, 0, 0, 0, 0, 0, 0.0153548, 0, 0, 0, 0
4236610, 0.251411, 0, 0, 0, 0, 0, 0, 0.0153548, 0, 0, 0, 0
4236620, 0.251411, 0, 0, 0, 0, 0, 0, 0.0153548, 0, 0, 0, 0
4236631, 0.251411, 0, 0, 0, 0, 0, 0, 0.0153548, 0, 0, 0, 0
4236640, 0.251411, 0, 0, 0, 0, 0, 0, 0.0153548, 0, 0, 0, 0
4236650, 0.249098, 0, 0, 0, 0, 0, 0, 0.0153548, 0, 0, 0, 0
4236660, 0.251411, 0, 0, 0, 0, 0, 0, 0.0153548, 0, 0, 0, 0
4236670, 0.249098, 0, 0, 0, 0, 0, 0, 0.0153548, 0, 0, 0, 0
4236680, 0.251411, 0, 0, 0, 0, 0, 0, 0.0153548, 0, 0, 0, 0
4236690, 0.251411, 0, 0, 0, 0, 0, 0, 0.0153548, 0, 0, 0, 0
4236700, 0.249098, 0, 0, 0, 0, 0, 0, 0.0153548, 0, 0, 0, 0
4236710, 0.240277, 0, 0, 0, 0, 0, 0, 0.0153548, 0, 0, 0, 0
4236720, 0.251411, 0, 0, 0, 0, 0, 0, 0.0153548, 0, 0, 0, 0
4236730, 0.249098, 0, 0, 0, 0, 0, 0, 0.0153548, 0, 0, 0, 0
4236740, 0.251411, 0, 0, 0, 0, 0, 0, 0.0153548, 0, 0, 0, 0
4236750, 0.249098, 0, 0, 0, 0, 0, 0, 0.0153548, 0, 0, 0, 0
4236761, 0.251411, 0, 0, 0, 0, 0, 0, 0.0153548, 0, 0, 0, 0
4236770, 0.251411, 0, 0, 0, 0, 0, 0, 0.0153548, 0, 0, 0, 0
4236780, 0.251411, 0, 0, 0, 0, 0, 0, 0.0153548, 0, 0, 0, 0
4236790, 0.251411, 0, 0, 0, 0, 0, 0, 0.0153548, 0, 0, 0, 0
4236801, 0.251411, 0, 0, 0, 0, 0, 0, 0.0153548, 0, 0, 0, 0
4236810, 0.251411, 0, 0, 0, 0, 0, 0, 0.0153548, 0, 0, 0, 0
4236820, 0.253768, 0, 0, 0, 0, 0, 0, 0.0153548, 0, 0, 0, 0
4236830, 0.249098, 0, 0, 0, 0, 0, 0, 0.0153548, 0, 0, 0, 0
4236840, 0.251411, 0, 0, 0, 0, 0, 0, 0.0153548, 0, 0, 0, 0
4236850, 0.251411, 0, 0, 0, 0, 0, 0, 0.0153548, 0, 0, 0, 0
4236860, 0.249098, 0, 0, 0, 0, 0, 0, 0.0153548, 0, 0, 0, 0
4236870, 0.251411, 0, 0, 0, 0, 0, 0, 0.0153548, 0, 0, 0, 0
4236880, 0.249098, 0, 0, 0, 0, 0, 0, 0.0153548, 0, 0, 0, 0
4236890, 0.251411, 0, 0, 0, 0, 0, 0, 0.0153548, 0, 0, 0, 0
4236900, 0.251411, 0, 0, 0, 0, 0, 0, 0.0153548, 0, 0, 0, 0
4236910, 0.249098, 0, 0, 0, 0, 0, 0, 0.0153548, 0, 0, 0, 0
4236920, 0.251411, 0, 0, 0, 0, 0, 0, 0.0153548, 0, 0, 0, 0
4236931, 0.251411, 0, 0, 0, 0, 0, 0, 0.0153548, 0, 0, 0, 0
4236940, 0.249098, 0, 0, 0, 0, 0, 0, 0.0153548, 0, 0, 0, 0
4236950, 0.240277, 0, 0, 0, 0, 0, 0, 0.0153548, 0, 0, 0, 0
4236960, 0.249098, 0, 0, 0, 0, 0, 0, 0.0153548, 0, 0, 0, 0
4236971, 0.251411, 0, 0, 0, 0, 0, 0, 0.0153548, 0, 0, 0, 0
4236980, 0.251411, 0, 0, 0, 0, 0, 0, 0.0153548, 0, 0, 0, 0
4236990, 0.249098, 0, 0, 0, 0, 0, 0, 0.0153548, 0, 0, 0, 0
4237000, 0.251411, 0, 0, 0, 0, 0, 0, 0.0153548, 0, 0, 0, 0
4237010, 0.251411, 0, 0, 0, 0, 0, 0, 0.0153548, 0, 0, 0, 0
4237020, 0.251411, 0, 0, 0, 0, 0, 0, 0.0153548, 0, 0, 0, 0
4237030, 0.251411, 0, 0, 0, 0, 0, 0, 0.0153548, 0, 0, 0, 0
4237040, 0.251411, 0, 0, 0, 0, 0, 0, 0.0153548, 0, 0, 0, 0
4237050, 0.251411, 0, 0, 0, 0, 0, 0, 0.0153548, 0, 0, 0, 0
4237060, 0.251411, 0, 0, 0, 0, 0, 0, 0.0153548, 0, 0, 0, 0
4237070, 0.249098, 0, 0, 0, 0, 0, 0, 0.0153548, 0, 0, 0, 0
4237080, 0.251411, 0, 0, 0, 0, 0, 0, 0.0153548, 0, 0, 0, 0
4237090, 0.251411, 0, 0, 0, 0, 0, 0, 0.0153548, 0, 0, 0, 0
4237101, 0.251411, 0, 0, 0, 0, 0, 0, 0.0153548, 0, 0, 0, 0
4237110, 0.251411, 0, 0, 0, 0, 0, 0, 0.0153548, 0, 0, 0, 0
4237120, 0.251411, 0, 0, 0, 0, 0, 0, 0.0153548, 0, 0, 0, 0
4237130, 0.251411, 0, 0, 0, 0, 0, 0, 0.0153548, 0, 0, 0, 0
4237140, 0.251411, 0, 0, 0, 0, 0, 0, 0.0153548, 0, 0, 0, 0
4237150, 0.249098, 0, 0, 0, 0, 0, 0, 0.0153548, 0, 0, 0, 0
4237160, 0.251411, 0, 0, 0, 0, 0, 0, 0.0153548, 0, 0, 0, 0
4237170, 0.249098, 0, 0, 0, 0, 0, 0, 0.0153548, 0, 0, 0, 0
4237180, 0.251411, 0, 0, 0, 0, 0, 0, 0.0153548, 0, 0, 0, 0
4237190, 0.240277, 0, 0, 0, 0, 0, 0, 0.0153548, 0, 0, 0, 0
4237200, 0.249098, 0, 0, 0, 0, 0, 0, 0.0153548, 0, 0, 0, 0
4237210, 0.251411, 0, 0, 0, 0, 0, 0, 0.0153548, 0, 0, 0, 0
4237220, 0.251411, 0, 0, 0, 0, 0, 0, 0.0153548, 0, 0, 0, 0
4237231, 0.249098, 0, 0, 0, 0, 0, 0, 0.0153548, 0, 0, 0, 0
4237240, 0.251411, 0, 0, 0, 0, 0, 0, 0.0153548, 0, 0, 0, 0
4237250, 0.249098, 0, 0, 0, 0, 0, 0, 0.0153548, 0, 0, 0, 0
4237260, 0.251411, 0, 0, 0, 0, 0, 0, 0.0153548, 0, 0, 0, 0
4237271, 0.251411, 0, 0, 0, 0, 0, 0, 0.0153548, 0, 0, 0, 0
4237280, 0.249098, 0, 0, 0, 0, 0, 0, 0.0153548, 0, 0, 0, 0
4237290, 0.251411, 0, 0, 0, 0, 0, 0, 0.0153548, 0, 0, 0, 0
4237300, 0.251411, 0, 0, 0, 0, 0, 0, 0.0153548, 0, 0, 0, 0
4237310, 0.249098, 0, 0, 0, 0, 0, 0, 0.0153548, 0, 0, 0, 0
4237320, 0.251411, 0, 0, 0, 0, 0, 0, 0.0153548, 0, 0, 0, 0
4237330, 0.249098, 0, 0, 0, 0, 0, 0, 0.0153548, 0, 0, 0, 0
4237340, 0.251411, 0, 0, 0, 0, 0, 0, 0.0153548, 0, 0, 0, 0
4237350, 0.251411, 0, 0, 0, 0, 0, 0, 0.0153548, 0, 0, 0, 0
4237360, 0.249098, 0, 0, 0, 0, 0, 0, 0.0153548, 0, 0, 0, 0
4237370, 0.251411, 0, 0, 0, 0, 0, 0, 0.0153548, 0, 0, 0, 0
4237380, 0.249098, 0, 0, 0, 0, 0, 0, 0.0153548, 0, 0, 0, 0
4237390, 0.251411, 0, 0, 0, 0, 0, 0, 0.0153548, 0, 0, 0, 0
4237401, 0.251411, 0, 0, 0, 0, 0, 0, 0.0153548, 0, 0, 0, 0
4237410, 0.249098, 0, 0, 0, 0, 0, 0, 0.0153548, 0, 0, 0, 0
4237420, 0.251411, 0, 0, 0, 0, 0, 0, 0.0153548, 0, 0, 0, 0
4237430, 0.236107, 0, 0, 0, 0, 0, 0, 0.0153548, 0, 0, 0, 0
4237441, 0.251411, 0, 0, 0, 0, 0, 0, 0.0153548, 0, 0, 0, 0
4237450, 0.251411, 0, 0, 0, 0, 0, 0, 0.0153548, 0, 0, 0, 0
4237460, 0.251411, 0, 0, 0, 0, 0, 0, 0.0153548, 0, 0, 0, 0
4237470, 0.251411, 0, 0, 0, 0, 0, 0, 0.0153548, 0, 0, 0, 0
4237480, 0.251411, 0, 0, 0, 0, 0, 0, 0.0153548, 0, 0, 0, 0
4237490, 0.249098, 0, 0, 0, 0, 0, 0, 0.0153548, 0, 0, 0, 0
4237500, 0.251411, 0, 0, 0, 0, 0, 0, 0.0153548, 0, 0, 0, 0
4237510, 0.251411, 0, 0, 0, 0, 0, 0, 0.0153548, 0, 0, 0, 0
4237520, 0.249098, 0, 0, 0, 0, 0, 0, 0.0153548, 0, 0, 0, 0
4237530, 0.251411, 0, 0, 0, 0, 0, 0, 0.0153548, 0, 0, 0, 0
4237540, 0.249098, 0, 0, 0, 0, 0, 0, 0.0153548, 0, 0, 0, 0
4237550, 0.251411, 0, 0, 0, 0, 0, 0, 0.0153548, 0, 0, 0, 0
4237560, 0.251411, 0, 0, 0, 0, 0, 0, 0.0153548, 0, 0, 0, 0
4237571, 0.251411, 0, 0, 0, 0, 0, 0, 0.0153548, 0, 0, 0, 0
4237580, 0.251411, 0, 0, 0, 0, 0, 0, 0.0153548, 0, 0, 0, 0
4237590, 0.249098, 0, 0, 0, 0, 0, 0, 0.0153548, 0, 0, 0, 0
4237600, 0.249098, 0, 0, 0, 0, 0, 0, 0.0153548, 0, 0, 0, 0
4237611, 0.251411, 0, 0, 0, 0, 0, 0, 0.0153548, 0, 0, 0, 0
4237620, 0.249098, 0, 0, 0, 0, 0, 0, 0.0153548, 0, 0, 0, 0
4237630, 0.251411, 0, 0, 0, 0, 0, 0, 0.0153548, 0, 0, 0, 0
4237640, 0.251411, 0, 0, 0, 0, 0, 0, 0.0153548, 0, 0, 0, 0
4237650, 0.249098, 0, 0, 0, 0, 0, 0, 0.0153548, 0, 0, 0, 0
4237660, 0.251411, 0, 0, 0, 0, 0, 0, 0.0153548, 0, 0, 0, 0
4237670, 0.251411, 0, 0, 0, 0, 0, 0, 0.0153548, 0, 0, 0, 0
4237680, 0.249098, 0, 0, 0, 0, 0, 0, 0.0153548, 0, 0, 0, 0
4237690, 0.251411, 0, 0, 0, 0, 0, 0, 0.0153548, 0, 0, 0, 0
4237700, 0.249098, 0, 0, 0, 0, 0, 0, 0.0153548, 0, 0, 0, 0
4237710, 0.251411, 0, 0, 0, 0, 0, 0, 0.0153548, 0, 0, 0, 0
4237720, 0.251411, 0, 0, 0, 0, 0, 0, 0.0153548, 0, 0, 0, 0
4237730, 0.251411, 0, 0, 0, 0, 0, 0, 0.0153548, 0, 0, 0, 0
4237741, 0.251411, 0, 0, 0, 0, 0, 0, 0.0153548, 0, 0, 0, 0
4237750, 0.249098, 0, 0, 0, 0, 0, 0, 0.0153548, 0, 0, 0, 0
4237760, 0.251411, 0, 0, 0, 0, 0, 0, 0.0153548, 0, 0, 0, 0
4237770, 0.251411, 0, 0, 0, 0, 0, 0, 0.0153548, 0, 0, 0, 0
4237780, 0.251411, 0, 0, 0, 0, 0, 0, 0.0153548, 0, 0, 0, 0
4237790, 0.240277, 0, 0, 0, 0, 0, 0, 0.0153548, 0, 0, 0, 0
4237800, 0.251411, 0, 0, 0, 0, 0, 0, 0.0153548, 0, 0, 0, 0
4237810, 0.251411, 0, 0, 0, 0, 0, 0, 0.0153548, 0, 0, 0, 0
4237820, 0.251411, 0, 0, 0, 0, 0, 0, 0.0153548, 0, 0, 0, 0
4237830, 0.249098, 0, 0, 0, 0, 0, 0, 0.0153548, 0, 0, 0, 0
4237840, 0.251411, 0, 0, 0, 0, 0, 0, 0.0153548, 0, 0, 0, 0
4237850, 0.251411, 0, 0, 0, 0, 0, 0, 0.0153548, 0, 0, 0, 0
4237860, 0.251411, 0, 0, 0, 0, 0, 0, 0.0153548, 0, 0, 0, 0
4237871, 0.251411, 0, 0, 0, 0, 0, 0, 0.0153548, 0, 0, 0, 0
4237880, 0.251411, 0, 0, 0, 0, 0, 0, 0.0153548, 0, 0, 0, 0
4237890, 0.251411, 0, 0, 0, 0, 0, 0, 0.0153548, 0, 0, 0, 0
4237900, 0.251411, 0, 0, 0, 0, 0, 0, 0.0153548, 0, 0, 0, 0
4237911, 0.249098, 0, 0, 0, 0, 0, 0, 0.0153548, 0, 0, 0, 0
4237920, 0.251411, 0, 0, 0, 0, 0, 0, 0.0153548, 0, 0, 0, 0
4237930, 0.251411, 0, 0, 0, 0, 0, 0, 0.0153548, 0, 0, 0, 0
4237940, 0.251411, 0, 0, 0, 0, 0, 0, 0.0153548, 0, 0, 0, 0
4237950, 0.251411, 0, 0, 0, 0, 0, 0, 0.0153548, 0, 0, 0, 0
4237960, 0.251411, 0, 0, 0, 0, 0, 0, 0.0153548, 0, 0, 0, 0
4237970, 0.251411, 0, 0, 0, 0, 0, 0, 0.0153548, 0, 0, 0, 0
4237980, 0.251411, 0, 0, 0, 0, 0, 0, 0.0153548, 0, 0, 0, 0
4237990, 0.251411, 0, 0, 0, 0, 0, 0, 0.0153548, 0, 0, 0, 0
4238000, 0.251411, 0, 0, 0, 0, 0, 0, 0.0153548, 0, 0, 0, 0
4238010, 0.251411, 0, 0, 0, 0, 0, 0, 0.0153548, 0, 0, 0, 0
4238020, 0.249098, 0, 0, 0, 0, 0, 0, 0.0153548, 0, 0, 0, 0
4238030, 0.236107, 0, 0, 0, 0, 0, 0, 0.0153548, 0, 0, 0, 0
4238041, 0.249098, 0, 0, 0, 0, 0, 0, 0.0153548, 0, 0, 0, 0
4238050, 0.251411, 0, 0, 0, 0, 0, 0, 0.0153548, 0, 0, 0, 0
4238060, 0.251411, 0, 0, 0, 0, 0, 0, 0.0153548, 0, 0, 0, 0
4238070, 0.251411, 0, 0, 0, 0, 0, 0, 0.0153548, 0, 0, 0, 0
4238081, 0.251411, 0, 0, 0, 0, 0, 0, 0.0153548, 0, 0, 0, 0
4238090, 0.249098, 0, 0, 0, 0, 0, 0, 0.0153548, 0, 0, 0, 0
4238100, 0.251411, 0, 0, 0, 0, 0, 0, 0.0153548, 0, 0, 0, 0
4238110, 0.251411, 0, 0, 0, 0, 0, 0, 0.0153548, 0, 0, 0, 0
4238120, 0.249098, 0, 0, 0, 0, 0, 0, 0.0153548, 0, 0, 0, 0
4238130, 0.251411, 0, 0, 0, 0, 0, 0, 0.0153548, 0, 0, 0, 0
4238140, 0.251411, 0, 0, 0, 0, 0, 0, 0.0153548, 0, 0, 0, 0
4238150, 0.249098, 0, 0, 0, 0, 0, 0, 0.0153548, 0, 0, 0, 0
4238160, 0.251411, 0, 0, 0, 0, 0, 0, 0.0153548, 0, 0, 0, 0
4238170, 0.249098, 0, 0, 0, 0, 0, 0, 0.0153548, 0, 0, 0, 0
4238180, 0.249098, 0, 0, 0, 0, 0, 0, 0.0153548, 0, 0, 0, 0
4238190, 0.251411, 0, 0, 0, 0, 0, 0, 0.0153548, 0, 0, 0, 0
4238200, 0.249098, 0, 0, 0, 0, 0, 0, 0.0153548, 0, 0, 0, 0
4238211, 0.251411, 0, 0, 0, 0, 0, 0, 0.0153548, 0, 0, 0, 0
4238220, 0.251411, 0, 0, 0, 0, 0, 0, 0.0153548, 0, 0, 0, 0
4238230, 0.251411, 0, 0, 0, 0, 0, 0, 0.0153548, 0, 0, 0, 0
4238240, 0.251411, 0, 0, 0, 0, 0, 0, 0.0153548, 0, 0, 0, 0
4238251, 0.249098, 0, 0, 0, 0, 0, 0, 0.0153548, 0, 0, 0, 0
4238260, 0.251411, 0, 0, 0, 0, 0, 0, 0.0153548, 0, 0, 0, 0
4238270, 0.240277, 0, 0, 0, 0, 0, 0, 0.0153548, 0, 0, 0, 0
4238280, 0.249098, 0, 0, 0, 0, 0, 0, 0.0153548, 0, 0, 0, 0
4238290, 0.251411, 0, 0, 0, 0, 0, 0, 0.0153548, 0, 0, 0, 0
4238300, 0.249098, 0, 0, 0, 0, 0, 0, 0.0153548, 0, 0, 0, 0
4238310, 0.249098, 0, 0, 0, 0, 0, 0, 0.0153548, 0, 0, 0, 0
4238320, 0.251411, 0, 0, 0, 0, 0, 0, 0.0153548, 0, 0, 0, 0
4238330, 0.249098, 0, 0, 0, 0, 0, 0, 0.0153548, 0, 0, 0, 0
4238340, 0.251411, 0, 0, 0, 0, 0, 0, 0.0153548, 0, 0, 0, 0
4238350, 0.251411, 0, 0, 0, 0, 0, 0, 0.0153548, 0, 0, 0, 0
4238360, 0.249098, 0, 0, 0, 0, 0, 0, 0.0153548, 0, 0, 0, 0
4238370, 0.251411, 0, 0, 0, 0, 0, 0, 0.0153548, 0, 0, 0, 0
4238381, 0.249098, 0, 0, 0, 0, 0, 0, 0.0153548, 0, 0, 0, 0
4238390, 0.249098, 0, 0, 0, 0, 0, 0, 0.0153548, 0, 0, 0, 0
4238400, 0.251411, 0, 0, 0, 0, 0, 0, 0.0153548, 0, 0, 0, 0
4238410, 0.249098, 0, 0, 0, 0, 0, 0, 0.0153548, 0, 0, 0, 0
4238420, 0.251411, 0, 0, 0, 0, 0, 0, 0.0153548, 0, 0, 0, 0
4238430, 0.251411, 0, 0, 0, 0, 0, 0, 0.0153548, 0, 0, 0, 0
4238440, 0.251411, 0, 0, 0, 0, 0, 0, 0.0153548, 0, 0, 0, 0
4238450, 0.251411, 0, 0, 0, 0, 0, 0, 0.0153548, 0, 0, 0, 0
4238460, 0.249098, 0, 0, 0, 0, 0, 0, 0.0153548, 0, 0, 0, 0
4238470, 0.251411, 0, 0, 0, 0, 0, 0, 0.0153548, 0, 0, 0, 0
4238480, 0.251411, 0, 0, 0, 0, 0, 0, 0.0153548, 0, 0, 0, 0
4238490, 0.249098, 0, 0, 0, 0, 0, 0, 0.0153548, 0, 0, 0, 0
4238500, 0.253768, 0, 0, 0, 0, 0, 0, 0.0153548, 0, 0, 0, 0
4238511, 0.236107, 0, 0, 0, 0, 0, 0, 0.0153548, 0, 0, 0, 0
4238520, 0.251411, 0, 0, 0, 0, 0, 0, 0.0153548, 0, 0, 0, 0
4238530, 0.251411, 0, 0, 0, 0, 0, 0, 0.0153548, 0, 0, 0, 0
4238540, 0.249098, 0, 0, 0, 0, 0, 0, 0.0153548, 0, 0, 0, 0
4238551, 0.251411, 0, 0, 0, 0, 0, 0, 0.0153548, 0, 0, 0, 0
4238560, 0.251411, 0, 0, 0, 0, 0, 0, 0.0153548, 0, 0, 0, 0
4238570, 0.249098, 0, 0, 0, 0, 0, 0, 0.0153548, 0, 0, 0, 0
4238580, 0.251411, 0, 0, 0, 0, 0, 0, 0.0153548, 0, 0, 0, 0
4238590, 0.249098, 0, 0, 0, 0, 0, 0, 0.0153548, 0, 0, 0, 0
4238600, 0.251411, 0, 0, 0, 0, 0, 0, 0.0153548, 0, 0, 0, 0
4238610, 0.251411, 0, 0, 0, 0, 0, 0, 0.0153548, 0, 0, 0, 0
4238620, 0.251411, 0, 0, 0, 0, 0, 0, 0.0153548, 0, 0, 0, 0
4238630, 0.240277, 0, 0, 0, 0, 0, 0, 0.0153548, 0, 0, 0, 0
4238640, 0.251411, 0, 0, 0, 0, 0, 0, 0.0153548, 0, 0, 0, 0
4238650, 0.249098, 0, 0, 0, 0, 0, 0, 0.0153548, 0, 0, 0, 0
4238660, 0.251411, 0, 0, 0, 0, 0, 0, 0.0153548, 0, 0, 0, 0
4238670, 0.249098, 0, 0, 0, 0, 0, 0, 0.0153548, 0, 0, 0, 0
4238681, 0.251411, 0, 0, 0, 0, 0, 0, 0.0153548, 0, 0, 0, 0
4238690, 0.251411, 0, 0, 0, 0, 0, 0, 0.0153548, 0, 0, 0, 0
4238700, 0.249098, 0, 0, 0, 0, 0, 0, 0.0153548, 0, 0, 0, 0
4238710, 0.251411, 0, 0, 0, 0, 0, 0, 0.0153548, 0, 0, 0, 0
4238721, 0.251411, 0, 0, 0, 0, 0, 0, 0.0153548, 0, 0, 0, 0
4238730, 0.251411, 0, 0, 0, 0, 0, 0, 0.0153548, 0, 0, 0, 0
4238740, 0.251411, 0, 0, 0, 0, 0, 0, 0.0153548, 0, 0, 0, 0
4238750, 0.249098, 0, 0, 0, 0, 0, 0, 0.0153548, 0, 0, 0, 0
4238760, 0.251411, 0, 0, 0, 0, 0, 0, 0.0153548, 0, 0, 0, 0
4238770, 0.251411, 0, 0, 0, 0, 0, 0, 0.0153548, 0, 0, 0, 0
4238780, 0.251411, 0, 0, 0, 0, 0, 0, 0.0153548, 0, 0, 0, 0
4238790, 0.251411, 0, 0, 0, 0, 0, 0, 0.0153548, 0, 0, 0, 0
4238800, 0.249098, 0, 0, 0, 0, 0, 0, 0.0153548, 0, 0, 0, 0
4238810, 0.249098, 0, 0, 0, 0, 0, 0, 0.0153548, 0, 0, 0, 0
4238820, 0.251411, 0, 0, 0, 0, 0, 0, 0.0153548, 0, 0, 0, 0
4238830, 0.251411, 0, 0, 0, 0, 0, 0, 0.0153548, 0, 0, 0, 0
4238840, 0.251411, 0, 0, 0, 0, 0, 0, 0.0153548, 0, 0, 0, 0
4238851, 0.251411, 0, 0, 0, 0, 0, 0, 0.0153548, 0, 0, 0, 0
4238860, 0.249098, 0, 0, 0, 0, 0, 0, 0.0153548, 0, 0, 0, 0
4238870, 0.240277, 0, 0, 0, 0, 0, 0, 0.0153548, 0, 0, 0, 0
4238880, 0.249098, 0, 0, 0, 0, 0, 0, 0.0153548, 0, 0, 0, 0
4238891, 0.251411, 0, 0, 0, 0, 0, 0, 0.0153548, 0, 0, 0, 0
4238900, 0.251411, 0, 0, 0, 0, 0, 0, 0.0153548, 0, 0, 0, 0
4238910, 0.251411, 0, 0, 0, 0, 0, 0, 0.0153548, 0, 0, 0, 0
4238920, 0.251411, 0, 0, 0, 0, 0, 0, 0.0153548, 0, 0, 0, 0
4238930, 0.251411, 0, 0, 0, 0, 0, 0, 0.0153548, 0, 0, 0, 0
4238940, 0.249098, 0, 0, 0, 0, 0, 0, 0.0153548, 0, 0, 0, 0
4238950, 0.251411, 0, 0, 0, 0, 0, 0, 0.0153548, 0, 0, 0, 0
4238960, 0.249098, 0, 0, 0, 0, 0, 0, 0.0153548, 0, 0, 0, 0
4238970, 0.251411, 0, 0, 0, 0, 0, 0, 0.0153548, 0, 0, 0, 0
4238980, 0.251411, 0, 0, 0, 0, 0, 0, 0.0153548, 0, 0, 0, 0
4238990, 0.249098, 0, 0, 0, 0, 0, 0, 0.0153548, 0, 0, 0, 0
4239000, 0.251411, 0, 0, 0, 0, 0, 0, 0.0153548, 0, 0, 0, 0
4239010, 0.249098, 0, 0, 0, 0, 0, 0, 0.0153548, 0, 0, 0, 0
4239021, 0.249098, 0, 0, 0, 0, 0, 0, 0.0153548, 0, 0, 0, 0
4239030, 0.251411, 0, 0, 0, 0, 0, 0, 0.0153548, 0, 0, 0, 0
4239040, 0.249098, 0, 0, 0, 0, 0, 0, 0.0153548, 0, 0, 0, 0
4239050, 0.251411, 0, 0, 0, 0, 0, 0, 0.0153548, 0, 0, 0, 0
4239060, 0.251411, 0, 0, 0, 0, 0, 0, 0.0153548, 0, 0, 0, 0
4239070, 0.249098, 0, 0, 0, 0, 0, 0, 0.0153548, 0, 0, 0, 0
4239080, 0.251411, 0, 0, 0, 0, 0, 0, 0.0153548, 0, 0, 0, 0
4239090, 0.249098, 0, 0, 0, 0, 0, 0, 0.0153548, 0, 0, 0, 0
4239100, 0.251411, 0, 0, 0, 0, 0, 0, 0.0153548, 0, 0, 0, 0
4239110, 0.240277, 0, 0, 0, 0, 0, 0, 0.0153548, 0, 0, 0, 0
4239120, 0.251411, 0, 0, 0, 0, 0, 0, 0.0153548, 0, 0, 0, 0
4239130, 0.251411, 0, 0, 0, 0, 0, 0, 0.0153548, 0, 0, 0, 0
4239140, 0.249098, 0, 0, 0, 0, 0, 0, 0.0153548, 0, 0, 0, 0
4239151, 0.249098, 0, 0, 0, 0, 0, 0, 0.0153548, 0, 0, 0, 0
4239160, 0.251411, 0, 0, 0, 0, 0, 0, 0.0153548, 0, 0, 0, 0
4239170, 0.249098, 0, 0, 0, 0, 0, 0, 0.0153548, 0, 0, 0, 0
4239180, 0.251411, 0, 0, 0, 0, 0, 0, 0.0153548, 0, 0, 0, 0
4239191, 0.251411, 0, 0, 0, 0, 0, 0, 0.0153548, 0, 0, 0, 0
4239200, 0.249098, 0, 0, 0, 0, 0, 0, 0.0153548, 0, 0, 0, 0
4239210, 0.251411, 0, 0, 0, 0, 0, 0, 0.0153548, 0, 0, 0, 0
4239220, 0.251411, 0, 0, 0, 0, 0, 0, 0.0153548, 0, 0, 0, 0
4239230, 0.249098, 0, 0, 0, 0, 0, 0, 0.0153548, 0, 0, 0, 0
4239240, 0.251411, 0, 0, 0, 0, 0, 0, 0.0153548, 0, 0, 0, 0
4239250, 0.249098, 0, 0, 0, 0, 0, 0, 0.0153548, 0, 0, 0, 0
4239260, 0.251411, 0, 0, 0, 0, 0, 0, 0.0153548, 0, 0, 0, 0
4239270, 0.251411, 0, 0, 0, 0, 0, 0, 0.0153548, 0, 0, 0, 0
4239280, 0.249098, 0, 0, 0, 0, 0, 0, 0.0153548, 0, 0, 0, 0
4239290, 0.251411, 0, 0, 0, 0, 0, 0, 0.0153548, 0, 0, 0, 0
4239300, 0.249098, 0, 0, 0, 0, 0, 0, 0.0153548, 0, 0, 0, 0
4239310, 0.249098, 0, 0, 0, 0, 0, 0, 0.0153548, 0, 0, 0, 0
4239321, 0.251411, 0, 0, 0, 0, 0, 0, 0.0153548, 0, 0, 0, 0
4239330, 0.249098, 0, 0, 0, 0, 0, 0, 0.0153548, 0, 0, 0, 0
4239340, 0.251411, 0, 0, 0, 0, 0, 0, 0.0153548, 0, 0, 0, 0
4239350, 0.238173, 0, 0, 0, 0, 0, 0, 0.0153548, 0, 0, 0, 0
4239361, 0.251411, 0, 0, 0, 0, 0, 0, 0.0153548, 0, 0, 0, 0
4239370, 0.251411, 0, 0, 0, 0, 0, 0, 0.0153548, 0, 0, 0, 0
4239380, 0.249098, 0, 0, 0, 0, 0, 0, 0.0153548, 0, 0, 0, 0
4239390, 0.249098, 0, 0, 0, 0, 0, 0, 0.0153548, 0, 0, 0, 0
4239400, 0.251411, 0, 0, 0, 0, 0, 0, 0.0153548, 0, 0, 0, 0
4239410, 0.251411, 0, 0, 0, 0, 0, 0, 0.0153548, 0, 0, 0, 0
4239420, 0.251411, 0, 0, 0, 0, 0, 0, 0.0153548, 0, 0, 0, 0
4239430, 0.251411, 0, 0, 0, 0, 0, 0, 0.0153548, 0, 0, 0, 0
4239440, 0.249098, 0, 0, 0, 0, 0, 0, 0.0153548, 0, 0, 0, 0
4239450, 0.251411, 0, 0, 0, 0, 0, 0, 0.0153548, 0, 0, 0, 0
4239460, 0.249098, 0, 0, 0, 0, 0, 0, 0.0153548, 0, 0, 0, 0
4239470, 0.251411, 0, 0, 0, 0, 0, 0, 0.0153548, 0, 0, 0, 0
4239480, 0.251411, 0, 0, 0, 0, 0, 0, 0.0153548, 0, 0, 0, 0
4239491, 0.251411, 0, 0, 0, 0, 0, 0, 0.0153548, 0, 0, 0, 0
4239500, 0.251411, 0, 0, 0, 0, 0, 0, 0.0153548, 0, 0, 0, 0
4239510, 0.249098, 0, 0, 0, 0, 0, 0, 0.0153548, 0, 0, 0, 0
4239520, 0.251411, 0, 0, 0, 0, 0, 0, 0.0153548, 0, 0, 0, 0
4239531, 0.251411, 0, 0, 0, 0, 0, 0, 0.0153548, 0, 0, 0, 0
4239540, 0.249098, 0, 0, 0, 0, 0, 0, 0.0153548, 0, 0, 0, 0
4239550, 0.251411, 0, 0, 0, 0, 0, 0, 0.0153548, 0, 0, 0, 0
4239560, 0.251411, 0, 0, 0, 0, 0, 0, 0.0153548, 0, 0, 0, 0
4239570, 0.251411, 0, 0, 0, 0, 0, 0, 0.0153548, 0, 0, 0, 0
4239580, 0.251411, 0, 0, 0, 0, 0, 0, 0.0153548, 0, 0, 0, 0
4239590, 0.251411, 0, 0, 0, 0, 0, 0, 0.0153548, 0, 0, 0, 0
4239600, 0.249098, 0, 0, 0, 0, 0, 0, 0.0153548, 0, 0, 0, 0
4239610, 0.251411, 0, 0, 0, 0, 0, 0, 0.0153548, 0, 0, 0, 0
4239620, 0.249098, 0, 0, 0, 0, 0, 0, 0.0153548, 0, 0, 0, 0
4239630, 0.251411, 0, 0, 0, 0, 0, 0, 0.0153548, 0, 0, 0, 0
4239640, 0.251411, 0, 0, 0, 0, 0, 0, 0.0153548, 0, 0, 0, 0
4239650, 0.249098, 0, 0, 0, 0, 0, 0, 0.0153548, 0, 0, 0, 0
4239661, 0.251411, 0, 0, 0, 0, 0, 0, 0.0153548, 0, 0, 0, 0
4239670, 0.249098, 0, 0, 0, 0, 0, 0, 0.0153548, 0, 0, 0, 0
4239680, 0.251411, 0, 0, 0, 0, 0, 0, 0.0153548, 0, 0, 0, 0
4239690, 0.251411, 0, 0, 0, 0, 0, 0, 0.0153548, 0, 0, 0, 0
4239700, 0.249098, 0, 0, 0, 0, 0, 0, 0.0153548, 0, 0, 0, 0
4239710, 0.240277, 0, 0, 0, 0, 0, 0, 0.0153548, 0, 0, 0, 0
4239720, 0.251411, 0, 0, 0, 0, 0, 0, 0.0153548, 0, 0, 0, 0
4239730, 0.249098, 0, 0, 0, 0, 0, 0, 0.0153548, 0, 0, 0, 0
4239740, 0.251411, 0, 0, 0, 0, 0, 0, 0.0153548, 0, 0, 0, 0
4239750, 0.249098, 0, 0, 0, 0, 0, 0, 0.0153548, 0, 0, 0, 0
4239760, 0.251411, 0, 0, 0, 0, 0, 0, 0.0153548, 0, 0, 0, 0
4239770, 0.251411, 0, 0, 0, 0, 0, 0, 0.0153548, 0, 0, 0, 0
4239780, 0.249098, 0, 0, 0, 0, 0, 0, 0.0153548, 0, 0, 0, 0
4239791, 0.251411, 0, 0, 0, 0, 0, 0, 0.0153548, 0, 0, 0, 0
4239800, 0.249098, 0, 0, 0, 0, 0, 0, 0.0153548, 0, 0, 0, 0
4239810, 0.251411, 0, 0, 0, 0, 0, 0, 0.0153548, 0, 0, 0, 0
4239820, 0.251411, 0, 0, 0, 0, 0, 0, 0.0153548, 0, 0, 0, 0
4239831, 0.249098, 0, 0, 0, 0, 0, 0, 0.0153548, 0, 0, 0, 0
4239840, 0.251411, 0, 0, 0, 0, 0, 0, 0.0153548, 0, 0, 0, 0
4239850, 0.249098, 0, 0, 0, 0, 0, 0, 0.0153548, 0, 0, 0, 0
4239860, 0.251411, 0, 0, 0, 0, 0, 0, 0.0153548, 0, 0, 0, 0
4239870, 0.251411, 0, 0, 0, 0, 0, 0, 0.0153548, 0, 0, 0, 0
4239880, 0.249098, 0, 0, 0, 0, 0, 0, 0.0153548, 0, 0, 0, 0
4239890, 0.251411, 0, 0, 0, 0, 0, 0, 0.0153548, 0, 0, 0, 0
4239900, 0.251411, 0, 0, 0, 0, 0, 0, 0.0153548, 0, 0, 0, 0
4239910, 0.249098, 0, 0, 0, 0, 0, 0, 0.0153548, 0, 0, 0, 0
4239920, 0.251411, 0, 0, 0, 0, 0, 0, 0.0153548, 0, 0, 0, 0
4239930, 0.251411, 0, 0, 0, 0, 0, 0, 0.0153548, 0, 0, 0, 0
4239940, 0.249098, 0, 0, 0, 0, 0, 0, 0.0153548, 0, 0, 0, 0
4239950, 0.236107, 0, 0, 0, 0, 0, 0, 0.0153548, 0, 0, 0, 0
4239961, 0.249098, 0, 0, 0, 0, 0, 0, 0.0153548, 0, 0, 0, 0
4239970, 0.251411, 0, 0, 0, 0, 0, 0, 0.0153548, 0, 0, 0, 0
4239980, 0.251411, 0, 0, 0, 0, 0, 0, 0.0153548, 0, 0, 0, 0
4239990, 0.249098, 0, 0, 0, 0, 0, 0, 0.0153548, 0, 0, 0, 0
4240001, 0.251411, 0, 0, 0, 0, 0, 0, 0.0153548, 0, 0, 0, 0
4240010, 0.249098, 0, 0, 0, 0, 0, 0, 0.0153548, 0, 0, 0, 0
4240020, 0.251411, 0, 0, 0, 0, 0, 0, 0.0153548, 0, 0, 0, 0
4240030, 0.251411, 0, 0, 0, 0, 0, 0, 0.0153548, 0, 0, 0, 0
4240040, 0.249098, 0, 0, 0, 0, 0, 0, 0.0153548, 0, 0, 0, 0
4240050, 0.251411, 0, 0, 0, 0, 0, 0, 0.0153548, 0, 0, 0, 0
4240060, 0.251411, 0, 0, 0, 0, 0, 0, 0.0153548, 0, 0, 0, 0
4240070, 0.249098, 0, 0, 0, 0, 0, 0, 0.0153548, 0, 0, 0, 0
4240080, 0.251411, 0, 0, 0, 0, 0, 0, 0.0153548, 0, 0, 0, 0
4240090, 0.249098, 0, 0, 0, 0, 0, 0, 0.0153548, 0, 0, 0, 0
4240100, 0.251411, 0, 0, 0, 0, 0, 0, 0.0153548, 0, 0, 0, 0
4240110, 0.251411, 0, 0, 0, 0, 0, 0, 0.0153548, 0, 0, 0, 0
4240120, 0.249098, 0, 0, 0, 0, 0, 0, 0.0153548, 0, 0, 0, 0
4240131, 0.251411, 0, 0, 0, 0, 0, 0, 0.0153548, 0, 0, 0, 0
4240140, 0.251411, 0, 0, 0, 0, 0, 0, 0.0153548, 0, 0, 0, 0
4240150, 0.249098, 0, 0, 0, 0, 0, 0, 0.0153548, 0, 0, 0, 0
4240160, 0.251411, 0, 0, 0, 0, 0, 0, 0.0153548, 0, 0, 0, 0
4240171, 0.249098, 0, 0, 0, 0, 0, 0, 0.0153548, 0, 0, 0, 0
4240180, 0.251411, 0, 0, 0, 0, 0, 0, 0.0153548, 0, 0, 0, 0
4240190, 0.240277, 0, 0, 0, 0, 0, 0, 0.0153548, 0, 0, 0, 0
4240200, 0.249098, 0, 0, 0, 0, 0, 0, 0.0153548, 0, 0, 0, 0
4240210, 0.251411, 0, 0, 0, 0, 0, 0, 0.0153548, 0, 0, 0, 0
4240220, 0.249098, 0, 0, 0, 0, 0, 0, 0.0153548, 0, 0, 0, 0
4240230, 0.249098, 0, 0, 0, 0, 0, 0, 0.0153548, 0, 0, 0, 0
4240240, 0.251411, 0, 0, 0, 0, 0, 0, 0.0153548, 0, 0, 0, 0
4240250, 0.249098, 0, 0, 0, 0, 0, 0, 0.0153548, 0, 0, 0, 0
4240260, 0.251411, 0, 0, 0, 0, 0, 0, 0.0153548, 0, 0, 0, 0
4240270, 0.251411, 0, 0, 0, 0, 0, 0, 0.0153548, 0, 0, 0, 0
4240280, 0.251411, 0, 0, 0, 0, 0, 0, 0.0153548, 0, 0, 0, 0
4240290, 0.251411, 0, 0, 0, 0, 0, 0, 0.0153548, 0, 0, 0, 0
4240301, 0.249098, 0, 0, 0, 0, 0, 0, 0.0153548, 0, 0, 0, 0
4240310, 0.251411, 0, 0, 0, 0, 0, 0, 0.0153548, 0, 0, 0, 0
4240320, 0.251411, 0, 0, 0, 0, 0, 0, 0.0153548, 0, 0, 0, 0
4240330, 0.249098, 0, 0, 0, 0, 0, 0, 0.0153548, 0, 0, 0, 0
4240340, 0.251411, 0, 0, 0, 0, 0, 0, 0.0153548, 0, 0, 0, 0
4240350, 0.251411, 0, 0, 0, 0, 0, 0, 0.0153548, 0, 0, 0, 0
4240360, 0.249098, 0, 0, 0, 0, 0, 0, 0.0153548, 0, 0, 0, 0
4240370, 0.251411, 0, 0, 0, 0, 0, 0, 0.0153548, 0, 0, 0, 0
4240380, 0.249098, 0, 0, 0, 0, 0, 0, 0.0153548, 0, 0, 0, 0
4240390, 0.251411, 0, 0, 0, 0, 0, 0, 0.0153548, 0, 0, 0, 0
4240400, 0.251411, 0, 0, 0, 0, 0, 0, 0.0153548, 0, 0, 0, 0
4240410, 0.251411, 0, 0, 0, 0, 0, 0, 0.0153548, 0, 0, 0, 0
4240420, 0.251411, 0, 0, 0, 0, 0, 0, 0.0153548, 0, 0, 0, 0
4240431, 0.238173, 0, 0, 0, 0, 0, 0, 0.0153548, 0, 0, 0, 0
4240440, 0.249098, 0, 0, 0, 0, 0, 0, 0.0153548, 0, 0, 0, 0
4240450, 0.251411, 0, 0, 0, 0, 0, 0, 0.0153548, 0, 0, 0, 0
4240460, 0.249098, 0, 0, 0, 0, 0, 0, 0.0153548, 0, 0, 0, 0
4240471, 0.251411, 0, 0, 0, 0, 0, 0, 0.0153548, 0, 0, 0, 0
4240480, 0.251411, 0, 0, 0, 0, 0, 0, 0.0153548, 0, 0, 0, 0
4240490, 0.251411, 0, 0, 0, 0, 0, 0, 0.0153548, 0, 0, 0, 0
4240500, 0.251411, 0, 0, 0, 0, 0, 0, 0.0153548, 0, 0, 0, 0
4240510, 0.249098, 0, 0, 0, 0, 0, 0, 0.0153548, 0, 0, 0, 0
4240520, 0.249098, 0, 0, 0, 0, 0, 0, 0.0153548, 0, 0, 0, 0
4240530, 0.251411, 0, 0, 0, 0, 0, 0, 0.0153548, 0, 0, 0, 0
4240540, 0.249098, 0, 0, 0, 0, 0, 0, 0.0153548, 0, 0, 0, 0
4240550, 0.238173, 0, 0, 0, 0, 0, 0, 0.0153548, 0, 0, 0, 0
4240560, 0.251411, 0, 0, 0, 0, 0, 0, 0.0153548, 0, 0, 0, 0
4240570, 0.251411, 0, 0, 0, 0, 0, 0, 0.0153548, 0, 0, 0, 0
4240580, 0.251411, 0, 0, 0, 0, 0, 0, 0.0153548, 0, 0, 0, 0
4240590, 0.249098, 0, 0, 0, 0, 0, 0, 0.0153548, 0, 0, 0, 0
4240601, 0.249098, 0, 0, 0, 0, 0, 0, 0.0153548, 0, 0, 0, 0
4240610, 0.251411, 0, 0, 0, 0, 0, 0, 0.0153548, 0, 0, 0, 0
4240620, 0.249098, 0, 0, 0, 0, 0, 0, 0.0153548, 0, 0, 0, 0
4240630, 0.251411, 0, 0, 0, 0, 0, 0, 0.0153548, 0, 0, 0, 0
4240641, 0.251411, 0, 0, 0, 0, 0, 0, 0.0153548, 0, 0, 0, 0
4240650, 0.249098, 0, 0, 0, 0, 0, 0, 0.0153548, 0, 0, 0, 0
4240660, 0.251411, 0, 0, 0, 0, 0, 0, 0.0153548, 0, 0, 0, 0
4240670, 0.249098, 0, 0, 0, 0, 0, 0, 0.0153548, 0, 0, 0, 0
4240680, 0.251411, 0, 0, 0, 0, 0, 0, 0.0153548, 0, 0, 0, 0
4240690, 0.251411, 0, 0, 0, 0, 0, 0, 0.0153548, 0, 0, 0, 0
4240700, 0.249098, 0, 0, 0, 0, 0, 0, 0.0153548, 0, 0, 0, 0
4240710, 0.251411, 0, 0, 0, 0, 0, 0, 0.0153548, 0, 0, 0, 0
4240720, 0.249098, 0, 0, 0, 0, 0, 0, 0.0153548, 0, 0, 0, 0
4240730, 0.249098, 0, 0, 0, 0, 0, 0, 0.0153548, 0, 0, 0, 0
4240740, 0.251411, 0, 0, 0, 0, 0, 0, 0.0153548, 0, 0, 0, 0
4240750, 0.249098, 0, 0, 0, 0, 0, 0, 0.0153548, 0, 0, 0, 0
4240760, 0.251411, 0, 0, 0, 0, 0, 0, 0.0153548, 0, 0, 0, 0
4240771, 0.251411, 0, 0, 0, 0, 0, 0, 0.0153548, 0, 0, 0, 0
4240780, 0.249098, 0, 0, 0, 0, 0, 0, 0.0153548, 0, 0, 0, 0
4240790, 0.238173, 0, 0, 0, 0, 0, 0, 0.0153548, 0, 0, 0, 0
4240800, 0.249098, 0, 0, 0, 0, 0, 0, 0.0153548, 0, 0, 0, 0
4240811, 0.251411, 0, 0, 0, 0, 0, 0, 0.0153548, 0, 0, 0, 0
4240820, 0.251411, 0, 0, 0, 0, 0, 0, 0.0153548, 0, 0, 0, 0
4240830, 0.249098, 0, 0, 0, 0, 0, 0, 0.0153548, 0, 0, 0, 0
4240840, 0.251411, 0, 0, 0, 0, 0, 0, 0.0153548, 0, 0, 0, 0
4240850, 0.249098, 0, 0, 0, 0, 0, 0, 0.0153548, 0, 0, 0, 0
4240860, 0.251411, 0, 0, 0, 0, 0, 0, 0.0153548, 0, 0, 0, 0
4240870, 0.251411, 0, 0, 0, 0, 0, 0, 0.0153548, 0, 0, 0, 0
4240880, 0.249098, 0, 0, 0, 0, 0, 0, 0.0153548, 0, 0, 0, 0
4240890, 0.251411, 0, 0, 0, 0, 0, 0, 0.0153548, 0, 0, 0, 0
4240901, 0.258625, 0, 0, 0, 0, 0, 0, 0.0153548, 0, 0, 0, 0
4240910, 0.249098, 0, 0, 0, 0, 0, 0, 0.0153548, 0, 0, 0, 0
4240920, 0.251411, 0, 0, 0, 0, 0, 0, 0.0153548, 0, 0, 0, 0
4240930, 0.249098, 0, 0, 0, 0, 0, 0, 0.0153548, 0, 0, 0, 0
4240941, 0.251411, 0, 0, 0, 0, 0, 0, 0.0153548, 0, 0, 0, 0
4240950, 0.251411, 0, 0, 0, 0, 0, 0, 0.0153548, 0, 0, 0, 0
4240960, 0.251411, 0, 0, 0, 0, 0, 0, 0.0153548, 0, 0, 0, 0
4240970, 0.251411, 0, 0, 0, 0, 0, 0, 0.0153548, 0, 0, 0, 0
4240980, 0.251411, 0, 0, 0, 0, 0, 0, 0.0153548, 0, 0, 0, 0
4240990, 0.249098, 0, 0, 0, 0, 0, 0, 0.0153548, 0, 0, 0, 0
4241000, 0.251411, 0, 0, 0, 0, 0, 0, 0.0153548, 0, 0, 0, 0
4241010, 0.249098, 0, 0, 0, 0, 0, 0, 0.0153548, 0, 0, 0, 0
4241020, 0.251411, 0, 0, 0, 0, 0, 0, 0.0153548, 0, 0, 0, 0
4241030, 0.236107, 0, 0, 0, 0, 0, 0, 0.0153548, 0, 0, 0, 0
4241040, 0.249098, 0, 0, 0, 0, 0, 0, 0.0153548, 0, 0, 0, 0
4241050, 0.251411, 0, 0, 0, 0, 0, 0, 0.0153548, 0, 0, 0, 0
4241060, 0.249098, 0, 0, 0, 0, 0, 0, 0.0153548, 0, 0, 0, 0
4241071, 0.249098, 0, 0, 0, 0, 0, 0, 0.0153548, 0, 0, 0, 0
4241080, 0.251411, 0, 0, 0, 0, 0, 0, 0.0153548, 0, 0, 0, 0
4241090, 0.249098, 0, 0, 0, 0, 0, 0, 0.0153548, 0, 0, 0, 0
4241100, 0.251411, 0, 0, 0, 0, 0, 0, 0.0153548, 0, 0, 0, 0
4241111, 0.251411, 0, 0, 0, 0, 0, 0, 0.0153548, 0, 0, 0, 0
4241120, 0.249098, 0, 0, 0, 0, 0, 0, 0.0153548, 0, 0, 0, 0
4241130, 0.251411, 0, 0, 0, 0, 0, 0, 0.0153548, 0, 0, 0, 0
4241140, 0.251411, 0, 0, 0, 0, 0, 0, 0.0153548, 0, 0, 0, 0
4241150, 0.251411, 0, 0, 0, 0, 0, 0, 0.0153548, 0, 0, 0, 0
4241160, 0.251411, 0, 0, 0, 0, 0, 0, 0.0153548, 0, 0, 0, 0
4241170, 0.249098, 0, 0, 0, 0, 0, 0, 0.0153548, 0, 0, 0, 0
4241180, 0.251411, 0, 0, 0, 0, 0, 0, 0.0153548, 0, 0, 0, 0
4241190, 0.251411, 0, 0, 0, 0, 0, 0, 0.0153548, 0, 0, 0, 0
4241200, 0.251411, 0, 0, 0, 0, 0, 0, 0.0153548, 0, 0, 0, 0
4241210, 0.251411, 0, 0, 0, 0, 0, 0, 0.0153548, 0, 0, 0, 0
4241220, 0.249098, 0, 0, 0, 0, 0, 0, 0.0153548, 0, 0, 0, 0
4241230, 0.249098, 0, 0, 0, 0, 0, 0, 0.0153548, 0, 0, 0, 0
4241241, 0.251411, 0, 0, 0, 0, 0, 0, 0.0153548, 0, 0, 0, 0
4241250, 0.249098, 0, 0, 0, 0, 0, 0, 0.0153548, 0, 0, 0, 0
4241260, 0.253768, 0, 0, 0, 0, 0, 0, 0.0153548, 0, 0, 0, 0
4241270, 0.240277, 0, 0, 0, 0, 0, 0, 0.0153548, 0, 0, 0, 0
4241281, 0.249098, 0, 0, 0, 0, 0, 0, 0.0153548, 0, 0, 0, 0
4241290, 0.251411, 0, 0, 0, 0, 0, 0, 0.0153548, 0, 0, 0, 0
4241300, 0.251411, 0, 0, 0, 0, 0, 0, 0.0153548, 0, 0, 0, 0
4241310, 0.251411, 0, 0, 0, 0, 0, 0, 0.0153548, 0, 0, 0, 0
4241320, 0.251411, 0, 0, 0, 0, 0, 0, 0.0153548, 0, 0, 0, 0
4241330, 0.249098, 0, 0, 0, 0, 0, 0, 0.0153548, 0, 0, 0, 0
4241340, 0.251411, 0, 0, 0, 0, 0, 0, 0.0153548, 0, 0, 0, 0
4241350, 0.251411, 0, 0, 0, 0, 0, 0, 0.0153548, 0, 0, 0, 0
4241360, 0.249098, 0, 0, 0, 0, 0, 0, 0.0153548, 0, 0, 0, 0
4241370, 0.251411, 0, 0, 0, 0, 0, 0, 0.0153548, 0, 0, 0, 0
4241380, 0.249098, 0, 0, 0, 0, 0, 0, 0.0153548, 0, 0, 0, 0
4241390, 0.251411, 0, 0, 0, 0, 0, 0, 0.0153548, 0, 0, 0, 0
4241400, 0.251411, 0, 0, 0, 0, 0, 0, 0.0153548, 0, 0, 0, 0
4241411, 0.251411, 0, 0, 0, 0, 0, 0, 0.0153548, 0, 0, 0, 0
4241420, 0.251411, 0, 0, 0, 0, 0, 0, 0.0153548, 0, 0, 0, 0
4241430, 0.249098, 0, 0, 0, 0, 0, 0, 0.0153548, 0, 0, 0, 0
4241440, 0.251411, 0, 0, 0, 0, 0, 0, 0.0153548, 0, 0, 0, 0
4241451, 0.251411, 0, 0, 0, 0, 0, 0, 0.0153548, 0, 0, 0, 0
4241460, 0.249098, 0, 0, 0, 0, 0, 0, 0.0153548, 0, 0, 0, 0
4241470, 0.251411, 0, 0, 0, 0, 0, 0, 0.0153548, 0, 0, 0, 0
4241480, 0.251411, 0, 0, 0, 0, 0, 0, 0.0153548, 0, 0, 0, 0
4241490, 0.249098, 0, 0, 0, 0, 0, 0, 0.0153548, 0, 0, 0, 0
4241500, 0.251411, 0, 0, 0, 0, 0, 0, 0.0153548, 0, 0, 0, 0
4241510, 0.249098, 0, 0, 0, 0, 0, 0, 0.0153548, 0, 0, 0, 0
4241520, 0.251411, 0, 0, 0, 0, 0, 0, 0.0153548, 0, 0, 0, 0
4241530, 0.251411, 0, 0, 0, 0, 0, 0, 0.0153548, 0, 0, 0, 0
4241540, 0.251411, 0, 0, 0, 0, 0, 0, 0.0153548, 0, 0, 0, 0
4241550, 0.251411, 0, 0, 0, 0, 0, 0, 0.0153548, 0, 0, 0, 0
4241560, 0.251411, 0, 0, 0, 0, 0, 0, 0.0153548, 0, 0, 0, 0
4241570, 0.251411, 0, 0, 0, 0, 0, 0, 0.0153548, 0, 0, 0, 0
4241581, 0.251411, 0, 0, 0, 0, 0, 0, 0.0153548, 0, 0, 0, 0
4241590, 0.249098, 0, 0, 0, 0, 0, 0, 0.0153548, 0, 0, 0, 0
4241600, 0.251411, 0, 0, 0, 0, 0, 0, 0.0153548, 0, 0, 0, 0
4241610, 0.251411, 0, 0, 0, 0, 0, 0, 0.0153548, 0, 0, 0, 0
4241620, 0.251411, 0, 0, 0, 0, 0, 0, 0.0153548, 0, 0, 0, 0
4241630, 0.236107, 0, 0, 0, 0, 0, 0, 0.0153548, 0, 0, 0, 0
4241640, 0.251411, 0, 0, 0, 0, 0, 0, 0.0153548, 0, 0, 0, 0
4241650, 0.251411, 0, 0, 0, 0, 0, 0, 0.0153548, 0, 0, 0, 0
4241660, 0.251411, 0, 0, 0, 0, 0, 0, 0.0153548, 0, 0, 0, 0
4241670, 0.249098, 0, 0, 0, 0, 0, 0, 0.0153548, 0, 0, 0, 0
4241680, 0.251411, 0, 0, 0, 0, 0, 0, 0.0153548, 0, 0, 0, 0
4241690, 0.251411, 0, 0, 0, 0, 0, 0, 0.0153548, 0, 0, 0, 0
4241700, 0.249098, 0, 0, 0, 0, 0, 0, 0.0153548, 0, 0, 0, 0
4241711, 0.251411, 0, 0, 0, 0, 0, 0, 0.0153548, 0, 0, 0, 0
4241720, 0.251411, 0, 0, 0, 0, 0, 0, 0.0153548, 0, 0, 0, 0
4241730, 0.249098, 0, 0, 0, 0, 0, 0, 0.0153548, 0, 0, 0, 0
4241740, 0.261127, 0, 0, 0, 0, 0, 0, 0.0153548, 0, 0, 0, 0
4241751, 0.249098, 0, 0, 0, 0, 0, 0, 0.0153548, 0, 0, 0, 0
4241760, 0.251411, 0, 0, 0, 0, 0, 0, 0.0153548, 0, 0, 0, 0
4241770, 0.251411, 0, 0, 0, 0, 0, 0, 0.0153548, 0, 0, 0, 0
4241780, 0.249098, 0, 0, 0, 0, 0, 0, 0.0153548, 0, 0, 0, 0
4241790, 0.251411, 0, 0, 0, 0, 0, 0, 0.0153548, 0, 0, 0, 0
4241800, 0.249098, 0, 0, 0, 0, 0, 0, 0.0153548, 0, 0, 0, 0
4241810, 0.251411, 0, 0, 0, 0, 0, 0, 0.0153548, 0, 0, 0, 0
4241820, 0.251411, 0, 0, 0, 0, 0, 0, 0.0153548, 0, 0, 0, 0
4241830, 0.251411, 0, 0, 0, 0, 0, 0, 0.0153548, 0, 0, 0, 0
4241840, 0.251411, 0, 0, 0, 0, 0, 0, 0.0153548, 0, 0, 0, 0
4241850, 0.251411, 0, 0, 0, 0, 0, 0, 0.0153548, 0, 0, 0, 0
4241860, 0.249098, 0, 0, 0, 0, 0, 0, 0.0153548, 0, 0, 0, 0
4241870, 0.240277, 0, 0, 0, 0, 0, 0, 0.0153548, 0, 0, 0, 0
4241881, 0.249098, 0, 0, 0, 0, 0, 0, 0.0153548, 0, 0, 0, 0
4241890, 0.251411, 0, 0, 0, 0, 0, 0, 0.0153548, 0, 0, 0, 0
4241900, 0.251411, 0, 0, 0, 0, 0, 0, 0.0153548, 0, 0, 0, 0
4241910, 0.249098, 0, 0, 0, 0, 0, 0, 0.0153548, 0, 0, 0, 0
4241921, 0.251411, 0, 0, 0, 0, 0, 0, 0.0153548, 0, 0, 0, 0
4241930, 0.251411, 0, 0, 0, 0, 0, 0, 0.0153548, 0, 0, 0, 0
4241940, 0.251411, 0, 0, 0, 0, 0, 0, 0.0153548, 0, 0, 0, 0
4241950, 0.251411, 0, 0, 0, 0, 0, 0, 0.0153548, 0, 0, 0, 0
4241960, 0.249098, 0, 0, 0, 0, 0, 0, 0.0153548, 0, 0, 0, 0
4241970, 0.251411, 0, 0, 0, 0, 0, 0, 0.0153548, 0, 0, 0, 0
4241980, 0.256173, 0, 0, 0, 0, 0, 0, 0.0153548, 0, 0, 0, 0
4241990, 0.249098, 0, 0, 0, 0, 0, 0, 0.0153548, 0, 0, 0, 0
4242000, 0.251411, 0, 0, 0, 0, 0, 0, 0.0153548, 0, 0, 0, 0
4242010, 0.249098, 0, 0, 0, 0, 0, 0, 0.0153548, 0, 0, 0, 0
4242020, 0.251411, 0, 0, 0, 0, 0, 0, 0.0153548, 0, 0, 0, 0
4242030, 0.251411, 0, 0, 0, 0, 0, 0, 0.0153548, 0, 0, 0, 0
4242040, 0.249098, 0, 0, 0, 0, 0, 0, 0.0153548, 0, 0, 0, 0
4242051, 0.251411, 0, 0, 0, 0, 0, 0, 0.0153548, 0, 0, 0, 0
4242060, 0.251411, 0, 0, 0, 0, 0, 0, 0.0153548, 0, 0, 0, 0
4242070, 0.249098, 0, 0, 0, 0, 0, 0, 0.0153548, 0, 0, 0, 0
4242080, 0.251411, 0, 0, 0, 0, 0, 0, 0.0153548, 0, 0, 0, 0
4242091, 0.249098, 0, 0, 0, 0, 0, 0, 0.0153548, 0, 0, 0, 0
4242100, 0.251411, 0, 0, 0, 0, 0, 0, 0.0153548, 0, 0, 0, 0
4242110, 0.240277, 0, 0, 0, 0, 0, 0, 0.0153548, 0, 0, 0, 0
4242120, 0.249098, 0, 0, 0, 0, 0, 0, 0.0153548, 0, 0, 0, 0
4242130, 0.251411, 0, 0, 0, 0, 0, 0, 0.0153548, 0, 0, 0, 0
4242140, 0.249098, 0, 0, 0, 0, 0, 0, 0.0153548, 0, 0, 0, 0
4242150, 0.249098, 0, 0, 0, 0, 0, 0, 0.0153548, 0, 0, 0, 0
4242160, 0.251411, 0, 0, 0, 0, 0, 0, 0.0153548, 0, 0, 0, 0
4242170, 0.249098, 0, 0, 0, 0, 0, 0, 0.0153548, 0, 0, 0, 0
4242180, 0.251411, 0, 0, 0, 0, 0, 0, 0.0153548, 0, 0, 0, 0
4242190, 0.251411, 0, 0, 0, 0, 0, 0, 0.0153548, 0, 0, 0, 0
4242200, 0.251411, 0, 0, 0, 0, 0, 0, 0.0153548, 0, 0, 0, 0
4242210, 0.253768, 0, 0, 0, 0, 0, 0, 0.0153548, 0, 0, 0, 0
4242221, 0.249098, 0, 0, 0, 0, 0, 0, 0.0153548, 0, 0, 0, 0
4242230, 0.249098, 0, 0, 0, 0, 0, 0, 0.0153548, 0, 0, 0, 0
4242240, 0.251411, 0, 0, 0, 0, 0, 0, 0.0153548, 0, 0, 0, 0
4242250, 0.249098, 0, 0, 0, 0, 0, 0, 0.0153548, 0, 0, 0, 0
4242260, 0.251411, 0, 0, 0, 0, 0, 0, 0.0153548, 0, 0, 0, 0
4242270, 0.251411, 0, 0, 0, 0, 0, 0, 0.0153548, 0, 0, 0, 0
4242280, 0.249098, 0, 0, 0, 0, 0, 0, 0.0153548, 0, 0, 0, 0
4242290, 0.251411, 0, 0, 0, 0, 0, 0, 0.0153548, 0, 0, 0, 0
4242300, 0.249098, 0, 0, 0, 0, 0, 0, 0.0153548, 0, 0, 0, 0
4242310, 0.251411, 0, 0, 0, 0, 0, 0, 0.0153548, 0, 0, 0, 0
4242320, 0.251411, 0, 0, 0, 0, 0, 0, 0.0153548, 0, 0, 0, 0
4242330, 0.249098, 0, 0, 0, 0, 0, 0, 0.0153548, 0, 0, 0, 0
4242340, 0.244605, 0, 0, 0, 0, 0, 0, 0.0153548, 0, 0, 0, 0
4242351, 0.240277, 0, 0, 0, 0, 0, 0, 0.0153548, 0, 0, 0, 0
4242360, 0.249098, 0, 0, 0, 0, 0, 0, 0.0153548, 0, 0, 0, 0
4242370, 0.251411, 0, 0, 0, 0, 0, 0, 0.0153548, 0, 0, 0, 0
4242380, 0.249098, 0, 0, 0, 0, 0, 0, 0.0153548, 0, 0, 0, 0
4242391, 0.251411, 0, 0, 0, 0, 0, 0, 0.0153548, 0, 0, 0, 0
4242400, 0.251411, 0, 0, 0, 0, 0, 0, 0.0153548, 0, 0, 0, 0
4242410, 0.249098, 0, 0, 0, 0, 0, 0, 0.0153548, 0, 0, 0, 0
4242420, 0.251411, 0, 0, 0, 0, 0, 0, 0.0153548, 0, 0, 0, 0
4242430, 0.251411, 0, 0, 0, 0, 0, 0, 0.0153548, 0, 0, 0, 0
4242440, 0.251411, 0, 0, 0, 0, 0, 0, 0.0153548, 0, 0, 0, 0
4242450, 0.251411, 0, 0, 0, 0, 0, 0, 0.0153548, 0, 0, 0, 0
4242460, 0.249098, 0, 0, 0, 0, 0, 0, 0.0153548, 0, 0, 0, 0
4242470, 0.240277, 0, 0, 0, 0, 0, 0, 0.0153548, 0, 0, 0, 0
4242480, 0.251411, 0, 0, 0, 0, 0, 0, 0.0153548, 0, 0, 0, 0
4242490, 0.249098, 0, 0, 0, 0, 0, 0, 0.0153548, 0, 0, 0, 0
4242500, 0.251411, 0, 0, 0, 0, 0, 0, 0.0153548, 0, 0, 0, 0
4242510, 0.249098, 0, 0, 0, 0, 0, 0, 0.0153548, 0, 0, 0, 0
4242521, 0.251411, 0, 0, 0, 0, 0, 0, 0.0153548, 0, 0, 0, 0
4242530, 0.251411, 0, 0, 0, 0, 0, 0, 0.0153548, 0, 0, 0, 0
4242540, 0.249098, 0, 0, 0, 0, 0, 0, 0.0153548, 0, 0, 0, 0
4242550, 0.251411, 0, 0, 0, 0, 0, 0, 0.0153548, 0, 0, 0, 0
4242561, 0.251411, 0, 0, 0, 0, 0, 0, 0.0153548, 0, 0, 0, 0
4242570, 0.251411, 0, 0, 0, 0, 0, 0, 0.0153548, 0, 0, 0, 0
4242580, 0.258625, 0, 0, 0, 0, 0, 0, 0.0153548, 0, 0, 0, 0
4242590, 0.249098, 0, 0, 0, 0, 0, 0, 0.0153548, 0, 0, 0, 0
4242600, 0.251411, 0, 0, 0, 0, 0, 0, 0.0153548, 0, 0, 0, 0
4242610, 0.251411, 0, 0, 0, 0, 0, 0, 0.0153548, 0, 0, 0, 0
4242620, 0.249098, 0, 0, 0, 0, 0, 0, 0.0153548, 0, 0, 0, 0
4242630, 0.251411, 0, 0, 0, 0, 0, 0, 0.0153548, 0, 0, 0, 0
4242640, 0.249098, 0, 0, 0, 0, 0, 0, 0.0153548, 0, 0, 0, 0
4242650, 0.249098, 0, 0, 0, 0, 0, 0, 0.0153548, 0, 0, 0, 0
4242660, 0.251411, 0, 0, 0, 0, 0, 0, 0.0153548, 0, 0, 0, 0
4242670, 0.251411, 0, 0, 0, 0, 0, 0, 0.0153548, 0, 0, 0, 0
4242680, 0.251411, 0, 0, 0, 0, 0, 0, 0.0153548, 0, 0, 0, 0
4242691, 0.251411, 0, 0, 0, 0, 0, 0, 0.0153548, 0, 0, 0, 0
4242700, 0.249098, 0, 0, 0, 0, 0, 0, 0.0153548, 0, 0, 0, 0
4242710, 0.240277, 0, 0, 0, 0, 0, 0, 0.0153548, 0, 0, 0, 0
4242720, 0.251411, 0, 0, 0, 0, 0, 0, 0.0153548, 0, 0, 0, 0
4242731, 0.249098, 0, 0, 0, 0, 0, 0, 0.0153548, 0, 0, 0, 0
4242740, 0.251411, 0, 0, 0, 0, 0, 0, 0.0153548, 0, 0, 0, 0
4242750, 0.249098, 0, 0, 0, 0, 0, 0, 0.0153548, 0, 0, 0, 0
4242760, 0.251411, 0, 0, 0, 0, 0, 0, 0.0153548, 0, 0, 0, 0
4242770, 0.251411, 0, 0, 0, 0, 0, 0, 0.0153548, 0, 0, 0, 0
4242780, 0.249098, 0, 0, 0, 0, 0, 0, 0.0153548, 0, 0, 0, 0
4242790, 0.251411, 0, 0, 0, 0, 0, 0, 0.0153548, 0, 0, 0, 0
4242800, 0.249098, 0, 0, 0, 0, 0, 0, 0.0153548, 0, 0, 0, 0
4242810, 0.251411, 0, 0, 0, 0, 0, 0, 0.0153548, 0, 0, 0, 0
4242820, 0.242421, 0, 0, 0, 0, 0, 0, 0.0153548, 0, 0, 0, 0
4242830, 0.251411, 0, 0, 0, 0, 0, 0, 0.0153548, 0, 0, 0, 0
4242840, 0.251411, 0, 0, 0, 0, 0, 0, 0.0153548, 0, 0, 0, 0
4242850, 0.251411, 0, 0, 0, 0, 0, 0, 0.0153548, 0, 0, 0, 0
4242861, 0.249098, 0, 0, 0, 0, 0, 0, 0.0153548, 0, 0, 0, 0
4242870, 0.251411, 0, 0, 0, 0, 0, 0, 0.0153548, 0, 0, 0, 0
4242880, 0.249098, 0, 0, 0, 0, 0, 0, 0.0153548, 0, 0, 0, 0
4242890, 0.251411, 0, 0, 0, 0, 0, 0, 0.0153548, 0, 0, 0, 0
4242900, 0.251411, 0, 0, 0, 0, 0, 0, 0.0153548, 0, 0, 0, 0
4242910, 0.251411, 0, 0, 0, 0, 0, 0, 0.0153548, 0, 0, 0, 0
4242920, 0.251411, 0, 0, 0, 0, 0, 0, 0.0153548, 0, 0, 0, 0
4242930, 0.249098, 0, 0, 0, 0, 0, 0, 0.0153548, 0, 0, 0, 0
4242940, 0.251411, 0, 0, 0, 0, 0, 0, 0.0153548, 0, 0, 0, 0
4242950, 0.240277, 0, 0, 0, 0, 0, 0, 0.0153548, 0, 0, 0, 0
4242960, 0.249098, 0, 0, 0, 0, 0, 0, 0.0153548, 0, 0, 0, 0
4242970, 0.251411, 0, 0, 0, 0, 0, 0, 0.0153548, 0, 0, 0, 0
4242980, 0.251411, 0, 0, 0, 0, 0, 0, 0.0153548, 0, 0, 0, 0
4242991, 0.251411, 0, 0, 0, 0, 0, 0, 0.0153548, 0, 0, 0, 0
4243000, 0.251411, 0, 0, 0, 0, 0, 0, 0.0153548, 0, 0, 0, 0
4243010, 0.249098, 0, 0, 0, 0, 0, 0, 0.0153548, 0, 0, 0, 0
4243020, 0.251411, 0, 0, 0, 0, 0, 0, 0.0153548, 0, 0, 0, 0
4243031, 0.251411, 0, 0, 0, 0, 0, 0, 0.0153548, 0, 0, 0, 0
4243040, 0.249098, 0, 0, 0, 0, 0, 0, 0.0153548, 0, 0, 0, 0
4243050, 0.251411, 0, 0, 0, 0, 0, 0, 0.0153548, 0, 0, 0, 0
4243060, 0.251411, 0, 0, 0, 0, 0, 0, 0.0153548, 0, 0, 0, 0
4243070, 0.249098, 0, 0, 0, 0, 0, 0, 0.0153548, 0, 0, 0, 0
4243080, 0.251411, 0, 0, 0, 0, 0, 0, 0.0153548, 0, 0, 0, 0
4243090, 0.249098, 0, 0, 0, 0, 0, 0, 0.0153548, 0, 0, 0, 0
4243100, 0.251411, 0, 0, 0, 0, 0, 0, 0.0153548, 0, 0, 0, 0
4243110, 0.251411, 0, 0, 0, 0, 0, 0, 0.0153548, 0, 0, 0, 0
4243120, 0.251411, 0, 0, 0, 0, 0, 0, 0.0153548, 0, 0, 0, 0
4243130, 0.251411, 0, 0, 0, 0, 0, 0, 0.0153548, 0, 0, 0, 0
4243140, 0.249098, 0, 0, 0, 0, 0, 0, 0.0153548, 0, 0, 0, 0
4243150, 0.249098, 0, 0, 0, 0, 0, 0, 0.0153548, 0, 0, 0, 0
4243161, 0.251411, 0, 0, 0, 0, 0, 0, 0.0153548, 0, 0, 0, 0
4243170, 0.249098, 0, 0, 0, 0, 0, 0, 0.0153548, 0, 0, 0, 0
4243180, 0.242421, 0, 0, 0, 0, 0, 0, 0.0153548, 0, 0, 0, 0
4243190, 0.240277, 0, 0, 0, 0, 0, 0, 0.0153548, 0, 0, 0, 0
4243201, 0.249098, 0, 0, 0, 0, 0, 0, 0.0153548, 0, 0, 0, 0
4243210, 0.251411, 0, 0, 0, 0, 0, 0, 0.0153548, 0, 0, 0, 0
4243220, 0.249098, 0, 0, 0, 0, 0, 0, 0.0153548, 0, 0, 0, 0
4243230, 0.251411, 0, 0, 0, 0, 0, 0, 0.0153548, 0, 0, 0, 0
4243240, 0.251411, 0, 0, 0, 0, 0, 0, 0.0153548, 0, 0, 0, 0
4243250, 0.251411, 0, 0, 0, 0, 0, 0, 0.0153548, 0, 0, 0, 0
4243260, 0.251411, 0, 0, 0, 0, 0, 0, 0.0153548, 0, 0, 0, 0
4243270, 0.251411, 0, 0, 0, 0, 0, 0, 0.0153548, 0, 0, 0, 0
4243280, 0.249098, 0, 0, 0, 0, 0, 0, 0.0153548, 0, 0, 0, 0
4243290, 0.251411, 0, 0, 0, 0, 0, 0, 0.0153548, 0, 0, 0, 0
4243300, 0.249098, 0, 0, 0, 0, 0, 0, 0.0153548, 0, 0, 0, 0
4243310, 0.251411, 0, 0, 0, 0, 0, 0, 0.0153548, 0, 0, 0, 0
4243320, 0.251411, 0, 0, 0, 0, 0, 0, 0.0153548, 0, 0, 0, 0
4243331, 0.251411, 0, 0, 0, 0, 0, 0, 0.0153548, 0, 0, 0, 0
4243340, 0.251411, 0, 0, 0, 0, 0, 0, 0.0153548, 0, 0, 0, 0
4243350, 0.251411, 0, 0, 0, 0, 0, 0, 0.0153548, 0, 0, 0, 0
4243360, 0.249098, 0, 0, 0, 0, 0, 0, 0.0153548, 0, 0, 0, 0
4243371, 0.251411, 0, 0, 0, 0, 0, 0, 0.0153548, 0, 0, 0, 0
4243380, 0.249098, 0, 0, 0, 0, 0, 0, 0.0153548, 0, 0, 0, 0
4243390, 0.251411, 0, 0, 0, 0, 0, 0, 0.0153548, 0, 0, 0, 0
4243400, 0.251411, 0, 0, 0, 0, 0, 0, 0.0153548, 0, 0, 0, 0
4243410, 0.249098, 0, 0, 0, 0, 0, 0, 0.0153548, 0, 0, 0, 0
4243420, 0.242421, 0, 0, 0, 0, 0, 0, 0.0153548, 0, 0, 0, 0
4243430, 0.249098, 0, 0, 0, 0, 0, 0, 0.0153548, 0, 0, 0, 0
4243440, 0.251411, 0, 0, 0, 0, 0, 0, 0.0153548, 0, 0, 0, 0
4243450, 0.251411, 0, 0, 0, 0, 0, 0, 0.0153548, 0, 0, 0, 0
4243460, 0.249098, 0, 0, 0, 0, 0, 0, 0.0153548, 0, 0, 0, 0
4243470, 0.251411, 0, 0, 0, 0, 0, 0, 0.0153548, 0, 0, 0, 0
4243480, 0.251411, 0, 0, 0, 0, 0, 0, 0.0153548, 0, 0, 0, 0
4243490, 0.249098, 0, 0, 0, 0, 0, 0, 0.0153548, 0, 0, 0, 0
4243501, 0.251411, 0, 0, 0, 0, 0, 0, 0.0153548, 0, 0, 0, 0
4243510, 0.249098, 0, 0, 0, 0, 0, 0, 0.0153548, 0, 0, 0, 0
4243520, 0.251411, 0, 0, 0, 0, 0, 0, 0.0153548, 0, 0, 0, 0
4243530, 0.251411, 0, 0, 0, 0, 0, 0, 0.0153548, 0, 0, 0, 0
4243540, 0.249098, 0, 0, 0, 0, 0, 0, 0.0153548, 0, 0, 0, 0
4243550, 0.240277, 0, 0, 0, 0, 0, 0, 0.0153548, 0, 0, 0, 0
4243560, 0.251411, 0, 0, 0, 0, 0, 0, 0.0153548, 0, 0, 0, 0
4243570, 0.251411, 0, 0, 0, 0, 0, 0, 0.0153548, 0, 0, 0, 0
4243580, 0.251411, 0, 0, 0, 0, 0, 0, 0.0153548, 0, 0, 0, 0
4243590, 0.249098, 0, 0, 0, 0, 0, 0, 0.0153548, 0, 0, 0, 0
4243600, 0.251411, 0, 0, 0, 0, 0, 0, 0.0153548, 0, 0, 0, 0
4243610, 0.251411, 0, 0, 0, 0, 0, 0, 0.0153548, 0, 0, 0, 0
4243620, 0.251411, 0, 0, 0, 0, 0, 0, 0.0153548, 0, 0, 0, 0
4243631, 0.251411, 0, 0, 0, 0, 0, 0, 0.0153548, 0, 0, 0, 0
4243640, 0.249098, 0, 0, 0, 0, 0, 0, 0.0153548, 0, 0, 0, 0
4243650, 0.251411, 0, 0, 0, 0, 0, 0, 0.0153548, 0, 0, 0, 0
4243660, 0.240277, 0, 0, 0, 0, 0, 0, 0.0153548, 0, 0, 0, 0
4243671, 0.249098, 0, 0, 0, 0, 0, 0, 0.0153548, 0, 0, 0, 0
4243680, 0.251411, 0, 0, 0, 0, 0, 0, 0.0153548, 0, 0, 0, 0
4243690, 0.251411, 0, 0, 0, 0, 0, 0, 0.0153548, 0, 0, 0, 0
4243700, 0.249098, 0, 0, 0, 0, 0, 0, 0.0153548, 0, 0, 0, 0
4243710, 0.251411, 0, 0, 0, 0, 0, 0, 0.0153548, 0, 0, 0, 0
4243720, 0.249098, 0, 0, 0, 0, 0, 0, 0.0153548, 0, 0, 0, 0
4243730, 0.251411, 0, 0, 0, 0, 0, 0, 0.0153548, 0, 0, 0, 0
4243740, 0.251411, 0, 0, 0, 0, 0, 0, 0.0153548, 0, 0, 0, 0
4243750, 0.251411, 0, 0, 0, 0, 0, 0, 0.0153548, 0, 0, 0, 0
4243760, 0.251411, 0, 0, 0, 0, 0, 0, 0.0153548, 0, 0, 0, 0
4243770, 0.251411, 0, 0, 0, 0, 0, 0, 0.0153548, 0, 0, 0, 0
4243780, 0.249098, 0, 0, 0, 0, 0, 0, 0.0153548, 0, 0, 0, 0
4243790, 0.240277, 0, 0, 0, 0, 0, 0, 0.0153548, 0, 0, 0, 0
4243801, 0.251411, 0, 0, 0, 0, 0, 0, 0.0153548, 0, 0, 0, 0
4243810, 0.251411, 0, 0, 0, 0, 0, 0, 0.0153548, 0, 0, 0, 0
4243820, 0.251411, 0, 0, 0, 0, 0, 0, 0.0153548, 0, 0, 0, 0
4243830, 0.249098, 0, 0, 0, 0, 0, 0, 0.0153548, 0, 0, 0, 0
4243841, 0.251411, 0, 0, 0, 0, 0, 0, 0.0153548, 0, 0, 0, 0
4243850, 0.249098, 0, 0, 0, 0, 0, 0, 0.0153548, 0, 0, 0, 0
4243860, 0.249098, 0, 0, 0, 0, 0, 0, 0.0153548, 0, 0, 0, 0
4243870, 0.251411, 0, 0, 0, 0, 0, 0, 0.0153548, 0, 0, 0, 0
4243880, 0.249098, 0, 0, 0, 0, 0, 0, 0.0153548, 0, 0, 0, 0
4243890, 0.251411, 0, 0, 0, 0, 0, 0, 0.0153548, 0, 0, 0, 0
4243900, 0.240277, 0, 0, 0, 0, 0, 0, 0.0153548, 0, 0, 0, 0
4243910, 0.249098, 0, 0, 0, 0, 0, 0, 0.0153548, 0, 0, 0, 0
4243920, 0.251411, 0, 0, 0, 0, 0, 0, 0.0153548, 0, 0, 0, 0
4243930, 0.251411, 0, 0, 0, 0, 0, 0, 0.0153548, 0, 0, 0, 0
4243940, 0.251411, 0, 0, 0, 0, 0, 0, 0.0153548, 0, 0, 0, 0
4243950, 0.251411, 0, 0, 0, 0, 0, 0, 0.0153548, 0, 0, 0, 0
4243960, 0.249098, 0, 0, 0, 0, 0, 0, 0.0153548, 0, 0, 0, 0
4243971, 0.251411, 0, 0, 0, 0, 0, 0, 0.0153548, 0, 0, 0, 0
4243980, 0.251411, 0, 0, 0, 0, 0, 0, 0.0153548, 0, 0, 0, 0
4243990, 0.249098, 0, 0, 0, 0, 0, 0, 0.0153548, 0, 0, 0, 0
4244000, 0.251411, 0, 0, 0, 0, 0, 0, 0.0153548, 0, 0, 0, 0
4244011, 0.249098, 0, 0, 0, 0, 0, 0, 0.0153548, 0, 0, 0, 0
4244020, 0.251411, 0, 0, 0, 0, 0, 0, 0.0153548, 0, 0, 0, 0
4244030, 0.240277, 0, 0, 0, 0, 0, 0, 0.0153548, 0, 0, 0, 0
4244040, 0.251411, 0, 0, 0, 0, 0, 0, 0.0153548, 0, 0, 0, 0
4244050, 0.251411, 0, 0, 0, 0, 0, 0, 0.0153548, 0, 0, 0, 0
4244060, 0.249098, 0, 0, 0, 0, 0, 0, 0.0153548, 0, 0, 0, 0
4244070, 0.249098, 0, 0, 0, 0, 0, 0, 0.0153548, 0, 0, 0, 0
4244080, 0.251411, 0, 0, 0, 0, 0, 0, 0.0153548, 0, 0, 0, 0
4244090, 0.249098, 0, 0, 0, 0, 0, 0, 0.0153548, 0, 0, 0, 0
4244100, 0.251411, 0, 0, 0, 0, 0, 0, 0.0153548, 0, 0, 0, 0
4244110, 0.251411, 0, 0, 0, 0, 0, 0, 0.0153548, 0, 0, 0, 0
4244120, 0.249098, 0, 0, 0, 0, 0, 0, 0.0153548, 0, 0, 0, 0
4244130, 0.253768, 0, 0, 0, 0, 0, 0, 0.0153548, 0, 0, 0, 0
4244141, 0.249098, 0, 0, 0, 0, 0, 0, 0.0153548, 0, 0, 0, 0
4244150, 0.251411, 0, 0, 0, 0, 0, 0, 0.0153548, 0, 0, 0, 0
4244160, 0.256173, 0, 0, 0, 0, 0, 0, 0.0153548, 0, 0, 0, 0
4244170, 0.249098, 0, 0, 0, 0, 0, 0, 0.0153548, 0, 0, 0, 0
4244180, 0.251411, 0, 0, 0, 0, 0, 0, 0.0153548, 0, 0, 0, 0
4244190, 0.251411, 0, 0, 0, 0, 0, 0, 0.0153548, 0, 0, 0, 0
4244200, 0.251411, 0, 0, 0, 0, 0, 0, 0.0153548, 0, 0, 0, 0
4244210, 0.251411, 0, 0, 0, 0, 0, 0, 0.0153548, 0, 0, 0, 0
4244220, 0.249098, 0, 0, 0, 0, 0, 0, 0.0153548, 0, 0, 0, 0
4244230, 0.251411, 0, 0, 0, 0, 0, 0, 0.0153548, 0, 0, 0, 0
4244240, 0.251411, 0, 0, 0, 0, 0, 0, 0.0153548, 0, 0, 0, 0
4244250, 0.249098, 0, 0, 0, 0, 0, 0, 0.0153548, 0, 0, 0, 0
4244260, 0.240277, 0, 0, 0, 0, 0, 0, 0.0153548, 0, 0, 0, 0
4244271, 0.240277, 0, 0, 0, 0, 0, 0, 0.0153548, 0, 0, 0, 0
4244280, 0.251411, 0, 0, 0, 0, 0, 0, 0.0153548, 0, 0, 0, 0
4244290, 0.251411, 0, 0, 0, 0, 0, 0, 0.0153548, 0, 0, 0, 0
4244300, 0.249098, 0, 0, 0, 0, 0, 0, 0.0153548, 0, 0, 0, 0
4244311, 0.251411, 0, 0, 0, 0, 0, 0, 0.0153548, 0, 0, 0, 0
4244320, 0.251411, 0, 0, 0, 0, 0, 0, 0.0153548, 0, 0, 0, 0
4244330, 0.249098, 0, 0, 0, 0, 0, 0, 0.0153548, 0, 0, 0, 0
4244340, 0.251411, 0, 0, 0, 0, 0, 0, 0.0153548, 0, 0, 0, 0
4244350, 0.249098, 0, 0, 0, 0, 0, 0, 0.0153548, 0, 0, 0, 0
4244360, 0.251411, 0, 0, 0, 0, 0, 0, 0.0153548, 0, 0, 0, 0
4244370, 0.251411, 0, 0, 0, 0, 0, 0, 0.0153548, 0, 0, 0, 0
4244380, 0.249098, 0, 0, 0, 0, 0, 0, 0.0153548, 0, 0, 0, 0
4244390, 0.242421, 0, 0, 0, 0, 0, 0, 0.0153548, 0, 0, 0, 0
4244400, 0.249098, 0, 0, 0, 0, 0, 0, 0.0153548, 0, 0, 0, 0
4244410, 0.249098, 0, 0, 0, 0, 0, 0, 0.0153548, 0, 0, 0, 0
4244420, 0.251411, 0, 0, 0, 0, 0, 0, 0.0153548, 0, 0, 0, 0
4244430, 0.249098, 0, 0, 0, 0, 0, 0, 0.0153548, 0, 0, 0, 0
4244441, 0.251411, 0, 0, 0, 0, 0, 0, 0.0153548, 0, 0, 0, 0
4244450, 0.251411, 0, 0, 0, 0, 0, 0, 0.0153548, 0, 0, 0, 0
4244460, 0.251411, 0, 0, 0, 0, 0, 0, 0.0153548, 0, 0, 0, 0
4244470, 0.251411, 0, 0, 0, 0, 0, 0, 0.0153548, 0, 0, 0, 0
4244481, 0.251411, 0, 0, 0, 0, 0, 0, 0.0153548, 0, 0, 0, 0
4244490, 0.251411, 0, 0, 0, 0, 0, 0, 0.0153548, 0, 0, 0, 0
4244500, 0.240277, 0, 0, 0, 0, 0, 0, 0.0153548, 0, 0, 0, 0
4244510, 0.249098, 0, 0, 0, 0, 0, 0, 0.0153548, 0, 0, 0, 0
4244520, 0.251411, 0, 0, 0, 0, 0, 0, 0.0153548, 0, 0, 0, 0
4244530, 0.251411, 0, 0, 0, 0, 0, 0, 0.0153548, 0, 0, 0, 0
4244540, 0.249098, 0, 0, 0, 0, 0, 0, 0.0153548, 0, 0, 0, 0
4244550, 0.251411, 0, 0, 0, 0, 0, 0, 0.0153548, 0, 0, 0, 0
4244560, 0.249098, 0, 0, 0, 0, 0, 0, 0.0153548, 0, 0, 0, 0
4244570, 0.249098, 0, 0, 0, 0, 0, 0, 0.0153548, 0, 0, 0, 0
4244580, 0.251411, 0, 0, 0, 0, 0, 0, 0.0153548, 0, 0, 0, 0
4244590, 0.249098, 0, 0, 0, 0, 0, 0, 0.0153548, 0, 0, 0, 0
4244600, 0.251411, 0, 0, 0, 0, 0, 0, 0.0153548, 0, 0, 0, 0
4244611, 0.251411, 0, 0, 0, 0, 0, 0, 0.0153548, 0, 0, 0, 0
4244620, 0.249098, 0, 0, 0, 0, 0, 0, 0.0153548, 0, 0, 0, 0
4244630, 0.240277, 0, 0, 0, 0, 0, 0, 0.0153548, 0, 0, 0, 0
4244640, 0.249098, 0, 0, 0, 0, 0, 0, 0.0153548, 0, 0, 0, 0
4244651, 0.251411, 0, 0, 0, 0, 0, 0, 0.0153548, 0, 0, 0, 0
4244660, 0.251411, 0, 0, 0, 0, 0, 0, 0.0153548, 0, 0, 0, 0
4244670, 0.249098, 0, 0, 0, 0, 0, 0, 0.0153548, 0, 0, 0, 0
4244680, 0.251411, 0, 0, 0, 0, 0, 0, 0.0153548, 0, 0, 0, 0
4244690, 0.251411, 0, 0, 0, 0, 0, 0, 0.0153548, 0, 0, 0, 0
4244700, 0.249098, 0, 0, 0, 0, 0, 0, 0.0153548, 0, 0, 0, 0
4244710, 0.251411, 0, 0, 0, 0, 0, 0, 0.0153548, 0, 0, 0, 0
4244720, 0.249098, 0, 0, 0, 0, 0, 0, 0.0153548, 0, 0, 0, 0
4244730, 0.251411, 0, 0, 0, 0, 0, 0, 0.0153548, 0, 0, 0, 0
4244740, 0.240277, 0, 0, 0, 0, 0, 0, 0.0153548, 0, 0, 0, 0
4244750, 0.251411, 0, 0, 0, 0, 0, 0, 0.0153548, 0, 0, 0, 0
4244760, 0.253768, 0, 0, 0, 0, 0, 0, 0.0153548, 0, 0, 0, 0
4244770, 0.251411, 0, 0, 0, 0, 0, 0, 0.0153548, 0, 0, 0, 0
4244781, 0.249098, 0, 0, 0, 0, 0, 0, 0.0153548, 0, 0, 0, 0
4244790, 0.251411, 0, 0, 0, 0, 0, 0, 0.0153548, 0, 0, 0, 0
4244800, 0.249098, 0, 0, 0, 0, 0, 0, 0.0153548, 0, 0, 0, 0
4244810, 0.251411, 0, 0, 0, 0, 0, 0, 0.0153548, 0, 0, 0, 0
4244820, 0.251411, 0, 0, 0, 0, 0, 0, 0.0153548, 0, 0, 0, 0
4244830, 0.251411, 0, 0, 0, 0, 0, 0, 0.0153548, 0, 0, 0, 0
4244840, 0.251411, 0, 0, 0, 0, 0, 0, 0.0153548, 0, 0, 0, 0
4244850, 0.249098, 0, 0, 0, 0, 0, 0, 0.0153548, 0, 0, 0, 0
4244860, 0.251411, 0, 0, 0, 0, 0, 0, 0.0153548, 0, 0, 0, 0
4244870, 0.240277, 0, 0, 0, 0, 0, 0, 0.0153548, 0, 0, 0, 0
4244880, 0.249098, 0, 0, 0, 0, 0, 0, 0.0153548, 0, 0, 0, 0
4244890, 0.251411, 0, 0, 0, 0, 0, 0, 0.0153548, 0, 0, 0, 0
4244900, 0.251411, 0, 0, 0, 0, 0, 0, 0.0153548, 0, 0, 0, 0
4244911, 0.249098, 0, 0, 0, 0, 0, 0, 0.0153548, 0, 0, 0, 0
4244920, 0.251411, 0, 0, 0, 0, 0, 0, 0.0153548, 0, 0, 0, 0
4244930, 0.249098, 0, 0, 0, 0, 0, 0, 0.0153548, 0, 0, 0, 0
4244940, 0.251411, 0, 0, 0, 0, 0, 0, 0.0153548, 0, 0, 0, 0
4244951, 0.251411, 0, 0, 0, 0, 0, 0, 0.0153548, 0, 0, 0, 0
4244960, 0.249098, 0, 0, 0, 0, 0, 0, 0.0153548, 0, 0, 0, 0
4244970, 0.253768, 0, 0, 0, 0, 0, 0, 0.0153548, 0, 0, 0, 0
4244980, 0.240277, 0, 0, 0, 0, 0, 0, 0.0153548, 0, 0, 0, 0
4244990, 0.249098, 0, 0, 0, 0, 0, 0, 0.0153548, 0, 0, 0, 0
4245000, 0.253768, 0, 0, 0, 0, 0, 0, 0.0153548, 0, 0, 0, 0
4245010, 0.249098, 0, 0, 0, 0, 0, 0, 0.0153548, 0, 0, 0, 0
4245020, 0.251411, 0, 0, 0, 0, 0, 0, 0.0153548, 0, 0, 0, 0
4245030, 0.251411, 0, 0, 0, 0, 0, 0, 0.0153548, 0, 0, 0, 0
4245040, 0.249098, 0, 0, 0, 0, 0, 0, 0.0153548, 0, 0, 0, 0
4245050, 0.251411, 0, 0, 0, 0, 0, 0, 0.0153548, 0, 0, 0, 0
4245060, 0.249098, 0, 0, 0, 0, 0, 0, 0.0153548, 0, 0, 0, 0
4245070, 0.249098, 0, 0, 0, 0, 0, 0, 0.0153548, 0, 0, 0, 0
4245081, 0.251411, 0, 0, 0, 0, 0, 0, 0.0153548, 0, 0, 0, 0
4245090, 0.249098, 0, 0, 0, 0, 0, 0, 0.0153548, 0, 0, 0, 0
4245100, 0.240277, 0, 0, 0, 0, 0, 0, 0.0153548, 0, 0, 0, 0
4245110, 0.238173, 0, 0, 0, 0, 0, 0, 0.0153548, 0, 0, 0, 0
4245121, 0.249098, 0, 0, 0, 0, 0, 0, 0.0153548, 0, 0, 0, 0
