QGPIORecord, QRC v6.1.0, 21-12-2021 @ 00:26:18, Windows 10 Version 2009, 10.0.19042, x86_64
Time, VoltageA, VoltageB, desired_velocity, time, PositionB, SpeedA, SpeedB, GetFrontDistance, xhat, Phat, nu, S
33371, 0, 0, 0, 0, -1.66897, 0, 0, 0.251411, -0.251406, 7.74893e-06, 5.9247e-05, 0.000100796
33381, 8.68608, 8.41464, 0.358301, 0.01, -1.66897, 0, 0, 0.249098, -0.249292, 7.74894e-06, -0.00230731, 0.000100796
33391, 10.0784, 9.80787, 0.357154, 0.02, -1.66897, 0, 0, 0.249098, -0.248814, 7.74893e-06, 0.00338939, 0.000100796
33401, 7.5648, 7.1643, 0.35706, 0.03, -1.61638, 4.90874, 5.23482, 0.249098, -0.248775, 7.74894e-06, 0.00385597, 0.000100796
33411, 3.03637, 3.29693, 0.357052, 0.04, -1.50418, 11.5355, 11.1674, 0.249098, -0.248772, 7.74893e-06, 0.00389419, 0.000100796
33421, 1.91031, 1.68337, 0.362135, 0.05, -1.37094, 12.9801, 13.3448, 0.251411, -0.25089, 7.74894e-06, 0.0062096, 0.000100796
33431, 4.33412, 2.89132, 0.357468, 0.06, -1.26225, 9.48088, 11.2445, 0.249098, -0.248945, 7.74893e-06, 0.00183019, 0.000100796
33441, 7.72439, 5.95863, 0.362169, 0.07, -1.18511, 5.60648, 7.3596, 0.251411, -0.250904, 7.74894e-06, 0.00604054, 0.000100796
33451, 9.2802, 7.80193, 0.362554, 0.08, -1.12901, 4.5511, 5.60297, 0.251411, -0.251064, 7.74893e-06, 0.00412863, 0.000100796
33461, 6.88427, 6.99999, 0.333482, 0.09, -1.06239, 7.71724, 6.66537, 0.238173, -0.238951, 7.74894e-06, -0.00926536, 0.000100796
33471, 3.8963, 5.34783, 0.335727, 0.1, -0.971229, 11.9107, 9.44582, 0.240277, -0.239886, 7.74893e-06, 0.00466135, 0.000100796
33481, 3.20715, 4.72107, 0.340623, 0.11, -0.866042, 12.6365, 10.5257, 0.242421, -0.241926, 7.74894e-06, 0.00589189, 0.000100796
33490, 4.49129, 4.85674, 0.336312, 0.12, -0.760854, 10.5222, 10.1856, 0.240277, -0.24013, 7.74893e-06, 0.00175725, 0.000100796
33501, 6.8117, 5.79951, 0.340671, 0.13, -0.669692, 7.69971, 9.1022, 0.242421, -0.241946, 7.74894e-06, 0.00565401, 0.000100796
33511, 8.15446, 6.38683, 0.336316, 0.14, -0.589049, 6.31825, 8.41849, 0.240277, -0.240132, 7.74893e-06, 0.00173777, 0.000100796
33521, 6.69453, 6.61035, 0.335959, 0.15, -0.501393, 8.7656, 8.41849, 0.240277, -0.239983, 7.74894e-06, 0.003509, 0.000100796
33531, 4.88516, 5.72663, 0.322302, 0.16, -0.406724, 10.8448, 9.44231, 0.234079, -0.234292, 7.74893e-06, -0.00254448, 0.000100796
33541, 3.7497, 4.53396, 0.316803, 0.17, -0.301537, 11.9212, 10.8693, 0.232086, -0.232001, 7.74894e-06, 0.00101709, 0.000100796
33551, 4.65776, 4.72654, 0.320733, 0.18, -0.192843, 10.5257, 10.5257, 0.234079, -0.233639, 7.74893e-06, 0.00524577, 0.000100796
33561, 5.54607, 4.77402, 0.30399, 0.19, -0.0981748, 8.77612, 9.82098, 0.226317, -0.226662, 7.74894e-06, -0.00411412, 0.000100796
33571, 5.29228, 4.93131, 0.279137, 0.2, -0.0105187, 8.41147, 8.7621, 0.215637, -0.216307, 7.74893e-06, -0.00798567, 0.000100796
33581, 3.86875, 4.31365, 0.266213, 0.21, 0.0841498, 9.80696, 9.11623, 0.210684, -0.210922, 7.74894e-06, -0.00283134, 0.000100796
33591, 3.24703, 3.53916, 0.261641, 0.22, 0.178818, 10.1611, 9.79995, 0.209086, -0.209017, 7.74893e-06, 0.000826478, 0.000100796
33601, 3.85858, 4.15612, 0.26478, 0.23, 0.269981, 9.12675, 8.78314, 0.210684, -0.210325, 7.74894e-06, 0.0042838, 0.000100796
33611, 3.95723, 4.02582, 0.251312, 0.24, 0.35413, 8.41498, 8.41498, 0.204442, -0.204714, 7.74893e-06, -0.003235, 0.000100796
33620, 3.44098, 3.52244, 0.234215, 0.25, 0.43828, 8.41147, 8.41147, 0.197167, -0.19759, 7.74894e-06, -0.00503321, 0.000100796
33631, 3.32157, 3.12694, 0.235917, 0.26, 0.525936, 8.39745, 8.75158, 0.198578, -0.198299, 7.74893e-06, 0.00333065, 0.000100796
33641, 3.4113, 3.45048, 0.236056, 0.27, 0.60658, 8.08539, 8.06786, 0.198578, -0.198357, 7.74894e-06, 0.00263867, 0.000100796
33651, 2.94426, 3.2438, 0.22101, 0.28, 0.683717, 8.06085, 7.72425, 0.19173, -0.192088, 7.74893e-06, -0.00426646, 0.000100796
33660, 2.80408, 3.42906, 0.222701, 0.29, 0.757348, 8.06436, 7.36311, 0.193059, -0.192792, 7.74894e-06, 0.00318147, 0.000100796
33671, 2.8549, 3.02117, 0.20864, 0.3, 0.830979, 7.3596, 7.3596, 0.186601, -0.186933, 7.74893e-06, -0.00396444, 0.000100796
33681, 3.11495, 3.00527, 0.213045, 0.31, 0.901104, 6.99846, 7.33856, 0.189128, -0.188769, 7.74894e-06, 0.00428131, 0.000100796
33691, 3.01934, 2.85236, 0.189582, 0.32, 0.971229, 6.31825, 6.67588, 0.178292, -0.178992, 7.74893e-06, -0.00834657, 0.000100796
33701, 2.62287, 2.69632, 0.18766, 0.33, 1.03434, 6.66186, 6.66186, 0.178292, -0.178192, 7.74894e-06, 0.00119537, 0.000100796
33711, 2.772, 3.11397, 0.187502, 0.34, 1.09745, 6.31124, 5.9536, 0.178292, -0.178126, 7.74893e-06, 0.00197691, 0.000100796
33721, 2.46304, 2.85344, 0.177806, 0.35, 1.15706, 6.30072, 5.95009, 0.173888, -0.174086, 7.74894e-06, -0.00236329, 0.000100796
33731, 2.5965, 2.74769, 0.177012, 0.36, 1.21316, 5.96061, 5.96762, 0.173888, -0.173755, 7.74893e-06, 0.00157973, 0.000100796
33741, 2.80299, 2.68351, 0.176947, 0.37, 1.27277, 5.60297, 5.94659, 0.173888, -0.173728, 7.74894e-06, 0.0019027, 0.000100796
33751, 2.81512, 2.64389, 0.167755, 0.38, 1.32887, 5.26988, 5.62051, 0.169709, -0.169898, 7.74893e-06, -0.00224923, 0.000100796
33761, 2.56061, 2.89418, 0.169255, 0.39, 1.38497, 5.60297, 5.25235, 0.170734, -0.170523, 7.74894e-06, 0.00251317, 0.000100796
33771, 2.2817, 2.6652, 0.160539, 0.4, 1.43756, 5.60999, 5.26287, 0.166713, -0.166891, 7.74893e-06, -0.00211672, 0.000100796
33781, 1.91939, 2.08483, 0.149383, 0.41, 1.49366, 5.60297, 5.60648, 0.161964, -0.162243, 7.74894e-06, -0.00332171, 0.000100796
33790, 2.35844, 2.24172, 0.150506, 0.42, 1.54275, 4.91224, 5.25586, 0.162891, -0.162711, 7.74893e-06, 0.00214165, 0.000100796
33801, 2.55423, 2.64588, 0.148561, 0.43, 1.59183, 4.5511, 4.55811, 0.161964, -0.1619, 7.74894e-06, 0.000758201, 0.000100796
33811, 2.5327, 2.90651, 0.148402, 0.44, 1.63391, 4.56513, 4.20749, 0.161964, -0.161834, 7.74893e-06, 0.00154924, 0.000100796
33821, 2.06815, 2.22036, 0.140482, 0.45, 1.683, 4.89471, 4.90173, 0.158368, -0.158534, 7.74894e-06, -0.00198199, 0.000100796
33830, 1.77224, 1.6666, 0.132295, 0.46, 1.73208, 4.91224, 5.25936, 0.154939, -0.155123, 7.74893e-06, -0.00219026, 0.000100796
33841, 1.68552, 2.06881, 0.133476, 0.47, 1.78117, 4.90874, 4.56513, 0.155781, -0.155615, 7.74894e-06, 0.00198129, 0.000100796
33851, 1.91652, 2.33944, 0.124526, 0.48, 1.81974, 4.20749, 3.85687, 0.151666, -0.151886, 7.74893e-06, -0.00261404, 0.000100796
33861, 2.12249, 2.31132, 0.123793, 0.49, 1.85831, 3.85687, 3.85687, 0.151666, -0.15158, 7.74894e-06, 0.00102589, 0.000100796
33871, 2.15008, 2.06589, 0.125501, 0.5, 1.90038, 3.85687, 4.20749, 0.152471, -0.152292, 7.74893e-06, 0.00212823, 0.000100796
33881, 1.65638, 1.54154, 0.116996, 0.51, 1.94246, 4.20749, 4.55811, 0.148539, -0.148749, 7.74894e-06, -0.00249803, 0.000100796
33891, 1.59667, 1.70957, 0.11799, 0.52, 1.98453, 4.20398, 4.20048, 0.149308, -0.149163, 7.74893e-06, 0.00172909, 0.000100796
33901, 1.75315, 2.12535, 0.116381, 0.53, 2.0231, 3.85687, 3.50975, 0.148539, -0.148492, 7.74894e-06, 0.00055626, 0.000100796
33911, 1.78904, 2.2069, 0.108073, 0.54, 2.05466, 3.50624, 3.15562, 0.14482, -0.14503, 7.74893e-06, -0.00250864, 0.000100796
33921, 1.59687, 1.52218, 0.101162, 0.55, 2.08972, 3.49923, 3.84985, 0.141986, -0.142151, 7.74894e-06, -0.00196342, 0.000100796
33931, 1.67745, 1.5526, 0.106826, 0.56, 2.13179, 3.49923, 3.84985, 0.14482, -0.144511, 7.74893e-06, 0.00368047, 0.000100796
33941, 1.92931, 2.02139, 0.10729, 0.57, 2.16335, 3.15562, 3.15562, 0.14482, -0.144704, 7.74894e-06, 0.00137714, 0.000100796
33951, 1.54555, 1.92175, 0.102631, 0.58, 2.19491, 3.50975, 3.15912, 0.142683, -0.142763, 7.74893e-06, -0.000948057, 0.000100796
33960, 1.5854, 1.73285, 0.0947447, 0.59, 2.22646, 3.15562, 3.15562, 0.13927, -0.139477, 7.74894e-06, -0.00246651, 0.000100796
33971, 1.29045, 1.44867, 0.0955684, 0.6, 2.25802, 3.50274, 3.49923, 0.139938, -0.13982, 7.74893e-06, 0.00140889, 0.000100796
33981, 1.49322, 1.9121, 0.0956359, 0.61, 2.28958, 3.15211, 2.80149, 0.139938, -0.139848, 7.74894e-06, 0.00107393, 0.000100796
33991, 1.5633, 1.75037, 0.0884425, 0.62, 2.31763, 2.80499, 2.8085, 0.136664, -0.136851, 7.74893e-06, -0.00222783, 0.000100796
34000, 1.56968, 1.75829, 0.0892637, 0.63, 2.34568, 2.80149, 2.80149, 0.137306, -0.137193, 7.74894e-06, 0.00133896, 0.000100796
34011, 1.38832, 1.31047, 0.0824194, 0.64, 2.37723, 2.80499, 3.15562, 0.134162, -0.134341, 7.74893e-06, -0.00213863, 0.000100796
34021, 1.36736, 1.24577, 0.0832135, 0.65, 2.40879, 2.80499, 3.15211, 0.134778, -0.134672, 7.74894e-06, 0.00126088, 0.000100796
34031, 1.20525, 1.58291, 0.0779395, 0.66, 2.43333, 2.80149, 2.45086, 0.13235, -0.132475, 7.74893e-06, -0.00149041, 0.000100796
34041, 1.13446, 1.55568, 0.0775076, 0.67, 2.45788, 2.80499, 2.45788, 0.13235, -0.132295, 7.74894e-06, 0.00065431, 0.000100796
34051, 1.35442, 1.54329, 0.0774722, 0.68, 2.48242, 2.45437, 2.45437, 0.13235, -0.13228, 7.74893e-06, 0.00082998, 0.000100796
34061, 1.21874, 1.41141, 0.0723356, 0.69, 2.50696, 2.45086, 2.45086, 0.130015, -0.13014, 7.74894e-06, -0.00149061, 0.000100796
34071, 1.45238, 1.09594, 0.0719149, 0.7, 2.53151, 2.10374, 2.80149, 0.130015, -0.129965, 7.74893e-06, 0.000598267, 0.000100796
34081, 1.18092, 1.55177, 0.0718804, 0.71, 2.55605, 2.45437, 2.10725, 0.130015, -0.12995, 7.74894e-06, 0.000769347, 0.000100796
34091, 1.02778, 1.18139, 0.0669377, 0.72, 2.58059, 2.45086, 2.44736, 0.127768, -0.127891, 7.74893e-06, -0.00146349, 0.000100796
34101, 0.9599, 1.38338, 0.0665329, 0.73, 2.60163, 2.45437, 2.10374, 0.127768, -0.127722, 7.74894e-06, 0.00054656, 0.000100796
34111, 1.21179, 1.40246, 0.0677171, 0.74, 2.62267, 2.10374, 2.10024, 0.128322, -0.128215, 7.74893e-06, 0.00126491, 0.000100796
34121, 1.34304, 1.52985, 0.0618397, 0.75, 2.6402, 1.75312, 1.74961, 0.125604, -0.125767, 7.74894e-06, -0.00193405, 0.000100796
34130, 1.09791, 1.01888, 0.062531, 0.76, 2.66124, 2.10024, 2.45086, 0.126138, -0.126055, 7.74893e-06, 0.000989467, 0.000100796
34141, 1.32169, 1.4607, 0.061415, 0.77, 2.68228, 1.75312, 1.75312, 0.125604, -0.12559, 7.74894e-06, 0.000174969, 0.000100796
34151, 1.05309, 1.47267, 0.0613235, 0.78, 2.69981, 2.10374, 1.75312, 0.125604, -0.125551, 7.74893e-06, 0.000628829, 0.000100796
34161, 0.937075, 1.13613, 0.0578623, 0.79, 2.71734, 2.10374, 2.10024, 0.124033, -0.124109, 7.74894e-06, -0.000904866, 0.000100796
34170, 0.859782, 1.32657, 0.0564486, 0.8, 2.73837, 2.10024, 1.75312, 0.123519, -0.12352, 7.74893e-06, -1.14068e-05, 0.000100796
34181, 1.1111, 1.0731, 0.0574631, 0.81, 2.75591, 1.75312, 2.10374, 0.124033, -0.123943, 7.74894e-06, 0.00107763, 0.000100796
34191, 1.28674, 1.19734, 0.0530858, 0.82, 2.77694, 1.39899, 1.74961, 0.122005, -0.122119, 7.74893e-06, -0.00136367, 0.000100796
34201, 0.917853, 1.06671, 0.0484241, 0.83, 2.79447, 1.75312, 1.75312, 0.120047, -0.120177, 7.74894e-06, -0.00154082, 0.000100796
34211, 0.59353, 1.29482, 0.0480423, 0.84, 2.8085, 2.10024, 1.39899, 0.120047, -0.120018, 7.74893e-06, 0.000354938, 0.000100796
34221, 0.786177, 1.02707, 0.048011, 0.85, 2.82603, 1.75312, 1.75312, 0.120047, -0.120005, 7.74894e-06, 0.000510208, 0.000100796
34231, 1.0276, 0.987999, 0.0480084, 0.86, 2.84006, 1.4025, 1.75312, 0.120047, -0.120004, 7.74893e-06, 0.000522926, 0.000100796
34241, 1.34067, 1.24835, 0.0490697, 0.87, 2.85759, 1.05187, 1.39899, 0.12053, -0.120446, 7.74894e-06, 0.00100678, 0.000100796
34251, 0.992751, 1.1367, 0.043941, 0.88, 2.87161, 1.4025, 1.4025, 0.118158, -0.118309, 7.74893e-06, -0.00179709, 0.000100796
34260, 0.291205, 1.00025, 0.0385263, 0.89, 2.88564, 2.10374, 1.4025, 0.115886, -0.116053, 7.74894e-06, -0.00198316, 0.000100796
34271, 0.562375, 1.07911, 0.0430774, 0.9, 2.89966, 1.74961, 1.39899, 0.118158, -0.117949, 7.74893e-06, 0.00249059, 0.000100796
34281, 0.974221, 0.978663, 0.0394375, 0.91, 2.91369, 1.05187, 1.4025, 0.116333, -0.116432, 7.74894e-06, -0.00118535, 0.000100796
34291, 1.26622, 0.944531, 0.0391393, 0.92, 2.92771, 0.701248, 1.4025, 0.116333, -0.116308, 7.74893e-06, 0.000294901, 0.000100796
34300, 0.768043, 1.18738, 0.0391149, 0.93, 2.93823, 1.4025, 1.05187, 0.116333, -0.116298, 7.74894e-06, 0.000416145, 0.000100796
34311, 0.464696, 1.21022, 0.0391129, 0.94, 2.94875, 1.74611, 1.04486, 0.116333, -0.116297, 7.74893e-06, 0.000426069, 0.000100796
34321, 0.66622, 0.948691, 0.0391127, 0.95, 2.96277, 1.4025, 1.406, 0.116333, -0.116297, 7.74894e-06, 0.000426881, 0.000100796
34331, 0.824279, 0.831447, 0.0352343, 0.96, 2.9768, 1.05187, 1.4025, 0.114569, -0.114681, 7.74893e-06, -0.0013371, 0.000100796
34340, 0.818649, 1.05193, 0.0349166, 0.97, 2.98732, 1.05187, 1.05187, 0.114569, -0.114549, 7.74894e-06, 0.00024014, 0.000100796
34351, 0.821635, 1.05485, 0.0348906, 0.98, 2.99784, 1.04837, 1.04837, 0.114569, -0.114538, 7.74893e-06, 0.000369318, 0.000100796
34361, 0.819946, 1.05325, 0.0348885, 0.99, 3.00836, 1.05187, 1.05187, 0.114569, -0.114537, 7.74894e-06, 0.000379898, 0.000100796
34371, 0.449216, 0.965859, 0.0311376, 1, 3.01887, 1.4025, 1.05187, 0.112863, -0.112974, 7.74893e-06, -0.0013252, 0.000100796
34381, 0.639973, 0.922907, 0.0299119, 1.01, 3.02939, 1.05187, 1.05187, 0.112445, -0.112463, 7.74894e-06, -0.000217594, 0.000100796
34391, 0.643585, 0.925812, 0.03073, 1.02, 3.03991, 1.04837, 1.04837, 0.112863, -0.112804, 7.74893e-06, 0.000698611, 0.000100796
34401, 0.888119, 0.890491, 0.0298785, 1.03, 3.05043, 0.697742, 1.04837, 0.112445, -0.112449, 7.74894e-06, -5.18262e-05, 0.000100796
34411, 0.910786, 1.13917, 0.0298088, 1.04, 3.05744, 0.701248, 0.701248, 0.112445, -0.11242, 7.74893e-06, 0.000294432, 0.000100796
34421, 0.678842, 0.918019, 0.0307215, 1.05, 3.06796, 1.05187, 1.04837, 0.112863, -0.112801, 7.74894e-06, 0.00074055, 0.000100796
34430, 0.274805, 0.798306, 0.026278, 1.06, 3.07848, 1.4025, 1.04837, 0.110808, -0.110949, 7.74893e-06, -0.00168571, 0.000100796
34441, 0.491548, 0.777668, 0.0268031, 1.07, 3.08549, 1.04837, 1.04837, 0.111212, -0.111168, 7.74894e-06, 0.000525676, 0.000100796
34451, 1.0199, 1.01681, 0.0268461, 1.08, 3.09601, 0.350624, 0.701248, 0.111212, -0.111186, 7.74893e-06, 0.000312142, 0.000100796
34461, 0.693979, 0.928837, 0.0224751, 1.09, 3.10302, 0.701248, 0.701248, 0.109222, -0.109365, 7.74894e-06, -0.00169504, 0.000100796
34470, 0.706337, 0.668993, 0.022978, 1.1, 3.11004, 0.697742, 1.04837, 0.109614, -0.109574, 7.74893e-06, 0.000474103, 0.000100796
34481, 0.0434195, 0.793408, 0.0187817, 1.11, 3.12056, 1.39899, 0.701248, 0.107687, -0.107826, 7.74894e-06, -0.00165783, 0.000100796
34491, 0.286094, 0.847356, 0.0218145, 1.12, 3.12757, 1.05187, 0.701248, 0.109222, -0.109089, 7.74893e-06, 0.00158449, 0.000100796
34501, 0.822867, 0.86815, 0.0229239, 1.13, 3.13458, 0.350624, 0.701248, 0.109614, -0.109552, 7.74894e-06, 0.000742711, 0.000100796
34511, 0.852004, 0.851921, 0.0221538, 1.14, 3.14159, 0.347118, 0.697742, 0.109222, -0.109231, 7.74893e-06, -0.000100024, 0.000100796
34521, 0.910948, 0.864487, 0.0229517, 1.15, 3.14861, 0.350624, 0.701248, 0.109614, -0.109563, 7.74894e-06, 0.000604734, 0.000100796
34531, 0.316944, 0.788061, 0.0196137, 1.16, 3.15562, 1.04837, 0.697742, 0.108066, -0.108172, 7.74893e-06, -0.0012677, 0.000100796
34541, -0.0525966, 0.745809, 0.0185061, 1.17, 3.16263, 1.4025, 0.701248, 0.107687, -0.107711, 7.74894e-06, -0.000289686, 0.000100796
34551, 0.416331, 0.747615, 0.0192496, 1.18, 3.16964, 0.701248, 0.697742, 0.108066, -0.108021, 7.74893e-06, 0.000540182, 0.000100796
34561, 0.662658, 0.71177, 0.0184763, 1.19, 3.17666, 0.350624, 0.701248, 0.107687, -0.107698, 7.74894e-06, -0.000141613, 0.000100796
34571, 0.989217, 0.711384, 0.0192472, 1.2, 3.18367, 0, 0.701248, 0.108066, -0.10802, 7.74893e-06, 0.000552312, 0.000100796
34581, 0.526421, 0.719895, 0.0201511, 1.21, 3.19068, 0.701248, 0.697742, 0.108448, -0.108396, 7.74894e-06, 0.000621237, 0.000100796
34591, 0.195258, 0.93992, 0.0185501, 1.22, 3.19419, 1.05187, 0.350624, 0.107687, -0.107729, 7.74893e-06, -0.000508212, 0.000100796
34600, 0.051487, 0.618629, 0.0151463, 1.23, 3.2012, 1.04837, 0.697742, 0.106198, -0.106311, 7.74894e-06, -0.00134569, 0.000100796
34611, 0.545435, 0.597127, 0.0156762, 1.24, 3.20821, 0.350624, 0.701248, 0.106566, -0.106532, 7.74893e-06, 0.000406362, 0.000100796
34621, 0.84326, 0.840291, 0.0157196, 1.25, 3.21172, 0, 0.350624, 0.106566, -0.10655, 7.74894e-06, 0.000190862, 0.000100796
34631, 0.625153, 0.859537, 0.0157231, 1.26, 3.21522, 0.350624, 0.347118, 0.106566, -0.106551, 7.74893e-06, 0.000173211, 0.000100796
34640, 0.34432, 0.585736, 0.0149147, 1.27, 3.22224, 0.697742, 0.697742, 0.106198, -0.106214, 7.74894e-06, -0.000196062, 0.000100796
34651, 0.0468673, 0.568307, 0.0156572, 1.28, 3.22925, 1.05187, 0.701248, 0.106566, -0.106524, 7.74893e-06, 0.000500523, 0.000100796
34661, 0.533815, 1.08354, 0.015718, 1.29, 3.22925, 0.350624, 0, 0.106566, -0.106549, 7.74894e-06, 0.00019858, 0.000100796
34671, 0.55318, 0.605207, 0.015723, 1.3, 3.23626, 0.347118, 0.697742, 0.106566, -0.106551, 7.74893e-06, 0.000173844, 0.000100796
34681, 0.567302, 0.845289, 0.0157234, 1.31, 3.23977, 0.350624, 0.350624, 0.106566, -0.106551, 7.74894e-06, 0.000171818, 0.000100796
34691, 0.525397, 0.533474, 0.0133159, 1.32, 3.24678, 0.350624, 0.701248, 0.105471, -0.105548, 7.74893e-06, -0.000923403, 0.000100796
34701, 0.230681, 0.74579, 0.0123284, 1.33, 3.25029, 0.697742, 0.347118, 0.105111, -0.105137, 7.74894e-06, -0.000303805, 0.000100796
34711, 0.108314, 0.671783, 0.0091454, 1.34, 3.25379, 0.701248, 0.350624, 0.1037, -0.103811, 7.74893e-06, -0.00131315, 0.000100796
34721, 0.402221, 0.731617, 0.0119868, 1.35, 3.2573, 0.350624, 0.347118, 0.105111, -0.104994, 7.74894e-06, 0.00139219, 0.000100796
34731, 0.690011, 0.736473, 0.0122195, 1.36, 3.2608, 0, 0.350624, 0.105111, -0.105091, 7.74893e-06, 0.000236697, 0.000100796
34741, 0.458408, 0.470477, 0.0122386, 1.37, 3.26782, 0.350624, 0.697742, 0.105111, -0.105099, 7.74894e-06, 0.00014206, 0.000100796
34751, 0.461093, 0.699492, 0.0122401, 1.38, 3.27132, 0.350624, 0.347118, 0.105111, -0.1051, 7.74893e-06, 0.000134304, 0.000100796
34761, 0.186055, 0.971623, 0.0122402, 1.39, 3.27132, 0.697742, 0, 0.105111, -0.1051, 7.74894e-06, 0.000133671, 0.000100796
34770, 0.421001, 0.748406, 0.0122403, 1.4, 3.27483, 0.350624, 0.350624, 0.105111, -0.1051, 7.74893e-06, 0.000133626, 0.000100796
34781, 0.704155, 0.479326, 0.0122403, 1.41, 3.28184, 0, 0.701248, 0.105111, -0.1051, 7.74894e-06, 0.000133619, 0.000100796
34791, 0.472172, 0.71057, 0.0122403, 1.42, 3.28535, 0.350624, 0.347118, 0.105111, -0.1051, 7.74893e-06, 0.000133619, 0.000100796
34801, 0.12193, 0.909847, 0.00913818, 1.43, 3.28535, 0.697742, 0, 0.1037, -0.103808, 7.74894e-06, -0.00127732, 0.000100796
34810, 0.357009, 0.686375, 0.00965087, 1.44, 3.28885, 0.350624, 0.350624, 0.104049, -0.104021, 7.74893e-06, 0.000332944, 0.000100796
34821, 0.503658, 0.284736, 0.00444342, 1.45, 3.29587, 0, 0.701248, 0.101661, -0.101851, 7.74894e-06, -0.0022632, 0.000100796
34831, 0.339102, 0.84935, 0.00849958, 1.46, 3.29587, 0.350624, 0, 0.1037, -0.103541, 7.74893e-06, 0.00189339, 0.000100796
34841, 0.353571, 0.637115, 0.00959857, 1.47, 3.29937, 0.350624, 0.350624, 0.104049, -0.103999, 7.74894e-06, 0.000592642, 0.000100796
34851, 0.329349, 0.341672, 0.00892181, 1.48, 3.30288, 0.350624, 0.701248, 0.1037, -0.103717, 7.74893e-06, -0.000203036, 0.000100796
34861, 0.320311, 0.827477, 0.00886638, 1.49, 3.30639, 0.347118, 0, 0.1037, -0.103694, 7.74894e-06, 7.21812e-05, 0.000100796
34871, 0.587636, 0.59078, 0.00886184, 1.5, 3.30989, 0, 0.350624, 0.1037, -0.103692, 7.74893e-06, 9.47192e-05, 0.000100796
34881, 0.342252, 0.582752, 0.00886146, 1.51, 3.3134, 0.350624, 0.347118, 0.1037, -0.103692, 7.74894e-06, 9.6567e-05, 0.000100796
34891, 0.331514, 0.841488, 0.00886145, 1.52, 3.3134, 0.350624, 0, 0.1037, -0.103692, 7.74893e-06, 9.67234e-05, 0.000100796
34900, 0.320775, 0.876611, 0.00886143, 1.53, 3.3134, 0.350624, 0, 0.1037, -0.103692, 7.74894e-06, 9.67309e-05, 0.000100796
34911, 0.312842, 0.370985, 0.00886143, 1.54, 3.32041, 0.347118, 0.697742, 0.1037, -0.103692, 7.74893e-06, 9.67383e-05, 0.000100796
34921, 0.598845, 0.601867, 0.0096282, 1.55, 3.32392, 0, 0.350624, 0.104049, -0.104012, 7.74894e-06, 0.000445493, 0.000100796
34931, 0.339443, 0.84937, 0.00892425, 1.56, 3.32392, 0.350624, 0, 0.1037, -0.103718, 7.74893e-06, -0.000215083, 0.000100796
34940, 0.327556, 0.611654, 0.00886658, 1.57, 3.32742, 0.350624, 0.350624, 0.1037, -0.103694, 7.74894e-06, 7.11903e-05, 0.000100796
34951, 0.319529, 0.872559, 0.00886186, 1.58, 3.32742, 0.347118, 0, 0.1037, -0.103692, 7.74893e-06, 9.46447e-05, 0.000100796
34961, 0.513954, 0.56524, 0.00585095, 1.59, 3.33093, 0, 0.350624, 0.102331, -0.102438, 7.74894e-06, -0.00127273, 0.000100796
34971, 0.250667, 0.539496, 0.00560435, 1.6, 3.33444, 0.350624, 0.347118, 0.102331, -0.102335, 7.74893e-06, -4.82947e-05, 0.000100796
34980, 0.507029, 0.513114, 0.00558414, 1.61, 3.33794, 0, 0.350624, 0.102331, -0.102327, 7.74894e-06, 5.19902e-05, 0.000100796
34991, 0.251428, 0.761081, 0.0055825, 1.62, 3.33794, 0.347118, 0, 0.102331, -0.102326, 7.74893e-06, 6.02081e-05, 0.000100796
35001, 0.246191, 0.531667, 0.00632662, 1.63, 3.34145, 0.347118, 0.347118, 0.10267, -0.102636, 7.74894e-06, 0.000399396, 0.000100796
35011, 0.206494, 0.76431, 0.00564331, 1.64, 3.34145, 0.350624, 0, 0.102331, -0.102351, 7.74893e-06, -0.000241734, 0.000100796
35020, 0.480186, 0.531109, 0.0063316, 1.65, 3.34495, 0, 0.350624, 0.10267, -0.102638, 7.74894e-06, 0.00037466, 0.000100796
35031, 0.506649, 0.514385, 0.00638798, 1.66, 3.34846, 0, 0.347118, 0.10267, -0.102662, 7.74893e-06, 9.47565e-05, 0.000100796
35041, 0.236343, 0.745947, 0.00564834, 1.67, 3.34846, 0.347118, 0, 0.102331, -0.102353, 7.74894e-06, -0.000266686, 0.000100796
35051, 0.120802, 0.681418, 0.00194734, 1.68, 3.34846, 0.350624, 0, 0.100675, -0.100811, 7.74893e-06, -0.00162169, 0.000100796
35061, 0.444062, 0.495778, 0.00528461, 1.69, 3.35197, 0, 0.350624, 0.102331, -0.102202, 7.74894e-06, 0.00153918, 0.000100796
35070, 0.191136, 0.749016, 0.00555797, 1.7, 3.35197, 0.350624, 0, 0.102331, -0.102316, 7.74893e-06, 0.000182018, 0.000100796
35081, 0.448346, 0.499838, 0.00558035, 1.71, 3.35547, 0, 0.350624, 0.102331, -0.102325, 7.74894e-06, 7.0855e-05, 0.000100796
35091, 0.470509, 0.747871, 0.00558218, 1.72, 3.35547, 0, 0, 0.102331, -0.102326, 7.74893e-06, 6.17504e-05, 0.000100796
35101, 0.214944, 0.770001, 0.00558234, 1.73, 3.35547, 0.347118, 0, 0.102331, -0.102326, 7.74894e-06, 6.10054e-05, 0.000100796
35110, 0.188863, 0.523111, 0.00558236, 1.74, 3.35898, 0.350624, 0.347118, 0.102331, -0.102326, 7.74893e-06, 6.09383e-05, 0.000100796
35121, 0.445627, 0.497117, 0.00558236, 1.75, 3.36249, 0, 0.350624, 0.102331, -0.102326, 7.74894e-06, 6.09383e-05, 0.000100796
35131, 0.485796, 0.762594, 0.00632662, 1.76, 3.36249, 0, 0, 0.10267, -0.102636, 7.74893e-06, 0.000399455, 0.000100796
35141, 0.213808, 0.502607, 0.00564331, 1.77, 3.36599, 0.350624, 0.347118, 0.102331, -0.102351, 7.74894e-06, -0.000241734, 0.000100796
35150, 0.188958, 0.747274, 0.00558735, 1.78, 3.36599, 0.350624, 0, 0.102331, -0.102328, 7.74893e-06, 3.61428e-05, 0.000100796
35161, 0.374772, 0.428935, 0.00265984, 1.79, 3.3695, 0, 0.350624, 0.101002, -0.101108, 7.74894e-06, -0.00127055, 0.000100796
35171, 0.379501, 0.659718, 0.00242005, 1.8, 3.3695, 0, 0, 0.101002, -0.101008, 7.74893e-06, -8.00267e-05, 0.000100796
35181, 0.125638, 0.685822, 0.00312313, 1.81, 3.3695, 0.350624, 0, 0.10133, -0.101301, 7.74894e-06, 0.000346206, 0.000100796
35191, 0.356531, 0.410846, 0.00245799, 1.82, 3.373, 0, 0.350624, 0.101002, -0.101024, 7.74893e-06, -0.00026843, 0.000100796
35201, 0.101974, 0.393138, 0.00312624, 1.83, 3.37651, 0.350624, 0.347118, 0.10133, -0.101303, 7.74894e-06, 0.000330776, 0.000100796
35211, 0.35033, 0.630428, 0.00318097, 1.84, 3.37651, 0, 0, 0.10133, -0.101325, 7.74893e-06, 5.90235e-05, 0.000100796
35221, 0.345526, 0.626169, 0.00246275, 1.85, 3.37651, 0, 0, 0.101002, -0.101026, 7.74894e-06, -0.000291958, 0.000100796
35231, 0.371382, 0.651522, 0.00312663, 1.86, 3.37651, 0, 0, 0.10133, -0.101303, 7.74893e-06, 0.000328839, 0.000100796
35240, 0.104594, 0.665192, 0.00318101, 1.87, 3.37651, 0.350624, 0, 0.10133, -0.101325, 7.74894e-06, 5.88596e-05, 0.000100796
35251, 0.334427, 0.389198, 0.00246275, 1.88, 3.38002, 0, 0.350624, 0.101002, -0.101026, 7.74893e-06, -0.000291973, 0.000100796
35261, 0.290956, 0.573263, 0.000266916, 1.89, 3.38002, 0, 0, 0.10003, -0.100111, 7.74894e-06, -0.000971869, 0.000100796
35271, 0.0589613, 0.620284, 0.00222407, 1.9, 3.38002, 0.350624, 0, 0.101002, -0.100927, 7.74893e-06, 0.000893094, 0.000100796
35280, 0.323821, 0.378104, 0.00310709, 1.91, 3.38352, 0, 0.350624, 0.10133, -0.101295, 7.74894e-06, 0.000425905, 0.000100796
35291, 0.337889, 0.617989, 0.0031794, 1.92, 3.38352, 0, 0, 0.10133, -0.101325, 7.74893e-06, 6.68094e-05, 0.000100796
35301, 0.0554201, 0.613757, 0.00246261, 1.93, 3.38352, 0.347118, 0, 0.101002, -0.101026, 7.74894e-06, -0.000291318, 0.000100796
35311, 0.313569, 0.639112, 0.00312662, 1.94, 3.38352, 0, 0, 0.10133, -0.101303, 7.74893e-06, 0.000328898, 0.000100796
35320, 0.327281, 0.381049, 0.00318101, 1.95, 3.38703, 0, 0.350624, 0.10133, -0.101325, 7.74894e-06, 5.8867e-05, 0.000100796
35331, 0.322477, 0.602661, 0.00246275, 1.96, 3.38703, 0, 0, 0.101002, -0.101026, 7.74893e-06, -0.000291973, 0.000100796
35341, 0.0678332, 0.628014, 0.00312663, 1.97, 3.38703, 0.350624, 0, 0.10133, -0.101303, 7.74894e-06, 0.000328839, 0.000100796
35351, 0.298662, 0.352977, 0.0024583, 1.98, 3.39054, 0, 0.350624, 0.101002, -0.101024, 7.74893e-06, -0.00026986, 0.000100796
35361, 0.307078, 0.587307, 0.00240355, 1.99, 3.39054, 0, 0, 0.101002, -0.101001, 7.74894e-06, 1.9297e-06, 0.000100796
35371, 0.334017, 0.613702, 0.00312179, 2, 3.39054, 0, 0, 0.10133, -0.101301, 7.74893e-06, 0.000352919, 0.000100796
35381, 0.330296, 0.610484, 0.00245789, 2.01, 3.39054, 0, 0, 0.101002, -0.101024, 7.74894e-06, -0.000267886, 0.000100796
35391, -0.0106066, 0.283256, -0.000435609, 2.02, 3.39404, 0.350624, 0.347118, 0.0997103, -0.0998185, 7.74893e-06, -0.00128923, 0.000100796
35401, 0.285387, 0.566254, 0.00216653, 2.03, 3.39404, 0, 0, 0.101002, -0.100903, 7.74894e-06, 0.00117879, 0.000100796
35410, 0.0214463, 0.579846, 0.00237966, 2.04, 3.39404, 0.347118, 0, 0.101002, -0.100992, 7.74893e-06, 0.000120588, 0.000100796
35421, 0.281113, 0.606661, 0.00311982, 2.05, 3.39404, 0, 0, 0.10133, -0.1013, 7.74894e-06, 0.000362635, 0.000100796
35431, 0.277428, 0.603478, 0.00245773, 2.06, 3.39404, 0, 0, 0.101002, -0.101024, 7.74893e-06, -0.000267088, 0.000100796
35441, 0.303376, 0.359902, 0.00312622, 2.07, 3.39755, 0, 0.347118, 0.10133, -0.101303, 7.74894e-06, 0.000330888, 0.000100796
35450, 0.317094, 0.597193, 0.00318097, 2.08, 3.39755, 0, 0, 0.10133, -0.101325, 7.74893e-06, 5.9031e-05, 0.000100796
35461, 0.312291, 0.592934, 0.00246275, 2.09, 3.39755, 0, 0, 0.101002, -0.101026, 7.74894e-06, -0.000291958, 0.000100796
35471, 0.338147, 0.618286, 0.00312663, 2.1, 3.39755, 0, 0, 0.10133, -0.101303, 7.74893e-06, 0.000328839, 0.000100796
35481, 0.0538379, 0.614983, 0.0024583, 2.11, 3.39755, 0.350624, 0, 0.101002, -0.101024, 7.74894e-06, -0.00026986, 0.000100796
35491, 0.296892, 0.351708, 0.00240355, 2.12, 3.40105, 0, 0.350624, 0.101002, -0.101001, 7.74893e-06, 1.9297e-06, 0.000100796
35501, 0.323831, 0.603974, 0.00312179, 2.13, 3.40105, 0, 0, 0.10133, -0.101301, 7.74894e-06, 0.000352919, 0.000100796
35511, 0.32011, 0.600756, 0.00245789, 2.14, 3.40105, 0, 0, 0.101002, -0.101024, 7.74893e-06, -0.000267886, 0.000100796
35521, 0.346055, 0.626195, 0.00312624, 2.15, 3.40105, 0, 0, 0.10133, -0.101303, 7.74894e-06, 0.000330821, 0.000100796
35531, 0.0792734, 0.639871, 0.00318097, 2.16, 3.40105, 0.350624, 0, 0.10133, -0.101325, 7.74893e-06, 5.90235e-05, 0.000100796
35540, 0.309108, 0.363879, 0.00246275, 2.17, 3.40456, 0, 0.350624, 0.101002, -0.101026, 7.74894e-06, -0.000291958, 0.000100796
35551, 0.334963, 0.615103, 0.00312663, 2.18, 3.40456, 0, 0, 0.10133, -0.101303, 7.74893e-06, 0.000328839, 0.000100796
35561, 0.262327, 0.545124, -0.00038082, 2.19, 3.40456, 0, 0, 0.0997103, -0.0998413, 7.74894e-06, -0.00156119, 0.000100796
35571, -0.00962521, 0.553357, 3.40104e-05, 2.2, 3.40456, 0.350624, 0, 0.10003, -0.100014, 7.74893e-06, 0.000184521, 0.000100796
35580, 0.295297, 0.349716, 0.0029277, 2.21, 3.40807, 0, 0.350624, 0.10133, -0.10122, 7.74894e-06, 0.00131653, 0.000100796
35591, 0.2263, 0.509109, -0.000397128, 2.22, 3.40807, 0, 0, 0.0997103, -0.0998345, 7.74893e-06, -0.0014803, 0.000100796
35601, 0.167785, 0.452374, -0.00274592, 2.23, 3.40807, 0, 0, 0.0987659, -0.0988559, 7.74894e-06, -0.00107265, 0.000100796
35611, 0.135695, 0.420946, -0.0036207, 2.24, 3.40807, 0, 0, 0.0984555, -0.0984914, 7.74893e-06, -0.000427857, 0.000100796
35620, 0.255315, 0.53638, 0.00190564, 2.25, 3.40807, 0, 0, 0.101002, -0.100794, 7.74894e-06, 0.00247405, 0.000100796
35631, 0.291362, 0.571537, 0.003081, 2.26, 3.40807, 0, 0, 0.10133, -0.101284, 7.74893e-06, 0.000555404, 0.000100796
35641, 0.236582, 0.51885, 0.000317556, 2.27, 3.40807, 0, 0, 0.10003, -0.100132, 7.74894e-06, -0.00122329, 0.000100796
35651, 0.232353, 0.514793, 9.1213e-05, 2.28, 3.40807, 0, 0, 0.10003, -0.100038, 7.74893e-06, -9.94876e-05, 0.000100796
35660, 0.301592, 0.581879, 0.00293239, 2.29, 3.40807, 0, 0, 0.10133, -0.101222, 7.74894e-06, 0.00129326, 0.000100796
35671, 0.301336, 0.581994, 0.00244238, 2.3, 3.40807, 0, 0, 0.101002, -0.101018, 7.74893e-06, -0.000190862, 0.000100796
35681, 0.327564, 0.607705, 0.00312497, 2.31, 3.40807, 0, 0, 0.10133, -0.101302, 7.74894e-06, 0.000337124, 0.000100796
35691, 0.254958, 0.537755, -0.000380963, 2.32, 3.40807, 0, 0, 0.0997103, -0.0998413, 7.74893e-06, -0.00156052, 0.000100796
35701, 0.263508, 0.54599, 3.39925e-05, 2.33, 3.40807, 0, 0, 0.10003, -0.100014, 7.74894e-06, 0.000184581, 0.000100796
35710, 0.298878, 0.58026, 0.00148748, 2.34, 3.40807, 0, 0, 0.100675, -0.10062, 7.74893e-06, 0.000661477, 0.000100796
35721, 0.273248, 0.555615, 0.000187022, 2.35, 3.40807, 0, 0, 0.10003, -0.100078, 7.74894e-06, -0.000575259, 0.000100796
35731, -0.0929946, 0.472574, -0.00338046, 2.36, 3.40807, 0.350624, 0, 0.0984555, -0.0985915, 7.74893e-06, -0.00162058, 0.000100796
35741, 0.205063, 0.533594, -0.00021168, 2.37, 3.40807, 0, 0, 0.10003, -0.0999118, 7.74894e-06, 0.00140437, 0.000100796
35750, 0.210516, 0.53885, 4.78506e-05, 2.38, 3.40807, 0, 0, 0.10003, -0.10002, 7.74893e-06, 0.000115737, 0.000100796
35761, 0.211221, 0.539539, 6.91116e-05, 2.39, 3.40807, 0, 0, 0.10003, -0.100029, 7.74894e-06, 1.01924e-05, 0.000100796
35771, 0.194516, 0.523365, -0.000631249, 2.4, 3.40807, 0, 0, 0.0997103, -0.099737, 7.74893e-06, -0.000317797, 0.000100796
35781, 0.207645, 0.536004, 1.35005e-05, 2.41, 3.40807, 0, 0, 0.10003, -0.100006, 7.74894e-06, 0.000286363, 0.000100796
35790, 0.208978, 0.537298, 6.63042e-05, 2.42, 3.40807, 0, 0, 0.10003, -0.100028, 7.74893e-06, 2.41622e-05, 0.000100796
35801, 0.209346, 0.537663, 7.06315e-05, 2.43, 3.40807, 0, 0, 0.10003, -0.100029, 7.74894e-06, 2.68966e-06, 0.000100796
35811, 0.226779, 0.554559, 0.00077818, 2.44, 3.40807, 0, 0, 0.100351, -0.100324, 7.74893e-06, 0.000322588, 0.000100796
35821, 0.214124, 0.542396, 0.000128943, 2.45, 3.40807, 0, 0, 0.10003, -0.100054, 7.74894e-06, -0.00028681, 0.000100796
35830, 0.213346, 0.541659, 7.57635e-05, 2.46, 3.40807, 0, 0, 0.10003, -0.100032, 7.74893e-06, -2.27839e-05, 0.000100796
35841, 0.129638, 0.191559, -0.00338958, 2.47, 3.41157, 0, 0.347118, 0.0984555, -0.0985877, 7.74894e-06, -0.00157534, 0.000100796
35851, 0.176204, 0.459864, -0.000914544, 2.48, 3.41157, 0, 0, 0.0997103, -0.0996189, 7.74893e-06, 0.00108874, 0.000100796
35861, 0.194514, 0.749222, -9.7096e-06, 2.49, 3.40807, 0, -0.350624, 0.10003, -0.099996, 7.74894e-06, 0.000401571, 0.000100796
35871, 0.196272, 0.525052, 6.44088e-05, 2.5, 3.40807, 0, 0, 0.10003, -0.100027, 7.74893e-06, 3.36021e-05, 0.000100796
35880, 0.179654, 0.508961, -0.000631642, 2.51, 3.40807, 0, 0, 0.0997103, -0.0997368, 7.74894e-06, -0.00031589, 0.000100796
35891, 0.192789, 0.521608, 1.34647e-05, 2.52, 3.40807, 0, 0, 0.10003, -0.100006, 7.74893e-06, 0.00028652, 0.000100796
35901, 0.177102, 0.237396, -0.000635809, 2.53, 3.41157, 0, 0.347118, 0.0997103, -0.0997351, 7.74894e-06, -0.00029517, 0.000100796
35911, 0.190314, 0.47373, 1.31249e-05, 2.54, 3.41157, 0, 0, 0.10003, -0.100005, 7.74893e-06, 0.000288218, 0.000100796
35920, 0.191654, 0.744046, 6.62684e-05, 2.55, 3.40807, 0, -0.347118, 0.10003, -0.100028, 7.74894e-06, 2.43187e-05, 0.000100796
35931, 0.175002, 0.504309, -0.000631481, 2.56, 3.40807, 0, 0, 0.0997103, -0.0997369, 7.74893e-06, -0.000316642, 0.000100796
35941, 0.205278, 0.264545, 0.000720674, 2.57, 3.41157, 0, 0.347118, 0.100351, -0.1003, 7.74894e-06, 0.000608109, 0.000100796
35951, 0.193676, 0.477007, 0.000124222, 2.58, 3.41157, 0, 0, 0.10003, -0.100052, 7.74893e-06, -0.000263423, 0.000100796
35960, 0.192984, 0.476352, 7.53701e-05, 2.59, 3.41157, 0, 0, 0.10003, -0.100031, 7.74894e-06, -2.08616e-05, 0.000100796
35971, 0.193185, 0.476557, 7.13646e-05, 2.6, 3.41157, 0, 0, 0.10003, -0.10003, 7.74893e-06, -9.98378e-07, 0.000100796
35981, 0.19346, 0.476832, 7.10428e-05, 2.61, 3.41157, 0, 0, 0.10003, -0.10003, 7.74894e-06, 6.33299e-07, 0.000100796
35991, 0.193741, 0.477113, 7.1007e-05, 2.62, 3.41157, 0, 0, 0.10003, -0.10003, 7.74893e-06, 7.59959e-07, 0.000100796
36000, 0.194022, 0.477394, 7.1007e-05, 2.63, 3.41157, 0, 0, 0.10003, -0.10003, 7.74894e-06, 7.7486e-07, 0.000100796
36011, 0.194304, 0.477676, 7.1007e-05, 2.64, 3.41157, 0, 0, 0.10003, -0.10003, 7.74893e-06, 7.7486e-07, 0.000100796
36021, 0.194585, 0.477957, 7.1007e-05, 2.65, 3.41157, 0, 0, 0.10003, -0.10003, 7.74894e-06, 7.7486e-07, 0.000100796
36031, 0.194867, 0.478239, 7.1007e-05, 2.66, 3.41157, 0, 0, 0.10003, -0.10003, 7.74893e-06, 7.7486e-07, 0.000100796
36041, 0.195148, 0.47852, 7.1007e-05, 2.67, 3.41157, 0, 0, 0.10003, -0.10003, 7.74894e-06, 7.7486e-07, 0.000100796
36050, 0.12807, 0.413547, -0.00270758, 2.68, 3.41157, 0, 0, 0.0987659, -0.0988718, 7.74893e-06, -0.00126303, 0.000100796
36061, 0.16216, 0.446236, -0.000858682, 2.69, 3.41157, 0, 0, 0.0997103, -0.0996422, 7.74894e-06, 0.000811391, 0.000100796
36071, 0.179449, 0.462878, -5.13196e-06, 2.7, 3.41157, 0, 0, 0.10003, -0.0999979, 7.74893e-06, 0.000378847, 0.000100796
36081, 0.181123, 0.464499, 6.47664e-05, 2.71, 3.41157, 0, 0, 0.10003, -0.100027, 7.74894e-06, 3.17395e-05, 0.000100796
36090, 0.181519, 0.464891, 7.05063e-05, 2.72, 3.41157, 0, 0, 0.10003, -0.100029, 7.74893e-06, 3.31551e-06, 0.000100796
36101, 0.181809, 0.465181, 7.09713e-05, 2.73, 3.41157, 0, 0, 0.10003, -0.10003, 7.74894e-06, 9.83477e-07, 0.000100796
36111, 0.165071, 0.448974, -0.000631106, 2.74, 3.41157, 0, 0, 0.0997103, -0.099737, 7.74893e-06, -0.000318557, 0.000100796
36121, 0.178196, 0.461611, 1.35005e-05, 2.75, 3.41157, 0, 0, 0.10003, -0.100006, 7.74894e-06, 0.000286303, 0.000100796
36130, 0.17953, 0.462905, 6.63042e-05, 2.76, 3.41157, 0, 0, 0.10003, -0.100028, 7.74893e-06, 2.41622e-05, 0.000100796
36141, 0.162876, 0.44678, -0.000631481, 2.77, 3.41157, 0, 0, 0.0997103, -0.0997369, 7.74894e-06, -0.000316657, 0.000100796
36151, 0.193153, 0.476033, 0.000720674, 2.78, 3.41157, 0, 0, 0.100351, -0.1003, 7.74893e-06, 0.000608109, 0.000100796
36161, 0.198694, 0.48149, 0.000831413, 2.79, 3.41157, 0, 0, 0.100351, -0.100346, 7.74894e-06, 5.82337e-05, 0.000100796
36170, 0.168044, 0.451901, -0.000568825, 2.8, 3.41157, 0, 0, 0.0997103, -0.099763, 7.74893e-06, -0.000627801, 0.000100796
36180, 0.18003, 0.463442, 1.85966e-05, 2.81, 3.41157, 0, 0, 0.10003, -0.100008, 7.74894e-06, 0.000260979, 0.000100796
36191, 0.164249, 0.448157, -0.000635397, 2.82, 3.41157, 0, 0, 0.0997103, -0.0997353, 7.74893e-06, -0.000297256, 0.000100796
36201, 0.177454, 0.460869, 1.31607e-05, 2.83, 3.41157, 0, 0, 0.10003, -0.100005, 7.74894e-06, 0.000288047, 0.000100796
36211, 0.178793, 0.462169, 6.62684e-05, 2.84, 3.41157, 0, 0, 0.10003, -0.100028, 7.74893e-06, 2.43038e-05, 0.000100796
36220, 0.179162, 0.462534, 7.06315e-05, 2.85, 3.41157, 0, 0, 0.10003, -0.100029, 7.74894e-06, 2.70456e-06, 0.000100796
36231, 0.17945, 0.462822, 7.09891e-05, 2.86, 3.41157, 0, 0, 0.10003, -0.10003, 7.74893e-06, 9.31323e-07, 0.000100796
36241, 0.249059, 0.530264, 0.00293074, 2.87, 3.41157, 0, 0, 0.10133, -0.101221, 7.74894e-06, 0.00130149, 0.000100796
36251, 0.197027, 0.480221, 0.000305235, 2.88, 3.41157, 0, 0, 0.10003, -0.100127, 7.74893e-06, -0.00116218, 0.000100796
36260, 0.210167, 0.492989, 0.000797385, 2.89, 3.41157, 0, 0, 0.100351, -0.100332, 7.74894e-06, 0.000227183, 0.000100796
36271, 0.18014, 0.463999, -0.000571615, 2.9, 3.41157, 0, 0, 0.0997103, -0.0997618, 7.74893e-06, -0.000613965, 0.000100796
36281, 0.192177, 0.475589, 1.83821e-05, 2.91, 3.41157, 0, 0, 0.10003, -0.100008, 7.74894e-06, 0.000262111, 0.000100796
36291, 0.193422, 0.476797, 6.66976e-05, 2.92, 3.41157, 0, 0, 0.10003, -0.100028, 7.74893e-06, 2.21804e-05, 0.000100796
36300, 0.176761, 0.460665, -0.000631464, 2.93, 3.41157, 0, 0, 0.0997103, -0.0997369, 7.74894e-06, -0.000316814, 0.000100796
36311, 0.189893, 0.473309, 1.34826e-05, 2.94, 3.41157, 0, 0, 0.10003, -0.100006, 7.74893e-06, 0.000286445, 0.000100796
36321, 0.191227, 0.474603, 6.63042e-05, 2.95, 3.41157, 0, 0, 0.10003, -0.100028, 7.74894e-06, 2.41697e-05, 0.000100796
36331, 0.191595, 0.474967, 7.06315e-05, 2.96, 3.41157, 0, 0, 0.10003, -0.100029, 7.74893e-06, 2.68966e-06, 0.000100796
36341, 0.191883, 0.475255, 7.09891e-05, 2.97, 3.41157, 0, 0, 0.10003, -0.10003, 7.74894e-06, 9.31323e-07, 0.000100796
36350, 0.175144, 0.459048, -0.000631106, 2.98, 3.41157, 0, 0, 0.0997103, -0.099737, 7.74893e-06, -0.000318564, 0.000100796
36361, 0.18827, 0.471685, 1.35005e-05, 2.99, 3.41157, 0, 0, 0.10003, -0.100006, 7.74894e-06, 0.000286303, 0.000100796
36371, 0.25893, 0.540139, 0.00292602, 3, 3.41157, 0, 0, 0.10133, -0.101219, 7.74893e-06, 0.00132487, 0.000100796
36381, 0.189963, 0.47369, -0.000397253, 3.01, 3.41157, 0, 0, 0.0997103, -0.0998345, 7.74894e-06, -0.00147961, 0.000100796
36390, 0.131451, 0.416957, -0.00274594, 3.02, 3.41157, 0, 0, 0.0987659, -0.0988559, 7.74893e-06, -0.0010726, 0.000100796
36401, 0.166242, 0.450321, -0.00086183, 3.03, 3.41157, 0, 0, 0.0997103, -0.0996409, 7.74894e-06, 0.000826985, 0.000100796
36411, 0.183588, 0.467018, -5.40018e-06, 3.04, 3.41157, 0, 0, 0.10003, -0.0999978, 7.74893e-06, 0.000380129, 0.000100796
36421, 0.185267, 0.468644, 6.47485e-05, 3.05, 3.41157, 0, 0, 0.10003, -0.100027, 7.74894e-06, 3.18512e-05, 0.000100796
36430, 0.168643, 0.452547, -0.000631607, 3.06, 3.41157, 0, 0, 0.0997103, -0.0997368, 7.74893e-06, -0.000316024, 0.000100796
36441, 0.181777, 0.465193, 1.34647e-05, 3.07, 3.41157, 0, 0, 0.10003, -0.100006, 7.74894e-06, 0.000286505, 0.000100796
36451, 0.183112, 0.466487, 6.63042e-05, 3.08, 3.41157, 0, 0, 0.10003, -0.100028, 7.74893e-06, 2.41771e-05, 0.000100796
36461, 0.183479, 0.466851, 7.06315e-05, 3.09, 3.41157, 0, 0, 0.10003, -0.100029, 7.74894e-06, 2.68966e-06, 0.000100796
36470, 0.183768, 0.46714, 7.09891e-05, 3.1, 3.41157, 0, 0, 0.10003, -0.10003, 7.74893e-06, 9.31323e-07, 0.000100796
36481, 0.167029, 0.450933, -0.000631106, 3.11, 3.41157, 0, 0, 0.0997103, -0.099737, 7.74894e-06, -0.000318564, 0.000100796
36491, 0.180154, 0.46357, 1.35005e-05, 3.12, 3.41157, 0, 0, 0.10003, -0.100006, 7.74893e-06, 0.000286303, 0.000100796
36501, 0.233294, 0.51505, 0.00220331, 3.13, 3.41157, 0, 0, 0.101002, -0.100918, 7.74894e-06, 0.00099615, 0.000100796
36511, 0.177548, 0.461319, -0.000456458, 3.14, 3.41157, 0, 0, 0.0997103, -0.0998098, 7.74893e-06, -0.00118571, 0.000100796
36520, 0.187478, 0.470883, 2.78056e-05, 3.15, 3.41157, 0, 0, 0.10003, -0.100012, 7.74894e-06, 0.000215277, 0.000100796
36531, 0.171529, 0.455435, -0.000634646, 3.16, 3.41157, 0, 0, 0.0997103, -0.0997356, 7.74893e-06, -0.000301003, 0.000100796
36541, 0.167698, 0.451646, -0.000688899, 3.17, 3.41157, 0, 0, 0.0997103, -0.099713, 7.74894e-06, -3.16054e-05, 0.000100796
36551, 0.181881, 0.4653, 8.77976e-06, 3.18, 3.41157, 0, 0, 0.10003, -0.100004, 7.74893e-06, 0.000309803, 0.000100796
36560, 0.183301, 0.466677, 6.59108e-05, 3.19, 3.41157, 0, 0, 0.10003, -0.100027, 7.74894e-06, 2.60845e-05, 0.000100796
36571, 0.183676, 0.467048, 7.05957e-05, 3.2, 3.41157, 0, 0, 0.10003, -0.100029, 7.74893e-06, 2.84612e-06, 0.000100796
36581, 0.183965, 0.467337, 7.09713e-05, 3.21, 3.41157, 0, 0, 0.10003, -0.10003, 7.74894e-06, 9.46224e-07, 0.000100796
36591, 0.167226, 0.45113, -0.000631106, 3.22, 3.41157, 0, 0, 0.0997103, -0.099737, 7.74893e-06, -0.000318557, 0.000100796
36600, 0.197495, 0.480375, 0.000720692, 3.23, 3.41157, 0, 0, 0.100351, -0.1003, 7.74894e-06, 0.00060796, 0.000100796
36611, 0.168871, 0.452735, -0.000577891, 3.24, 3.41157, 0, 0, 0.0997103, -0.0997592, 7.74893e-06, -0.000582777, 0.000100796
36621, 0.181023, 0.464435, 1.78635e-05, 3.25, 3.41157, 0, 0, 0.10003, -0.100007, 7.74894e-06, 0.00026466, 0.000100796
36631, 0.182277, 0.465652, 6.66618e-05, 3.26, 3.41157, 0, 0, 0.10003, -0.100028, 7.74893e-06, 2.2389e-05, 0.000100796
36641, 0.182638, 0.46601, 7.06494e-05, 3.27, 3.41157, 0, 0, 0.10003, -0.100029, 7.74894e-06, 2.54065e-06, 0.000100796
36651, 0.182926, 0.466298, 7.09891e-05, 3.28, 3.41157, 0, 0, 0.10003, -0.10003, 7.74893e-06, 9.23872e-07, 0.000100796
36661, 0.183208, 0.46658, 7.1007e-05, 3.29, 3.41157, 0, 0, 0.10003, -0.10003, 7.74894e-06, 7.82311e-07, 0.000100796
36671, 0.166468, 0.450372, -0.000631106, 3.3, 3.41157, 0, 0, 0.0997103, -0.099737, 7.74893e-06, -0.000318572, 0.000100796
36681, 0.179594, 0.463009, 1.35005e-05, 3.31, 3.41157, 0, 0, 0.10003, -0.100006, 7.74894e-06, 0.000286303, 0.000100796
36690, 0.163906, 0.447814, -0.000635809, 3.32, 3.41157, 0, 0, 0.0997103, -0.0997351, 7.74893e-06, -0.000295185, 0.000100796
36701, 0.177118, 0.460534, 1.31249e-05, 3.33, 3.41157, 0, 0, 0.10003, -0.100005, 7.74894e-06, 0.000288218, 0.000100796
36711, 0.178458, 0.461834, 6.62684e-05, 3.34, 3.41157, 0, 0, 0.10003, -0.100028, 7.74893e-06, 2.43187e-05, 0.000100796
36721, 0.161806, 0.44571, -0.000631481, 3.35, 3.41157, 0, 0, 0.0997103, -0.0997369, 7.74894e-06, -0.000316642, 0.000100796
36730, 0.107578, 0.393099, -0.00276513, 3.36, 3.41157, 0, 0, 0.0987659, -0.0988479, 7.74893e-06, -0.000977352, 0.000100796
36741, 0.0758391, 0.362009, -0.00362227, 3.37, 3.41157, 0, 0, 0.0984555, -0.0984907, 7.74894e-06, -0.000420041, 0.000100796
36751, 0.143682, 0.427283, -0.000231493, 3.38, 3.41157, 0, 0, 0.10003, -0.0999035, 7.74893e-06, 0.00150271, 0.000100796
36761, 0.149498, 0.432888, 4.62413e-05, 3.39, 3.41157, 0, 0, 0.10003, -0.100019, 7.74894e-06, 0.000123791, 0.000100796
36770, 0.133212, 0.417117, -0.000633127, 3.4, 3.41157, 0, 0, 0.0997103, -0.0997362, 7.74893e-06, -0.000308499, 0.000100796
36781, 0.146374, 0.42979, 1.33395e-05, 3.41, 3.41157, 0, 0, 0.10003, -0.100006, 7.74894e-06, 0.000287123, 0.000100796
36791, 0.14771, 0.431086, 6.62863e-05, 3.42, 3.41157, 0, 0, 0.10003, -0.100028, 7.74893e-06, 2.42293e-05, 0.000100796
36801, 0.148078, 0.431451, 7.06315e-05, 3.43, 3.41157, 0, 0, 0.10003, -0.100029, 7.74894e-06, 2.69711e-06, 0.000100796
36811, 0.148367, 0.431739, 7.09891e-05, 3.44, 3.41157, 0, 0, 0.10003, -0.10003, 7.74893e-06, 9.31323e-07, 0.000100796
36820, 0.131628, 0.415532, -0.000631106, 3.45, 3.41157, 0, 0, 0.0997103, -0.099737, 7.74894e-06, -0.000318564, 0.000100796
36831, 0.144753, 0.428169, 1.35005e-05, 3.46, 3.41157, 0, 0, 0.10003, -0.100006, 7.74893e-06, 0.000286303, 0.000100796
36841, 0.215413, 0.496622, 0.00292602, 3.47, 3.41157, 0, 0, 0.10133, -0.101219, 7.74894e-06, 0.00132487, 0.000100796
36851, 0.146447, 0.430173, -0.000397253, 3.48, 3.41157, 0, 0, 0.0997103, -0.0998345, 7.74893e-06, -0.00147961, 0.000100796
36860, 0.155294, 0.438695, 3.26514e-05, 3.49, 3.41157, 0, 0, 0.10003, -0.100014, 7.74894e-06, 0.000191204, 0.000100796
36871, 0.156278, 0.439652, 6.78778e-05, 3.5, 3.41157, 0, 0, 0.10003, -0.100028, 7.74893e-06, 1.63764e-05, 0.000100796
36881, 0.139596, 0.423499, -0.000631356, 3.51, 3.41157, 0, 0, 0.0997103, -0.0997369, 7.74894e-06, -0.000317298, 0.000100796
36891, 0.152726, 0.436141, 1.34826e-05, 3.52, 3.41157, 0, 0, 0.10003, -0.100006, 7.74893e-06, 0.000286408, 0.000100796
36900, 0.154059, 0.437435, 6.63042e-05, 3.53, 3.41157, 0, 0, 0.10003, -0.100028, 7.74894e-06, 2.41697e-05, 0.000100796
36911, 0.154427, 0.437799, 7.06315e-05, 3.54, 3.41157, 0, 0, 0.10003, -0.100029, 7.74893e-06, 2.68966e-06, 0.000100796
36921, 0.154716, 0.438088, 7.09891e-05, 3.55, 3.41157, 0, 0, 0.10003, -0.10003, 7.74894e-06, 9.31323e-07, 0.000100796
36931, 0.137977, 0.42188, -0.000631106, 3.56, 3.41157, 0, 0, 0.0997103, -0.099737, 7.74893e-06, -0.000318564, 0.000100796
36940, 0.168246, 0.451126, 0.000720692, 3.57, 3.41157, 0, 0, 0.100351, -0.1003, 7.74894e-06, 0.00060796, 0.000100796
36951, 0.173787, 0.456583, 0.000831413, 3.58, 3.41157, 0, 0, 0.100351, -0.100346, 7.74893e-06, 5.82263e-05, 0.000100796
36961, 0.143137, 0.426994, -0.000568825, 3.59, 3.41157, 0, 0, 0.0997103, -0.099763, 7.74894e-06, -0.000627801, 0.000100796
36971, 0.155123, 0.438535, 1.85966e-05, 3.6, 3.41157, 0, 0, 0.10003, -0.100008, 7.74893e-06, 0.000260979, 0.000100796
36981, 0.156363, 0.439738, 6.67155e-05, 3.61, 3.41157, 0, 0, 0.10003, -0.100028, 7.74894e-06, 2.2091e-05, 0.000100796
36990, 0.156723, 0.440096, 7.06673e-05, 3.62, 3.41157, 0, 0, 0.10003, -0.100029, 7.74893e-06, 2.52575e-06, 0.000100796
37001, 0.157011, 0.440383, 7.09891e-05, 3.63, 3.41157, 0, 0, 0.10003, -0.10003, 7.74894e-06, 9.16421e-07, 0.000100796
37011, 0.140272, 0.424176, -0.000631106, 3.64, 3.41157, 0, 0, 0.0997103, -0.099737, 7.74893e-06, -0.000318564, 0.000100796
37021, 0.153398, 0.436813, 1.35005e-05, 3.65, 3.41157, 0, 0, 0.10003, -0.100006, 7.74894e-06, 0.000286303, 0.000100796
37030, 0.154731, 0.438107, 6.63042e-05, 3.66, 3.41157, 0, 0, 0.10003, -0.100028, 7.74893e-06, 2.41622e-05, 0.000100796
37041, 0.155099, 0.438471, 7.06315e-05, 3.67, 3.41157, 0, 0, 0.10003, -0.100029, 7.74894e-06, 2.68966e-06, 0.000100796
37051, 0.155388, 0.438759, 7.09891e-05, 3.68, 3.41157, 0, 0, 0.10003, -0.10003, 7.74893e-06, 9.31323e-07, 0.000100796
37061, 0.138648, 0.422552, -0.000631106, 3.69, 3.41157, 0, 0, 0.0997103, -0.099737, 7.74894e-06, -0.000318564, 0.000100796
37070, 0.084414, 0.369934, -0.00276509, 3.7, 3.41157, 0, 0, 0.0987659, -0.0988479, 7.74893e-06, -0.000977501, 0.000100796
37081, 0.136577, 0.420124, -0.00016129, 3.71, 3.41157, 0, 0, 0.10003, -0.0999328, 7.74894e-06, 0.00115412, 0.000100796
37091, 0.124087, 0.408005, -0.000650132, 3.72, 3.41157, 0, 0, 0.0997103, -0.0997291, 7.74893e-06, -0.000224099, 0.000100796
37101, 0.13756, 0.420977, 1.19448e-05, 3.73, 3.41157, 0, 0, 0.10003, -0.100005, 7.74894e-06, 0.000294037, 0.000100796
37110, 0.121901, 0.405809, -0.000635934, 3.74, 3.41157, 0, 0, 0.0997103, -0.099735, 7.74893e-06, -0.000294551, 0.000100796
37121, 0.135115, 0.418531, 1.31071e-05, 3.75, 3.41157, 0, 0, 0.10003, -0.100005, 7.74894e-06, 0.000288263, 0.000100796
37131, 0.136456, 0.419831, 6.62684e-05, 3.76, 3.41157, 0, 0, 0.10003, -0.100028, 7.74893e-06, 2.43261e-05, 0.000100796
37141, 0.119803, 0.403707, -0.000631481, 3.77, 3.41157, 0, 0, 0.0997103, -0.0997369, 7.74894e-06, -0.000316642, 0.000100796
37151, 0.132936, 0.416351, 1.34826e-05, 3.78, 3.41157, 0, 0, 0.10003, -0.100006, 7.74893e-06, 0.000286452, 0.000100796
37160, 0.13427, 0.417645, 6.63042e-05, 3.79, 3.41157, 0, 0, 0.10003, -0.100028, 7.74894e-06, 2.41697e-05, 0.000100796
37171, 0.134637, 0.41801, 7.06315e-05, 3.8, 3.41157, 0, 0, 0.10003, -0.100029, 7.74893e-06, 2.68966e-06, 0.000100796
37181, 0.186732, 0.468485, 0.00220798, 3.81, 3.41157, 0, 0, 0.101002, -0.10092, 7.74894e-06, 0.000972919, 0.000100796
37191, 0.130901, 0.414672, -0.000456065, 3.82, 3.41157, 0, 0, 0.0997103, -0.09981, 7.74893e-06, -0.00118761, 0.000100796
37200, 0.140824, 0.424229, 2.78413e-05, 3.83, 3.41157, 0, 0, 0.10003, -0.100012, 7.74894e-06, 0.000215121, 0.000100796
37211, 0.141895, 0.42527, 6.74844e-05, 3.84, 3.41157, 0, 0, 0.10003, -0.100028, 7.74893e-06, 1.83284e-05, 0.000100796
37221, 0.12522, 0.409124, -0.000631392, 3.85, 3.41157, 0, 0, 0.0997103, -0.0997369, 7.74894e-06, -0.000317134, 0.000100796
37231, 0.138351, 0.421767, 1.34826e-05, 3.86, 3.41157, 0, 0, 0.10003, -0.100006, 7.74893e-06, 0.000286423, 0.000100796
37240, 0.139685, 0.42306, 6.63042e-05, 3.87, 3.41157, 0, 0, 0.10003, -0.100028, 7.74894e-06, 2.41697e-05, 0.000100796
37251, 0.140053, 0.423425, 7.06315e-05, 3.88, 3.41157, 0, 0, 0.10003, -0.100029, 7.74893e-06, 2.68966e-06, 0.000100796
37261, 0.140341, 0.423713, 7.09891e-05, 3.89, 3.41157, 0, 0, 0.10003, -0.10003, 7.74894e-06, 9.31323e-07, 0.000100796
37271, 0.123602, 0.407506, -0.000631106, 3.9, 3.41157, 0, 0, 0.0997103, -0.099737, 7.74893e-06, -0.000318564, 0.000100796
37280, 0.153872, 0.436751, 0.000720692, 3.91, 3.41157, 0, 0, 0.100351, -0.1003, 7.74894e-06, 0.00060796, 0.000100796
37291, 0.159412, 0.442208, 0.000831413, 3.92, 3.41157, 0, 0, 0.100351, -0.100346, 7.74893e-06, 5.82263e-05, 0.000100796
37301, 0.145784, 0.429108, 0.000133288, 3.93, 3.41157, 0, 0, 0.10003, -0.100056, 7.74894e-06, -0.000308454, 0.000100796
37311, 0.144926, 0.428294, 7.61211e-05, 3.94, 3.41157, 0, 0, 0.10003, -0.100032, 7.74893e-06, -2.45497e-05, 0.000100796
37321, 0.128093, 0.411997, -0.000630677, 3.95, 3.41157, 0, 0, 0.0997103, -0.0997372, 7.74894e-06, -0.000320651, 0.000100796
37330, 0.141211, 0.424626, 1.35362e-05, 3.96, 3.41157, 0, 0, 0.10003, -0.100006, 7.74893e-06, 0.000286132, 0.000100796
37341, 0.142544, 0.425919, 6.63042e-05, 3.97, 3.41157, 0, 0, 0.10003, -0.100028, 7.74894e-06, 2.41473e-05, 0.000100796
37351, 0.12589, 0.409794, -0.000631481, 3.98, 3.41157, 0, 0, 0.0997103, -0.0997369, 7.74893e-06, -0.000316657, 0.000100796
37361, 0.139023, 0.422438, 1.34826e-05, 3.99, 3.41157, 0, 0, 0.10003, -0.100006, 7.74894e-06, 0.000286452, 0.000100796
37370, 0.140357, 0.423732, 6.63042e-05, 4, 3.41157, 0, 0, 0.10003, -0.100028, 7.74893e-06, 2.41697e-05, 0.000100796
37381, 0.140725, 0.424097, 7.06315e-05, 4.01, 3.41157, 0, 0, 0.10003, -0.100029, 7.74894e-06, 2.68966e-06, 0.000100796
37391, 0.141013, 0.424385, 7.09891e-05, 4.02, 3.41157, 0, 0, 0.10003, -0.10003, 7.74893e-06, 9.31323e-07, 0.000100796
37401, 0.124274, 0.408178, -0.000631106, 4.03, 3.41157, 0, 0, 0.0997103, -0.099737, 7.74894e-06, -0.000318564, 0.000100796
37410, 0.137399, 0.420815, 1.35005e-05, 4.04, 3.41157, 0, 0, 0.10003, -0.100006, 7.74893e-06, 0.000286303, 0.000100796
37421, 0.138733, 0.422108, 6.63042e-05, 4.05, 3.41157, 0, 0, 0.10003, -0.100028, 7.74894e-06, 2.41622e-05, 0.000100796
37431, 0.12208, 0.405984, -0.000631481, 4.06, 3.41157, 0, 0, 0.0997103, -0.0997369, 7.74893e-06, -0.000316657, 0.000100796
37441, 0.135212, 0.418628, 1.34826e-05, 4.07, 3.41157, 0, 0, 0.10003, -0.100006, 7.74894e-06, 0.000286452, 0.000100796
37450, 0.119525, 0.403433, -0.000635809, 4.08, 3.41157, 0, 0, 0.0997103, -0.0997351, 7.74893e-06, -0.000295177, 0.000100796
37460, 0.132737, 0.416153, 1.31249e-05, 4.09, 3.41157, 0, 0, 0.10003, -0.100005, 7.74894e-06, 0.000288218, 0.000100796
37471, 0.134077, 0.417453, 6.62684e-05, 4.1, 3.41157, 0, 0, 0.10003, -0.100028, 7.74893e-06, 2.43187e-05, 0.000100796
37481, 0.134446, 0.417818, 7.06315e-05, 4.11, 3.41157, 0, 0, 0.10003, -0.100029, 7.74894e-06, 2.70456e-06, 0.000100796
37491, 0.134734, 0.418106, 7.09891e-05, 4.12, 3.41157, 0, 0, 0.10003, -0.10003, 7.74893e-06, 9.31323e-07, 0.000100796
37500, 0.135016, 0.418388, 7.1007e-05, 4.13, 3.41157, 0, 0, 0.10003, -0.10003, 7.74894e-06, 7.82311e-07, 0.000100796
37511, 0.118277, 0.402181, -0.000631106, 4.14, 3.41157, 0, 0, 0.0997103, -0.099737, 7.74893e-06, -0.000318572, 0.000100796
37521, 0.183208, 0.465005, 0.00215051, 4.15, 3.41157, 0, 0, 0.101002, -0.100896, 7.74894e-06, 0.00125829, 0.000100796
37531, 0.128428, 0.412203, -0.000460786, 4.16, 3.41157, 0, 0, 0.0997103, -0.099808, 7.74893e-06, -0.00116424, 0.000100796
37540, 0.138438, 0.421843, 2.74479e-05, 4.17, 3.41157, 0, 0, 0.10003, -0.100011, 7.74894e-06, 0.000217043, 0.000100796
37551, 0.139516, 0.422891, 6.74486e-05, 4.18, 3.41157, 0, 0, 0.10003, -0.100028, 7.74893e-06, 1.84923e-05, 0.000100796
37561, 0.122842, 0.406746, -0.000631392, 4.19, 3.41157, 0, 0, 0.0997103, -0.0997369, 7.74894e-06, -0.000317119, 0.000100796
37571, 0.135973, 0.419388, 1.34826e-05, 4.2, 3.41157, 0, 0, 0.10003, -0.100006, 7.74893e-06, 0.000286423, 0.000100796
37580, 0.137307, 0.420682, 6.63042e-05, 4.21, 3.41157, 0, 0, 0.10003, -0.100028, 7.74894e-06, 2.41697e-05, 0.000100796
37591, 0.137674, 0.421047, 7.06315e-05, 4.22, 3.41157, 0, 0, 0.10003, -0.100029, 7.74893e-06, 2.68966e-06, 0.000100796
37601, 0.137963, 0.421335, 7.09891e-05, 4.23, 3.41157, 0, 0, 0.10003, -0.10003, 7.74894e-06, 9.31323e-07, 0.000100796
37611, 0.138245, 0.421617, 7.1007e-05, 4.24, 3.41157, 0, 0, 0.10003, -0.10003, 7.74893e-06, 7.82311e-07, 0.000100796
37621, 0.138526, 0.421898, 7.1007e-05, 4.25, 3.41157, 0, 0, 0.10003, -0.10003, 7.74894e-06, 7.7486e-07, 0.000100796
37630, 0.155952, 0.438788, 0.000778198, 4.26, 3.41157, 0, 0, 0.100351, -0.100324, 7.74893e-06, 0.000322431, 0.000100796
37641, 0.143297, 0.426625, 0.000128943, 4.27, 3.41157, 0, 0, 0.10003, -0.100054, 7.74894e-06, -0.000286818, 0.000100796
37651, 0.142519, 0.425887, 7.57635e-05, 4.28, 3.41157, 0, 0, 0.10003, -0.100032, 7.74893e-06, -2.27839e-05, 0.000100796
37661, 0.125692, 0.409596, -0.000630713, 4.29, 3.41157, 0, 0, 0.0997103, -0.0997372, 7.74894e-06, -0.000320502, 0.000100796
37670, 0.12179, 0.405737, -0.000688577, 4.3, 3.41157, 0, 0, 0.0997103, -0.0997131, 7.74893e-06, -3.32072e-05, 0.000100796
37681, 0.135966, 0.419385, 8.79765e-06, 4.31, 3.41157, 0, 0, 0.10003, -0.100004, 7.74894e-06, 0.000309676, 0.000100796
37691, 0.137386, 0.420761, 6.59108e-05, 4.32, 3.41157, 0, 0, 0.10003, -0.100027, 7.74893e-06, 2.6077e-05, 0.000100796
37701, 0.137761, 0.421133, 7.05957e-05, 4.33, 3.41157, 0, 0, 0.10003, -0.100029, 7.74894e-06, 2.84612e-06, 0.000100796
37710, 0.138049, 0.421421, 7.09713e-05, 4.34, 3.41157, 0, 0, 0.10003, -0.10003, 7.74893e-06, 9.46224e-07, 0.000100796
37721, 0.138332, 0.421703, 7.1007e-05, 4.35, 3.41157, 0, 0, 0.10003, -0.10003, 7.74894e-06, 7.89762e-07, 0.000100796
37731, 0.155757, 0.438593, 0.000778198, 4.36, 3.41157, 0, 0, 0.100351, -0.100324, 7.74893e-06, 0.000322431, 0.000100796
37741, 0.143102, 0.42643, 0.000128943, 4.37, 3.41157, 0, 0, 0.10003, -0.100054, 7.74894e-06, -0.000286818, 0.000100796
37750, 0.142324, 0.425692, 7.57635e-05, 4.38, 3.41157, 0, 0, 0.10003, -0.100032, 7.74893e-06, -2.27839e-05, 0.000100796
37761, 0.142519, 0.42589, 7.14004e-05, 4.39, 3.41157, 0, 0, 0.10003, -0.10003, 7.74894e-06, -1.15484e-06, 0.000100796
37771, 0.142793, 0.426165, 7.10428e-05, 4.4, 3.41157, 0, 0, 0.10003, -0.10003, 7.74893e-06, 6.18398e-07, 0.000100796
37781, 0.143074, 0.426445, 7.1007e-05, 4.41, 3.41157, 0, 0, 0.10003, -0.10003, 7.74894e-06, 7.59959e-07, 0.000100796
37791, 0.143355, 0.426727, 7.1007e-05, 4.42, 3.41157, 0, 0, 0.10003, -0.10003, 7.74893e-06, 7.7486e-07, 0.000100796
37800, 0.126616, 0.410519, -0.000631106, 4.43, 3.41157, 0, 0, 0.0997103, -0.099737, 7.74894e-06, -0.000318572, 0.000100796
37811, 0.139741, 0.423156, 1.35005e-05, 4.44, 3.41157, 0, 0, 0.10003, -0.100006, 7.74893e-06, 0.000286303, 0.000100796
37821, 0.124054, 0.407961, -0.000635809, 4.45, 3.41157, 0, 0, 0.0997103, -0.0997351, 7.74894e-06, -0.000295185, 0.000100796
37831, 0.137265, 0.420681, 1.31249e-05, 4.46, 3.41157, 0, 0, 0.10003, -0.100005, 7.74893e-06, 0.000288218, 0.000100796
37840, 0.138606, 0.421981, 6.62684e-05, 4.47, 3.41157, 0, 0, 0.10003, -0.100028, 7.74894e-06, 2.43187e-05, 0.000100796
37851, 0.138974, 0.422346, 7.06315e-05, 4.48, 3.41157, 0, 0, 0.10003, -0.100029, 7.74893e-06, 2.70456e-06, 0.000100796
37861, 0.208589, 0.489795, 0.00293071, 4.49, 3.41157, 0, 0, 0.10133, -0.101221, 7.74894e-06, 0.00130164, 0.000100796
37871, 0.0726551, 0.358471, -0.00315574, 4.5, 3.41157, 0, 0, 0.0984555, -0.0986851, 7.74893e-06, -0.00273634, 0.000100796
37880, 0.114943, 0.399047, -0.000895393, 4.51, 3.41157, 0, 0, 0.0997103, -0.0996269, 7.74894e-06, 0.000993639, 0.000100796
37891, 0.132903, 0.416335, -8.13603e-06, 4.52, 3.41157, 0, 0, 0.10003, -0.0999966, 7.74893e-06, 0.000393778, 0.000100796
37901, 0.117612, 0.401521, -0.000637579, 4.53, 3.41157, 0, 0, 0.0997103, -0.0997343, 7.74894e-06, -0.000286385, 0.000100796
37911, 0.130856, 0.414272, 1.29819e-05, 4.54, 3.41157, 0, 0, 0.10003, -0.100005, 7.74893e-06, 0.000288934, 0.000100796
37920, 0.132199, 0.415574, 6.62506e-05, 4.55, 3.41157, 0, 0, 0.10003, -0.100028, 7.74894e-06, 2.43708e-05, 0.000100796
37931, 0.132567, 0.415939, 7.06136e-05, 4.56, 3.41157, 0, 0, 0.10003, -0.100029, 7.74893e-06, 2.71201e-06, 0.000100796
37941, 0.132856, 0.416228, 7.09713e-05, 4.57, 3.41157, 0, 0, 0.10003, -0.10003, 7.74894e-06, 9.38773e-07, 0.000100796
37951, 0.133138, 0.41651, 7.1007e-05, 4.58, 3.41157, 0, 0, 0.10003, -0.10003, 7.74893e-06, 7.89762e-07, 0.000100796
37961, 0.133419, 0.416791, 7.1007e-05, 4.59, 3.41157, 0, 0, 0.10003, -0.10003, 7.74894e-06, 7.7486e-07, 0.000100796
37970, 0.150845, 0.433681, 0.000778198, 4.6, 3.41157, 0, 0, 0.100351, -0.100324, 7.74893e-06, 0.000322431, 0.000100796
37981, 0.121169, 0.405029, -0.00057317, 4.61, 3.41157, 0, 0, 0.0997103, -0.0997612, 7.74894e-06, -0.000606164, 0.000100796
37991, 0.133235, 0.416647, 1.82569e-05, 4.62, 3.41157, 0, 0, 0.10003, -0.100008, 7.74893e-06, 0.000262745, 0.000100796
38001, 0.134481, 0.417857, 6.66976e-05, 4.63, 3.41157, 0, 0, 0.10003, -0.100028, 7.74894e-06, 2.22325e-05, 0.000100796
38010, 0.117821, 0.401725, -0.000631464, 4.64, 3.41157, 0, 0, 0.0997103, -0.0997369, 7.74893e-06, -0.000316814, 0.000100796
38021, 0.130953, 0.414368, 1.34826e-05, 4.65, 3.41157, 0, 0, 0.10003, -0.100006, 7.74894e-06, 0.000286445, 0.000100796
38031, 0.132287, 0.415662, 6.63042e-05, 4.66, 3.41157, 0, 0, 0.10003, -0.100028, 7.74893e-06, 2.41697e-05, 0.000100796
38041, 0.132654, 0.416027, 7.06315e-05, 4.67, 3.41157, 0, 0, 0.10003, -0.100029, 7.74894e-06, 2.68966e-06, 0.000100796
38050, 0.132943, 0.416315, 7.09891e-05, 4.68, 3.41157, 0, 0, 0.10003, -0.10003, 7.74893e-06, 9.31323e-07, 0.000100796
38061, 0.116204, 0.400108, -0.000631106, 4.69, 3.41157, 0, 0, 0.0997103, -0.099737, 7.74894e-06, -0.000318564, 0.000100796
38071, 0.146473, 0.429353, 0.000720692, 4.7, 3.41157, 0, 0, 0.100351, -0.1003, 7.74893e-06, 0.00060796, 0.000100796
38081, 0.152014, 0.43481, 0.000831413, 4.71, 3.41157, 0, 0, 0.100351, -0.100346, 7.74894e-06, 5.82263e-05, 0.000100796
38090, 0.138385, 0.42171, 0.000133288, 4.72, 3.41157, 0, 0, 0.10003, -0.100056, 7.74893e-06, -0.000308454, 0.000100796
38100, 0.0371995, 0.323703, -0.00406242, 4.73, 3.41157, 0, 0, 0.0981473, -0.0983073, 7.74894e-06, -0.00190691, 0.000100796
38111, 0.113095, 0.396723, -0.000267541, 4.74, 3.41157, 0, 0, 0.10003, -0.0998885, 7.74893e-06, 0.00168171, 0.000100796
38121, 0.119569, 0.402962, 4.32909e-05, 4.75, 3.41157, 0, 0, 0.10003, -0.100018, 7.74894e-06, 0.000138454, 0.000100796
38131, 0.120358, 0.403731, 6.87361e-05, 4.76, 3.41157, 0, 0, 0.10003, -0.100029, 7.74893e-06, 1.20476e-05, 0.000100796
38140, 0.120681, 0.404053, 7.08282e-05, 4.77, 3.41157, 0, 0, 0.10003, -0.10003, 7.74894e-06, 1.69873e-06, 0.000100796
38151, 0.120966, 0.404338, 7.09891e-05, 4.78, 3.41157, 0, 0, 0.10003, -0.10003, 7.74893e-06, 8.49366e-07, 0.000100796
38161, 0.104227, 0.38813, -0.000631106, 4.79, 3.41157, 0, 0, 0.0997103, -0.099737, 7.74894e-06, -0.000318564, 0.000100796
38171, 0.117352, 0.400767, 1.35005e-05, 4.8, 3.41157, 0, 0, 0.10003, -0.100006, 7.74893e-06, 0.000286303, 0.000100796
38180, 0.188012, 0.469221, 0.00292602, 4.81, 3.41157, 0, 0, 0.10133, -0.101219, 7.74894e-06, 0.00132487, 0.000100796
38191, 0.119045, 0.402772, -0.000397253, 4.82, 3.41157, 0, 0, 0.0997103, -0.0998345, 7.74893e-06, -0.00147961, 0.000100796
38201, 0.0605331, 0.346039, -0.00274594, 4.83, 3.41157, 0, 0, 0.0987659, -0.0988559, 7.74894e-06, -0.0010726, 0.000100796
38211, 0.0284429, 0.314611, -0.0036207, 4.84, 3.41157, 0, 0, 0.0984555, -0.0984914, 7.74893e-06, -0.00042785, 0.000100796
38220, 0.0792365, 0.363369, -0.00093348, 4.85, 3.41157, 0, 0, 0.0997103, -0.0996111, 7.74894e-06, 0.00118272, 0.000100796
38231, 0.0978932, 0.381327, -1.12653e-05, 4.86, 3.41157, 0, 0, 0.10003, -0.0999953, 7.74893e-06, 0.000409268, 0.000100796
38241, 0.151486, 0.433244, 0.00220127, 4.87, 3.41157, 0, 0, 0.101002, -0.100917, 7.74894e-06, 0.00100622, 0.000100796
38251, 0.182125, 0.463198, 0.00310521, 4.88, 3.41157, 0, 0, 0.10133, -0.101294, 7.74893e-06, 0.000435174, 0.000100796
38261, 0.126901, 0.410084, 0.000319523, 4.89, 3.41157, 0, 0, 0.10003, -0.100133, 7.74894e-06, -0.00123313, 0.000100796
38270, 0.122636, 0.405993, 9.13739e-05, 4.9, 3.41157, 0, 0, 0.10003, -0.100038, 7.74893e-06, -0.000100285, 0.000100796
38281, 0.122545, 0.405916, 7.26879e-05, 4.91, 3.41157, 0, 0, 0.10003, -0.10003, 7.74894e-06, -7.50273e-06, 0.000100796
38291, 0.122796, 0.406168, 7.11501e-05, 4.92, 3.41157, 0, 0, 0.10003, -0.10003, 7.74893e-06, 9.68575e-08, 0.000100796
38301, 0.123075, 0.406447, 7.10249e-05, 4.93, 3.41157, 0, 0, 0.10003, -0.10003, 7.74894e-06, 7.15256e-07, 0.000100796
38310, 0.1405, 0.423336, 0.000778198, 4.94, 3.41157, 0, 0, 0.100351, -0.100324, 7.74893e-06, 0.000322424, 0.000100796
38321, 0.110824, 0.394684, -0.00057317, 4.95, 3.41157, 0, 0, 0.0997103, -0.0997612, 7.74894e-06, -0.000606164, 0.000100796
38331, 0.12289, 0.406302, 1.82569e-05, 4.96, 3.41157, 0, 0, 0.10003, -0.100008, 7.74893e-06, 0.000262745, 0.000100796
38341, 0.124137, 0.407512, 6.66976e-05, 4.97, 3.41157, 0, 0, 0.10003, -0.100028, 7.74894e-06, 2.22325e-05, 0.000100796
38350, 0.124497, 0.407869, 7.06494e-05, 4.98, 3.41157, 0, 0, 0.10003, -0.100029, 7.74893e-06, 2.5332e-06, 0.000100796
38361, 0.124785, 0.408157, 7.09891e-05, 4.99, 3.41157, 0, 0, 0.10003, -0.10003, 7.74894e-06, 9.23872e-07, 0.000100796
38371, 0.125067, 0.408439, 7.1007e-05, 5, 3.41157, 0, 0, 0.10003, -0.10003, 7.74893e-06, 7.82311e-07, 0.000100796
