QGPIORecord, QRC v6.1.0, 21-12-2021 @ 00:29:12, Windows 10 Version 2009, 10.0.19042, x86_64
Time, VoltageA, VoltageB, desired_velocity, time, PositionB, SpeedA, SpeedB, GetFrontDistance, xhat, Phat, nu, S
18621, 0, 0, 0, 0, -4.46695, 0, 0, 0.251411, -0.251165, 2.2852e-06, 0.000337183, 1.15899e-05
18631, 8.7989, 8.52394, 0.362955, 0.01, -4.46695, 0, 0, 0.251411, -0.251231, 2.2852e-06, 0.000246078, 1.15899e-05
18640, 9.91123, 9.64645, 0.349495, 0.02, -4.46695, 0, 0, 0.240277, -0.245623, 2.2852e-06, -0.00732416, 1.15899e-05
18651, 6.96519, 6.85479, 0.344156, 0.03, -4.41786, 5.25235, 5.22781, 0.24683, -0.243398, 2.2852e-06, 0.00470221, 1.15899e-05
18661, 3.12849, 2.87704, 0.343323, 0.04, -4.30216, 10.8693, 11.213, 0.251411, -0.243051, 2.2852e-06, 0.011454, 1.15899e-05
18671, 1.77303, 1.2372, 0.33551, 0.05, -4.17243, 12.2508, 12.9556, 0.240277, -0.239796, 2.2852e-06, 0.00065954, 1.15899e-05
18681, 4.03981, 2.79169, 0.337164, 0.06, -4.06724, 9.12675, 10.5292, 0.251411, -0.240485, 2.2852e-06, 0.0149698, 1.15899e-05
18691, 7.26574, 6.00956, 0.336843, 0.07, -4.00413, 5.26287, 6.31474, 0.249098, -0.240351, 2.2852e-06, 0.0119849, 1.15899e-05
18701, 8.621, 7.75128, 0.330895, 0.08, -3.95855, 4.19697, 4.54409, 0.240277, -0.237873, 2.2852e-06, 0.00329456, 1.15899e-05
18711, 7.05093, 7.57009, 0.328048, 0.09, -3.90245, 7.02651, 5.617, 0.242421, -0.236687, 2.2852e-06, 0.00785689, 1.15899e-05
18721, 4.28341, 5.34075, 0.32463, 0.1, -3.81479, 10.8588, 9.11973, 0.240277, -0.235262, 2.2852e-06, 0.00687136, 1.15899e-05
18731, 2.98843, 3.78238, 0.323585, 0.11, -3.70259, 12.2789, 11.22, 0.242421, -0.234827, 2.2852e-06, 0.0104047, 1.15899e-05
18741, 4.36074, 3.59892, 0.32284, 0.12, -3.59039, 10.1365, 11.1954, 0.242421, -0.234517, 2.2852e-06, 0.0108297, 1.15899e-05
18751, 6.66416, 5.15239, 0.316902, 0.13, -3.49923, 7.0195, 8.77262, 0.234079, -0.232042, 2.2852e-06, 0.00279041, 1.15899e-05
18761, 7.46054, 6.24316, 0.312671, 0.14, -3.4291, 6.31825, 7.37713, 0.234079, -0.23028, 2.2852e-06, 0.00520557, 1.15899e-05
18770, 5.81117, 6.4273, 0.308366, 0.15, -3.35197, 8.7656, 7.36311, 0.232086, -0.228486, 2.2852e-06, 0.00493358, 1.15899e-05
18781, 4.30419, 5.15595, 0.300354, 0.16, -3.2608, 10.5012, 9.09519, 0.22446, -0.225148, 2.2852e-06, -0.000941649, 1.15899e-05
18791, 3.70062, 4.20867, 0.295852, 0.17, -3.16263, 10.8904, 10.1821, 0.226317, -0.223272, 2.2852e-06, 0.00417306, 1.15899e-05
18801, 4.21141, 4.23394, 0.29144, 0.18, -3.06095, 9.80345, 9.81046, 0.22446, -0.221433, 2.2852e-06, 0.00414743, 1.15899e-05
18811, 5.15648, 4.61199, 0.289502, 0.19, -2.96979, 8.40446, 9.0987, 0.226317, -0.220626, 2.2852e-06, 0.00779815, 1.15899e-05
18821, 5.28818, 4.91657, 0.282302, 0.2, -2.88564, 8.08189, 8.43251, 0.217343, -0.217626, 2.2852e-06, -0.000387982, 1.15899e-05
18831, 4.27685, 4.17008, 0.27182, 0.21, -2.79798, 9.10571, 9.0987, 0.209086, -0.213259, 2.2852e-06, -0.00571661, 1.15899e-05
18841, 3.16303, 3.89005, 0.26539, 0.22, -2.70331, 10.1611, 9.11973, 0.210684, -0.210579, 2.2852e-06, 0.000144005, 1.15899e-05
18851, 3.23771, 3.82365, 0.256762, 0.23, -2.61566, 9.45984, 8.7621, 0.204442, -0.206984, 2.2852e-06, -0.0034833, 1.15899e-05
18861, 3.8905, 3.72795, 0.246814, 0.24, -2.53151, 8.06786, 8.41849, 0.198578, -0.202839, 2.2852e-06, -0.0058386, 1.15899e-05
18871, 3.92783, 3.44955, 0.239728, 0.25, -2.45086, 7.71023, 8.40446, 0.198578, -0.199887, 2.2852e-06, -0.00179313, 1.15899e-05
18881, 3.37711, 3.63317, 0.231102, 0.26, -2.37022, 8.06436, 7.71373, 0.193059, -0.196293, 2.2852e-06, -0.00443046, 1.15899e-05
18891, 3.08933, 3.39592, 0.224958, 0.27, -2.29659, 8.06436, 7.71373, 0.193059, -0.193732, 2.2852e-06, -0.000922516, 1.15899e-05
18900, 2.73826, 3.0993, 0.217207, 0.28, -2.21945, 8.06436, 7.71023, 0.187855, -0.190503, 2.2852e-06, -0.00362736, 1.15899e-05
18911, 2.71066, 2.84652, 0.211686, 0.29, -2.14231, 7.68919, 7.67867, 0.187855, -0.188202, 2.2852e-06, -0.000475332, 1.15899e-05
18921, 2.97876, 3.08339, 0.207753, 0.3, -2.06868, 7.02651, 7.04053, 0.187855, -0.186564, 2.2852e-06, 0.00176995, 1.15899e-05
18931, 3.03251, 3.13879, 0.201765, 0.31, -2.00206, 6.65835, 6.66186, 0.182941, -0.184069, 2.2852e-06, -0.00154527, 1.15899e-05
18940, 2.85512, 2.96697, 0.197499, 0.32, -1.93545, 6.66186, 6.66186, 0.182941, -0.182291, 2.2852e-06, 0.000889838, 1.15899e-05
18951, 2.90033, 3.008, 0.191447, 0.33, -1.87233, 6.31124, 6.31124, 0.178292, -0.179769, 2.2852e-06, -0.00202447, 1.15899e-05
18961, 2.66551, 2.77844, 0.18428, 0.34, -1.80922, 6.30422, 6.30422, 0.173888, -0.176783, 2.2852e-06, -0.00396731, 1.15899e-05
18971, 2.45331, 2.5808, 0.179874, 0.35, -1.74961, 6.31825, 6.30422, 0.174967, -0.174948, 2.2852e-06, 2.64496e-05, 1.15899e-05
18981, 2.68534, 2.78484, 0.170753, 0.36, -1.69001, 5.60999, 5.62051, 0.16574, -0.171147, 2.2852e-06, -0.00740896, 1.15899e-05
18991, 2.75696, 2.58749, 0.164256, 0.37, -1.63391, 5.25235, 5.60297, 0.16574, -0.16844, 2.2852e-06, -0.00369984, 1.15899e-05
19001, 2.33521, 2.6754, 0.16026, 0.38, -1.58132, 5.61349, 5.26287, 0.166713, -0.166775, 2.2852e-06, -8.40873e-05, 1.15899e-05
19011, 2.17149, 2.29598, 0.156781, 0.39, -1.52872, 5.58895, 5.57843, 0.16574, -0.165326, 2.2852e-06, 0.00056757, 1.15899e-05
19021, 2.25146, 2.63226, 0.154304, 0.4, -1.47613, 5.27689, 4.92978, 0.16574, -0.164293, 2.2852e-06, 0.00198205, 1.15899e-05
19031, 2.3826, 2.25879, 0.150692, 0.41, -1.42704, 4.90523, 5.25936, 0.162891, -0.162788, 2.2852e-06, 0.000140399, 1.15899e-05
19041, 2.20482, 2.58776, 0.145186, 0.42, -1.37795, 4.90523, 4.5511, 0.158368, -0.160494, 2.2852e-06, -0.00291322, 1.15899e-05
19051, 2.06029, 2.21211, 0.141837, 0.43, -1.32887, 4.90173, 4.90874, 0.159251, -0.159099, 2.2852e-06, 0.000208512, 1.15899e-05
19061, 2.12501, 2.27686, 0.136655, 0.44, -1.28328, 4.56513, 4.56513, 0.154939, -0.15694, 2.2852e-06, -0.00274105, 1.15899e-05
19070, 1.93984, 1.82945, 0.130843, 0.45, -1.2377, 4.5511, 4.89471, 0.151666, -0.154518, 2.2852e-06, -0.00390691, 1.15899e-05
19081, 1.76982, 2.15543, 0.127223, 0.46, -1.19212, 4.55811, 4.20749, 0.152471, -0.15301, 2.2852e-06, -0.0007388, 1.15899e-05
19091, 1.88605, 2.03929, 0.124124, 0.47, -1.15355, 4.20398, 4.20398, 0.151666, -0.151718, 2.2852e-06, -7.11828e-05, 1.15899e-05
19101, 2.06216, 2.20536, 0.122437, 0.48, -1.11498, 3.86037, 3.86388, 0.152471, -0.151016, 2.2852e-06, 0.00199349, 1.15899e-05
19110, 1.9544, 2.10262, 0.118687, 0.49, -1.07291, 3.85687, 3.85687, 0.148539, -0.149453, 2.2852e-06, -0.00125234, 1.15899e-05
19121, 1.57436, 2.00512, 0.115522, 0.5, -1.03434, 4.19347, 3.84284, 0.147779, -0.148134, 2.2852e-06, -0.000487417, 1.15899e-05
19131, 1.69557, 1.62211, 0.113268, 0.51, -0.992266, 3.86037, 4.211, 0.147779, -0.147195, 2.2852e-06, 0.000799492, 1.15899e-05
19141, 1.88397, 2.02874, 0.111663, 0.52, -0.957204, 3.50624, 3.50624, 0.147779, -0.146526, 2.2852e-06, 0.00171618, 1.15899e-05
19150, 1.84021, 1.98585, 0.110519, 0.53, -0.922142, 3.50624, 3.50624, 0.147779, -0.146049, 2.2852e-06, 0.00236917, 1.15899e-05
19161, 1.76203, 2.1812, 0.108257, 0.54, -0.890585, 3.50975, 3.15912, 0.145547, -0.145107, 2.2852e-06, 0.000603095, 1.15899e-05
19171, 1.64543, 1.84144, 0.104337, 0.55, -0.855523, 3.49923, 3.49923, 0.141986, -0.143474, 2.2852e-06, -0.00203854, 1.15899e-05
19181, 1.53894, 1.46517, 0.101997, 0.56, -0.820461, 3.50624, 3.85687, 0.142683, -0.142499, 2.2852e-06, 0.000252649, 1.15899e-05
19191, 1.40105, 1.82749, 0.0985505, 0.57, -0.785398, 3.50624, 3.15562, 0.139938, -0.141063, 2.2852e-06, -0.00154045, 1.15899e-05
19201, 1.54914, 1.74295, 0.0956619, 0.58, -0.753842, 3.14861, 3.14861, 0.13927, -0.139859, 2.2852e-06, -0.000807226, 1.15899e-05
19211, 1.68065, 1.60032, 0.0910953, 0.59, -0.725792, 2.80499, 3.15211, 0.1354, -0.137956, 2.2852e-06, -0.00350204, 1.15899e-05
19221, 1.33253, 1.76096, 0.0886618, 0.6, -0.694236, 3.15912, 2.80499, 0.136664, -0.136942, 2.2852e-06, -0.000381336, 1.15899e-05
19231, 1.24721, 1.44553, 0.0873442, 0.61, -0.66268, 3.14861, 3.15211, 0.137306, -0.136393, 2.2852e-06, 0.00124981, 1.15899e-05
19240, 1.39399, 1.58792, 0.0847669, 0.62, -0.63463, 2.80499, 2.80499, 0.134778, -0.13532, 2.2852e-06, -0.000741884, 1.15899e-05
19251, 1.32138, 1.2476, 0.0829311, 0.63, -0.603074, 2.80149, 3.14861, 0.134778, -0.134555, 2.2852e-06, 0.000306204, 1.15899e-05
19261, 1.25195, 1.67451, 0.0816233, 0.64, -0.57853, 2.80149, 2.45086, 0.134778, -0.13401, 2.2852e-06, 0.0010528, 1.15899e-05
19271, 1.42318, 1.61317, 0.0791173, 0.65, -0.553986, 2.45788, 2.45788, 0.13235, -0.132966, 2.2852e-06, -0.000843763, 1.15899e-05
19280, 1.37761, 1.56607, 0.0773322, 0.66, -0.529442, 2.45086, 2.45437, 0.13235, -0.132222, 2.2852e-06, 0.000175357, 1.15899e-05
19291, 1.33933, 1.5308, 0.0764484, 0.67, -0.504899, 2.45437, 2.45437, 0.132948, -0.131853, 2.2852e-06, 0.00149943, 1.15899e-05
19301, 0.985053, 1.45877, 0.0739171, 0.68, -0.480355, 2.79798, 2.44736, 0.130015, -0.130799, 2.2852e-06, -0.00107425, 1.15899e-05
19311, 1.15228, 1.12088, 0.072487, 0.69, -0.455811, 2.45437, 2.80499, 0.13059, -0.130203, 2.2852e-06, 0.000530422, 1.15899e-05
19321, 1.28769, 1.47416, 0.067893, 0.7, -0.431268, 2.10374, 2.10725, 0.125076, -0.128289, 2.2852e-06, -0.00440224, 1.15899e-05
19331, 1.25022, 1.43993, 0.0663661, 0.71, -0.41023, 2.09673, 2.09673, 0.127768, -0.127653, 2.2852e-06, 0.000158072, 1.15899e-05
19341, 1.20704, 1.39775, 0.0652784, 0.72, -0.389193, 2.10374, 2.10374, 0.127768, -0.127199, 2.2852e-06, 0.000779033, 1.15899e-05
19351, 1.13781, 1.33017, 0.0631007, 0.73, -0.368155, 2.10374, 2.10374, 0.125604, -0.126292, 2.2852e-06, -0.00094229, 1.15899e-05
19361, 0.794648, 1.26868, 0.0615495, 0.74, -0.347118, 2.45437, 2.10374, 0.125604, -0.125646, 2.2852e-06, -5.67138e-05, 1.15899e-05
19371, 1.26298, 1.22236, 0.0607904, 0.75, -0.326081, 1.74961, 2.10024, 0.126138, -0.125329, 2.2852e-06, 0.00110747, 1.15899e-05
19381, 0.940314, 1.40777, 0.058552, 0.76, -0.308549, 2.10024, 1.74961, 0.123519, -0.124397, 2.2852e-06, -0.00120215, 1.15899e-05
19391, 1.1448, 1.10965, 0.0572908, 0.77, -0.287512, 1.75312, 2.10024, 0.124033, -0.123871, 2.2852e-06, 0.000222236, 1.15899e-05
19401, 0.840297, 1.30722, 0.0563925, 0.78, -0.269981, 2.10374, 1.75663, 0.124033, -0.123497, 2.2852e-06, 0.000735104, 1.15899e-05
19410, 1.02174, 1.25777, 0.0544372, 0.79, -0.252449, 1.75312, 1.75312, 0.122005, -0.122682, 2.2852e-06, -0.000928305, 1.15899e-05
19421, 0.985109, 1.22185, 0.0533688, 0.8, -0.234918, 1.74961, 1.74961, 0.122505, -0.122237, 2.2852e-06, 0.000367187, 1.15899e-05
19431, 0.938675, 1.17633, 0.0522833, 0.81, -0.217387, 1.75312, 1.75312, 0.122005, -0.121785, 2.2852e-06, 0.000301339, 1.15899e-05
19441, 0.900659, 1.40783, 0.0515101, 0.82, -0.203362, 1.74961, 1.4025, 0.122005, -0.121463, 2.2852e-06, 0.000742763, 1.15899e-05
19450, 1.11236, 1.11679, 0.0496903, 0.83, -0.185831, 1.39899, 1.74961, 0.120047, -0.120704, 2.2852e-06, -0.00090003, 1.15899e-05
19461, 0.814401, 1.05717, 0.048394, 0.84, -0.1683, 1.74961, 1.74611, 0.120047, -0.120164, 2.2852e-06, -0.000159979, 1.15899e-05
19471, 0.749372, 1.26249, 0.0474706, 0.85, -0.154275, 1.75663, 1.406, 0.120047, -0.119779, 2.2852e-06, 0.00036718, 1.15899e-05
19481, 0.945422, 1.22524, 0.0455878, 0.86, -0.14025, 1.4025, 1.4025, 0.118158, -0.118995, 2.2852e-06, -0.00114677, 1.15899e-05
19491, 0.910154, 1.19099, 0.0442466, 0.87, -0.126225, 1.4025, 1.4025, 0.118158, -0.118436, 2.2852e-06, -0.000381082, 1.15899e-05
19501, 0.878925, 1.16049, 0.0432912, 0.88, -0.1122, 1.4025, 1.4025, 0.118158, -0.118038, 2.2852e-06, 0.000164337, 1.15899e-05
19511, 0.853376, 0.863631, 0.0426107, 0.89, -0.0946685, 1.39899, 1.74961, 0.118158, -0.117754, 2.2852e-06, 0.000552848, 1.15899e-05
19521, 0.544225, 1.06131, 0.0421259, 0.9, -0.0806436, 1.75312, 1.4025, 0.118158, -0.117552, 2.2852e-06, 0.0008296, 1.15899e-05
19531, 0.732409, 1.28752, 0.0408893, 0.91, -0.0701248, 1.4025, 1.05187, 0.116783, -0.117037, 2.2852e-06, -0.000347972, 1.15899e-05
19540, 0.963097, 1.01273, 0.0397163, 0.92, -0.0560999, 1.05187, 1.4025, 0.116333, -0.116548, 2.2852e-06, -0.000295505, 1.15899e-05
19551, 0.930968, 0.936362, 0.0374571, 0.93, -0.0420749, 1.04837, 1.39899, 0.114137, -0.115607, 2.2852e-06, -0.00201438, 1.15899e-05
19561, 0.626777, 1.13964, 0.0361277, 0.94, -0.0315562, 1.4025, 1.05187, 0.114569, -0.115053, 2.2852e-06, -0.000663787, 1.15899e-05
19571, 0.563572, 1.12301, 0.0351808, 0.95, -0.0210375, 1.4025, 1.05187, 0.114569, -0.114659, 2.2852e-06, -0.00012318, 1.15899e-05
19580, 0.786521, 0.840012, 0.0345063, 0.96, -0.00701248, 1.04837, 1.39899, 0.114569, -0.114378, 2.2852e-06, 0.000261903, 1.15899e-05
19591, 0.771712, 1.05153, 0.0340258, 0.97, 0, 1.05187, 1.05187, 0.114569, -0.114177, 2.2852e-06, 0.000536211, 1.15899e-05
19601, 0.763501, 1.31522, 0.0336835, 0.98, 0.0105187, 1.04837, 0.697742, 0.114569, -0.114035, 2.2852e-06, 0.00073161, 1.15899e-05
19611, 0.720592, 1.04767, 0.0320627, 0.99, 0.0210375, 1.04837, 1.04837, 0.112445, -0.113359, 2.2852e-06, -0.00125293, 1.15899e-05
19621, 0.679757, 1.00779, 0.0309082, 1, 0.0315562, 1.05187, 1.05187, 0.112445, -0.112878, 2.2852e-06, -0.000593819, 1.15899e-05
19631, 0.651311, 0.979766, 0.0303567, 1.01, 0.0420749, 1.05187, 1.05187, 0.112863, -0.112649, 2.2852e-06, 0.000293441, 1.15899e-05
19641, 0.595027, 0.924702, 0.0286313, 1.02, 0.0525936, 1.04837, 1.04837, 0.110808, -0.11193, 2.2852e-06, -0.00153734, 1.15899e-05
19651, 0.819286, 0.86948, 0.0274023, 1.03, 0.0631124, 0.701248, 1.05187, 0.110808, -0.111418, 2.2852e-06, -0.000835709, 1.15899e-05
19661, 0.512339, 1.07026, 0.025499, 1.04, 0.0701248, 1.04837, 0.697742, 0.109222, -0.110625, 2.2852e-06, -0.00192125, 1.15899e-05
19671, 0.465527, 0.797911, 0.0251711, 1.05, 0.0806436, 1.05187, 1.05187, 0.110808, -0.110488, 2.2852e-06, 0.000438116, 1.15899e-05
19681, 0.711709, 0.763484, 0.0251997, 1.06, 0.087656, 0.697742, 1.04837, 0.111212, -0.1105, 2.2852e-06, 0.000975825, 1.15899e-05
19691, 0.433965, 0.992296, 0.0249579, 1.07, 0.0981748, 1.04837, 0.697742, 0.110808, -0.110399, 2.2852e-06, 0.000559837, 1.15899e-05
19701, 0.644363, 0.969052, 0.0237577, 1.08, 0.105187, 0.701248, 0.701248, 0.109222, -0.109899, 2.2852e-06, -0.000927173, 1.15899e-05
19710, 0.632237, 0.957382, 0.0231567, 1.09, 0.1122, 0.701248, 0.701248, 0.109614, -0.109649, 2.2852e-06, -4.75198e-05, 1.15899e-05
19721, 0.618571, 0.672411, 0.0224747, 1.1, 0.122718, 0.697742, 1.04837, 0.109222, -0.109364, 2.2852e-06, -0.000194713, 1.15899e-05
19731, 0.60796, 0.887936, 0.0222428, 1.11, 0.129731, 0.701248, 0.701248, 0.109614, -0.109268, 2.2852e-06, 0.000474229, 1.15899e-05
19741, 0.319895, 0.880495, 0.0220776, 1.12, 0.136743, 1.05187, 0.701248, 0.109614, -0.109199, 2.2852e-06, 0.000568546, 1.15899e-05
19750, 0.541309, 0.867553, 0.021706, 1.13, 0.143756, 0.701248, 0.701248, 0.109222, -0.109044, 2.2852e-06, 0.000244133, 1.15899e-05
19761, 0.822063, 0.867622, 0.0219512, 1.14, 0.150768, 0.350624, 0.701248, 0.110009, -0.109146, 2.2852e-06, 0.00118157, 1.15899e-05
19771, 0.553248, 0.834365, 0.0206202, 1.15, 0.157781, 0.697742, 0.697742, 0.107687, -0.108592, 2.2852e-06, -0.00124026, 1.15899e-05
19781, 0.517925, 0.799848, 0.0196721, 1.16, 0.164793, 0.701248, 0.701248, 0.107687, -0.108197, 2.2852e-06, -0.000698991, 1.15899e-05
19790, 0.213268, 0.778732, 0.0192428, 1.17, 0.171806, 1.05187, 0.697742, 0.108066, -0.108018, 2.2852e-06, 6.59972e-05, 1.15899e-05
19801, 0.419076, 1.0198, 0.018691, 1.18, 0.175312, 0.701248, 0.350624, 0.107687, -0.107788, 2.2852e-06, -0.000138842, 1.15899e-05
19811, 0.681175, 0.775548, 0.0185439, 1.19, 0.182325, 0.347118, 0.697742, 0.108066, -0.107727, 2.2852e-06, 0.000465013, 1.15899e-05
19821, 0.703928, 0.752606, 0.0184391, 1.2, 0.189337, 0.350624, 0.701248, 0.108066, -0.107683, 2.2852e-06, 0.000524826, 1.15899e-05
19831, 0.419483, 0.703773, 0.0171533, 1.21, 0.19635, 0.701248, 0.701248, 0.106198, -0.107147, 2.2852e-06, -0.00130054, 1.15899e-05
19841, 0.382132, 0.938581, 0.0164759, 1.22, 0.199856, 0.697742, 0.347118, 0.106566, -0.106865, 2.2852e-06, -0.000409834, 1.15899e-05
19851, 0.344474, 0.94715, 0.0159934, 1.23, 0.203362, 0.697742, 0.347118, 0.106566, -0.106664, 2.2852e-06, -0.000134356, 1.15899e-05
19861, 0.585963, 0.682616, 0.0156497, 1.24, 0.210375, 0.350624, 0.701248, 0.106566, -0.106521, 2.2852e-06, 6.18771e-05, 1.15899e-05
19871, 0.604827, 0.652816, 0.0156451, 1.25, 0.217387, 0.347118, 0.701248, 0.106937, -0.106519, 2.2852e-06, 0.000572331, 1.15899e-05
19880, 0.326445, 0.883518, 0.0151631, 1.26, 0.220893, 0.701248, 0.350624, 0.106198, -0.106318, 2.2852e-06, -0.000164337, 1.15899e-05
19891, 0.552722, 0.875863, 0.0141151, 1.27, 0.224399, 0.347118, 0.347118, 0.105111, -0.105881, 2.2852e-06, -0.001055, 1.15899e-05
19901, 0.284728, 0.888307, 0.0143117, 1.28, 0.227906, 0.701248, 0.350624, 0.106566, -0.105963, 2.2852e-06, 0.000825688, 1.15899e-05
19911, 0.513568, 0.608579, 0.0135087, 1.29, 0.234918, 0.347118, 0.701248, 0.105111, -0.105629, 2.2852e-06, -0.000708781, 1.15899e-05
19920, 0.505036, 0.828699, 0.0129367, 1.3, 0.238424, 0.350624, 0.350624, 0.105111, -0.10539, 2.2852e-06, -0.000382215, 1.15899e-05
19931, 0.503378, 0.827262, 0.0125292, 1.31, 0.241931, 0.347118, 0.347118, 0.105111, -0.105221, 2.2852e-06, -0.000149593, 1.15899e-05
19941, 0.217295, 0.550252, 0.012239, 1.32, 0.248943, 0.701248, 0.701248, 0.105111, -0.1051, 2.2852e-06, 1.61082e-05, 1.15899e-05
19951, 0.44957, 0.773918, 0.0120322, 1.33, 0.252449, 0.350624, 0.350624, 0.105111, -0.105013, 2.2852e-06, 0.000134148, 1.15899e-05
19961, 0.450634, 0.775006, 0.0118849, 1.34, 0.255956, 0.347118, 0.347118, 0.105111, -0.104952, 2.2852e-06, 0.000218228, 1.15899e-05
19971, 0.45264, 0.777003, 0.0120131, 1.35, 0.259462, 0.350624, 0.350624, 0.105471, -0.105005, 2.2852e-06, 0.000637591, 1.15899e-05
19981, 0.448155, 0.772713, 0.01164, 1.36, 0.262968, 0.347118, 0.347118, 0.104755, -0.10485, 2.2852e-06, -0.000130735, 1.15899e-05
19991, 0.445248, 0.76992, 0.0116055, 1.37, 0.266474, 0.350624, 0.350624, 0.105111, -0.104836, 2.2852e-06, 0.000377722, 1.15899e-05
20001, 0.419979, 0.745444, 0.0104418, 1.38, 0.269981, 0.347118, 0.347118, 0.103354, -0.104351, 2.2852e-06, -0.00136536, 1.15899e-05
20011, 0.401307, 0.72723, 0.00983718, 1.39, 0.273487, 0.347118, 0.347118, 0.1037, -0.104099, 2.2852e-06, -0.000545926, 1.15899e-05
20021, 0.381649, 0.707987, 0.00940653, 1.4, 0.276993, 0.350624, 0.350624, 0.1037, -0.103919, 2.2852e-06, -0.000300072, 1.15899e-05
20031, 0.365635, 0.692205, 0.00909977, 1.41, 0.280499, 0.350624, 0.350624, 0.1037, -0.103792, 2.2852e-06, -0.000124939, 1.15899e-05
20041, 0.350544, 0.949013, 0.00888124, 1.42, 0.280499, 0.350624, 0, 0.1037, -0.103701, 2.2852e-06, -1.86265e-07, 1.15899e-05
20050, 0.61661, 0.708826, 0.00872558, 1.43, 0.284006, 0, 0.350624, 0.1037, -0.103636, 2.2852e-06, 8.86768e-05, 1.15899e-05
20061, 0.370813, 0.697663, 0.00861472, 1.44, 0.287512, 0.347118, 0.347118, 0.1037, -0.103589, 2.2852e-06, 0.000151977, 1.15899e-05
20071, 0.074337, 0.681833, 0.00853574, 1.45, 0.291018, 0.701248, 0.350624, 0.1037, -0.103557, 2.2852e-06, 0.00019706, 1.15899e-05
20081, 0.301064, 0.673794, 0.00870561, 1.46, 0.294524, 0.350624, 0.350624, 0.104049, -0.103627, 2.2852e-06, 0.000577934, 1.15899e-05
20090, 0.567659, 0.659969, 0.00860049, 1.47, 0.298031, 0, 0.350624, 0.1037, -0.103584, 2.2852e-06, 0.000160098, 1.15899e-05
20101, 0.57841, 0.897322, 0.00763779, 1.48, 0.298031, 0, 0, 0.102331, -0.103182, 2.2852e-06, -0.00116644, 1.15899e-05
20111, 0.314365, 0.642474, 0.00695204, 1.49, 0.301537, 0.347118, 0.347118, 0.102331, -0.102897, 2.2852e-06, -0.000774942, 1.15899e-05
20121, 0.0228933, 0.631287, 0.00735136, 1.5, 0.305043, 0.701248, 0.350624, 0.1037, -0.103063, 2.2852e-06, 0.000873223, 1.15899e-05
20130, 0.528203, 0.621244, 0.00763582, 1.51, 0.308549, 0, 0.350624, 0.1037, -0.103182, 2.2852e-06, 0.00071083, 1.15899e-05
20141, 0.56338, 0.88214, 0.00783843, 1.52, 0.308549, 0, 0, 0.1037, -0.103266, 2.2852e-06, 0.000595152, 1.15899e-05
20151, 0.320253, 0.647582, 0.00798276, 1.53, 0.312056, 0.347118, 0.347118, 0.1037, -0.103326, 2.2852e-06, 0.000512756, 1.15899e-05
20161, 0.306179, 0.633517, 0.00808557, 1.54, 0.315562, 0.350624, 0.350624, 0.1037, -0.103369, 2.2852e-06, 0.000454061, 1.15899e-05
20171, 0.275423, 0.872307, 0.007271, 1.55, 0.315562, 0.347118, 0, 0.102331, -0.10303, 2.2852e-06, -0.000957042, 1.15899e-05
20180, 0.527788, 0.620921, 0.00691025, 1.56, 0.319068, 0, 0.350624, 0.10267, -0.102879, 2.2852e-06, -0.000287265, 1.15899e-05
20191, 0.543627, 0.593976, 0.00643378, 1.57, 0.322574, 0, 0.347118, 0.102331, -0.102681, 2.2852e-06, -0.000479072, 1.15899e-05
20201, 0.280402, 0.83512, 0.00609439, 1.58, 0.322574, 0.350624, 0, 0.102331, -0.102539, 2.2852e-06, -0.000285313, 1.15899e-05
20211, 0.260961, 0.589737, 0.00607211, 1.59, 0.326081, 0.347118, 0.347118, 0.10267, -0.10253, 2.2852e-06, 0.000191227, 1.15899e-05
20220, 0.231115, 0.83189, 0.00583676, 1.6, 0.326081, 0.350624, 0, 0.102331, -0.102432, 2.2852e-06, -0.000138231, 1.15899e-05
20231, 0.490144, 0.584509, 0.00588859, 1.61, 0.329587, 0, 0.350624, 0.10267, -0.102454, 2.2852e-06, 0.000295997, 1.15899e-05
20241, 0.509058, 0.829433, 0.00570602, 1.62, 0.329587, 0, 0, 0.102331, -0.102378, 2.2852e-06, -6.35982e-05, 1.15899e-05
20251, 0.248023, 0.57998, 0.00557599, 1.63, 0.333093, 0.350624, 0.347118, 0.102331, -0.102323, 2.2852e-06, 1.06394e-05, 1.15899e-05
20260, 0.222017, 0.823519, 0.00548335, 1.64, 0.333093, 0.350624, 0, 0.102331, -0.102285, 2.2852e-06, 6.35237e-05, 1.15899e-05
20271, 0.476789, 0.571969, 0.00541737, 1.65, 0.336599, 0, 0.350624, 0.102331, -0.102257, 2.2852e-06, 0.000101201, 1.15899e-05
20281, 0.497122, 0.81821, 0.00537035, 1.66, 0.336599, 0, 0, 0.102331, -0.102238, 2.2852e-06, 0.000128031, 1.15899e-05
20291, 0.517596, 0.566976, 0.00533688, 1.67, 0.340105, 0, 0.350624, 0.102331, -0.102224, 2.2852e-06, 0.000147149, 1.15899e-05
20301, 0.257672, 0.813442, 0.00531303, 1.68, 0.340105, 0.350624, 0, 0.102331, -0.102214, 2.2852e-06, 0.000160761, 1.15899e-05
20311, 0.237778, 0.567522, 0.00551552, 1.69, 0.343612, 0.350624, 0.350624, 0.10267, -0.102298, 2.2852e-06, 0.000508979, 1.15899e-05
20321, 0.22008, 0.818643, 0.00565977, 1.7, 0.343612, 0.347118, 0, 0.10267, -0.102358, 2.2852e-06, 0.000426635, 1.15899e-05
20331, 0.471975, 0.566602, 0.00554304, 1.71, 0.347118, 0, 0.350624, 0.102331, -0.10231, 2.2852e-06, 2.94521e-05, 1.15899e-05
20341, 0.502611, 0.822839, 0.00590048, 1.72, 0.347118, 0, 0, 0.103011, -0.102459, 2.2852e-06, 0.00075648, 1.15899e-05
20350, 0.243795, 0.572842, 0.0057145, 1.73, 0.350624, 0.347118, 0.347118, 0.102331, -0.102381, 2.2852e-06, -6.8441e-05, 1.15899e-05
20361, 0.495525, 0.544261, 0.00558202, 1.74, 0.35413, 0, 0.350624, 0.102331, -0.102326, 2.2852e-06, 7.19726e-06, 1.15899e-05
20371, 0.234863, 0.790041, 0.00548764, 1.75, 0.35413, 0.350624, 0, 0.102331, -0.102287, 2.2852e-06, 6.10724e-05, 1.15899e-05
20381, 0.209123, 0.810214, 0.00542042, 1.76, 0.35413, 0.350624, 0, 0.102331, -0.102259, 2.2852e-06, 9.94503e-05, 1.15899e-05
20390, 0.469405, 0.563995, 0.00559203, 1.77, 0.357637, 0, 0.350624, 0.10267, -0.10233, 2.2852e-06, 0.000465304, 1.15899e-05
20401, 0.489213, 0.809748, 0.00549479, 1.78, 0.357637, 0, 0, 0.102331, -0.102289, 2.2852e-06, 5.69969e-05, 1.15899e-05
20411, 0.509313, 0.560884, 0.00542552, 1.79, 0.361143, 0, 0.347118, 0.102331, -0.102261, 2.2852e-06, 9.65446e-05, 1.15899e-05
20421, 0.233392, 0.789605, 0.00472732, 1.8, 0.361143, 0.350624, 0, 0.10133, -0.10197, 2.2852e-06, -0.000876017, 1.15899e-05
20430, 0.191849, 0.791657, 0.00401684, 1.81, 0.361143, 0.347118, 0, 0.101002, -0.101674, 2.2852e-06, -0.000920802, 1.15899e-05
20441, 0.407495, 0.504296, 0.00267348, 1.82, 0.364649, 0, 0.350624, 0.0997103, -0.101114, 2.2852e-06, -0.00192321, 1.15899e-05
20451, 0.394894, 0.449276, 0.00171658, 1.83, 0.368155, 0, 0.347118, 0.0997103, -0.100715, 2.2852e-06, -0.00137691, 1.15899e-05
20461, 0.124972, 0.683348, 0.0018722, 1.84, 0.368155, 0.350624, 0, 0.101002, -0.10078, 2.2852e-06, 0.000303566, 1.15899e-05
20470, 0.374884, 0.698377, 0.00219619, 1.85, 0.368155, 0, 0, 0.10133, -0.100915, 2.2852e-06, 0.000569001, 1.15899e-05
20481, 0.106323, 0.43848, 0.00221384, 1.86, 0.371662, 0.347118, 0.347118, 0.101002, -0.100922, 2.2852e-06, 0.000108525, 1.15899e-05
20491, 0.352861, 0.67617, 0.00243956, 1.87, 0.371662, 0, 0, 0.10133, -0.101016, 2.2852e-06, 0.000430062, 1.15899e-05
20501, 0.366428, 0.689615, 0.00260035, 1.88, 0.371662, 0, 0, 0.10133, -0.101083, 2.2852e-06, 0.000338271, 1.15899e-05
20511, 0.374345, 0.425872, 0.00250173, 1.89, 0.375168, 0, 0.350624, 0.101002, -0.101042, 2.2852e-06, -5.58347e-05, 1.15899e-05
20520, 0.387725, 0.665016, 0.00264462, 1.9, 0.375168, 0, 0, 0.10133, -0.101102, 2.2852e-06, 0.000312991, 1.15899e-05
20531, 0.120175, 0.677889, 0.0027464, 1.91, 0.375168, 0.350624, 0, 0.10133, -0.101144, 2.2852e-06, 0.000254884, 1.15899e-05
20541, 0.362289, 0.685472, 0.00260578, 1.92, 0.375168, 0, 0, 0.101002, -0.101086, 2.2852e-06, -0.000115231, 1.15899e-05
20551, 0.349892, 0.673785, 0.00166835, 1.93, 0.375168, 0, 0, 0.0997103, -0.100695, 2.2852e-06, -0.00134938, 1.15899e-05
20560, 0.0801146, 0.415362, 0.00183785, 1.94, 0.378674, 0.350624, 0.347118, 0.101002, -0.100766, 2.2852e-06, 0.000323176, 1.15899e-05
20571, 0.330131, 0.654101, 0.00217171, 1.95, 0.378674, 0, 0, 0.10133, -0.100905, 2.2852e-06, 0.000582971, 1.15899e-05
20581, 0.344504, 0.668294, 0.00240954, 1.96, 0.378674, 0, 0, 0.10133, -0.101004, 2.2852e-06, 0.000447199, 1.15899e-05
20591, 0.352995, 0.405084, 0.00236582, 1.97, 0.38218, 0, 0.350624, 0.101002, -0.100986, 2.2852e-06, 2.17631e-05, 1.15899e-05
20600, 0.0890895, 0.644607, 0.00254781, 1.98, 0.38218, 0.347118, 0, 0.10133, -0.101062, 2.2852e-06, 0.00036826, 1.15899e-05
20611, 0.329455, 0.652745, 0.00246431, 1.99, 0.38218, 0, 0, 0.101002, -0.101027, 2.2852e-06, -3.44664e-05, 1.15899e-05
20621, 0.337781, 0.661116, 0.00240483, 2, 0.38218, 0, 0, 0.101002, -0.101002, 2.2852e-06, -5.06639e-07, 1.15899e-05
20631, 0.351452, 0.674658, 0.0025756, 2.01, 0.38218, 0, 0, 0.10133, -0.101073, 2.2852e-06, 0.000352398, 1.15899e-05
20641, 0.359443, 0.682718, 0.0024841, 2.02, 0.38218, 0, 0, 0.101002, -0.101035, 2.2852e-06, -4.57689e-05, 1.15899e-05
20651, 0.372876, 0.424305, 0.00263207, 2.03, 0.385687, 0, 0.350624, 0.10133, -0.101097, 2.2852e-06, 0.000320159, 1.15899e-05
20661, 0.113374, 0.668127, 0.00295216, 2.04, 0.385687, 0.347118, 0, 0.101661, -0.10123, 2.2852e-06, 0.000591122, 1.15899e-05
20671, 0.352523, 0.675136, 0.00275236, 2.05, 0.385687, 0, 0, 0.101002, -0.101147, 2.2852e-06, -0.000198908, 1.15899e-05
20681, 0.359982, 0.682703, 0.00261002, 2.06, 0.385687, 0, 0, 0.101002, -0.101088, 2.2852e-06, -0.000117652, 1.15899e-05
20690, 0.367869, 0.418933, 0.00250863, 2.07, 0.389193, 0, 0.350624, 0.101002, -0.101045, 2.2852e-06, -5.97686e-05, 1.15899e-05
20701, 0.0983674, 0.653052, 0.00243641, 2.08, 0.389193, 0.347118, 0, 0.101002, -0.101015, 2.2852e-06, -1.8537e-05, 1.15899e-05
20711, 0.344235, 0.666507, 0.00259809, 2.09, 0.389193, 0, 0, 0.10133, -0.101083, 2.2852e-06, 0.000339553, 1.15899e-05
20721, 0.0744643, 0.674504, 0.00250014, 2.1, 0.389193, 0.347118, 0, 0.101002, -0.101042, 2.2852e-06, -5.49182e-05, 1.15899e-05
20730, 0.32014, 0.416046, 0.00264348, 2.11, 0.392699, 0, 0.350624, 0.10133, -0.101101, 2.2852e-06, 0.00031364, 1.15899e-05
20741, 0.333094, 0.654794, 0.0027456, 2.12, 0.392699, 0, 0, 0.10133, -0.101144, 2.2852e-06, 0.000255346, 1.15899e-05
20751, 0.340573, 0.66238, 0.00260521, 2.13, 0.392699, 0, 0, 0.101002, -0.101086, 2.2852e-06, -0.000114903, 1.15899e-05
20761, 0.353641, 0.403629, 0.00271833, 2.14, 0.396205, 0, 0.350624, 0.10133, -0.101133, 2.2852e-06, 0.000270911, 1.15899e-05
20770, 0.0632106, 0.617499, 0.00174851, 2.15, 0.396205, 0.347118, 0, 0.0997103, -0.100729, 2.2852e-06, -0.00139515, 1.15899e-05
20781, 0.290704, 0.613068, 0.00126473, 2.16, 0.396205, 0, 0, 0.10003, -0.100527, 2.2852e-06, -0.000681408, 1.15899e-05
20791, 0.307808, 0.629794, 0.00176348, 2.17, 0.396205, 0, 0, 0.10133, -0.100735, 2.2852e-06, 0.000816032, 1.15899e-05
20801, 0.302966, 0.625322, 0.00127541, 2.18, 0.396205, 0, 0, 0.10003, -0.100531, 2.2852e-06, -0.000687495, 1.15899e-05
20811, 0.299593, 0.622212, 0.00092774, 2.19, 0.396205, 0, 0, 0.10003, -0.100387, 2.2852e-06, -0.000489011, 1.15899e-05
20820, 0.312544, 0.365857, 0.00131029, 2.2, 0.399712, 0, 0.347118, 0.101002, -0.100546, 2.2852e-06, 0.000624359, 1.15899e-05
20831, 0.0285663, 0.586263, 0.000952578, 2.21, 0.399712, 0.350624, 0, 0.10003, -0.100397, 2.2852e-06, -0.000503197, 1.15899e-05
20841, 0.260802, 0.584055, 0.000697768, 2.22, 0.399712, 0, 0, 0.10003, -0.100291, 2.2852e-06, -0.000357725, 1.15899e-05
20851, 0.254148, 0.577695, 0.000309205, 2.23, 0.399712, 0, 0, 0.0997103, -0.100129, 2.2852e-06, -0.000573449, 1.15899e-05
20860, 0.253684, 0.577283, 0.000239486, 2.24, 0.399712, 0, 0, 0.10003, -0.1001, 2.2852e-06, -9.60901e-05, 1.15899e-05
20871, 0.258485, 0.581964, 0.00039838, 2.25, 0.399712, 0, 0, 0.100351, -0.100166, 2.2852e-06, 0.000253916, 1.15899e-05
20881, 0.252733, 0.307424, 9.59516e-05, 2.26, 0.403218, 0, 0.347118, 0.0997103, -0.10004, 2.2852e-06, -0.000451699, 1.15899e-05
20891, 0.233045, 0.511977, -0.00073185, 2.27, 0.403218, 0, 0, 0.0987659, -0.0996951, 2.2852e-06, -0.00127317, 1.15899e-05
20900, 0.230694, 0.781343, -0.000709158, 2.28, 0.399712, 0, -0.350624, 0.0997103, -0.0997045, 2.2852e-06, 7.92742e-06, 1.15899e-05
20911, 0.233295, 0.557903, -0.000485927, 2.29, 0.399712, 0, 0, 0.10003, -0.0997975, 2.2852e-06, 0.000318043, 1.15899e-05
20921, 0.235224, 0.290695, -0.000326908, 2.3, 0.403218, 0, 0.347118, 0.10003, -0.0998638, 2.2852e-06, 0.000227265, 1.15899e-05
20931, 0.236674, 0.515673, -0.000213629, 2.31, 0.403218, 0, 0, 0.10003, -0.099911, 2.2852e-06, 0.000162594, 1.15899e-05
20940, 0.237784, 0.516721, -0.000132948, 2.32, 0.403218, 0, 0, 0.10003, -0.0999446, 2.2852e-06, 0.000116527, 1.15899e-05
20951, 0.23865, 0.517544, -7.54774e-05, 2.33, 0.403218, 0, 0, 0.10003, -0.0999686, 2.2852e-06, 8.37222e-05, 1.15899e-05
20961, 0.234324, 0.513343, -0.000241596, 2.34, 0.403218, 0, 0, 0.0997103, -0.0998993, 2.2852e-06, -0.000258997, 1.15899e-05
20971, 0.235517, 0.514469, -0.000152868, 2.35, 0.403218, 0, 0, 0.10003, -0.0999363, 2.2852e-06, 0.000127904, 1.15899e-05
20981, 0.231424, 0.510485, -0.000296724, 2.36, 0.403218, 0, 0, 0.0997103, -0.0998764, 2.2852e-06, -0.000227526, 1.15899e-05
20990, 0.232783, 0.511765, -0.000192136, 2.37, 0.403218, 0, 0, 0.10003, -0.0999199, 2.2852e-06, 0.000150323, 1.15899e-05
21001, 0.213963, 0.493509, -0.000937057, 2.38, 0.403218, 0, 0, 0.0987659, -0.0996096, 2.2852e-06, -0.00115602, 1.15899e-05
21011, 0.21223, 0.491715, -0.000855321, 2.39, 0.403218, 0, 0, 0.0997103, -0.0996436, 2.2852e-06, 9.13739e-05, 1.15899e-05
21021, 0.215271, 0.494554, -0.00059005, 2.4, 0.403218, 0, 0, 0.10003, -0.0997541, 2.2852e-06, 0.000377484, 1.15899e-05
21030, 0.212493, 0.491791, -0.000608146, 2.41, 0.403218, 0, 0, 0.0997103, -0.0997466, 2.2852e-06, -4.97401e-05, 1.15899e-05
21041, 0.21479, 0.49394, -0.000413972, 2.42, 0.403218, 0, 0, 0.10003, -0.0998275, 2.2852e-06, 0.000276968, 1.15899e-05
21051, 0.216502, 0.495548, -0.00027566, 2.43, 0.403218, 0, 0, 0.10003, -0.0998851, 2.2852e-06, 0.000197999, 1.15899e-05
21061, 0.212779, 0.491907, -0.000384182, 2.44, 0.403218, 0, 0, 0.0997103, -0.0998399, 2.2852e-06, -0.000177592, 1.15899e-05
21070, 0.214401, 0.493431, -0.000254434, 2.45, 0.403218, 0, 0, 0.10003, -0.099894, 2.2852e-06, 0.000185885, 1.15899e-05
21081, 0.215633, 0.494593, -0.000162023, 2.46, 0.403218, 0, 0, 0.10003, -0.0999325, 2.2852e-06, 0.000133127, 1.15899e-05
21091, 0.216587, 0.495496, -9.62019e-05, 2.47, 0.403218, 0, 0, 0.10003, -0.0999599, 2.2852e-06, 9.55462e-05, 1.15899e-05
21101, 0.222398, 0.501114, 0.000159252, 2.48, 0.403218, 0, 0, 0.100351, -0.100066, 2.2852e-06, 0.000390433, 1.15899e-05
21110, 0.217365, 0.496258, -7.43866e-05, 2.49, 0.403218, 0, 0, 0.0997103, -0.099969, 2.2852e-06, -0.000354454, 1.15899e-05
21121, 0.218055, 0.496918, -3.37601e-05, 2.5, 0.403218, 0, 0, 0.10003, -0.0999859, 2.2852e-06, 5.99027e-05, 1.15899e-05
21131, 0.218623, 0.497463, -4.82798e-06, 2.51, 0.403218, 0, 0, 0.10003, -0.099998, 2.2852e-06, 4.33847e-05, 1.15899e-05
21141, 0.214084, 0.493065, -0.000191277, 2.52, 0.403218, 0, 0, 0.0997103, -0.0999203, 2.2852e-06, -0.000287727, 1.15899e-05
21151, 0.215126, 0.494051, -0.000117016, 2.53, 0.403218, 0, 0, 0.10003, -0.0999512, 2.2852e-06, 0.000107437, 1.15899e-05
21160, 0.215944, 0.49483, -6.41227e-05, 2.54, 0.403218, 0, 0, 0.10003, -0.0999733, 2.2852e-06, 7.72402e-05, 1.15899e-05
21171, 0.216604, 0.49546, -2.64466e-05, 2.55, 0.403218, 0, 0, 0.10003, -0.099989, 2.2852e-06, 5.57303e-05, 1.15899e-05
21181, 0.217149, 0.495985, 3.75509e-07, 2.56, 0.403218, 0, 0, 0.10003, -0.1, 2.2852e-06, 4.04119e-05, 1.15899e-05
21191, 0.217614, 0.496436, 1.94907e-05, 2.57, 0.403218, 0, 0, 0.10003, -0.100008, 2.2852e-06, 2.95043e-05, 1.15899e-05
21200, 0.218022, 0.496833, 3.31163e-05, 2.58, 0.403218, 0, 0, 0.10003, -0.100014, 2.2852e-06, 2.17259e-05, 1.15899e-05
21211, 0.218388, 0.497192, 4.28259e-05, 2.59, 0.403218, 0, 0, 0.10003, -0.100018, 2.2852e-06, 1.61827e-05, 1.15899e-05
21221, 0.218726, 0.497525, 4.9746e-05, 2.6, 0.403218, 0, 0, 0.10003, -0.100021, 2.2852e-06, 1.22339e-05, 1.15899e-05
21231, 0.194299, 0.473867, -0.000966007, 2.61, 0.403218, 0, 0, 0.0984555, -0.0995975, 2.2852e-06, -0.00156476, 1.15899e-05
21240, 0.197673, 0.477016, -0.000668889, 2.62, 0.403218, 0, 0, 0.10003, -0.0997213, 2.2852e-06, 0.000422493, 1.15899e-05
21251, 0.200152, 0.479335, -0.000457245, 2.63, 0.403218, 0, 0, 0.10003, -0.0998095, 2.2852e-06, 0.000301667, 1.15899e-05
21261, 0.201995, 0.481064, -0.000306469, 2.64, 0.403218, 0, 0, 0.10003, -0.0998723, 2.2852e-06, 0.000215597, 1.15899e-05
21271, 0.198364, 0.477508, -0.00040614, 2.65, 0.403218, 0, 0, 0.0997103, -0.0998308, 2.2852e-06, -0.00016506, 1.15899e-05
21280, 0.200052, 0.479094, -0.000270081, 2.66, 0.403218, 0, 0, 0.10003, -0.0998875, 2.2852e-06, 0.000194818, 1.15899e-05
21291, 0.201331, 0.480299, -0.000173163, 2.67, 0.403218, 0, 0, 0.10003, -0.0999279, 2.2852e-06, 0.00013949, 1.15899e-05
21301, 0.202319, 0.481234, -0.000104123, 2.68, 0.403218, 0, 0, 0.10003, -0.0999566, 2.2852e-06, 0.000100076, 1.15899e-05
21311, 0.203099, 0.481977, -5.49316e-05, 2.69, 0.403218, 0, 0, 0.10003, -0.0999771, 2.2852e-06, 7.1995e-05, 1.15899e-05
21321, 0.198711, 0.477719, -0.000226951, 2.7, 0.403218, 0, 0, 0.0997103, -0.0999054, 2.2852e-06, -0.000267357, 1.15899e-05
21330, 0.19986, 0.478805, -0.000142425, 2.71, 0.403218, 0, 0, 0.10003, -0.0999407, 2.2852e-06, 0.000121944, 1.15899e-05
21341, 0.18089, 0.46041, -0.000901651, 2.72, 0.403218, 0, 0, 0.0987659, -0.0996243, 2.2852e-06, -0.00117623, 1.15899e-05
21351, 0.184071, 0.463379, -0.000623041, 2.73, 0.403218, 0, 0, 0.10003, -0.0997404, 2.2852e-06, 0.000396326, 1.15899e-05
21361, 0.186412, 0.46557, -0.000424594, 2.74, 0.403218, 0, 0, 0.10003, -0.0998231, 2.2852e-06, 0.000283025, 1.15899e-05
21370, 0.188156, 0.467207, -0.000283223, 2.75, 0.403218, 0, 0, 0.10003, -0.099882, 2.2852e-06, 0.000202321, 1.15899e-05
21381, 0.184455, 0.463587, -0.000389582, 2.76, 0.403218, 0, 0, 0.0997103, -0.0998377, 2.2852e-06, -0.000174515, 1.15899e-05
21391, 0.186094, 0.465127, -0.000258279, 2.77, 0.403218, 0, 0, 0.10003, -0.0998924, 2.2852e-06, 0.000188082, 1.15899e-05
21401, 0.187338, 0.4663, -0.000164741, 2.78, 0.403218, 0, 0, 0.10003, -0.0999314, 2.2852e-06, 0.000134684, 1.15899e-05
21410, 0.1883, 0.467211, -9.81331e-05, 2.79, 0.403218, 0, 0, 0.10003, -0.0999591, 2.2852e-06, 9.66489e-05, 1.15899e-05
21421, 0.189061, 0.467936, -5.06759e-05, 2.8, 0.403218, 0, 0, 0.10003, -0.0999789, 2.2852e-06, 6.95586e-05, 1.15899e-05
21431, 0.18968, 0.468529, -1.688e-05, 2.81, 0.403218, 0, 0, 0.10003, -0.099993, 2.2852e-06, 5.02616e-05, 1.15899e-05
21441, 0.195253, 0.473926, 0.000215757, 2.82, 0.403218, 0, 0, 0.100351, -0.10009, 2.2852e-06, 0.000358172, 1.15899e-05
21450, 0.195069, 0.473775, 0.000172913, 2.83, 0.403218, 0, 0, 0.10003, -0.100072, 2.2852e-06, -5.80847e-05, 1.15899e-05
21460, 0.195014, 0.473743, 0.00014239, 2.84, 0.403218, 0, 0, 0.10003, -0.100059, 2.2852e-06, -4.06653e-05, 1.15899e-05
21471, 0.195052, 0.473797, 0.000120664, 2.85, 0.403218, 0, 0, 0.10003, -0.10005, 2.2852e-06, -2.82526e-05, 1.15899e-05
21481, 0.195155, 0.473912, 0.000105178, 2.86, 0.403218, 0, 0, 0.10003, -0.100044, 2.2852e-06, -1.94162e-05, 1.15899e-05
21491, 0.195304, 0.47407, 9.41455e-05, 2.87, 0.403218, 0, 0, 0.10003, -0.100039, 2.2852e-06, -1.31205e-05, 1.15899e-05
21500, 0.195487, 0.474259, 8.62956e-05, 2.88, 0.403218, 0, 0, 0.10003, -0.100036, 2.2852e-06, -8.63522e-06, 1.15899e-05
21511, 0.195694, 0.474469, 8.06987e-05, 2.89, 0.403218, 0, 0, 0.10003, -0.100034, 2.2852e-06, -5.43892e-06, 1.15899e-05
21521, 0.195917, 0.474695, 7.67112e-05, 2.9, 0.403218, 0, 0, 0.10003, -0.100032, 2.2852e-06, -3.1665e-06, 1.15899e-05
21531, 0.191133, 0.47007, -0.000133181, 2.91, 0.403218, 0, 0, 0.0997103, -0.0999445, 2.2852e-06, -0.000320889, 1.15899e-05
21540, 0.192, 0.470894, -7.56383e-05, 2.92, 0.403218, 0, 0, 0.10003, -0.0999685, 2.2852e-06, 8.38116e-05, 1.15899e-05
21551, 0.19775, 0.476455, 0.000173914, 2.93, 0.403218, 0, 0, 0.100351, -0.100072, 2.2852e-06, 0.000382066, 1.15899e-05
21561, 0.192673, 0.471558, -6.39439e-05, 2.94, 0.403218, 0, 0, 0.0997103, -0.0999734, 2.2852e-06, -0.000360422, 1.15899e-05
21571, 0.173467, 0.452944, -0.000845736, 2.95, 0.403218, 0, 0, 0.0987659, -0.0996476, 2.2852e-06, -0.00120815, 1.15899e-05
21580, 0.156614, 0.436513, -0.00140263, 2.96, 0.403218, 0, 0, 0.0987659, -0.0994156, 2.2852e-06, -0.000890218, 1.15899e-05
21591, 0.156283, 0.436019, -0.00118697, 2.97, 0.403218, 0, 0, 0.0997103, -0.0995054, 2.2852e-06, 0.000280708, 1.15899e-05
21601, 0.160322, 0.439785, -0.000826281, 2.98, 0.403218, 0, 0, 0.10003, -0.0996557, 2.2852e-06, 0.000512354, 1.15899e-05
21611, 0.163275, 0.442543, -0.000569361, 2.99, 0.403218, 0, 0, 0.10003, -0.0997628, 2.2852e-06, 0.000365674, 1.15899e-05
21621, 0.165455, 0.444585, -0.000386345, 3, 0.403218, 0, 0, 0.10003, -0.099839, 2.2852e-06, 0.000261195, 1.15899e-05
21630, 0.167084, 0.446115, -0.000255972, 3.01, 0.403218, 0, 0, 0.10003, -0.0998933, 2.2852e-06, 0.000186764, 1.15899e-05
21641, 0.168321, 0.447282, -0.000163096, 3.02, 0.403218, 0, 0, 0.10003, -0.099932, 2.2852e-06, 0.000133745, 1.15899e-05
21651, 0.169278, 0.448189, -9.69529e-05, 3.03, 0.403218, 0, 0, 0.10003, -0.0999596, 2.2852e-06, 9.59784e-05, 1.15899e-05
21661, 0.170036, 0.448911, -4.98354e-05, 3.04, 0.403218, 0, 0, 0.10003, -0.0999792, 2.2852e-06, 6.90818e-05, 1.15899e-05
21670, 0.170653, 0.449501, -1.62721e-05, 3.05, 0.403218, 0, 0, 0.10003, -0.0999932, 2.2852e-06, 4.99189e-05, 1.15899e-05
21681, 0.151303, 0.430755, -0.00081178, 3.06, 0.403218, 0, 0, 0.0987659, -0.0996618, 2.2852e-06, -0.00122754, 1.15899e-05
21691, 0.149193, 0.42861, -0.000766075, 3.07, 0.403218, 0, 0, 0.0997103, -0.0996808, 2.2852e-06, 4.04269e-05, 1.15899e-05
21701, 0.151966, 0.431201, -0.000526464, 3.08, 0.403218, 0, 0, 0.10003, -0.0997806, 2.2852e-06, 0.000341192, 1.15899e-05
21710, 0.154017, 0.433123, -0.000355786, 3.09, 0.403218, 0, 0, 0.10003, -0.0998518, 2.2852e-06, 0.000243746, 1.15899e-05
21721, 0.150534, 0.429705, -0.000441259, 3.1, 0.403218, 0, 0, 0.0997103, -0.0998161, 2.2852e-06, -0.000145011, 1.15899e-05
21731, 0.152329, 0.431389, -0.000295097, 3.11, 0.403218, 0, 0, 0.10003, -0.099877, 2.2852e-06, 0.000209101, 1.15899e-05
21741, 0.153683, 0.432665, -0.000190973, 3.12, 0.403218, 0, 0, 0.10003, -0.0999204, 2.2852e-06, 0.00014966, 1.15899e-05
21750, 0.170002, 0.44845, 0.000513393, 3.13, 0.403218, 0, 0, 0.101002, -0.100214, 2.2852e-06, 0.00107931, 1.15899e-05
21761, 0.189367, 0.467273, 0.00122827, 3.14, 0.403218, 0, 0, 0.10133, -0.100512, 2.2852e-06, 0.00112158, 1.15899e-05
21771, 0.181116, 0.459432, 0.000687093, 3.15, 0.403218, 0, 0, 0.0997103, -0.100286, 2.2852e-06, -0.000789188, 1.15899e-05
21781, 0.179514, 0.457965, 0.000508672, 3.16, 0.403218, 0, 0, 0.10003, -0.100212, 2.2852e-06, -0.000249766, 1.15899e-05
21791, 0.183505, 0.461894, 0.000590122, 3.17, 0.403218, 0, 0, 0.100351, -0.100246, 2.2852e-06, 0.000144452, 1.15899e-05
21800, 0.182194, 0.460698, 0.000439578, 3.18, 0.403218, 0, 0, 0.10003, -0.100183, 2.2852e-06, -0.00021033, 1.15899e-05
21811, 0.181337, 0.459922, 0.000332344, 3.19, 0.403218, 0, 0, 0.10003, -0.100138, 2.2852e-06, -0.000149108, 1.15899e-05
21821, 0.175783, 0.454583, 4.89056e-05, 3.2, 0.403218, 0, 0, 0.0997103, -0.10002, 2.2852e-06, -0.000424847, 1.15899e-05
21831, 0.176102, 0.454897, 5.40555e-05, 3.21, 0.403218, 0, 0, 0.10003, -0.100023, 2.2852e-06, 9.76771e-06, 1.15899e-05
21840, 0.176405, 0.455198, 5.77211e-05, 3.22, 0.403218, 0, 0, 0.10003, -0.100024, 2.2852e-06, 7.6741e-06, 1.15899e-05
21851, 0.171678, 0.450626, -0.000146699, 3.23, 0.403218, 0, 0, 0.0997103, -0.0999389, 2.2852e-06, -0.00031317, 1.15899e-05
21861, 0.172586, 0.451487, -8.52764e-05, 3.24, 0.403218, 0, 0, 0.10003, -0.0999645, 2.2852e-06, 8.93101e-05, 1.15899e-05
21871, 0.173308, 0.452176, -4.15206e-05, 3.25, 0.403218, 0, 0, 0.10003, -0.0999827, 2.2852e-06, 6.43358e-05, 1.15899e-05
21880, 0.16888, 0.447881, -0.000217402, 3.26, 0.403218, 0, 0, 0.0997103, -0.0999094, 2.2852e-06, -0.00027281, 1.15899e-05
21891, 0.175056, 0.453838, 7.29203e-05, 3.27, 0.403218, 0, 0, 0.100351, -0.10003, 2.2852e-06, 0.000439718, 1.15899e-05
21901, 0.170284, 0.449223, -0.000135881, 3.28, 0.403218, 0, 0, 0.0997103, -0.0999434, 2.2852e-06, -0.000319347, 1.15899e-05
21911, 0.171159, 0.450054, -7.75695e-05, 3.29, 0.403218, 0, 0, 0.10003, -0.0999677, 2.2852e-06, 8.49143e-05, 1.15899e-05
21920, 0.147115, 0.426752, -0.00105668, 3.3, 0.403218, 0, 0, 0.0984555, -0.0995597, 2.2852e-06, -0.00151298, 1.15899e-05
21931, 0.145742, 0.425291, -0.000940543, 3.31, 0.403218, 0, 0, 0.0997103, -0.0996081, 2.2852e-06, 0.000140026, 1.15899e-05
21941, 0.149039, 0.428369, -0.000650758, 3.32, 0.403218, 0, 0, 0.10003, -0.0997289, 2.2852e-06, 0.000412144, 1.15899e-05
21951, 0.151464, 0.430637, -0.000444335, 3.33, 0.403218, 0, 0, 0.10003, -0.0998149, 2.2852e-06, 0.000294298, 1.15899e-05
21961, 0.153268, 0.43233, -0.000297296, 3.34, 0.403218, 0, 0, 0.10003, -0.0998761, 2.2852e-06, 0.000210352, 1.15899e-05
21970, 0.154629, 0.433611, -0.000192547, 3.35, 0.403218, 0, 0, 0.10003, -0.0999198, 2.2852e-06, 0.000150554, 1.15899e-05
21981, 0.150655, 0.429737, -0.000324994, 3.36, 0.403218, 0, 0, 0.0997103, -0.0998646, 2.2852e-06, -0.000211388, 1.15899e-05
21991, 0.152099, 0.431097, -0.00021227, 3.37, 0.403218, 0, 0, 0.10003, -0.0999116, 2.2852e-06, 0.000161819, 1.15899e-05
22001, 0.153204, 0.432141, -0.000131983, 3.38, 0.403218, 0, 0, 0.10003, -0.099945, 2.2852e-06, 0.000115976, 1.15899e-05
22010, 0.149048, 0.428098, -0.000281847, 3.39, 0.403218, 0, 0, 0.0997103, -0.0998826, 2.2852e-06, -0.000236019, 1.15899e-05
22021, 0.155418, 0.434234, 2.70009e-05, 3.4, 0.403218, 0, 0, 0.100351, -0.100011, 2.2852e-06, 0.00046593, 1.15899e-05
22031, 0.150784, 0.429748, -0.000168586, 3.41, 0.403218, 0, 0, 0.0997103, -0.0999298, 2.2852e-06, -0.000300676, 1.15899e-05
22041, 0.151757, 0.43067, -0.000100869, 3.42, 0.403218, 0, 0, 0.10003, -0.099958, 2.2852e-06, 9.82136e-05, 1.15899e-05
22050, 0.152527, 0.431403, -5.26249e-05, 3.43, 0.403218, 0, 0, 0.10003, -0.0999781, 2.2852e-06, 7.06762e-05, 1.15899e-05
22061, 0.153151, 0.432002, -1.82569e-05, 3.44, 0.403218, 0, 0, 0.10003, -0.0999924, 2.2852e-06, 5.10514e-05, 1.15899e-05
22071, 0.153672, 0.432504, 6.22273e-06, 3.45, 0.403218, 0, 0, 0.10003, -0.100003, 2.2852e-06, 3.70741e-05, 1.15899e-05
22081, 0.15412, 0.432938, 2.36571e-05, 3.46, 0.403218, 0, 0, 0.10003, -0.10001, 2.2852e-06, 2.71201e-05, 1.15899e-05
22090, 0.149495, 0.428461, -0.000170982, 3.47, 0.403218, 0, 0, 0.0997103, -0.0999288, 2.2852e-06, -0.000299312, 1.15899e-05
22100, 0.150476, 0.42939, -0.000102568, 3.48, 0.403218, 0, 0, 0.10003, -0.0999573, 2.2852e-06, 9.91896e-05, 1.15899e-05
22111, 0.146231, 0.425265, -0.00026089, 3.49, 0.403218, 0, 0, 0.0997103, -0.0998913, 2.2852e-06, -0.000247985, 1.15899e-05
22121, 0.147482, 0.426445, -0.000166619, 3.5, 0.403218, 0, 0, 0.10003, -0.0999306, 2.2852e-06, 0.00013575, 1.15899e-05
22131, 0.153506, 0.43226, 0.000109094, 3.51, 0.403218, 0, 0, 0.100351, -0.100045, 2.2852e-06, 0.000419065, 1.15899e-05
22140, 0.153644, 0.432407, 9.6935e-05, 3.52, 0.403218, 0, 0, 0.10003, -0.10004, 2.2852e-06, -1.47149e-05, 1.15899e-05
22151, 0.153818, 0.432588, 8.82804e-05, 3.53, 0.403218, 0, 0, 0.10003, -0.100037, 2.2852e-06, -9.76771e-06, 1.15899e-05
22161, 0.154018, 0.432793, 8.21114e-05, 3.54, 0.403218, 0, 0, 0.10003, -0.100034, 2.2852e-06, -6.25104e-06, 1.15899e-05
22171, 0.154237, 0.433015, 7.77125e-05, 3.55, 0.403218, 0, 0, 0.10003, -0.100032, 2.2852e-06, -3.74019e-06, 1.15899e-05
22180, 0.154469, 0.43325, 7.45833e-05, 3.56, 0.403218, 0, 0, 0.10003, -0.100031, 2.2852e-06, -1.95205e-06, 1.15899e-05
22191, 0.149691, 0.42863, -0.000134701, 3.57, 0.403218, 0, 0, 0.0997103, -0.0999439, 2.2852e-06, -0.000320025, 1.15899e-05
22201, 0.150563, 0.429458, -7.67291e-05, 3.58, 0.403218, 0, 0, 0.10003, -0.099968, 2.2852e-06, 8.443e-05, 1.15899e-05
22211, 0.15126, 0.430124, -3.5423e-05, 3.59, 0.403218, 0, 0, 0.10003, -0.0999852, 2.2852e-06, 6.08563e-05, 1.15899e-05
22220, 0.146813, 0.425812, -0.000213057, 3.6, 0.403218, 0, 0, 0.0997103, -0.0999112, 2.2852e-06, -0.000275292, 1.15899e-05
22231, 0.152977, 0.431756, 7.60138e-05, 3.61, 0.403218, 0, 0, 0.100351, -0.100032, 2.2852e-06, 0.000437953, 1.15899e-05
22241, 0.148194, 0.427132, -0.000133681, 3.62, 0.403218, 0, 0, 0.0997103, -0.0999443, 2.2852e-06, -0.000320606, 1.15899e-05
22251, 0.149063, 0.427957, -7.59959e-05, 3.63, 0.403218, 0, 0, 0.10003, -0.0999683, 2.2852e-06, 8.40202e-05, 1.15899e-05
22260, 0.110584, 0.390671, -0.00165083, 3.64, 0.403218, 0, 0, 0.0975374, -0.0993122, 2.2852e-06, -0.00243171, 1.15899e-05
22270, 0.11602, 0.395733, -0.00115669, 3.65, 0.403218, 0, 0, 0.10003, -0.099518, 2.2852e-06, 0.000700988, 1.15899e-05
22281, 0.119968, 0.399414, -0.000804716, 3.66, 0.403218, 0, 0, 0.10003, -0.0996647, 2.2852e-06, 0.000500046, 1.15899e-05
22291, 0.122856, 0.402113, -0.000554001, 3.67, 0.403218, 0, 0, 0.10003, -0.0997692, 2.2852e-06, 0.000356905, 1.15899e-05
22301, 0.119971, 0.399249, -0.000582451, 3.68, 0.403218, 0, 0, 0.0997103, -0.0997573, 2.2852e-06, -6.44028e-05, 1.15899e-05
22310, 0.12219, 0.401327, -0.000395662, 3.69, 0.403218, 0, 0, 0.10003, -0.0998351, 2.2852e-06, 0.000266515, 1.15899e-05
22321, 0.118828, 0.39802, -0.000469673, 3.7, 0.403218, 0, 0, 0.0997103, -0.0998043, 2.2852e-06, -0.000128791, 1.15899e-05
22331, 0.120708, 0.399783, -0.000315338, 3.71, 0.403218, 0, 0, 0.10003, -0.0998686, 2.2852e-06, 0.000220656, 1.15899e-05
22341, 0.122123, 0.401115, -0.000205404, 3.72, 0.403218, 0, 0, 0.10003, -0.0999144, 2.2852e-06, 0.000157893, 1.15899e-05
22350, 0.123207, 0.40214, -0.000127083, 3.73, 0.403218, 0, 0, 0.10003, -0.0999471, 2.2852e-06, 0.000113182, 1.15899e-05
22361, 0.144501, 0.422753, 0.000772047, 3.74, 0.403218, 0, 0, 0.10133, -0.100322, 2.2852e-06, 0.00138204, 1.15899e-05
22371, 0.117899, 0.397078, -0.000451487, 3.75, 0.403218, 0, 0, 0.0984555, -0.0998119, 2.2852e-06, -0.0018585, 1.15899e-05
22381, 0.119725, 0.398791, -0.000302374, 3.76, 0.403218, 0, 0, 0.10003, -0.099874, 2.2852e-06, 0.000213258, 1.15899e-05
22390, 0.121101, 0.400086, -0.000196159, 3.77, 0.403218, 0, 0, 0.10003, -0.0999183, 2.2852e-06, 0.000152618, 1.15899e-05
22401, 0.117138, 0.396223, -0.000327569, 3.78, 0.403218, 0, 0, 0.0997103, -0.0998635, 2.2852e-06, -0.00020992, 1.15899e-05
22411, 0.11859, 0.397589, -0.000214112, 3.79, 0.403218, 0, 0, 0.10003, -0.0999108, 2.2852e-06, 0.000162862, 1.15899e-05
22421, 0.119701, 0.398638, -0.000133288, 3.8, 0.403218, 0, 0, 0.10003, -0.0999445, 2.2852e-06, 0.000116728, 1.15899e-05
22431, 0.120568, 0.399462, -7.57098e-05, 3.81, 0.403218, 0, 0, 0.10003, -0.0999685, 2.2852e-06, 8.38563e-05, 1.15899e-05
22440, 0.121263, 0.400126, -3.46899e-05, 3.82, 0.403218, 0, 0, 0.10003, -0.0999855, 2.2852e-06, 6.04391e-05, 1.15899e-05
22451, 0.121833, 0.400674, -5.47171e-06, 3.83, 0.403218, 0, 0, 0.10003, -0.0999977, 2.2852e-06, 4.37573e-05, 1.15899e-05
22461, 0.122316, 0.401141, 1.53244e-05, 3.84, 0.403218, 0, 0, 0.10003, -0.100006, 2.2852e-06, 3.1881e-05, 1.15899e-05
22471, 0.127792, 0.406448, 0.000238699, 3.85, 0.403218, 0, 0, 0.100351, -0.100099, 2.2852e-06, 0.000345081, 1.15899e-05
22480, 0.127539, 0.406233, 0.000189257, 3.86, 0.403218, 0, 0, 0.10003, -0.100079, 2.2852e-06, -6.74203e-05, 1.15899e-05
22491, 0.127436, 0.406156, 0.000154048, 3.87, 0.403218, 0, 0, 0.10003, -0.100064, 2.2852e-06, -4.73112e-05, 1.15899e-05
22501, 0.127438, 0.406177, 0.000128961, 3.88, 0.403218, 0, 0, 0.10003, -0.100054, 2.2852e-06, -3.29912e-05, 1.15899e-05
22511, 0.127516, 0.406269, 0.000111097, 3.89, 0.403218, 0, 0, 0.10003, -0.100046, 2.2852e-06, -2.27913e-05, 1.15899e-05
22520, 0.127648, 0.40641, 9.83655e-05, 3.9, 0.403218, 0, 0, 0.10003, -0.100041, 2.2852e-06, -1.5527e-05, 1.15899e-05
22531, 0.122798, 0.401724, -0.000117767, 3.91, 0.403218, 0, 0, 0.0997103, -0.0999509, 2.2852e-06, -0.000329696, 1.15899e-05
22541, 0.123619, 0.402505, -6.46591e-05, 3.92, 0.403218, 0, 0, 0.10003, -0.0999731, 2.2852e-06, 7.75456e-05, 1.15899e-05
22551, 0.12428, 0.403137, -2.68221e-05, 3.93, 0.403218, 0, 0, 0.10003, -0.0999888, 2.2852e-06, 5.59464e-05, 1.15899e-05
22560, 0.124827, 0.403664, 1.2517e-07, 3.94, 0.403218, 0, 0, 0.10003, -0.1, 2.2852e-06, 4.0561e-05, 1.15899e-05
22571, 0.125293, 0.404115, 1.93119e-05, 3.95, 0.403218, 0, 0, 0.10003, -0.100008, 2.2852e-06, 2.96012e-05, 1.15899e-05
22581, 0.130757, 0.40941, 0.000241542, 3.96, 0.403218, 0, 0, 0.100351, -0.100101, 2.2852e-06, 0.000343457, 1.15899e-05
22591, 0.125476, 0.404325, -1.57714e-05, 3.97, 0.403218, 0, 0, 0.0997103, -0.0999934, 2.2852e-06, -0.000387922, 1.15899e-05
22601, 0.101246, 0.38085, -0.00101268, 3.98, 0.403218, 0, 0, 0.0984555, -0.0995781, 2.2852e-06, -0.00153811, 1.15899e-05
22610, 0.0997409, 0.379266, -0.000909197, 3.99, 0.403218, 0, 0, 0.0997103, -0.0996212, 2.2852e-06, 0.00012213, 1.15899e-05
22621, 0.102944, 0.382257, -0.000628424, 4, 0.403218, 0, 0, 0.10003, -0.0997382, 2.2852e-06, 0.000399396, 1.15899e-05
22631, 0.105302, 0.384463, -0.00042842, 4.01, 0.403218, 0, 0, 0.10003, -0.0998215, 2.2852e-06, 0.000285216, 1.15899e-05
22641, 0.107057, 0.386111, -0.000285941, 4.02, 0.403218, 0, 0, 0.10003, -0.0998809, 2.2852e-06, 0.000203878, 1.15899e-05
22650, 0.108385, 0.387361, -0.000184447, 4.03, 0.403218, 0, 0, 0.10003, -0.0999231, 2.2852e-06, 0.000145935, 1.15899e-05
22661, 0.104386, 0.383465, -0.000319219, 4.04, 0.403218, 0, 0, 0.0997103, -0.099867, 2.2852e-06, -0.000214688, 1.15899e-05
22671, 0.105813, 0.384807, -0.000208175, 4.05, 0.403218, 0, 0, 0.10003, -0.0999133, 2.2852e-06, 0.000159472, 1.15899e-05
22681, 0.106906, 0.38584, -0.000129068, 4.06, 0.403218, 0, 0, 0.10003, -0.0999462, 2.2852e-06, 0.000114314, 1.15899e-05
22690, 0.102741, 0.381789, -0.000279772, 4.07, 0.403218, 0, 0, 0.0997103, -0.0998834, 2.2852e-06, -0.000237204, 1.15899e-05
22701, 0.114197, 0.392853, 0.000238556, 4.08, 0.403218, 0, 0, 0.100675, -0.100099, 2.2852e-06, 0.000789069, 1.15899e-05
22711, 0.089202, 0.368669, -0.000831503, 4.09, 0.403218, 0, 0, 0.0984555, -0.0996535, 2.2852e-06, -0.00164154, 1.15899e-05
22721, 0.0871516, 0.366579, -0.000780129, 4.1, 0.403218, 0, 0, 0.0997103, -0.0996749, 2.2852e-06, 4.84511e-05, 1.15899e-05
22730, 0.0899662, 0.369209, -0.000536478, 4.11, 0.403218, 0, 0, 0.10003, -0.0997765, 2.2852e-06, 0.000346906, 1.15899e-05
22740, 0.0920472, 0.371159, -0.000362921, 4.12, 0.403218, 0, 0, 0.10003, -0.0998488, 2.2852e-06, 0.000247821, 1.15899e-05
22751, 0.0885861, 0.367761, -0.000446355, 4.13, 0.403218, 0, 0, 0.0997103, -0.099814, 2.2852e-06, -0.000142105, 1.15899e-05
22761, 0.0903957, 0.369459, -0.000298727, 4.14, 0.403218, 0, 0, 0.10003, -0.0998755, 2.2852e-06, 0.000211172, 1.15899e-05
22771, 0.0867417, 0.365882, -0.000400615, 4.15, 0.403218, 0, 0, 0.0997103, -0.0998331, 2.2852e-06, -0.000168212, 1.15899e-05
22780, 0.0884136, 0.367452, -0.000266147, 4.16, 0.403218, 0, 0, 0.10003, -0.0998891, 2.2852e-06, 0.000192568, 1.15899e-05
22791, 0.0896809, 0.368647, -0.000170356, 4.17, 0.403218, 0, 0, 0.10003, -0.099929, 2.2852e-06, 0.000137888, 1.15899e-05
22801, 0.0906599, 0.369574, -0.000102121, 4.18, 0.403218, 0, 0, 0.10003, -0.0999575, 2.2852e-06, 9.89288e-05, 1.15899e-05
22811, 0.0964891, 0.375208, 0.000155032, 4.19, 0.403218, 0, 0, 0.100351, -0.100065, 2.2852e-06, 0.000392839, 1.15899e-05
22820, 0.0914691, 0.642098, -7.73907e-05, 4.2, 0.399712, 0, -0.350624, 0.0997103, -0.0999678, 2.2852e-06, -0.00035274, 1.15899e-05
22831, 0.0921681, 0.416894, -3.59058e-05, 4.21, 0.399712, 0, 0, 0.10003, -0.099985, 2.2852e-06, 6.11246e-05, 1.15899e-05
22841, 0.0927423, 0.148429, -6.3479e-06, 4.22, 0.403218, 0, 0.347118, 0.10003, -0.0999974, 2.2852e-06, 4.42564e-05, 1.15899e-05
22851, 0.088208, 0.367649, -0.00019235, 4.23, 0.403218, 0, 0, 0.0997103, -0.0999199, 2.2852e-06, -0.000287116, 1.15899e-05
22860, 0.0892532, 0.637654, -0.000117785, 4.24, 0.399712, 0, -0.347118, 0.10003, -0.0999509, 2.2852e-06, 0.000107877, 1.15899e-05
22871, 0.0900738, 0.414821, -6.4677e-05, 4.25, 0.399712, 0, 0, 0.10003, -0.0999731, 2.2852e-06, 7.75531e-05, 1.15899e-05
22881, 0.0907347, 0.415453, -2.684e-05, 4.26, 0.399712, 0, 0, 0.10003, -0.0999888, 2.2852e-06, 5.59539e-05, 1.15899e-05
22891, 0.0912816, 0.41598, 1.07288e-07, 4.27, 0.399712, 0, 0, 0.10003, -0.1, 2.2852e-06, 4.05684e-05, 1.15899e-05
22901, 0.0867278, 0.411568, -0.000187755, 4.28, 0.399712, 0, 0, 0.0997103, -0.0999218, 2.2852e-06, -0.000289738, 1.15899e-05
22910, 0.092815, 0.417442, 9.40383e-05, 4.29, 0.399712, 0, 0, 0.100351, -0.100039, 2.2852e-06, 0.000427663, 1.15899e-05
22921, 0.098054, 0.422529, 0.000294775, 4.3, 0.399712, 0, 0, 0.100351, -0.100123, 2.2852e-06, 0.000313066, 1.15899e-05
22931, 0.092613, 0.417295, 2.21372e-05, 4.31, 0.399712, 0, 0, 0.0997103, -0.100009, 2.2852e-06, -0.000409566, 1.15899e-05
22941, 0.0682689, 0.393714, -0.000985676, 4.32, 0.399712, 0, 0, 0.0984555, -0.0995893, 2.2852e-06, -0.00155353, 1.15899e-05
22950, 0.0666825, 0.392055, -0.000889957, 4.33, 0.399712, 0, 0, 0.0997103, -0.0996292, 2.2852e-06, 0.000111148, 1.15899e-05
22961, 0.0698273, 0.394991, -0.000614727, 4.34, 0.399712, 0, 0, 0.10003, -0.0997439, 2.2852e-06, 0.000391573, 1.15899e-05
22971, 0.0721439, 0.39716, -0.000418657, 4.35, 0.399712, 0, 0, 0.10003, -0.0998256, 2.2852e-06, 0.000279643, 1.15899e-05
22981, 0.0688507, 0.393917, -0.000486052, 4.36, 0.399712, 0, 0, 0.0997103, -0.0997975, 2.2852e-06, -0.00011944, 1.15899e-05
22990, 0.0707796, 0.395726, -0.000327015, 4.37, 0.399712, 0, 0, 0.10003, -0.0998637, 2.2852e-06, 0.000227317, 1.15899e-05
23001, 0.07223, 0.39709, -0.000213718, 4.38, 0.399712, 0, 0, 0.10003, -0.099911, 2.2852e-06, 0.000162639, 1.15899e-05
23011, 0.0733397, 0.398139, -0.000133002, 4.39, 0.399712, 0, 0, 0.10003, -0.0999446, 2.2852e-06, 0.000116564, 1.15899e-05
23021, 0.0742062, 0.398962, -7.55131e-05, 4.4, 0.399712, 0, 0, 0.10003, -0.0999685, 2.2852e-06, 8.37371e-05, 1.15899e-05
23030, 0.0698798, 0.394761, -0.000241631, 4.41, 0.399712, 0, 0, 0.0997103, -0.0998993, 2.2852e-06, -0.000258982, 1.15899e-05
23041, 0.071073, 0.395887, -0.000152904, 4.42, 0.399712, 0, 0, 0.10003, -0.0999363, 2.2852e-06, 0.000127919, 1.15899e-05
23051, 0.0472563, 0.372796, -0.00111035, 4.43, 0.399712, 0, 0, 0.0984555, -0.0995374, 2.2852e-06, -0.00148235, 1.15899e-05
23061, 0.0510647, 0.376348, -0.000771707, 4.44, 0.399712, 0, 0, 0.10003, -0.0996785, 2.2852e-06, 0.000481196, 1.15899e-05
23071, 0.0538537, 0.378954, -0.000530487, 4.45, 0.399712, 0, 0, 0.10003, -0.099779, 2.2852e-06, 0.000343479, 1.15899e-05
23080, 0.050897, 0.376024, -0.000565714, 4.46, 0.399712, 0, 0, 0.0997103, -0.0997643, 2.2852e-06, -7.39619e-05, 1.15899e-05
23091, 0.0480466, 0.373193, -0.000590801, 4.47, 0.399712, 0, 0, 0.0997103, -0.0997538, 2.2852e-06, -5.96344e-05, 1.15899e-05
23101, 0.0502911, 0.375294, -0.000401616, 4.48, 0.399712, 0, 0, 0.10003, -0.0998327, 2.2852e-06, 0.000269912, 1.15899e-05
23111, 0.0469467, 0.372004, -0.000473911, 4.49, 0.399712, 0, 0, 0.0997103, -0.0998025, 2.2852e-06, -0.000126369, 1.15899e-05
23120, 0.0488392, 0.373779, -0.00031836, 4.5, 0.399712, 0, 0, 0.10003, -0.0998674, 2.2852e-06, 0.000222377, 1.15899e-05
23131, 0.0502637, 0.375119, -0.000207549, 4.51, 0.399712, 0, 0, 0.10003, -0.0999135, 2.2852e-06, 0.000159122, 1.15899e-05
23141, 0.0513549, 0.376151, -0.000128603, 4.52, 0.399712, 0, 0, 0.10003, -0.0999464, 2.2852e-06, 0.000114053, 1.15899e-05
23151, 0.0572642, 0.38186, 0.000136185, 4.53, 0.399712, 0, 0, 0.100351, -0.100057, 2.2852e-06, 0.000403605, 1.15899e-05
23160, 0.0573202, 0.381931, 0.000116229, 4.54, 0.399712, 0, 0, 0.10003, -0.100048, 2.2852e-06, -2.57269e-05, 1.15899e-05
23171, 0.0574363, 0.382058, 0.000102013, 4.55, 0.399712, 0, 0, 0.10003, -0.100043, 2.2852e-06, -1.76132e-05, 1.15899e-05
23181, 0.0575953, 0.382224, 9.18925e-05, 4.56, 0.399712, 0, 0, 0.10003, -0.100038, 2.2852e-06, -1.18315e-05, 1.15899e-05
23191, 0.0577848, 0.382419, 8.46863e-05, 4.57, 0.399712, 0, 0, 0.10003, -0.100035, 2.2852e-06, -7.7188e-06, 1.15899e-05
23200, 0.0579961, 0.382634, 7.95543e-05, 4.58, 0.399712, 0, 0, 0.10003, -0.100033, 2.2852e-06, -4.78327e-06, 1.15899e-05
23211, 0.0582225, 0.382864, 7.58886e-05, 4.59, 0.399712, 0, 0, 0.10003, -0.100032, 2.2852e-06, -2.69711e-06, 1.15899e-05
23221, 0.05846, 0.383103, 7.3278e-05, 4.6, 0.399712, 0, 0, 0.10003, -0.100031, 2.2852e-06, -1.20699e-06, 1.15899e-05
23231, 0.0587058, 0.38335, 7.14362e-05, 4.61, 0.399712, 0, 0, 0.10003, -0.10003, 2.2852e-06, -1.49012e-07, 1.15899e-05
23241, 0.0589569, 0.383602, 7.01129e-05, 4.62, 0.399712, 0, 0, 0.10003, -0.100029, 2.2852e-06, 6.03497e-07, 1.15899e-05
23250, 0.0592118, 0.383858, 6.91652e-05, 4.63, 0.399712, 0, 0, 0.10003, -0.100029, 2.2852e-06, 1.13994e-06, 1.15899e-05
23261, 0.0645257, 0.389014, 0.000277054, 4.64, 0.399712, 0, 0, 0.100351, -0.100115, 2.2852e-06, 0.000323184, 1.15899e-05
23271, 0.059138, 0.383829, 9.5129e-06, 4.65, 0.399712, 0, 0, 0.0997103, -0.100004, 2.2852e-06, -0.000402361, 1.15899e-05
23281, 0.0348323, 0.360284, -0.000994653, 4.66, 0.399712, 0, 0, 0.0984555, -0.0995856, 2.2852e-06, -0.00154839, 1.15899e-05
23290, 0.0382925, 0.363513, -0.000689292, 4.67, 0.399712, 0, 0, 0.10003, -0.0997128, 2.2852e-06, 0.000434145, 1.15899e-05
23301, 0.0408334, 0.365889, -0.000471783, 4.68, 0.399712, 0, 0, 0.10003, -0.0998034, 2.2852e-06, 0.000309967, 1.15899e-05
23311, 0.0427196, 0.367658, -0.00031684, 4.69, 0.399712, 0, 0, 0.10003, -0.099868, 2.2852e-06, 0.000221513, 1.15899e-05
23321, 0.0391199, 0.364132, -0.000413525, 4.7, 0.399712, 0, 0, 0.0997103, -0.0998277, 2.2852e-06, -0.000160843, 1.15899e-05
23330, 0.0408308, 0.365738, -0.000275338, 4.71, 0.399712, 0, 0, 0.10003, -0.0998853, 2.2852e-06, 0.00019782, 1.15899e-05
23341, 0.0421258, 0.366958, -0.000176901, 4.72, 0.399712, 0, 0, 0.10003, -0.0999263, 2.2852e-06, 0.000141621, 1.15899e-05
23351, 0.0381046, 0.363041, -0.000313854, 4.73, 0.399712, 0, 0, 0.0997103, -0.0998692, 2.2852e-06, -0.000217751, 1.15899e-05
23361, 0.0395153, 0.364369, -0.000204349, 4.74, 0.399712, 0, 0, 0.10003, -0.0999149, 2.2852e-06, 0.000157289, 1.15899e-05
23370, 0.0355768, 0.360528, -0.000333399, 4.75, 0.399712, 0, 0, 0.0997103, -0.0998611, 2.2852e-06, -0.00020659, 1.15899e-05
23380, 0.0370466, 0.36191, -0.00021826, 4.76, 0.399712, 0, 0, 0.10003, -0.0999091, 2.2852e-06, 0.000165239, 1.15899e-05
23391, 0.0331501, 0.358109, -0.000343305, 4.77, 0.399712, 0, 0, 0.0997103, -0.099857, 2.2852e-06, -0.000200935, 1.15899e-05
23401, 0.0296301, 0.354656, -0.000432372, 4.78, 0.399712, 0, 0, 0.0997103, -0.0998198, 2.2852e-06, -0.000150084, 1.15899e-05
23411, 0.0313977, 0.356315, -0.000288767, 4.79, 0.399712, 0, 0, 0.10003, -0.0998797, 2.2852e-06, 0.000205487, 1.15899e-05
23420, 0.0327331, 0.357573, -0.000186467, 4.8, 0.399712, 0, 0, 0.10003, -0.0999223, 2.2852e-06, 0.000147082, 1.15899e-05
23431, 0.0337605, 0.358545, -0.0001136, 4.81, 0.399712, 0, 0, 0.10003, -0.0999527, 2.2852e-06, 0.000105485, 1.15899e-05
23441, 0.0345682, 0.359314, -6.17087e-05, 4.82, 0.399712, 0, 0, 0.10003, -0.0999743, 2.2852e-06, 7.58544e-05, 1.15899e-05
23451, 0.0302007, 0.355075, -0.000231779, 4.83, 0.399712, 0, 0, 0.0997103, -0.0999034, 2.2852e-06, -0.0002646, 1.15899e-05
23460, 0.0313645, 0.356174, -0.000145876, 4.84, 0.399712, 0, 0, 0.10003, -0.0999392, 2.2852e-06, 0.000123911, 1.15899e-05
23471, 0.0322697, 0.357032, -8.46863e-05, 4.85, 0.399712, 0, 0, 0.10003, -0.0999647, 2.2852e-06, 8.89748e-05, 1.15899e-05
23481, 0.0279711, 0.352858, -0.000248158, 4.86, 0.399712, 0, 0, 0.0997103, -0.0998966, 2.2852e-06, -0.000255257, 1.15899e-05
23491, 0.0342402, 0.3589, 5.10156e-05, 4.87, 0.399712, 0, 0, 0.100351, -0.100021, 2.2852e-06, 0.000452228, 1.15899e-05
23500, 0.00496562, 0.330547, -0.0011649, 4.88, 0.399712, 0, 0, 0.0981473, -0.0995146, 2.2852e-06, -0.00187346, 1.15899e-05
23511, 0.00893838, 0.334251, -0.000810564, 4.89, 0.399712, 0, 0, 0.10003, -0.0996623, 2.2852e-06, 0.000503376, 1.15899e-05
23521, 0.0118443, 0.336966, -0.000558168, 4.9, 0.399712, 0, 0, 0.10003, -0.0997674, 2.2852e-06, 0.000359282, 1.15899e-05
23531, 0.00897084, 0.334113, -0.000585437, 4.91, 0.399712, 0, 0, 0.0997103, -0.0997561, 2.2852e-06, -6.27041e-05, 1.15899e-05
23541, 0.0111994, 0.336199, -0.000397789, 4.92, 0.399712, 0, 0, 0.10003, -0.0998343, 2.2852e-06, 0.000267729, 1.15899e-05
23550, 0.012863, 0.337762, -0.000264126, 4.93, 0.399712, 0, 0, 0.10003, -0.0998899, 2.2852e-06, 0.00019142, 1.15899e-05
23561, 0.0141245, 0.338951, -0.000168908, 4.94, 0.399712, 0, 0, 0.10003, -0.0999296, 2.2852e-06, 0.000137061, 1.15899e-05
23571, 0.0150992, 0.339874, -0.000101084, 4.95, 0.399712, 0, 0, 0.10003, -0.0999579, 2.2852e-06, 9.83402e-05, 1.15899e-05
23581, 0.01085, 0.335745, -0.000259835, 4.96, 0.399712, 0, 0, 0.0997103, -0.0998917, 2.2852e-06, -0.000248589, 1.15899e-05
23590, 0.0120986, 0.336923, -0.00016585, 4.97, 0.399712, 0, 0, 0.10003, -0.0999309, 2.2852e-06, 0.000135317, 1.15899e-05
23601, 0.0181199, 0.342735, 0.000109649, 4.98, 0.399712, 0, 0, 0.100351, -0.100046, 2.2852e-06, 0.000418752, 1.15899e-05
23611, 0.0182559, 0.342881, 9.73284e-05, 4.99, 0.399712, 0, 0, 0.10003, -0.100041, 2.2852e-06, -1.49384e-05, 1.15899e-05
23621, -0.00631427, 0.31909, -0.000932103, 5, 0.399712, 0, 0, 0.0984555, -0.0996116, 2.2852e-06, -0.00158411, 1.15899e-05
