QGPIORecord, QRC v6.1.0, 20-12-2021 @ 23:31:22, Windows 10 Version 2009, 10.0.19042, x86_64
Time, VoltageA, VoltageB, desired_velocity, time, PositionB, SpeedA, SpeedB, y, x, P, nu, S
836711, 0, 0, 0, 0, 0.648655, 0, 0, 0.242421, -0.242333, 7.74894e-06, 0.00104766, 0.000100796
836721, 8.76503, 8.49112, 0.361557, 0.01, 0.648655, 0, 0, 0.251411, -0.250649, 7.74893e-06, 0.00907779, 0.000100796
836730, 9.97692, 9.70992, 0.352433, 0.02, 0.648655, 0, 0, 0.24683, -0.246847, 7.74894e-06, -0.000203162, 0.000100796
836741, 7.54963, 7.14942, 0.356673, 0.03, 0.701248, 4.90874, 5.23482, 0.249098, -0.248614, 7.74893e-06, 0.00577554, 0.000100796
836751, 3.58085, 3.26983, 0.35702, 0.04, 0.813448, 10.8448, 11.1919, 0.249098, -0.248758, 7.74894e-06, 0.00405142, 0.000100796
836761, 1.68585, 1.12496, 0.337655, 0.05, 0.943179, 12.6225, 13.3097, 0.240277, -0.24069, 7.74893e-06, -0.00491081, 0.000100796
836771, 3.42368, 2.68708, 0.340781, 0.06, 1.05538, 10.1541, 10.8693, 0.242421, -0.241992, 7.74894e-06, 0.00510785, 0.000100796
836781, 6.97069, 5.50323, 0.336325, 0.07, 1.122, 5.61349, 7.00898, 0.240277, -0.240135, 7.74893e-06, 0.00169303, 0.000100796
836791, 9.08021, 8.19278, 0.340672, 0.08, 1.16758, 3.85687, 4.20749, 0.242421, -0.241947, 7.74894e-06, 0.00564876, 0.000100796
836801, 8.14584, 7.80893, 0.336316, 0.09, 1.22368, 5.95009, 5.60297, 0.240277, -0.240132, 7.74893e-06, 0.00173734, 0.000100796
836811, 5.33157, 5.96326, 0.335959, 0.1, 1.30783, 10.1506, 8.74807, 0.240277, -0.239983, 7.74894e-06, 0.00350896, 0.000100796
836820, 3.73798, 4.04871, 0.340642, 0.11, 1.42704, 12.2894, 11.6022, 0.242421, -0.241934, 7.74893e-06, 0.00579749, 0.000100796
836831, 3.94799, 3.53239, 0.336313, 0.12, 1.54625, 11.5741, 11.9212, 0.240277, -0.240131, 7.74894e-06, 0.00174952, 0.000100796
836841, 5.95264, 4.07283, 0.322331, 0.13, 1.64793, 8.41849, 10.5082, 0.234079, -0.234304, 7.74893e-06, -0.00268859, 0.000100796
836851, 7.50665, 6.10391, 0.321186, 0.14, 1.72858, 6.66186, 7.72776, 0.234079, -0.233827, 7.74894e-06, 0.00299768, 0.000100796
836860, 6.67787, 6.5437, 0.316711, 0.15, 1.80221, 8.06436, 7.36311, 0.232086, -0.231963, 7.74893e-06, 0.00147103, 0.000100796
836871, 5.30672, 5.85414, 0.320725, 0.16, 1.88636, 10.1506, 8.75158, 0.234079, -0.233636, 7.74894e-06, 0.00528295, 0.000100796
836881, 3.99744, 4.49798, 0.303989, 0.17, 1.98804, 11.2095, 10.1576, 0.226317, -0.226662, 7.74893e-06, -0.00411108, 0.000100796
836891, 3.69185, 3.78789, 0.279137, 0.18, 2.09323, 10.5117, 10.1611, 0.215637, -0.216307, 7.74894e-06, -0.00798541, 0.000100796
836901, 4.85056, 3.85821, 0.280852, 0.19, 2.18789, 8.77963, 9.83501, 0.217343, -0.217022, 7.74893e-06, 0.00382712, 0.000100796
836911, 5.30008, 4.70073, 0.277242, 0.2, 2.27555, 8.06436, 8.41498, 0.215637, -0.215517, 7.74894e-06, 0.00142381, 0.000100796
836921, 4.8669, 4.78822, 0.280697, 0.21, 2.3597, 8.7656, 8.40446, 0.217343, -0.216957, 7.74893e-06, 0.0045978, 0.000100796
836931, 3.635, 4.17902, 0.26634, 0.22, 2.44385, 9.828, 8.77262, 0.210684, -0.210975, 7.74894e-06, -0.00346562, 0.000100796
836941, 3.05237, 3.46286, 0.25144, 0.23, 2.53852, 9.81748, 9.12675, 0.204442, -0.204767, 7.74893e-06, -0.00386973, 0.000100796
836951, 2.82658, 2.51844, 0.21939, 0.24, 2.62618, 8.76911, 9.11973, 0.19042, -0.191413, 7.74894e-06, -0.0118329, 0.000100796
836961, 3.78712, 3.39443, 0.234702, 0.25, 2.71033, 7.68568, 8.03631, 0.198578, -0.197793, 7.74893e-06, 0.00935945, 0.000100796
836971, 3.62153, 3.46026, 0.2209, 0.26, 2.78045, 7.38064, 7.37713, 0.19173, -0.192041, 7.74894e-06, -0.00371598, 0.000100796
836981, 3.30868, 3.6983, 0.222692, 0.27, 2.85057, 7.71373, 7.00898, 0.193059, -0.192788, 7.74893e-06, 0.00322655, 0.000100796
836990, 2.85014, 3.05972, 0.208639, 0.28, 2.92771, 7.70321, 7.36311, 0.186601, -0.186933, 7.74894e-06, -0.00396074, 0.000100796
837001, 2.97778, 2.95864, 0.210247, 0.29, 3.00134, 7.36661, 7.36661, 0.187855, -0.187603, 7.74893e-06, 0.00300878, 0.000100796
837011, 2.85918, 2.84239, 0.210379, 0.3, 3.07497, 7.3561, 7.35259, 0.187855, -0.187658, 7.74894e-06, 0.00235496, 0.000100796
837021, 3.02457, 2.99363, 0.199584, 0.31, 3.13809, 6.66186, 6.66537, 0.182941, -0.18316, 7.74893e-06, -0.00261314, 0.000100796
837030, 3.20335, 3.4383, 0.1987, 0.32, 3.2012, 6.31124, 5.96061, 0.182941, -0.182792, 7.74894e-06, 0.00177655, 0.000100796
837041, 2.91587, 2.94363, 0.188407, 0.33, 3.2608, 6.31124, 6.29721, 0.178292, -0.178503, 7.74893e-06, -0.00251283, 0.000100796
837051, 2.59318, 2.60865, 0.177881, 0.34, 3.32742, 6.29721, 6.31124, 0.173888, -0.174117, 7.74894e-06, -0.00273104, 0.000100796
837061, 2.21412, 2.24677, 0.167832, 0.35, 3.39054, 6.31825, 6.31825, 0.169709, -0.16993, 7.74893e-06, -0.00262876, 0.000100796
837071, 2.53617, 2.55643, 0.176195, 0.36, 3.44664, 5.96762, 5.96412, 0.173888, -0.173415, 7.74894e-06, 0.00563608, 0.000100796
837081, 3.04561, 3.31414, 0.17688, 0.37, 3.49923, 5.24884, 4.90173, 0.173888, -0.1737, 7.74893e-06, 0.00223494, 0.000100796
837091, 3.10809, 2.88249, 0.16775, 0.38, 3.54832, 4.91224, 5.25936, 0.169709, -0.169896, 7.74894e-06, -0.00222202, 0.000100796
837101, 2.34257, 2.63423, 0.158275, 0.39, 3.60442, 5.60999, 5.26287, 0.16574, -0.165948, 7.74893e-06, -0.00247844, 0.000100796
837111, 2.26921, 2.0672, 0.159639, 0.4, 3.66052, 5.60999, 5.9571, 0.166713, -0.166516, 7.74894e-06, 0.00234839, 0.000100796
837121, 1.92616, 2.49608, 0.149309, 0.41, 3.71311, 5.59947, 4.90173, 0.161964, -0.162212, 7.74893e-06, -0.00295599, 0.000100796
837131, 2.32043, 2.42415, 0.148463, 0.42, 3.7622, 4.90523, 4.90523, 0.161964, -0.16186, 7.74894e-06, 0.00124502, 0.000100796
837141, 2.86757, 2.68079, 0.150431, 0.43, 3.80778, 4.2145, 4.56513, 0.162891, -0.162679, 7.74893e-06, 0.0025157, 0.000100796
837151, 2.40334, 2.18661, 0.140649, 0.44, 3.85336, 4.55461, 4.90523, 0.158368, -0.158604, 7.74894e-06, -0.00280719, 0.000100796
837160, 2.1094, 2.39827, 0.141788, 0.45, 3.90245, 4.90874, 4.55811, 0.159251, -0.159079, 7.74893e-06, 0.00205377, 0.000100796
837171, 1.35527, 1.98008, 0.125207, 0.46, 3.94803, 5.24884, 4.5511, 0.151666, -0.152169, 7.74894e-06, -0.00599429, 0.000100796
837181, 1.68745, 1.84646, 0.123848, 0.47, 3.99361, 4.55461, 4.55461, 0.151666, -0.151603, 7.74893e-06, 0.000749022, 0.000100796
837191, 2.41299, 2.00529, 0.123737, 0.48, 4.03568, 3.51325, 4.211, 0.151666, -0.151557, 7.74894e-06, 0.00130133, 0.000100796
837200, 2.4521, 2.21918, 0.123728, 0.49, 4.07425, 3.50274, 3.85687, 0.151666, -0.151553, 7.74893e-06, 0.00134659, 0.000100796
837211, 1.92053, 2.20781, 0.123727, 0.5, 4.11282, 4.20749, 3.85336, 0.151666, -0.151553, 7.74894e-06, 0.00135028, 0.000100796
837221, 1.41902, 2.03, 0.116851, 0.51, 4.15139, 4.5511, 3.85687, 0.148539, -0.148688, 7.74893e-06, -0.00177684, 0.000100796
837231, 1.51041, 1.66718, 0.114616, 0.52, 4.19347, 4.20398, 4.20398, 0.147779, -0.147757, 7.74894e-06, 0.000259131, 0.000100796
837241, 2.00911, 1.87557, 0.116105, 0.53, 4.23203, 3.50624, 3.85687, 0.148539, -0.148377, 7.74893e-06, 0.00192818, 0.000100796
837251, 2.09591, 2.18559, 0.10805, 0.54, 4.26359, 3.15562, 3.15562, 0.14482, -0.145021, 7.74894e-06, -0.00239627, 0.000100796
837261, 1.81774, 1.91659, 0.10739, 0.55, 4.29865, 3.50274, 3.50274, 0.14482, -0.144746, 7.74893e-06, 0.000879407, 0.000100796
837271, 1.53941, 1.91768, 0.108936, 0.56, 4.33371, 3.85687, 3.50624, 0.145547, -0.14539, 7.74894e-06, 0.00187536, 0.000100796
837281, 1.56047, 1.70994, 0.101233, 0.57, 4.36878, 3.50624, 3.50624, 0.141986, -0.14218, 7.74893e-06, -0.00231452, 0.000100796
837291, 1.52777, 1.9482, 0.102135, 0.58, 4.40033, 3.50274, 3.15211, 0.142683, -0.142556, 7.74894e-06, 0.00151518, 0.000100796
837301, 2.00007, 1.63745, 0.100676, 0.59, 4.4354, 2.80149, 3.49923, 0.141986, -0.141948, 7.74893e-06, 0.000451401, 0.000100796
837311, 1.60732, 1.71291, 0.0945846, 0.6, 4.46695, 3.14861, 3.14159, 0.13927, -0.13941, 7.74894e-06, -0.00167154, 0.000100796
837321, 1.30219, 1.9524, 0.0955553, 0.61, 4.495, 3.51325, 2.81551, 0.139938, -0.139815, 7.74893e-06, 0.00147401, 0.000100796
837330, 1.37472, 1.57065, 0.0898463, 0.62, 4.52656, 3.14861, 3.14861, 0.137306, -0.137436, 7.74894e-06, -0.00155357, 0.000100796
837341, 1.58256, 1.49852, 0.0893787, 0.63, 4.55811, 2.80499, 3.15562, 0.137306, -0.137241, 7.74893e-06, 0.000768095, 0.000100796
837351, 1.43148, 1.30863, 0.0837835, 0.64, 4.58616, 2.8085, 3.15562, 0.134778, -0.13491, 7.74894e-06, -0.00156924, 0.000100796
837361, 1.39072, 1.76066, 0.0833252, 0.65, 4.61421, 2.80149, 2.45437, 0.134778, -0.134719, 7.74893e-06, 0.000706136, 0.000100796
837370, 1.38401, 1.80387, 0.084656, 0.66, 4.63876, 2.80499, 2.45086, 0.1354, -0.135273, 7.74894e-06, 0.00151487, 0.000100796
837381, 1.50508, 1.69205, 0.0793727, 0.67, 4.6633, 2.45437, 2.45437, 0.132948, -0.133072, 7.74893e-06, -0.00147891, 0.000100796
837391, 1.1814, 1.37556, 0.0776249, 0.68, 4.69135, 2.79798, 2.80149, 0.13235, -0.132344, 7.74894e-06, 7.14958e-05, 0.000100796
837401, 1.23689, 1.16074, 0.0710954, 0.69, 4.7159, 2.45788, 2.80499, 0.129445, -0.129623, 7.74893e-06, -0.00212251, 0.000100796
837411, 1.22021, 1.36424, 0.0718133, 0.7, 4.74044, 2.45086, 2.45437, 0.130015, -0.129922, 7.74894e-06, 0.0011026, 0.000100796
837421, 1.4662, 1.87541, 0.0718721, 0.71, 4.76148, 2.10024, 1.74961, 0.130015, -0.129947, 7.74893e-06, 0.000810668, 0.000100796
837431, 1.35673, 1.27207, 0.066937, 0.72, 4.78602, 2.10024, 2.45086, 0.127768, -0.12789, 7.74894e-06, -0.00146009, 0.000100796
837441, 1.05142, 1.20189, 0.0665328, 0.73, 4.80706, 2.45788, 2.45788, 0.127768, -0.127722, 7.74893e-06, 0.000546843, 0.000100796
837451, 0.998453, 1.69223, 0.0664997, 0.74, 4.82809, 2.45086, 1.74961, 0.127768, -0.127708, 7.74894e-06, 0.000711218, 0.000100796
837460, 1.10377, 1.34073, 0.06174, 0.75, 4.84913, 2.10374, 2.10374, 0.125604, -0.125725, 7.74893e-06, -0.00143898, 0.000100796
837471, 1.34717, 1.30384, 0.0613502, 0.76, 4.87017, 1.74961, 2.10024, 0.125604, -0.125563, 7.74894e-06, 0.000496641, 0.000100796
837481, 1.10303, 1.29637, 0.0624909, 0.77, 4.89121, 2.10725, 2.10374, 0.126138, -0.126038, 7.74893e-06, 0.00118855, 0.000100796
837491, 0.94622, 1.13861, 0.0568277, 0.78, 4.91224, 2.09673, 2.10024, 0.123519, -0.123678, 7.74894e-06, -0.00189368, 0.000100796
837500, 1.2131, 1.4006, 0.0586348, 0.79, 4.92978, 1.75663, 1.75312, 0.124552, -0.124431, 7.74893e-06, 0.00144228, 0.000100796
837511, 0.782232, 1.25003, 0.0520916, 0.8, 4.94731, 2.10024, 1.75312, 0.121509, -0.121705, 7.74894e-06, -0.00233604, 0.000100796
837521, 0.978695, 1.21732, 0.0515556, 0.81, 4.96484, 1.75312, 1.74961, 0.121509, -0.121482, 7.74893e-06, 0.000324875, 0.000100796
837531, 0.981904, 1.21468, 0.0526019, 0.82, 4.98237, 1.74961, 1.75312, 0.122005, -0.121917, 7.74894e-06, 0.00103868, 0.000100796
837541, 1.21489, 1.44201, 0.0515974, 0.83, 4.99639, 1.4025, 1.4025, 0.121509, -0.121499, 7.74893e-06, 0.000117324, 0.000100796
837551, 1.2632, 1.21773, 0.0526053, 0.84, 5.01393, 1.39899, 1.74961, 0.122005, -0.121919, 7.74894e-06, 0.00102168, 0.000100796
837561, 0.903097, 1.09555, 0.0483847, 0.85, 5.03146, 1.75312, 1.75312, 0.120047, -0.12016, 7.74893e-06, -0.00134544, 0.000100796
837571, 0.576688, 1.32435, 0.048039, 0.86, 5.04548, 2.10374, 1.39899, 0.120047, -0.120016, 7.74894e-06, 0.000370942, 0.000100796
837581, 1.05224, 1.05666, 0.0480107, 0.87, 5.06301, 1.4025, 1.75312, 0.120047, -0.120004, 7.74893e-06, 0.00051152, 0.000100796
837591, 1.06184, 1.28933, 0.0480084, 0.88, 5.07704, 1.39899, 1.4025, 0.120047, -0.120004, 7.74894e-06, 0.000523038, 0.000100796
837601, 1.24893, 1.20132, 0.0438541, 0.89, 5.09106, 1.04837, 1.39899, 0.118158, -0.118273, 7.74893e-06, -0.00136548, 0.000100796
837611, 0.738418, 1.20552, 0.0445388, 0.9, 5.10509, 1.75312, 1.4025, 0.118624, -0.118558, 7.74894e-06, 0.000790149, 0.000100796
837621, 0.662157, 0.904119, 0.0435699, 0.91, 5.12262, 1.75312, 1.75312, 0.118158, -0.118154, 7.74893e-06, 4.55007e-05, 0.000100796
837630, 0.884119, 1.11738, 0.0434905, 0.92, 5.13664, 1.4025, 1.4025, 0.118158, -0.118121, 7.74894e-06, 0.000439525, 0.000100796
837641, 1.05892, 1.01464, 0.0394713, 0.93, 5.15067, 1.04837, 1.39899, 0.116333, -0.116446, 7.74893e-06, -0.00135335, 0.000100796
837651, 0.78696, 0.980367, 0.0391421, 0.94, 5.16119, 1.4025, 1.39899, 0.116333, -0.116309, 7.74894e-06, 0.000281133, 0.000100796
837661, 0.758005, 1.22091, 0.0391151, 0.95, 5.17521, 1.4025, 1.05187, 0.116333, -0.116298, 7.74893e-06, 0.00041502, 0.000100796
837670, 0.91602, 0.875491, 0.0352345, 0.96, 5.18924, 1.05187, 1.4025, 0.114569, -0.114681, 7.74894e-06, -0.00133806, 0.000100796
837681, 0.629887, 0.824237, 0.0349167, 0.97, 5.20326, 1.4025, 1.4025, 0.114569, -0.114549, 7.74893e-06, 0.000240058, 0.000100796
837691, 0.587012, 1.05303, 0.0348906, 0.98, 5.21378, 1.39899, 1.04837, 0.114569, -0.114538, 7.74894e-06, 0.00036931, 0.000100796
837701, 0.81996, 1.05143, 0.0348885, 0.99, 5.2243, 1.05187, 1.05187, 0.114569, -0.114537, 7.74893e-06, 0.000379898, 0.000100796
837711, 0.843865, 1.07461, 0.0358457, 1, 5.23482, 1.05187, 1.05187, 0.115004, -0.114936, 7.74894e-06, 0.000816219, 0.000100796
837721, 1.01943, 0.973091, 0.031216, 1.01, 5.24534, 0.697742, 1.04837, 0.112863, -0.113007, 7.74893e-06, -0.00171447, 0.000100796
837731, 0.45663, 0.9265, 0.0299183, 1.02, 5.25586, 1.4025, 1.05187, 0.112445, -0.112466, 7.74894e-06, -0.000249475, 0.000100796
837741, 0.561045, 0.799753, 0.0253304, 1.03, 5.26638, 1.05187, 1.05187, 0.110407, -0.110554, 7.74893e-06, -0.00176018, 0.000100796
837751, 0.906702, 1.13073, 0.0294362, 1.04, 5.27339, 0.697742, 0.701248, 0.112445, -0.112265, 7.74894e-06, 0.00214402, 0.000100796
837761, 0.937459, 1.16629, 0.0297725, 1.05, 5.2804, 0.701248, 0.697742, 0.112445, -0.112405, 7.74893e-06, 0.000474289, 0.000100796
837771, 0.621001, 0.586555, 0.0270893, 1.06, 5.29092, 1.04837, 1.39899, 0.111212, -0.111287, 7.74894e-06, -0.000895433, 0.000100796
837781, 0.283868, 0.756633, 0.0259805, 1.07, 5.30494, 1.39899, 1.04837, 0.110808, -0.110825, 7.74893e-06, -0.000208609, 0.000100796
837791, 0.781401, 1.01025, 0.0267787, 1.08, 5.31196, 0.701248, 0.701248, 0.111212, -0.111158, 7.74894e-06, 0.000646651, 0.000100796
837800, 0.797404, 1.0262, 0.0268441, 1.09, 5.31897, 0.701248, 0.701248, 0.111212, -0.111185, 7.74893e-06, 0.000322059, 0.000100796
837811, 0.790658, 0.74839, 0.0259604, 1.1, 5.32949, 0.701248, 1.05187, 0.110808, -0.110817, 7.74894e-06, -0.000108883, 0.000100796
837821, 0.543936, 1.00733, 0.0267771, 1.11, 5.3365, 1.04837, 0.697742, 0.111212, -0.111157, 7.74893e-06, 0.000654824, 0.000100796
837831, 0.408516, 0.918321, 0.0224694, 1.12, 5.34351, 1.04837, 0.701248, 0.109222, -0.109362, 7.74894e-06, -0.00166697, 0.000100796
837840, 0.650463, 0.655858, 0.0229776, 1.13, 5.35403, 0.701248, 1.05187, 0.109614, -0.109574, 7.74893e-06, 0.000476398, 0.000100796
837851, 0.528029, 0.763101, 0.0179539, 1.14, 5.36104, 0.701248, 0.701248, 0.10731, -0.107481, 7.74894e-06, -0.00203412, 0.000100796
837861, 0.602221, 0.834332, 0.0217467, 1.15, 5.36806, 0.697742, 0.697742, 0.109222, -0.109061, 7.74893e-06, 0.00192112, 0.000100796
837871, 0.622751, 0.854062, 0.0229184, 1.16, 5.37507, 0.701248, 0.701248, 0.109614, -0.109549, 7.74894e-06, 0.000770286, 0.000100796
837881, 0.606127, 1.10966, 0.0221534, 1.17, 5.37857, 0.697742, 0.347118, 0.109222, -0.109231, 7.74893e-06, -9.77665e-05, 0.000100796
837891, 0.51649, 0.796847, 0.0187141, 1.18, 5.38559, 0.701248, 0.701248, 0.107687, -0.107798, 7.74894e-06, -0.00132247, 0.000100796
837901, 0.515142, 0.794993, 0.0192666, 1.19, 5.3926, 0.697742, 0.697742, 0.108066, -0.108028, 7.74893e-06, 0.000455596, 0.000100796
837911, 0.779034, 0.77844, 0.0193119, 1.2, 5.39961, 0.350624, 0.701248, 0.108066, -0.108047, 7.74894e-06, 0.000230901, 0.000100796
837921, 0.529309, 0.763349, 0.0193156, 1.21, 5.40662, 0.701248, 0.701248, 0.108066, -0.108048, 7.74893e-06, 0.000212498, 0.000100796
837931, 0.514153, 1.01993, 0.0193159, 1.22, 5.41013, 0.701248, 0.350624, 0.108066, -0.108048, 7.74894e-06, 0.000210986, 0.000100796
837941, 0.481573, 0.762019, 0.0184817, 1.23, 5.41714, 0.697742, 0.697742, 0.107687, -0.107701, 7.74893e-06, -0.000168577, 0.000100796
837951, 0.800751, 0.798926, 0.0209358, 1.24, 5.42416, 0.350624, 0.701248, 0.108834, -0.108723, 7.74894e-06, 0.00131797, 0.000100796
837961, 0.444166, 0.949533, 0.0161504, 1.25, 5.42766, 0.697742, 0.350624, 0.106566, -0.106729, 7.74893e-06, -0.00194805, 0.000100796
837970, 0.685108, 0.686747, 0.0157584, 1.26, 5.43467, 0.350624, 0.701248, 0.106566, -0.106566, 7.74894e-06, -1.9744e-06, 0.000100796
837981, 0.423235, 0.656731, 0.0157263, 1.27, 5.44169, 0.697742, 0.701248, 0.106566, -0.106553, 7.74893e-06, 0.000157423, 0.000100796
837991, 0.374635, 0.882738, 0.014915, 1.28, 5.44519, 0.697742, 0.347118, 0.106198, -0.106215, 7.74894e-06, -0.000197351, 0.000100796
838001, 0.638176, 0.639433, 0.0156573, 1.29, 5.45221, 0.350624, 0.701248, 0.106566, -0.106524, 7.74893e-06, 0.000500418, 0.000100796
838010, 0.658653, 0.885648, 0.015718, 1.3, 5.45571, 0.347118, 0.347118, 0.106566, -0.106549, 7.74894e-06, 0.000198565, 0.000100796
838021, 0.372762, 0.609219, 0.0149143, 1.31, 5.46272, 0.701248, 0.701248, 0.106198, -0.106214, 7.74893e-06, -0.000193983, 0.000100796
838031, 0.641467, 0.868508, 0.0156572, 1.32, 5.46623, 0.347118, 0.347118, 0.106566, -0.106524, 7.74894e-06, 0.000500694, 0.000100796
838041, 0.298769, 0.808774, 0.0125201, 1.33, 5.46974, 0.701248, 0.350624, 0.105111, -0.105217, 7.74893e-06, -0.00125593, 0.000100796
838051, 0.530941, 0.537487, 0.0122632, 1.34, 5.47675, 0.350624, 0.697742, 0.105111, -0.10511, 7.74894e-06, 1.98036e-05, 0.000100796
838061, 0.630458, 0.585859, 0.016255, 1.35, 5.48376, 0.350624, 0.701248, 0.106937, -0.106773, 7.74893e-06, 0.00194949, 0.000100796
838071, 0.562475, 0.746453, 0.0125691, 1.36, 5.48727, 0.347118, 0.347118, 0.105111, -0.105237, 7.74894e-06, -0.00149905, 0.000100796
838081, 0.276268, 0.741062, 0.0122672, 1.37, 5.49077, 0.701248, 0.350624, 0.105111, -0.105111, 7.74893e-06, -1.11759e-07, 0.000100796
838091, 0.513067, 1.01498, 0.0122425, 1.38, 5.49077, 0.350624, 0, 0.105111, -0.105101, 7.74894e-06, 0.000122666, 0.000100796
838100, 0.518486, 0.522703, 0.0122404, 1.39, 5.49779, 0.347118, 0.697742, 0.105111, -0.1051, 7.74893e-06, 0.000132725, 0.000100796
838111, 0.521596, 0.751685, 0.0122403, 1.4, 5.50129, 0.347118, 0.347118, 0.105111, -0.1051, 7.74894e-06, 0.000133544, 0.000100796
838121, 0.521903, 0.480346, 0.0122403, 1.41, 5.50831, 0.350624, 0.701248, 0.105111, -0.1051, 7.74893e-06, 0.000133611, 0.000100796
838131, 0.246863, 0.708873, 0.0122403, 1.42, 5.51181, 0.697742, 0.350624, 0.105111, -0.1051, 7.74894e-06, 0.000133619, 0.000100796
838140, 0.481809, 0.983261, 0.0122403, 1.43, 5.51181, 0.350624, 0, 0.105111, -0.1051, 7.74893e-06, 0.000133619, 0.000100796
838151, 0.412066, 0.689908, 0.00913818, 1.44, 5.51532, 0.347118, 0.347118, 0.1037, -0.103808, 7.74894e-06, -0.00127732, 0.000100796
838161, 0.415313, 0.421032, 0.00965087, 1.45, 5.52233, 0.347118, 0.697742, 0.104049, -0.104021, 7.74893e-06, 0.000332944, 0.000100796
838171, 0.668286, 0.620016, 0.00892611, 1.46, 5.52584, 0, 0.350624, 0.1037, -0.103719, 7.74894e-06, -0.000224307, 0.000100796
838180, 0.421728, 0.879873, 0.00886674, 1.47, 5.52584, 0.350624, 0, 0.1037, -0.103694, 7.74893e-06, 7.04303e-05, 0.000100796
838191, 0.133198, 0.645887, 0.00886188, 1.48, 5.52934, 0.697742, 0.347118, 0.1037, -0.103692, 7.74894e-06, 9.45777e-05, 0.000100796
838201, 0.354743, 0.632883, 0.00886146, 1.49, 5.53285, 0.350624, 0.350624, 0.1037, -0.103692, 7.74893e-06, 9.65521e-05, 0.000100796
838211, 0.624504, 0.622144, 0.00886145, 1.5, 5.53636, 0, 0.350624, 0.1037, -0.103692, 7.74894e-06, 9.67234e-05, 0.000100796
838221, 0.381933, 0.614123, 0.00886143, 1.51, 5.53986, 0.347118, 0.347118, 0.1037, -0.103692, 7.74893e-06, 9.67309e-05, 0.000100796
838231, 0.368849, 0.601126, 0.00886143, 1.52, 5.54337, 0.350624, 0.350624, 0.1037, -0.103692, 7.74894e-06, 9.67383e-05, 0.000100796
838241, 0.360915, 0.862122, 0.00886143, 1.53, 5.54337, 0.347118, 0, 0.1037, -0.103692, 7.74893e-06, 9.67383e-05, 0.000100796
838251, 0.347831, 0.897245, 0.00886143, 1.54, 5.54337, 0.350624, 0, 0.1037, -0.103692, 7.74894e-06, 9.67383e-05, 0.000100796
838261, 0.617592, 0.388901, 0.00886143, 1.55, 5.55038, 0, 0.701248, 0.1037, -0.103692, 7.74893e-06, 9.67383e-05, 0.000100796
838270, 0.671304, 0.622043, 0.0096282, 1.56, 5.55389, 0, 0.350624, 0.104049, -0.104012, 7.74894e-06, 0.000445493, 0.000100796
838281, 0.414707, 0.869545, 0.00892425, 1.57, 5.55389, 0.347118, 0, 0.1037, -0.103718, 7.74893e-06, -0.000215083, 0.000100796
838291, 0.0497968, 0.563846, 0.00585607, 1.58, 5.55739, 0.697742, 0.347118, 0.102331, -0.10244, 7.74894e-06, -0.0012981, 0.000100796
838301, 0.11366, 0.397714, -0.000157267, 1.59, 5.5609, 0.350624, 0.350624, 0.0997103, -0.0999345, 7.74893e-06, -0.00267116, 0.000100796
838310, 0.47542, 0.746717, 0.00511224, 1.6, 5.5609, 0, 0, 0.102331, -0.10213, 7.74894e-06, 0.00239505, 0.000100796
838321, 0.506146, 0.505382, 0.00554384, 1.61, 5.56441, 0, 0.350624, 0.102331, -0.10231, 7.74893e-06, 0.00025212, 0.000100796
838331, 0.251283, 0.485042, 0.00557919, 1.62, 5.56791, 0.347118, 0.347118, 0.102331, -0.102325, 7.74894e-06, 7.65994e-05, 0.000100796
838341, 0.225259, 0.730837, 0.00558209, 1.63, 5.56791, 0.350624, 0, 0.102331, -0.102326, 7.74893e-06, 6.22198e-05, 0.000100796
838350, 0.482027, 0.481234, 0.00558232, 1.64, 5.57142, 0, 0.350624, 0.102331, -0.102326, 7.74894e-06, 6.10426e-05, 0.000100796
838361, 0.504154, 0.729233, 0.00558236, 1.65, 5.57142, 0, 0, 0.102331, -0.102326, 7.74893e-06, 6.09457e-05, 0.000100796
838371, 0.266629, 0.768838, 0.00632662, 1.66, 5.57142, 0.347118, 0, 0.10267, -0.102636, 7.74894e-06, 0.000399455, 0.000100796
838381, 0.507432, 0.506134, 0.00564331, 1.67, 5.57492, 0, 0.350624, 0.102331, -0.102351, 7.74893e-06, -0.000241734, 0.000100796
838391, 0.247944, 0.484043, 0.00558735, 1.68, 5.57843, 0.350624, 0.347118, 0.102331, -0.102328, 7.74894e-06, 3.61428e-05, 0.000100796
838401, 0.416364, 0.644201, 0.00194235, 1.69, 5.57843, 0, 0, 0.100675, -0.100809, 7.74893e-06, -0.00159689, 0.000100796
838411, 0.505078, 0.730383, 0.00528422, 1.7, 5.57843, 0, 0, 0.102331, -0.102202, 7.74894e-06, 0.0015412, 0.000100796
838421, 0.252159, 0.757755, 0.00555793, 1.71, 5.57843, 0.350624, 0, 0.102331, -0.102316, 7.74893e-06, 0.000182174, 0.000100796
838431, 0.22887, 0.508578, 0.00558035, 1.72, 5.58194, 0.350624, 0.350624, 0.102331, -0.102325, 7.74894e-06, 7.08699e-05, 0.000100796
838440, 0.485671, 0.484878, 0.00558218, 1.73, 5.58544, 0, 0.350624, 0.102331, -0.102326, 7.74893e-06, 6.17504e-05, 0.000100796
838451, 0.5078, 0.732879, 0.00558234, 1.74, 5.58544, 0, 0, 0.102331, -0.102326, 7.74894e-06, 6.10054e-05, 0.000100796
838461, 0.529927, 0.755006, 0.00558236, 1.75, 5.58544, 0, 0, 0.102331, -0.102326, 7.74893e-06, 6.09383e-05, 0.000100796
838471, 0.271554, 0.777132, 0.00558236, 1.76, 5.58544, 0.350624, 0, 0.102331, -0.102326, 7.74894e-06, 6.09383e-05, 0.000100796
838480, 0.268667, 0.547721, 0.00632662, 1.77, 5.58895, 0.347118, 0.347118, 0.10267, -0.102636, 7.74893e-06, 0.000399455, 0.000100796
838491, 0.50947, 0.50863, 0.00564331, 1.78, 5.59246, 0, 0.350624, 0.102331, -0.102351, 7.74894e-06, -0.000241734, 0.000100796
838501, 0.548523, 0.773035, 0.0063316, 1.79, 5.59246, 0, 0, 0.10267, -0.102638, 7.74893e-06, 0.00037466, 0.000100796
838511, 0.294487, 0.530438, 0.00638798, 1.8, 5.59596, 0.350624, 0.347118, 0.10267, -0.102662, 7.74894e-06, 9.47565e-05, 0.000100796
838520, 0.258819, 0.762001, 0.00564834, 1.81, 5.59596, 0.347118, 0, 0.102331, -0.102353, 7.74893e-06, -0.000266686, 0.000100796
838531, 0.530073, 0.528711, 0.00633202, 1.82, 5.59947, 0, 0.350624, 0.10267, -0.102638, 7.74894e-06, 0.000372618, 0.000100796
838541, 0.189932, 0.425857, 0.00272083, 1.83, 5.60297, 0.347118, 0.347118, 0.101002, -0.101134, 7.74893e-06, -0.00157338, 0.000100796
838551, 0.443358, 0.670281, 0.00314777, 1.84, 5.60297, 0, 0, 0.10133, -0.101312, 7.74894e-06, 0.00022389, 0.000100796
838560, 0.456682, 0.683579, 0.00318275, 1.85, 5.60297, 0, 0, 0.10133, -0.101326, 7.74893e-06, 5.02691e-05, 0.000100796
838571, 0.174152, 0.410272, 0.00246289, 1.86, 5.60648, 0.347118, 0.347118, 0.101002, -0.101026, 7.74894e-06, -0.000292674, 0.000100796
838581, 0.432297, 0.659236, 0.00312665, 1.87, 5.60648, 0, 0, 0.10133, -0.101303, 7.74893e-06, 0.000328787, 0.000100796
838591, 0.147988, 0.655933, 0.0024583, 1.88, 5.60648, 0.350624, 0, 0.101002, -0.101024, 7.74894e-06, -0.00026986, 0.000100796
838601, 0.408563, 0.40963, 0.00312628, 1.89, 5.60999, 0, 0.350624, 0.10133, -0.101303, 7.74893e-06, 0.000330649, 0.000100796
838610, 0.43993, 0.666276, 0.00390902, 1.9, 5.60999, 0, 0, 0.101661, -0.101629, 7.74894e-06, 0.000390142, 0.000100796
838621, 0.144114, 0.649205, 0.00252237, 1.91, 5.60999, 0.347118, 0, 0.101002, -0.101051, 7.74893e-06, -0.000588022, 0.000100796
838631, 0.314822, 0.318125, -0.000430316, 1.92, 5.61349, 0, 0.350624, 0.0997103, -0.0998207, 7.74894e-06, -0.00131546, 0.000100796
838641, 0.393601, 0.620261, 0.00288967, 1.93, 5.61349, 0, 0, 0.10133, -0.101204, 7.74893e-06, 0.00150535, 0.000100796
838650, 0.411647, 0.638101, 0.00316161, 1.94, 5.61349, 0, 0, 0.10133, -0.101317, 7.74894e-06, 0.000155225, 0.000100796
838661, 0.424718, 0.651156, 0.00318387, 1.95, 5.61349, 0, 0, 0.10133, -0.101327, 7.74893e-06, 4.46364e-05, 0.000100796
838671, 0.142168, 0.646845, 0.00246298, 1.96, 5.61349, 0.347118, 0, 0.101002, -0.101026, 7.74894e-06, -0.000293136, 0.000100796
838681, 0.40031, 0.40046, 0.00312665, 1.97, 5.617, 0, 0.350624, 0.10133, -0.101303, 7.74893e-06, 0.000328749, 0.000100796
838690, 0.414021, 0.640002, 0.00318101, 1.98, 5.617, 0, 0, 0.10133, -0.101325, 7.74894e-06, 5.88596e-05, 0.000100796
838701, 0.131523, 0.635742, 0.00246275, 1.99, 5.617, 0.347118, 0, 0.101002, -0.101026, 7.74893e-06, -0.000291973, 0.000100796
838711, 0.38967, 0.661095, 0.00312663, 2, 5.617, 0, 0, 0.10133, -0.101303, 7.74894e-06, 0.000328839, 0.000100796
838721, 0.403381, 0.403031, 0.00318101, 2.01, 5.62051, 0, 0.350624, 0.10133, -0.101325, 7.74893e-06, 5.88596e-05, 0.000100796
838730, 0.398577, 0.624643, 0.00246275, 2.02, 5.62051, 0, 0, 0.101002, -0.101026, 7.74894e-06, -0.000291973, 0.000100796
838740, 0.338085, 0.294613, -0.000435197, 2.03, 5.62401, 0, 0.350624, 0.0997103, -0.0998187, 7.74893e-06, -0.00129122, 0.000100796
838751, 0.121738, 0.579862, 0.00216655, 2.04, 5.62401, 0.347118, 0, 0.101002, -0.100903, 7.74894e-06, 0.00117862, 0.000100796
838761, 0.385303, 0.610427, 0.00310237, 2.05, 5.62401, 0, 0, 0.10133, -0.101293, 7.74893e-06, 0.0004493, 0.000100796
838771, 0.399459, 0.624523, 0.00317903, 2.06, 5.62401, 0, 0, 0.10133, -0.101325, 7.74894e-06, 6.87316e-05, 0.000100796
838780, 0.114192, 0.620299, 0.00246259, 2.07, 5.62401, 0.350624, 0, 0.101002, -0.101026, 7.74893e-06, -0.000291161, 0.000100796
838791, 0.374688, 0.37392, 0.00312662, 2.08, 5.62752, 0, 0.350624, 0.10133, -0.101303, 7.74894e-06, 0.000328906, 0.000100796
838801, 0.370879, 0.59649, 0.0024583, 2.09, 5.62752, 0, 0, 0.101002, -0.101024, 7.74893e-06, -0.000269853, 0.000100796
838811, 0.379295, 0.604948, 0.00240355, 2.1, 5.62752, 0, 0, 0.101002, -0.101001, 7.74894e-06, 1.9297e-06, 0.000100796
838820, 0.406234, 0.631342, 0.00312179, 2.11, 5.62752, 0, 0, 0.10133, -0.101301, 7.74893e-06, 0.000352919, 0.000100796
838831, 0.402513, 0.628124, 0.00245789, 2.12, 5.62752, 0, 0, 0.101002, -0.101024, 7.74894e-06, -0.000267886, 0.000100796
838841, 0.150763, 0.384546, 0.00312624, 2.13, 5.63102, 0.347118, 0.347118, 0.10133, -0.101303, 7.74893e-06, 0.000330821, 0.000100796
838851, 0.310425, 0.538187, -0.000380856, 2.14, 5.63102, 0, 0, 0.0997103, -0.0998413, 7.74894e-06, -0.00156103, 0.000100796
838860, 0.370779, 0.596608, 0.002171, 2.15, 5.63102, 0, 0, 0.101002, -0.100905, 7.74893e-06, 0.00115652, 0.000100796
838871, 0.401972, 0.627095, 0.00310274, 2.16, 5.63102, 0, 0, 0.10133, -0.101293, 7.74894e-06, 0.000447489, 0.000100796
838881, 0.398599, 0.624212, 0.00245633, 2.17, 5.63102, 0, 0, 0.101002, -0.101023, 7.74893e-06, -0.000260144, 0.000100796
838891, 0.144073, 0.649678, 0.00312611, 2.18, 5.63102, 0.350624, 0, 0.10133, -0.101303, 7.74894e-06, 0.000331454, 0.000100796
838901, 0.392432, 0.391623, 0.00318097, 2.19, 5.63453, 0, 0.350624, 0.10133, -0.101325, 7.74893e-06, 5.90757e-05, 0.000100796
838910, 0.387628, 0.613236, 0.00246275, 2.2, 5.63453, 0, 0, 0.101002, -0.101026, 7.74894e-06, -0.000291958, 0.000100796
838921, 0.413484, 0.638589, 0.00312663, 2.21, 5.63453, 0, 0, 0.10133, -0.101303, 7.74893e-06, 0.000328839, 0.000100796
838931, 0.427195, 0.652258, 0.00318101, 2.22, 5.63453, 0, 0, 0.10133, -0.101325, 7.74894e-06, 5.88596e-05, 0.000100796
838941, 0.422391, 0.647999, 0.00246275, 2.23, 5.63453, 0, 0, 0.101002, -0.101026, 7.74893e-06, -0.000291973, 0.000100796
838950, 0.167747, 0.404335, 0.00312663, 2.24, 5.63804, 0.350624, 0.347118, 0.10133, -0.101303, 7.74894e-06, 0.000328839, 0.000100796
838961, 0.398576, 0.624645, 0.0024583, 2.25, 5.63804, 0, 0, 0.101002, -0.101024, 7.74893e-06, -0.00026986, 0.000100796
838971, 0.424513, 0.650076, 0.00312628, 2.26, 5.63804, 0, 0, 0.10133, -0.101303, 7.74894e-06, 0.000330649, 0.000100796
838981, 0.160536, 0.663752, 0.00318097, 2.27, 5.63804, 0.347118, 0, 0.10133, -0.101325, 7.74893e-06, 5.90086e-05, 0.000100796
838990, 0.319197, 0.321083, -0.000376368, 2.28, 5.64154, 0, 0.350624, 0.0997103, -0.0998432, 7.74894e-06, -0.00158329, 0.000100796
839001, 0.327662, 0.55511, 3.4368e-05, 2.29, 5.64154, 0, 0, 0.10003, -0.100014, 7.74893e-06, 0.000182711, 0.000100796
839011, 0.311593, 0.539547, -0.00063411, 2.3, 5.64154, 0, 0, 0.0997103, -0.0997358, 7.74894e-06, -0.000303671, 0.000100796
839021, 0.324773, 0.552236, 1.32501e-05, 2.31, 5.64154, 0, 0, 0.10003, -0.100006, 7.74893e-06, 0.000287525, 0.000100796
839030, 0.326111, 0.553535, 6.62863e-05, 2.32, 5.64154, 0, 0, 0.10003, -0.100028, 7.74894e-06, 2.42665e-05, 0.000100796
839041, 0.32648, 0.553899, 7.06315e-05, 2.33, 5.64154, 0, 0, 0.10003, -0.100029, 7.74893e-06, 2.69711e-06, 0.000100796
839051, 0.343912, 0.570796, 0.00077818, 2.34, 5.64154, 0, 0, 0.100351, -0.100324, 7.74894e-06, 0.000322588, 0.000100796
839061, 0.348402, 0.575241, 0.000836134, 2.35, 5.64154, 0, 0, 0.100351, -0.100348, 7.74893e-06, 3.48464e-05, 0.000100796
839071, 0.317666, 0.545569, -0.000568432, 2.36, 5.64154, 0, 0, 0.0997103, -0.0997632, 7.74894e-06, -0.000629723, 0.000100796
839080, 0.196809, 0.428419, -0.00546083, 2.37, 5.64154, 0, 0, 0.0975374, -0.0977247, 7.74893e-06, -0.00223145, 0.000100796
839091, 0.350091, 0.576235, 0.00175492, 2.38, 5.64154, 0, 0, 0.101002, -0.100731, 7.74894e-06, 0.00322238, 0.000100796
839101, 0.371375, 0.597071, 0.00234593, 2.39, 5.64154, 0, 0, 0.101002, -0.100977, 7.74893e-06, 0.000287972, 0.000100796
839111, 0.330041, 0.557319, 0.000257349, 2.4, 5.64154, 0, 0, 0.10003, -0.100107, 7.74894e-06, -0.000924356, 0.000100796
839120, 0.0293936, 0.537833, -0.000615835, 2.41, 5.64154, 0.350624, 0, 0.0997103, -0.0997434, 7.74893e-06, -0.000394352, 0.000100796
839131, 0.276877, 0.550201, 1.47522e-05, 2.42, 5.64154, 0, 0, 0.10003, -0.100006, 7.74894e-06, 0.00028009, 0.000100796
839141, 0.278188, 0.551473, 6.64115e-05, 2.43, 5.64154, 0, 0, 0.10003, -0.100028, 7.74893e-06, 2.36556e-05, 0.000100796
839151, 0.278554, 0.551835, 7.06315e-05, 2.44, 5.64154, 0, 0, 0.10003, -0.100029, 7.74894e-06, 2.64496e-06, 0.000100796
839160, 0.278842, 0.552123, 7.09891e-05, 2.45, 5.64154, 0, 0, 0.10003, -0.10003, 7.74893e-06, 9.31323e-07, 0.000100796
839171, 0.279124, 0.552405, 7.1007e-05, 2.46, 5.64154, 0, 0, 0.10003, -0.10003, 7.74894e-06, 7.82311e-07, 0.000100796
839181, 0.279406, 0.552687, 7.1007e-05, 2.47, 5.64154, 0, 0, 0.10003, -0.10003, 7.74893e-06, 7.7486e-07, 0.000100796
839191, 0.195785, 0.471687, -0.00338997, 2.48, 5.64154, 0, 0, 0.0984555, -0.0985875, 7.74894e-06, -0.00157341, 0.000100796
839200, 0.259378, 0.532874, -0.000212467, 2.49, 5.64154, 0, 0, 0.10003, -0.0999115, 7.74893e-06, 0.00140824, 0.000100796
839211, 0.264846, 0.538144, 4.7797e-05, 2.5, 5.64154, 0, 0, 0.10003, -0.10002, 7.74894e-06, 0.000116058, 0.000100796
839221, 0.248531, 0.522345, -0.000633001, 2.51, 5.64154, 0, 0, 0.0997103, -0.0997363, 7.74893e-06, -0.000309132, 0.000100796
839231, 0.261691, 0.535016, 1.33574e-05, 2.52, 5.64154, 0, 0, 0.10003, -0.100006, 7.74894e-06, 0.000287071, 0.000100796
839241, 0.263027, 0.536312, 6.62863e-05, 2.53, 5.64154, 0, 0, 0.10003, -0.100028, 7.74893e-06, 2.42218e-05, 0.000100796
839250, 0.246374, 0.520188, -0.000631481, 2.54, 5.64154, 0, 0, 0.0997103, -0.0997369, 7.74894e-06, -0.00031665, 0.000100796
839261, 0.259507, 0.532831, 1.34826e-05, 2.55, 5.64154, 0, 0, 0.10003, -0.100006, 7.74893e-06, 0.000286452, 0.000100796
839271, 0.260841, 0.534125, 6.63042e-05, 2.56, 5.64154, 0, 0, 0.10003, -0.100028, 7.74894e-06, 2.41697e-05, 0.000100796
839281, 0.261209, 0.53449, 7.06315e-05, 2.57, 5.64154, 0, 0, 0.10003, -0.100029, 7.74893e-06, 2.68966e-06, 0.000100796
839290, 0.278641, 0.551386, 0.00077818, 2.58, 5.64154, 0, 0, 0.100351, -0.100324, 7.74894e-06, 0.000322588, 0.000100796
839301, 0.248965, 0.522734, -0.000573188, 2.59, 5.64154, 0, 0, 0.0997103, -0.0997612, 7.74893e-06, -0.000606157, 0.000100796
839311, 0.261031, 0.534352, 1.8239e-05, 2.6, 5.64154, 0, 0, 0.10003, -0.100008, 7.74894e-06, 0.000262752, 0.000100796
839321, 0.262278, 0.535562, 6.66976e-05, 2.61, 5.64154, 0, 0, 0.10003, -0.100028, 7.74893e-06, 2.22325e-05, 0.000100796
839330, 0.245617, 0.51943, -0.000631464, 2.62, 5.64154, 0, 0, 0.0997103, -0.0997369, 7.74894e-06, -0.000316814, 0.000100796
839341, 0.25875, 0.532074, 1.34826e-05, 2.63, 5.64154, 0, 0, 0.10003, -0.100006, 7.74893e-06, 0.000286445, 0.000100796
839351, 0.260083, 0.533368, 6.63042e-05, 2.64, 5.64154, 0, 0, 0.10003, -0.100028, 7.74894e-06, 2.41697e-05, 0.000100796
839361, 0.260451, 0.533732, 7.06315e-05, 2.65, 5.64154, 0, 0, 0.10003, -0.100029, 7.74893e-06, 2.68966e-06, 0.000100796
839371, 0.26074, 0.265004, 7.09891e-05, 2.66, 5.64505, 0, 0.347118, 0.10003, -0.10003, 7.74894e-06, 9.31323e-07, 0.000100796
839380, 0.261022, 0.4889, 7.1007e-05, 2.67, 5.64505, 0, 0, 0.10003, -0.10003, 7.74893e-06, 7.82311e-07, 0.000100796
839391, 0.261303, 0.758197, 7.1007e-05, 2.68, 5.64154, 0, -0.347118, 0.10003, -0.10003, 7.74894e-06, 7.7486e-07, 0.000100796
839401, 0.278729, 0.551474, 0.000778198, 2.69, 5.64154, 0, 0, 0.100351, -0.100324, 7.74893e-06, 0.000322431, 0.000100796
839411, 0.266074, 0.267577, 0.000128943, 2.7, 5.64505, 0, 0.350624, 0.10003, -0.100054, 7.74894e-06, -0.000286818, 0.000100796
839420, 0.265295, 0.492711, 7.57635e-05, 2.71, 5.64505, 0, 0, 0.10003, -0.100032, 7.74893e-06, -2.27839e-05, 0.000100796
839431, 0.248469, 0.47642, -0.000630713, 2.72, 5.64505, 0, 0, 0.0997103, -0.0997372, 7.74894e-06, -0.000320502, 0.000100796
839441, 0.244566, 0.472561, -0.000688577, 2.73, 5.64505, 0, 0, 0.0997103, -0.0997131, 7.74893e-06, -3.32072e-05, 0.000100796
839451, 0.258743, 0.48621, 8.79765e-06, 2.74, 5.64505, 0, 0, 0.10003, -0.100004, 7.74894e-06, 0.000309676, 0.000100796
839460, 0.243142, 0.471097, -0.000636202, 2.75, 5.64505, 0, 0, 0.0997103, -0.0997349, 7.74893e-06, -0.00029327, 0.000100796
839471, 0.25636, 0.483824, 1.30892e-05, 2.76, 5.64505, 0, 0, 0.10003, -0.100005, 7.74894e-06, 0.000288375, 0.000100796
839481, 0.257701, 0.485124, 6.62684e-05, 2.77, 5.64505, 0, 0, 0.10003, -0.100028, 7.74893e-06, 2.43336e-05, 0.000100796
839491, 0.25807, 0.485489, 7.06315e-05, 2.78, 5.64505, 0, 0, 0.10003, -0.100029, 7.74894e-06, 2.70456e-06, 0.000100796
839500, 0.258358, 0.485778, 7.09891e-05, 2.79, 5.64505, 0, 0, 0.10003, -0.10003, 7.74893e-06, 9.31323e-07, 0.000100796
839511, 0.25864, 0.48606, 7.1007e-05, 2.8, 5.64505, 0, 0, 0.10003, -0.10003, 7.74894e-06, 7.82311e-07, 0.000100796
839521, 0.258922, 0.486341, 7.1007e-05, 2.81, 5.64505, 0, 0, 0.10003, -0.10003, 7.74893e-06, 7.7486e-07, 0.000100796
839531, 0.126368, 0.357938, -0.00540846, 2.82, 5.64505, 0, 0, 0.0975374, -0.0977465, 7.74894e-06, -0.00249149, 0.000100796
839541, 0.226886, 0.454645, -0.000377798, 2.83, 5.64505, 0, 0, 0.10003, -0.0998426, 7.74893e-06, 0.00222909, 0.000100796
839550, 0.235377, 0.462825, 3.42429e-05, 2.84, 5.64505, 0, 0, 0.10003, -0.100014, 7.74894e-06, 0.000183292, 0.000100796
839561, 0.236331, 0.463753, 6.80029e-05, 2.85, 5.64505, 0, 0, 0.10003, -0.100028, 7.74893e-06, 1.57282e-05, 0.000100796
839571, 0.219647, 0.447599, -0.000631338, 2.86, 5.64505, 0, 0, 0.0997103, -0.0997369, 7.74894e-06, -0.00031735, 0.000100796
839581, 0.232777, 0.46024, 1.34826e-05, 2.87, 5.64505, 0, 0, 0.10003, -0.100006, 7.74893e-06, 0.0002864, 0.000100796
839590, 0.21709, 0.445045, -0.000635809, 2.88, 5.64505, 0, 0, 0.0997103, -0.0997351, 7.74894e-06, -0.000295177, 0.000100796
839601, 0.230302, 0.457765, 1.31249e-05, 2.89, 5.64505, 0, 0, 0.10003, -0.100005, 7.74893e-06, 0.000288218, 0.000100796
839611, 0.231642, 0.459065, 6.62684e-05, 2.9, 5.64505, 0, 0, 0.10003, -0.100028, 7.74894e-06, 2.43187e-05, 0.000100796
839621, 0.23201, 0.45943, 7.06315e-05, 2.91, 5.64505, 0, 0, 0.10003, -0.100029, 7.74893e-06, 2.70456e-06, 0.000100796
839630, 0.164939, 0.394463, -0.00270762, 2.92, 5.64505, 0, 0, 0.0987659, -0.0988718, 7.74894e-06, -0.00126287, 0.000100796
839641, 0.132148, 0.362362, -0.00361755, 2.93, 5.64505, 0, 0, 0.0984555, -0.0984927, 7.74893e-06, -0.000443429, 0.000100796
839651, 0.199905, 0.427553, -0.000231099, 2.94, 5.64505, 0, 0, 0.10003, -0.0999037, 7.74894e-06, 0.00150079, 0.000100796
839661, 0.205713, 0.704885, 4.62592e-05, 2.95, 5.64154, 0, -0.350624, 0.10003, -0.100019, 7.74893e-06, 0.000123635, 0.000100796
839670, 0.189426, 0.463241, -0.000633127, 2.96, 5.64154, 0, 0, 0.0997103, -0.0997362, 7.74894e-06, -0.000308506, 0.000100796
839681, 0.202589, 0.20418, 1.33395e-05, 2.97, 5.64505, 0, 0.350624, 0.10003, -0.100006, 7.74893e-06, 0.000287123, 0.000100796
839691, 0.203925, 0.431348, 6.62863e-05, 2.98, 5.64505, 0, 0, 0.10003, -0.100028, 7.74894e-06, 2.42293e-05, 0.000100796
839701, 0.187272, 0.686958, -0.000631481, 2.99, 5.64154, 0, -0.350624, 0.0997103, -0.0997369, 7.74893e-06, -0.00031665, 0.000100796
839711, 0.200405, 0.473729, 1.34826e-05, 3, 5.64154, 0, 0, 0.10003, -0.100006, 7.74894e-06, 0.000286452, 0.000100796
839720, 0.184718, 0.458534, -0.000635809, 3.01, 5.64154, 0, 0, 0.0997103, -0.0997351, 7.74893e-06, -0.000295177, 0.000100796
839731, 0.197929, 0.471254, 1.31249e-05, 3.02, 5.64154, 0, 0, 0.10003, -0.100005, 7.74894e-06, 0.000288218, 0.000100796
839741, 0.216414, 0.489163, 0.00077346, 3.03, 5.64154, 0, 0, 0.100351, -0.100322, 7.74893e-06, 0.000345975, 0.000100796
839751, 0.186824, 0.460594, -0.000573564, 3.04, 5.64154, 0, 0, 0.0997103, -0.099761, 7.74894e-06, -0.000604235, 0.000100796
839760, 0.198897, 0.472218, 1.82211e-05, 3.05, 5.64154, 0, 0, 0.10003, -0.100008, 7.74893e-06, 0.000262901, 0.000100796
839771, 0.200144, 0.473429, 6.66797e-05, 3.06, 5.64154, 0, 0, 0.10003, -0.100028, 7.74894e-06, 2.224e-05, 0.000100796
839781, 0.183484, 0.457297, -0.000631464, 3.07, 5.64154, 0, 0, 0.0997103, -0.0997369, 7.74893e-06, -0.000316814, 0.000100796
839791, 0.196616, 0.469941, 1.34826e-05, 3.08, 5.64154, 0, 0, 0.10003, -0.100006, 7.74894e-06, 0.000286445, 0.000100796
839800, 0.180929, 0.454746, -0.000635809, 3.09, 5.64154, 0, 0, 0.0997103, -0.0997351, 7.74893e-06, -0.000295177, 0.000100796
839811, 0.194141, 0.467466, 1.31249e-05, 3.1, 5.64154, 0, 0, 0.10003, -0.100005, 7.74894e-06, 0.000288218, 0.000100796
839821, 0.195481, 0.468766, 6.62684e-05, 3.11, 5.64154, 0, 0, 0.10003, -0.100028, 7.74893e-06, 2.43187e-05, 0.000100796
839831, 0.178829, 0.452642, -0.000631481, 3.12, 5.64154, 0, 0, 0.0997103, -0.0997369, 7.74894e-06, -0.000316642, 0.000100796
839840, 0.209105, 0.481894, 0.000720674, 3.13, 5.64154, 0, 0, 0.100351, -0.1003, 7.74893e-06, 0.000608109, 0.000100796
839851, 0.214646, 0.487351, 0.000831413, 3.14, 5.64154, 0, 0, 0.100351, -0.100346, 7.74894e-06, 5.82337e-05, 0.000100796
839861, 0.201017, 0.474251, 0.000133288, 3.15, 5.64154, 0, 0, 0.10003, -0.100056, 7.74893e-06, -0.000308454, 0.000100796
839871, 0.20016, 0.473437, 7.61211e-05, 3.16, 5.64154, 0, 0, 0.10003, -0.100032, 7.74894e-06, -2.45497e-05, 0.000100796
839881, 0.183327, 0.45714, -0.000630677, 3.17, 5.64154, 0, 0, 0.0997103, -0.0997372, 7.74893e-06, -0.000320651, 0.000100796
839890, 0.196445, 0.469769, 1.35362e-05, 3.18, 5.64154, 0, 0, 0.10003, -0.100006, 7.74894e-06, 0.000286132, 0.000100796
839901, 0.197777, 0.471062, 6.63042e-05, 3.19, 5.64154, 0, 0, 0.10003, -0.100028, 7.74893e-06, 2.41473e-05, 0.000100796
839911, 0.198145, 0.471427, 7.06315e-05, 3.2, 5.64154, 0, 0, 0.10003, -0.100029, 7.74894e-06, 2.68966e-06, 0.000100796
839921, 0.198434, 0.471715, 7.09891e-05, 3.21, 5.64154, 0, 0, 0.10003, -0.10003, 7.74893e-06, 9.31323e-07, 0.000100796
839930, 0.181695, 0.455508, -0.000631106, 3.22, 5.64154, 0, 0, 0.0997103, -0.099737, 7.74894e-06, -0.000318564, 0.000100796
839941, 0.19482, 0.468145, 1.35005e-05, 3.23, 5.64154, 0, 0, 0.10003, -0.100006, 7.74893e-06, 0.000286303, 0.000100796
839951, 0.196154, 0.469438, 6.63042e-05, 3.24, 5.64154, 0, 0, 0.10003, -0.100028, 7.74894e-06, 2.41622e-05, 0.000100796
839961, 0.196521, 0.469803, 7.06315e-05, 3.25, 5.64154, 0, 0, 0.10003, -0.100029, 7.74893e-06, 2.68966e-06, 0.000100796
839970, 0.12945, 0.404836, -0.00270762, 3.26, 5.64154, 0, 0, 0.0987659, -0.0988718, 7.74894e-06, -0.00126287, 0.000100796
839981, 0.180561, 0.454015, -0.000156569, 3.27, 5.64154, 0, 0, 0.10003, -0.0999348, 7.74893e-06, 0.00113075, 0.000100796
839991, 0.185006, 0.458301, 5.23746e-05, 3.28, 5.64154, 0, 0, 0.10003, -0.100022, 7.74894e-06, 9.3326e-05, 0.000100796
840001, 0.185628, 0.458911, 6.94871e-05, 3.29, 5.64154, 0, 0, 0.10003, -0.100029, 7.74893e-06, 8.3521e-06, 0.000100796
840011, 0.185938, 0.459219, 7.08818e-05, 3.3, 5.64154, 0, 0, 0.10003, -0.10003, 7.74894e-06, 1.39326e-06, 0.000100796
840020, 0.186222, 0.459503, 7.1007e-05, 3.31, 5.64154, 0, 0, 0.10003, -0.10003, 7.74893e-06, 8.27014e-07, 0.000100796
840031, 0.186503, 0.459784, 7.1007e-05, 3.32, 5.64154, 0, 0, 0.10003, -0.10003, 7.74894e-06, 7.7486e-07, 0.000100796
840041, 0.186785, 0.460066, 7.1007e-05, 3.33, 5.64154, 0, 0, 0.10003, -0.10003, 7.74893e-06, 7.7486e-07, 0.000100796
840051, 0.187066, 0.460347, 7.1007e-05, 3.34, 5.64154, 0, 0, 0.10003, -0.10003, 7.74894e-06, 7.7486e-07, 0.000100796
840060, 0.187348, 0.460629, 7.1007e-05, 3.35, 5.64154, 0, 0, 0.10003, -0.10003, 7.74893e-06, 7.7486e-07, 0.000100796
840071, 0.170608, 0.444421, -0.000631106, 3.36, 5.64154, 0, 0, 0.0997103, -0.099737, 7.74894e-06, -0.000318572, 0.000100796
840081, 0.116374, 0.391803, -0.00276509, 3.37, 5.64154, 0, 0, 0.0987659, -0.0988479, 7.74893e-06, -0.000977501, 0.000100796
840091, 0.151515, 0.425504, -0.000863403, 3.38, 5.64154, 0, 0, 0.0997103, -0.0996403, 7.74894e-06, 0.000834778, 0.000100796
840100, 0.16889, 0.442229, -5.52535e-06, 3.39, 5.64154, 0, 0, 0.10003, -0.0999977, 7.74893e-06, 0.000380769, 0.000100796
840111, 0.170572, 0.443858, 6.47485e-05, 3.4, 5.64154, 0, 0, 0.10003, -0.100027, 7.74894e-06, 3.19034e-05, 0.000100796
840121, 0.170968, 0.444249, 7.05063e-05, 3.41, 5.64154, 0, 0, 0.10003, -0.100029, 7.74893e-06, 3.32296e-06, 0.000100796
840131, 0.171259, 0.44454, 7.09713e-05, 3.42, 5.64154, 0, 0, 0.10003, -0.10003, 7.74894e-06, 9.83477e-07, 0.000100796
840140, 0.171541, 0.444822, 7.1007e-05, 3.43, 5.64154, 0, 0, 0.10003, -0.10003, 7.74893e-06, 7.89762e-07, 0.000100796
840151, 0.171822, 0.445103, 7.1007e-05, 3.44, 5.64154, 0, 0, 0.10003, -0.10003, 7.74894e-06, 7.7486e-07, 0.000100796
840161, 0.172104, 0.445385, 7.1007e-05, 3.45, 5.64154, 0, 0, 0.10003, -0.10003, 7.74893e-06, 7.7486e-07, 0.000100796
840171, 0.172385, 0.445666, 7.1007e-05, 3.46, 5.64154, 0, 0, 0.10003, -0.10003, 7.74894e-06, 7.7486e-07, 0.000100796
840181, 0.189811, 0.462556, 0.000778198, 3.47, 5.64154, 0, 0, 0.100351, -0.100324, 7.74893e-06, 0.000322431, 0.000100796
840190, 0.228962, 0.50058, 0.00226595, 3.48, 5.64154, 0, 0, 0.101002, -0.100944, 7.74894e-06, 0.00068517, 0.000100796
840201, 0.189091, 0.462236, 0.000250787, 3.49, 5.64154, 0, 0, 0.10003, -0.100104, 7.74893e-06, -0.000891834, 0.000100796
840211, 0.186084, 0.459354, 8.57413e-05, 3.5, 5.64154, 0, 0, 0.10003, -0.100036, 7.74894e-06, -7.23302e-05, 0.000100796
840221, 0.169075, 0.442887, -0.00062989, 3.51, 5.64154, 0, 0, 0.0997103, -0.0997375, 7.74893e-06, -0.000324562, 0.000100796
840230, 0.182178, 0.455503, 1.36077e-05, 3.52, 5.64154, 0, 0, 0.10003, -0.100006, 7.74894e-06, 0.000285812, 0.000100796
840241, 0.18351, 0.456794, 6.63042e-05, 3.53, 5.64154, 0, 0, 0.10003, -0.100028, 7.74893e-06, 2.41175e-05, 0.000100796
840251, 0.166857, 0.44067, -0.000631481, 3.54, 5.64154, 0, 0, 0.0997103, -0.0997369, 7.74894e-06, -0.000316657, 0.000100796
840261, 0.179989, 0.453314, 1.34826e-05, 3.55, 5.64154, 0, 0, 0.10003, -0.100006, 7.74893e-06, 0.000286452, 0.000100796
840270, 0.181323, 0.454608, 6.63042e-05, 3.56, 5.64154, 0, 0, 0.10003, -0.100028, 7.74894e-06, 2.41697e-05, 0.000100796
840281, 0.181691, 0.454972, 7.06315e-05, 3.57, 5.64154, 0, 0, 0.10003, -0.100029, 7.74893e-06, 2.68966e-06, 0.000100796
840291, 0.199124, 0.471869, 0.00077818, 3.58, 5.64154, 0, 0, 0.100351, -0.100324, 7.74894e-06, 0.000322588, 0.000100796
840301, 0.169447, 0.443217, -0.000573188, 3.59, 5.64154, 0, 0, 0.0997103, -0.0997612, 7.74893e-06, -0.000606157, 0.000100796
840310, 0.181513, 0.454834, 1.8239e-05, 3.6, 5.64154, 0, 0, 0.10003, -0.100008, 7.74894e-06, 0.000262752, 0.000100796
840321, 0.18276, 0.456045, 6.66976e-05, 3.61, 5.64154, 0, 0, 0.10003, -0.100028, 7.74893e-06, 2.22325e-05, 0.000100796
840331, 0.1661, 0.439913, -0.000631464, 3.62, 5.64154, 0, 0, 0.0997103, -0.0997369, 7.74894e-06, -0.000316814, 0.000100796
840341, 0.179232, 0.452556, 1.34826e-05, 3.63, 5.64154, 0, 0, 0.10003, -0.100006, 7.74893e-06, 0.000286445, 0.000100796
840351, 0.180566, 0.45385, 6.63042e-05, 3.64, 5.64154, 0, 0, 0.10003, -0.100028, 7.74894e-06, 2.41697e-05, 0.000100796
840360, 0.180933, 0.454215, 7.06315e-05, 3.65, 5.64154, 0, 0, 0.10003, -0.100029, 7.74893e-06, 2.68966e-06, 0.000100796
840371, 0.181222, 0.454503, 7.09891e-05, 3.66, 5.64154, 0, 0, 0.10003, -0.10003, 7.74894e-06, 9.31323e-07, 0.000100796
840381, 0.181504, 0.454785, 7.1007e-05, 3.67, 5.64154, 0, 0, 0.10003, -0.10003, 7.74893e-06, 7.82311e-07, 0.000100796
840391, 0.181785, 0.455066, 7.1007e-05, 3.68, 5.64154, 0, 0, 0.10003, -0.10003, 7.74894e-06, 7.7486e-07, 0.000100796
840400, 0.182067, 0.455348, 7.1007e-05, 3.69, 5.64154, 0, 0, 0.10003, -0.10003, 7.74893e-06, 7.7486e-07, 0.000100796
840411, 0.165327, 0.43914, -0.000631106, 3.7, 5.64154, 0, 0, 0.0997103, -0.099737, 7.74894e-06, -0.000318572, 0.000100796
840421, 0.111093, 0.386522, -0.00276509, 3.71, 5.64154, 0, 0, 0.0987659, -0.0988479, 7.74893e-06, -0.000977501, 0.000100796
840431, 0.146235, 0.420223, -0.000863403, 3.72, 5.64154, 0, 0, 0.0997103, -0.0996403, 7.74894e-06, 0.000834778, 0.000100796
840440, 0.163609, 0.436948, -5.52535e-06, 3.73, 5.64154, 0, 0, 0.10003, -0.0999977, 7.74893e-06, 0.000380769, 0.000100796
840451, 0.165291, 0.438577, 6.47485e-05, 3.74, 5.64154, 0, 0, 0.10003, -0.100027, 7.74894e-06, 3.19034e-05, 0.000100796
840461, 0.148666, 0.42248, -0.000631607, 3.75, 5.64154, 0, 0, 0.0997103, -0.0997368, 7.74893e-06, -0.000316024, 0.000100796
840471, 0.161801, 0.435126, 1.34647e-05, 3.76, 5.64154, 0, 0, 0.10003, -0.100006, 7.74894e-06, 0.000286505, 0.000100796
840480, 0.163135, 0.43642, 6.63042e-05, 3.77, 5.64154, 0, 0, 0.10003, -0.100028, 7.74893e-06, 2.41771e-05, 0.000100796
840491, 0.163503, 0.436784, 7.06315e-05, 3.78, 5.64154, 0, 0, 0.10003, -0.100029, 7.74894e-06, 2.68966e-06, 0.000100796
840501, 0.163792, 0.437073, 7.09891e-05, 3.79, 5.64154, 0, 0, 0.10003, -0.10003, 7.74893e-06, 9.31323e-07, 0.000100796
840511, 0.147053, 0.420865, -0.000631106, 3.8, 5.64154, 0, 0, 0.0997103, -0.099737, 7.74894e-06, -0.000318564, 0.000100796
840521, 0.160178, 0.433502, 1.35005e-05, 3.81, 5.64154, 0, 0, 0.10003, -0.100006, 7.74893e-06, 0.000286303, 0.000100796
840530, 0.0941517, 0.369541, -0.00271229, 3.82, 5.64154, 0, 0, 0.0987659, -0.0988699, 7.74894e-06, -0.00123964, 0.000100796
840541, 0.145348, 0.418802, -0.000156963, 3.83, 5.64154, 0, 0, 0.10003, -0.0999346, 7.74893e-06, 0.00113265, 0.000100796
840551, 0.1498, 0.423095, 5.23388e-05, 3.84, 5.64154, 0, 0, 0.10003, -0.100022, 7.74894e-06, 9.34824e-05, 0.000100796
840561, 0.133403, 0.407217, -0.000632626, 3.85, 5.64154, 0, 0, 0.0997103, -0.0997364, 7.74893e-06, -0.00031098, 0.000100796
840570, 0.146556, 0.41988, 1.33753e-05, 3.86, 5.64154, 0, 0, 0.10003, -0.100006, 7.74894e-06, 0.000286922, 0.000100796
840581, 0.147891, 0.421176, 6.62863e-05, 3.87, 5.64154, 0, 0, 0.10003, -0.100028, 7.74893e-06, 2.42144e-05, 0.000100796
840591, 0.425954, 0.421541, 7.06315e-05, 3.88, 5.64154, -0.347118, 0, 0.10003, -0.100029, 7.74894e-06, 2.69711e-06, 0.000100796
840601, 0.193951, 0.421829, 7.09891e-05, 3.89, 5.64154, 0, 0, 0.10003, -0.10003, 7.74893e-06, 9.31323e-07, 0.000100796
840611, -0.0834614, 0.422111, 7.1007e-05, 3.9, 5.64154, 0.347118, 0, 0.10003, -0.10003, 7.74894e-06, 7.82311e-07, 0.000100796
840621, 0.13209, 0.405903, -0.000631106, 3.91, 5.64154, 0, 0, 0.0997103, -0.099737, 7.74893e-06, -0.000318572, 0.000100796
840631, 0.16236, 0.435149, 0.000720692, 3.92, 5.64154, 0, 0, 0.100351, -0.1003, 7.74894e-06, 0.00060796, 0.000100796
840641, 0.133736, 0.407508, -0.000577891, 3.93, 5.64154, 0, 0, 0.0997103, -0.0997592, 7.74893e-06, -0.000582777, 0.000100796
840650, 0.145888, 0.419209, 1.78635e-05, 3.94, 5.64154, 0, 0, 0.10003, -0.100007, 7.74894e-06, 0.00026466, 0.000100796
840660, 0.147141, 0.420426, 6.66618e-05, 3.95, 5.64154, 0, 0, 0.10003, -0.100028, 7.74893e-06, 2.2389e-05, 0.000100796
840671, 0.130481, 0.404294, -0.000631464, 3.96, 5.64154, 0, 0, 0.0997103, -0.0997369, 7.74894e-06, -0.000316806, 0.000100796
840681, 0.424113, 0.416938, 1.34826e-05, 3.97, 5.64154, -0.350624, 0, 0.10003, -0.100006, 7.74893e-06, 0.000286445, 0.000100796
840691, 0.190809, 0.418232, 6.63042e-05, 3.98, 5.64154, 0, 0, 0.10003, -0.100028, 7.74894e-06, 2.41697e-05, 0.000100796
840700, -0.0375163, 0.468784, 0.00220764, 3.99, 5.64154, 0.350624, 0, 0.101002, -0.10092, 7.74893e-06, 0.000974678, 0.000100796
840711, 0.227644, 0.498626, 0.00310575, 4, 5.64154, 0, 0, 0.10133, -0.101294, 7.74894e-06, 0.000432588, 0.000100796
840721, 0.172411, 0.445503, 0.000319576, 4.01, 5.64154, 0, 0, 0.10003, -0.100133, 7.74893e-06, -0.00123335, 0.000100796
840731, 0.168145, 0.441411, 9.13739e-05, 4.02, 5.64154, 0, 0, 0.10003, -0.100038, 7.74894e-06, -0.000100307, 0.000100796
840740, 0.168054, 0.441334, 7.26879e-05, 4.03, 5.64154, 0, 0, 0.10003, -0.10003, 7.74893e-06, -7.50273e-06, 0.000100796
840751, 0.151284, 0.425097, -0.000630963, 4.04, 5.64154, 0, 0, 0.0997103, -0.0997371, 7.74894e-06, -0.00031925, 0.000100796
840761, 0.0970472, 0.372477, -0.00276507, 4.05, 5.64154, 0, 0, 0.0987659, -0.0988479, 7.74893e-06, -0.000977561, 0.000100796
840771, 0.345806, 0.341386, -0.00362227, 4.06, 5.64154, -0.350624, 0, 0.0984555, -0.0984907, 7.74894e-06, -0.000420064, 0.000100796
840780, 0.179012, 0.40666, -0.000231493, 4.07, 5.64154, 0, 0, 0.10003, -0.0999035, 7.74893e-06, 0.00150271, 0.000100796
840791, 0.184827, 0.412265, 4.62413e-05, 4.08, 5.64154, 0, 0, 0.10003, -0.100019, 7.74894e-06, 0.000123791, 0.000100796
840801, -0.109153, 0.396494, -0.000633127, 4.09, 5.64154, 0.347118, 0, 0.0997103, -0.0997362, 7.74893e-06, -0.000308499, 0.000100796
840811, 0.1363, 0.409167, 1.33395e-05, 4.1, 5.64154, 0, 0, 0.10003, -0.100006, 7.74894e-06, 0.000287123, 0.000100796
840821, 0.418136, 0.410463, 6.62863e-05, 4.11, 5.64154, -0.350624, 0, 0.10003, -0.100028, 7.74893e-06, 2.42293e-05, 0.000100796
840830, 0.166846, 0.394339, -0.000631481, 4.12, 5.64154, 0, 0, 0.0997103, -0.0997369, 7.74894e-06, -0.00031665, 0.000100796
840841, -0.0977162, 0.406983, 1.34826e-05, 4.13, 5.64154, 0.347118, 0, 0.10003, -0.100006, 7.74893e-06, 0.000286452, 0.000100796
840851, 0.118888, 0.391787, -0.000635809, 4.14, 5.64154, 0, 0, 0.0997103, -0.0997351, 7.74894e-06, -0.000295177, 0.000100796
840861, 0.1321, 0.404507, 1.31249e-05, 4.15, 5.64154, 0, 0, 0.10003, -0.100005, 7.74893e-06, 0.000288218, 0.000100796
840870, 0.431084, 0.422416, 0.00077346, 4.16, 5.64154, -0.350624, 0, 0.100351, -0.100322, 7.74894e-06, 0.000345975, 0.000100796
840881, 0.166856, 0.393847, -0.000573564, 4.17, 5.64154, 0, 0, 0.0997103, -0.099761, 7.74893e-06, -0.000604235, 0.000100796
840891, -0.098765, 0.405472, 1.82211e-05, 4.18, 5.64154, 0.347118, 0, 0.10003, -0.100008, 7.74894e-06, 0.000262901, 0.000100796
840901, 0.134773, 0.406682, 6.66797e-05, 4.19, 5.64154, 0, 0, 0.10003, -0.100028, 7.74893e-06, 2.224e-05, 0.000100796
840910, 0.135134, 0.407039, 7.06494e-05, 4.2, 5.64154, 0, 0, 0.10003, -0.100029, 7.74894e-06, 2.5332e-06, 0.000100796
840921, 0.415921, 0.407327, 7.09891e-05, 4.21, 5.64154, -0.350624, 0, 0.10003, -0.10003, 7.74893e-06, 9.23872e-07, 0.000100796
840931, 0.164545, 0.39112, -0.000631106, 4.22, 5.64154, 0, 0, 0.0997103, -0.099737, 7.74894e-06, -0.000318564, 0.000100796
840941, -0.102829, 0.403757, 1.35005e-05, 4.23, 5.64154, 0.350624, 0, 0.10003, -0.100006, 7.74893e-06, 0.000286303, 0.000100796
840950, 0.133142, 0.405051, 6.63042e-05, 4.24, 5.64154, 0, 0, 0.10003, -0.100028, 7.74894e-06, 2.41622e-05, 0.000100796
840961, 0.13351, 0.405415, 7.06315e-05, 4.25, 5.64154, 0, 0, 0.10003, -0.100029, 7.74893e-06, 2.68966e-06, 0.000100796
840971, 0.428637, 0.422312, 0.00077818, 4.26, 5.64154, -0.347118, 0, 0.100351, -0.100324, 7.74894e-06, 0.000322588, 0.000100796
840981, 0.183691, 0.410149, 0.000128943, 4.27, 5.64154, 0, 0, 0.10003, -0.100054, 7.74893e-06, -0.00028681, 0.000100796
840991, -0.0975868, 0.409411, 7.57635e-05, 4.28, 5.64154, 0.350624, 0, 0.10003, -0.100032, 7.74894e-06, -2.27839e-05, 0.000100796
841000, 0.137245, 0.409609, 7.14004e-05, 4.29, 5.64154, 0, 0, 0.10003, -0.10003, 7.74893e-06, -1.15484e-06, 0.000100796
841011, 0.13752, 0.409884, 7.10428e-05, 4.3, 5.64154, 0, 0, 0.10003, -0.10003, 7.74894e-06, 6.18398e-07, 0.000100796
841021, 0.4183, 0.410164, 7.1007e-05, 4.31, 5.64154, -0.350624, 0, 0.10003, -0.10003, 7.74893e-06, 7.59959e-07, 0.000100796
841031, 0.183944, 0.410446, 7.1007e-05, 4.32, 5.64154, 0, 0, 0.10003, -0.10003, 7.74894e-06, 7.7486e-07, 0.000100796
841040, -0.113295, 0.394238, -0.000631106, 4.33, 5.64154, 0.350624, 0, 0.0997103, -0.099737, 7.74893e-06, -0.000318572, 0.000100796
841051, 0.134468, 0.406875, 1.35005e-05, 4.34, 5.64154, 0, 0, 0.10003, -0.100006, 7.74894e-06, 0.000286303, 0.000100796
841061, 0.11878, 0.39168, -0.000635809, 4.35, 5.64154, 0, 0, 0.0997103, -0.0997351, 7.74893e-06, -0.000295185, 0.000100796
841071, 0.412491, 0.4044, 1.31249e-05, 4.36, 5.64154, -0.350624, 0, 0.10003, -0.100005, 7.74894e-06, 0.000288218, 0.000100796
841080, 0.179194, 0.4057, 6.62684e-05, 4.37, 5.64154, 0, 0, 0.10003, -0.100028, 7.74893e-06, 2.43187e-05, 0.000100796
841091, -0.117958, 0.389576, -0.000631481, 4.38, 5.64154, 0.350624, 0, 0.0997103, -0.0997369, 7.74894e-06, -0.000316642, 0.000100796
841101, 0.0459095, 0.320939, -0.00344751, 4.39, 5.64154, 0, 0, 0.0984555, -0.0985635, 7.74893e-06, -0.00128773, 0.000100796
841111, 0.110556, 0.383138, -0.00021717, 4.4, 5.64154, 0, 0, 0.10003, -0.0999095, 7.74894e-06, 0.00143164, 0.000100796
841121, 0.393804, 0.388491, 4.74036e-05, 4.41, 5.64154, -0.347118, 0, 0.10003, -0.10002, 7.74893e-06, 0.000117972, 0.000100796
841131, 0.162226, 0.389188, 6.90758e-05, 4.42, 5.64154, 0, 0, 0.10003, -0.100029, 7.74894e-06, 1.03787e-05, 0.000100796
841141, -0.132173, 0.373014, -0.000631267, 4.43, 5.64154, 0.347118, 0, 0.0997103, -0.099737, 7.74893e-06, -0.000317782, 0.000100796
841151, 0.113247, 0.385654, 1.34826e-05, 4.44, 5.64154, 0, 0, 0.10003, -0.100006, 7.74894e-06, 0.000286371, 0.000100796
841161, 0.39508, 0.386948, 6.63042e-05, 4.45, 5.64154, -0.350624, 0, 0.10003, -0.100028, 7.74893e-06, 2.41697e-05, 0.000100796
841170, 0.212616, 0.4375, 0.00220764, 4.46, 5.64154, 0, 0, 0.101002, -0.10092, 7.74894e-06, 0.000974678, 0.000100796
841181, 0.243139, 0.467342, 0.00310575, 4.47, 5.64154, 0, 0, 0.10133, -0.101294, 7.74893e-06, 0.000432588, 0.000100796
841191, 0.187905, 0.414219, 0.000319576, 4.48, 5.64154, 0, 0, 0.10003, -0.100133, 7.74894e-06, -0.00123335, 0.000100796
841201, 0.18364, 0.410127, 9.13739e-05, 4.49, 5.64154, 0, 0, 0.10003, -0.100038, 7.74893e-06, -0.000100307, 0.000100796
841210, 0.116189, 0.344795, -0.00270592, 4.5, 5.64154, 0, 0, 0.0987659, -0.0988725, 7.74894e-06, -0.00127131, 0.000100796
841221, 0.167269, 0.393943, -0.000156444, 4.51, 5.64154, 0, 0, 0.10003, -0.0999348, 7.74893e-06, 0.00113006, 0.000100796
841231, 0.171711, 0.398227, 5.23746e-05, 4.52, 5.64154, 0, 0, 0.10003, -0.100022, 7.74894e-06, 9.32738e-05, 0.000100796
841241, 0.172334, 0.398837, 6.94871e-05, 4.53, 5.64154, 0, 0, 0.10003, -0.100029, 7.74893e-06, 8.3521e-06, 0.000100796
841250, 0.172643, 0.399145, 7.08818e-05, 4.54, 5.64154, 0, 0, 0.10003, -0.10003, 7.74894e-06, 1.39326e-06, 0.000100796
841261, 0.172927, 0.399429, 7.1007e-05, 4.55, 5.64154, 0, 0, 0.10003, -0.10003, 7.74893e-06, 8.27014e-07, 0.000100796
841271, 0.225014, 0.449898, 0.00220801, 4.56, 5.64154, 0, 0, 0.101002, -0.10092, 7.74894e-06, 0.000972763, 0.000100796
841281, 0.25553, 0.479733, 0.00310577, 4.57, 5.64154, 0, 0, 0.10133, -0.101294, 7.74893e-06, 0.000432439, 0.000100796
841291, 0.200296, 0.42661, 0.000319576, 4.58, 5.64154, 0, 0, 0.10003, -0.100133, 7.74894e-06, -0.00123336, 0.000100796
841300, 0.17901, 0.406028, -0.000610739, 4.59, 5.64154, 0, 0, 0.0997103, -0.0997455, 7.74893e-06, -0.000419654, 0.000100796
841311, 0.208907, 0.434915, 0.000722373, 4.6, 5.64154, 0, 0, 0.100351, -0.100301, 7.74894e-06, 0.000599675, 0.000100796
841321, 0.129913, 0.35848, -0.00265422, 4.61, 5.64154, 0, 0, 0.0987659, -0.0988941, 7.74893e-06, -0.00152791, 0.000100796
841331, 0.163027, 0.39023, -0.000854319, 4.62, 5.64154, 0, 0, 0.0997103, -0.099644, 7.74894e-06, 0.000789694, 0.000100796
841340, 0.19738, 0.423403, 0.000702417, 4.63, 5.64154, 0, 0, 0.100351, -0.100293, 7.74893e-06, 0.00069873, 0.000100796
841351, 0.169089, 0.396084, -0.000579393, 4.64, 5.64154, 0, 0, 0.0997103, -0.0997586, 7.74894e-06, -0.000575341, 0.000100796
841361, 0.181269, 0.407812, 1.77383e-05, 4.65, 5.64154, 0, 0, 0.10003, -0.100007, 7.74893e-06, 0.00026527, 0.000100796
841371, 0.251852, 0.476191, 0.00292638, 4.66, 5.64154, 0, 0, 0.10133, -0.101219, 7.74894e-06, 0.00132315, 0.000100796
841380, 0.199899, 0.426224, 0.000304878, 4.67, 5.64154, 0, 0, 0.10003, -0.100127, 7.74893e-06, -0.00116041, 0.000100796
841391, 0.195903, 0.422391, 9.01759e-05, 4.68, 5.64154, 0, 0, 0.10003, -0.100038, 7.74894e-06, -9.43318e-05, 0.000100796
841401, 0.195834, 0.422335, 7.25806e-05, 4.69, 5.64154, 0, 0, 0.10003, -0.10003, 7.74893e-06, -7.01845e-06, 0.000100796
841411, 0.247892, 0.472776, 0.00220814, 4.7, 5.64154, 0, 0, 0.101002, -0.10092, 7.74894e-06, 0.000972122, 0.000100796
841420, 0.296055, 0.519706, 0.00383381, 4.71, 5.64154, 0, 0, 0.101661, -0.101597, 7.74893e-06, 0.000763521, 0.000100796
841431, 0.210482, 0.437283, -0.000322902, 4.72, 5.64154, 0, 0, 0.0997103, -0.0998655, 7.74894e-06, -0.00184877, 0.000100796
841441, 0.217969, 0.444496, 3.8749e-05, 4.73, 5.64154, 0, 0, 0.10003, -0.100016, 7.74893e-06, 0.00016097, 0.000100796
841451, 0.218841, 0.445345, 6.83606e-05, 4.74, 5.64154, 0, 0, 0.10003, -0.100028, 7.74894e-06, 1.38953e-05, 0.000100796
841461, 0.20215, 0.429184, -0.000631321, 4.75, 5.64154, 0, 0, 0.0997103, -0.099737, 7.74893e-06, -0.000317492, 0.000100796
841470, 0.215279, 0.441825, 1.34826e-05, 4.76, 5.64154, 0, 0, 0.10003, -0.100006, 7.74894e-06, 0.000286393, 0.000100796
841481, 0.199592, 0.42663, -0.000635809, 4.77, 5.64154, 0, 0, 0.0997103, -0.0997351, 7.74893e-06, -0.000295177, 0.000100796
841491, 0.212804, 0.43935, 1.31249e-05, 4.78, 5.64154, 0, 0, 0.10003, -0.100005, 7.74894e-06, 0.000288218, 0.000100796
841501, 0.214144, 0.44065, 6.62684e-05, 4.79, 5.64154, 0, 0, 0.10003, -0.100028, 7.74893e-06, 2.43187e-05, 0.000100796
841510, 0.214512, 0.441015, 7.06315e-05, 4.8, 5.64154, 0, 0, 0.10003, -0.100029, 7.74894e-06, 2.70456e-06, 0.000100796
841521, 0.214801, 0.441303, 7.09891e-05, 4.81, 5.64154, 0, 0, 0.10003, -0.10003, 7.74893e-06, 9.31323e-07, 0.000100796
841531, 0.232227, 0.458193, 0.000778198, 4.82, 5.64154, 0, 0, 0.100351, -0.100324, 7.74894e-06, 0.000322439, 0.000100796
841541, 0.288898, 0.51319, 0.00298866, 4.83, 5.64154, 0, 0, 0.10133, -0.101245, 7.74893e-06, 0.00101389, 0.000100796
841550, 0.218786, 0.445639, -0.000392121, 4.84, 5.64154, 0, 0, 0.0997103, -0.0998366, 7.74894e-06, -0.00150508, 0.000100796
841561, 0.22754, 0.454071, 3.30806e-05, 4.85, 5.64154, 0, 0, 0.10003, -0.100014, 7.74893e-06, 0.000189118, 0.000100796
841571, 0.228515, 0.45502, 6.79135e-05, 4.86, 5.64154, 0, 0, 0.10003, -0.100028, 7.74894e-06, 1.61976e-05, 0.000100796
841581, 0.228853, 0.455356, 7.07567e-05, 4.87, 5.64154, 0, 0, 0.10003, -0.100029, 7.74893e-06, 2.03401e-06, 0.000100796
841590, 0.212119, 0.439153, -0.000631124, 4.88, 5.64154, 0, 0, 0.0997103, -0.099737, 7.74894e-06, -0.000318468, 0.000100796
841601, 0.225244, 0.45179, 1.35005e-05, 4.89, 5.64154, 0, 0, 0.10003, -0.100006, 7.74893e-06, 0.000286311, 0.000100796
841611, 0.226578, 0.453084, 6.63042e-05, 4.9, 5.64154, 0, 0, 0.10003, -0.100028, 7.74894e-06, 2.41622e-05, 0.000100796
841621, 0.226946, 0.453448, 7.06315e-05, 4.91, 5.64154, 0, 0, 0.10003, -0.100029, 7.74893e-06, 2.68966e-06, 0.000100796
841631, 0.227234, 0.453736, 7.09891e-05, 4.92, 5.64154, 0, 0, 0.10003, -0.10003, 7.74894e-06, 9.31323e-07, 0.000100796
841640, 0.210495, 0.437529, -0.000631106, 4.93, 5.64154, 0, 0, 0.0997103, -0.099737, 7.74893e-06, -0.000318564, 0.000100796
841651, 0.22362, 0.450166, 1.35005e-05, 4.94, 5.64154, 0, 0, 0.10003, -0.100006, 7.74894e-06, 0.000286303, 0.000100796
841661, 0.157594, 0.386205, -0.00271229, 4.95, 5.64154, 0, 0, 0.0987659, -0.0988699, 7.74893e-06, -0.00123964, 0.000100796
841671, 0.208791, 0.435466, -0.000156963, 4.96, 5.64154, 0, 0, 0.10003, -0.0999346, 7.74894e-06, 0.00113265, 0.000100796
841680, 0.213243, 0.439759, 5.23388e-05, 4.97, 5.64154, 0, 0, 0.10003, -0.100022, 7.74893e-06, 9.34824e-05, 0.000100796
841691, 0.196845, 0.42388, -0.000632626, 4.98, 5.64154, 0, 0, 0.0997103, -0.0997364, 7.74894e-06, -0.00031098, 0.000100796
841701, 0.209998, 0.436544, 1.33753e-05, 4.99, 5.64154, 0, 0, 0.10003, -0.100006, 7.74893e-06, 0.000286922, 0.000100796
841711, 0.211334, 0.43784, 6.62863e-05, 5, 5.64154, 0, 0, 0.10003, -0.100028, 7.74894e-06, 2.42144e-05, 0.000100796
