QGPIORecord, QRC v6.1.0, 20-12-2021 @ 23:39:22, Windows 10 Version 2009, 10.0.19042, x86_64
Time, VoltageA, VoltageB, desired_velocity, time, PositionB, SpeedA, SpeedB, GetFrontDistance, xhat, Phat, nu, S
53462, 0, 0, 0, 0, -4.67733, 0, 0, 0.251411, -0.251156, 7.74894e-06, 0.00303215, 0.000100796
53471, 11.0101, 10.6661, 0.454168, 0.01, -4.67733, 0, 0, 0.251411, -0.251389, 7.74893e-06, 0.000254452, 0.000100796
53481, 12.4788, 12.1451, 0.440495, 0.02, -4.67733, 0, 0, 0.24683, -0.246832, 7.74894e-06, -1.7494e-05, 0.000100796
53491, 9.27188, 9.11197, 0.445616, 0.03, -4.61772, 6.3463, 6.32175, 0.249098, -0.248539, 7.74893e-06, 0.00667173, 0.000100796
53500, 4.86319, 4.05288, 0.452387, 0.04, -4.47396, 13.2326, 14.2669, 0.251411, -0.250796, 7.74894e-06, 0.00732833, 0.000100796
53511, 3.22498, 1.80536, 0.452938, 0.05, -4.30216, 15.3749, 17.0894, 0.251411, -0.250979, 7.74893e-06, 0.00513887, 0.000100796
53521, 5.03575, 3.53777, 0.446628, 0.06, -4.1584, 12.6505, 14.0951, 0.249098, -0.248876, 7.74894e-06, 0.00264837, 0.000100796
53531, 7.66754, 6.47805, 0.421873, 0.07, -4.06373, 8.75509, 9.45633, 0.240277, -0.240624, 7.74893e-06, -0.00413248, 0.000100796
53540, 9.52853, 9.02355, 0.419857, 0.08, -3.99712, 7.02651, 6.67238, 0.240277, -0.239952, 7.74894e-06, 0.00387193, 0.000100796
53551, 8.7466, 8.88185, 0.413911, 0.09, -3.91998, 8.75509, 7.6962, 0.238173, -0.23797, 7.74893e-06, 0.00241941, 0.000100796
53561, 6.72156, 7.60395, 0.437218, 0.1, -3.81479, 12.612, 10.8693, 0.24683, -0.245739, 7.74894e-06, 0.012999, 0.000100796
53571, 4.44927, 5.09517, 0.398596, 0.11, -3.67805, 14.3861, 13.3377, 0.232086, -0.232865, 7.74893e-06, -0.00928062, 0.000100796
53581, 4.37137, 4.06591, 0.395452, 0.12, -3.5378, 14.0109, 14.3581, 0.232086, -0.231817, 7.74894e-06, 0.00320712, 0.000100796
53591, 6.73757, 5.48383, 0.400672, 0.13, -3.41157, 10.8799, 12.2859, 0.234079, -0.233557, 7.74893e-06, 0.00621605, 0.000100796
53601, 8.75487, 7.27021, 0.395621, 0.14, -3.3134, 8.41147, 9.80345, 0.232086, -0.231874, 7.74894e-06, 0.00253597, 0.000100796
53611, 8.63776, 8.06809, 0.39521, 0.15, -3.22224, 9.13025, 9.13025, 0.232086, -0.231737, 7.74893e-06, 0.00416903, 0.000100796
53621, 6.68375, 6.73025, 0.379321, 0.16, -3.11705, 11.5566, 10.8553, 0.226317, -0.22644, 7.74894e-06, -0.00146732, 0.000100796
53630, 4.82636, 5.57399, 0.372925, 0.17, -2.99433, 13.6743, 12.2613, 0.22446, -0.224308, 7.74893e-06, 0.00181329, 0.000100796
53641, 4.9187, 5.27608, 0.377507, 0.18, -2.86811, 13.3097, 12.6225, 0.226317, -0.225836, 7.74894e-06, 0.0057382, 0.000100796
53651, 5.74858, 5.09164, 0.353216, 0.19, -2.74889, 11.2305, 11.9247, 0.217343, -0.217739, 7.74893e-06, -0.0047178, 0.000100796
53661, 6.31572, 5.53722, 0.33294, 0.2, -2.6402, 9.82098, 10.5292, 0.210684, -0.21098, 7.74894e-06, -0.0035222, 0.000100796
53670, 5.75819, 5.7262, 0.331289, 0.21, -2.54203, 10.5117, 10.1611, 0.210684, -0.21043, 7.74893e-06, 0.00303382, 0.000100796
53681, 4.89678, 5.19923, 0.309877, 0.22, -2.44034, 10.8623, 10.1716, 0.202942, -0.203292, 7.74894e-06, -0.00417489, 0.000100796
53691, 4.76752, 4.90019, 0.312256, 0.23, -2.33165, 10.8553, 10.4977, 0.204442, -0.204085, 7.74893e-06, 0.0042485, 0.000100796
53701, 4.18811, 4.36639, 0.296335, 0.24, -2.22646, 10.8693, 10.5292, 0.198578, -0.198778, 7.74894e-06, -0.00238486, 0.000100796
53711, 4.09723, 4.05153, 0.279871, 0.25, -2.12478, 10.1751, 10.1751, 0.193059, -0.19329, 7.74893e-06, -0.00275582, 0.000100796
53721, 4.40975, 4.07562, 0.278531, 0.26, -2.02661, 9.46685, 9.81748, 0.193059, -0.192844, 7.74894e-06, 0.00256744, 0.000100796
53731, 3.92615, 3.83968, 0.264121, 0.27, -1.93194, 9.46685, 9.45283, 0.187855, -0.18804, 7.74893e-06, -0.00220288, 0.000100796
53741, 3.0956, 3.5581, 0.249441, 0.28, -1.84078, 9.82098, 9.12675, 0.182941, -0.183147, 7.74894e-06, -0.00245823, 0.000100796
53751, 3.33174, 3.33854, 0.248246, 0.29, -1.74961, 9.11973, 9.10922, 0.182941, -0.182749, 7.74893e-06, 0.00228812, 0.000100796
53761, 3.02202, 3.29421, 0.232286, 0.3, -1.66546, 8.7621, 8.41498, 0.177169, -0.177429, 7.74894e-06, -0.00309767, 0.000100796
53771, 3.40378, 3.43067, 0.234074, 0.31, -1.58482, 8.05734, 8.06085, 0.178292, -0.178025, 7.74893e-06, 0.00318614, 0.000100796
53781, 3.32333, 3.3592, 0.225081, 0.32, -1.50768, 7.72776, 7.71724, 0.174967, -0.175027, 7.74894e-06, -0.00071694, 0.000100796
53791, 2.8647, 2.89899, 0.2099, 0.33, -1.43055, 7.69269, 7.69971, 0.169709, -0.169967, 7.74893e-06, -0.00306691, 0.000100796
53800, 2.46428, 2.51015, 0.189925, 0.34, -1.36042, 7.37012, 7.37012, 0.162891, -0.163308, 7.74894e-06, -0.00497706, 0.000100796
53811, 2.9813, 3.00985, 0.196129, 0.35, -1.2903, 6.64783, 6.64082, 0.16574, -0.165376, 7.74893e-06, 0.0043308, 0.000100796
53821, 3.15945, 3.18862, 0.196634, 0.36, -1.23069, 6.32526, 6.30773, 0.16574, -0.165545, 7.74894e-06, 0.00232473, 0.000100796
53831, 2.93668, 3.21546, 0.188845, 0.37, -1.16758, 6.30773, 5.97814, 0.162891, -0.162948, 7.74893e-06, -0.000687808, 0.000100796
53840, 2.53785, 2.88882, 0.175782, 0.38, -1.10797, 6.31474, 5.96061, 0.158368, -0.158594, 7.74894e-06, -0.00269188, 0.000100796
53851, 2.45568, 2.57434, 0.177145, 0.39, -1.04486, 6.29721, 6.30072, 0.159251, -0.159048, 7.74893e-06, 0.00241476, 0.000100796
53861, 2.59655, 2.43753, 0.165406, 0.4, -0.985254, 5.61349, 5.96412, 0.154939, -0.155135, 7.74894e-06, -0.00233752, 0.000100796
53871, 2.56, 2.3538, 0.155456, 0.41, -0.93266, 5.25936, 5.60999, 0.151666, -0.151819, 7.74893e-06, -0.00181502, 0.000100796
53881, 2.51658, 2.80982, 0.156856, 0.42, -0.880067, 5.26638, 4.91224, 0.152471, -0.152285, 7.74894e-06, 0.00220644, 0.000100796
53891, 2.19589, 2.53794, 0.146165, 0.43, -0.830979, 5.25936, 4.91224, 0.148539, -0.148722, 7.74893e-06, -0.00217792, 0.000100796
53901, 2.12865, 2.24579, 0.147407, 0.44, -0.778386, 5.24534, 5.24534, 0.149308, -0.149136, 7.74894e-06, 0.00204763, 0.000100796
53911, 1.71065, 1.84039, 0.135175, 0.45, -0.729298, 5.26988, 5.26638, 0.14482, -0.145058, 7.74893e-06, -0.00284198, 0.000100796
53921, 2.1024, 2.21285, 0.134179, 0.46, -0.680211, 4.55811, 4.55811, 0.14482, -0.144726, 7.74894e-06, 0.00111325, 0.000100796
53931, 2.31657, 2.15201, 0.134098, 0.47, -0.638136, 4.20749, 4.5511, 0.14482, -0.144699, 7.74893e-06, 0.00143522, 0.000100796
53941, 2.11161, 2.1715, 0.126304, 0.48, -0.596061, 4.20398, 4.20749, 0.141986, -0.142101, 7.74894e-06, -0.00137219, 0.000100796
53951, 1.90773, 1.98287, 0.120042, 0.49, -0.553986, 4.20749, 4.19697, 0.139938, -0.140014, 7.74893e-06, -0.000899851, 0.000100796
53961, 1.54034, 2.15317, 0.119532, 0.5, -0.511911, 4.55811, 3.86738, 0.139938, -0.139844, 7.74894e-06, 0.0011249, 0.000100796
53970, 1.48487, 1.65064, 0.110492, 0.51, -0.469836, 4.20048, 4.20048, 0.136664, -0.136831, 7.74893e-06, -0.00198458, 0.000100796
53981, 1.9565, 1.83231, 0.111519, 0.52, -0.431268, 3.50274, 3.85336, 0.137306, -0.137173, 7.74894e-06, 0.00157987, 0.000100796
53991, 2.05449, 1.60643, 0.104656, 0.53, -0.396205, 3.15211, 3.85687, 0.134778, -0.134885, 7.74893e-06, -0.00127973, 0.000100796
54001, 1.47967, 2.05255, 0.104098, 0.54, -0.361143, 3.85687, 3.14861, 0.134778, -0.134699, 7.74894e-06, 0.000939175, 0.000100796
54010, 1.42535, 1.80982, 0.105763, 0.55, -0.326081, 3.86037, 3.51325, 0.1354, -0.135254, 7.74893e-06, 0.00174214, 0.000100796
54021, 1.70346, 1.58121, 0.0975141, 0.56, -0.291018, 3.15562, 3.50624, 0.13235, -0.132505, 7.74894e-06, -0.00184689, 0.000100796
54031, 1.66094, 1.49605, 0.0968427, 0.57, -0.255956, 3.15562, 3.50274, 0.13235, -0.132281, 7.74893e-06, 0.00082016, 0.000100796
54041, 1.47514, 1.53877, 0.090371, 0.58, -0.227906, 3.15562, 3.15562, 0.130015, -0.130124, 7.74894e-06, -0.00129773, 0.000100796
54051, 1.26092, 1.60127, 0.0836693, 0.59, -0.19635, 3.15211, 2.80149, 0.127768, -0.12789, 7.74893e-06, -0.00145206, 0.000100796
54061, 1.16143, 1.55094, 0.0831237, 0.6, -0.171806, 3.15912, 2.80499, 0.127768, -0.127708, 7.74894e-06, 0.000714824, 0.000100796
54071, 1.64602, 1.51791, 0.0830793, 0.61, -0.143756, 2.44736, 2.79798, 0.127768, -0.127693, 7.74893e-06, 0.000891224, 0.000100796
54081, 1.50255, 1.60509, 0.0771294, 0.62, -0.115706, 2.45788, 2.45788, 0.125604, -0.12571, 7.74894e-06, -0.00125806, 0.000100796
54091, 1.23568, 1.34334, 0.078111, 0.63, -0.087656, 2.80149, 2.80499, 0.126138, -0.126037, 7.74893e-06, 0.00119909, 0.000100796
54100, 1.28404, 1.39339, 0.070995, 0.64, -0.0631124, 2.45437, 2.45086, 0.123519, -0.123665, 7.74894e-06, -0.0017366, 0.000100796
54111, 0.995332, 1.38194, 0.0718286, 0.65, -0.0385687, 2.79097, 2.44034, 0.124033, -0.123943, 7.74893e-06, 0.00107832, 0.000100796
54121, 1.21486, 1.36351, 0.0733223, 0.66, -0.014025, 2.46138, 2.46489, 0.124552, -0.124441, 7.74894e-06, 0.0013276, 0.000100796
54131, 1.55032, 1.1463, 0.0650799, 0.67, 0.00701248, 1.75312, 2.45437, 0.121509, -0.121693, 7.74893e-06, -0.00219878, 0.000100796
54140, 1.18484, 1.24488, 0.0603927, 0.68, 0.0315562, 2.10374, 2.10374, 0.120047, -0.120131, 7.74894e-06, -0.0009951, 0.000100796
54151, 0.8621, 1.20284, 0.0600112, 0.69, 0.0525936, 2.45086, 2.10024, 0.120047, -0.120004, 7.74893e-06, 0.000520423, 0.000100796
54161, 0.775832, 1.43428, 0.0599801, 0.7, 0.0701248, 2.45437, 1.75312, 0.120047, -0.119993, 7.74894e-06, 0.00064379, 0.000100796
54171, 1.25348, 1.17092, 0.0599776, 0.71, 0.0911623, 1.75312, 2.10374, 0.120047, -0.119993, 7.74893e-06, 0.000653826, 0.000100796
54180, 1.41651, 1.28597, 0.0547847, 0.72, 0.108693, 1.4025, 1.74961, 0.118158, -0.118262, 7.74894e-06, -0.00123481, 0.000100796
54191, 1.16227, 0.992608, 0.054362, 0.73, 0.129731, 1.74961, 2.10024, 0.118158, -0.118121, 7.74893e-06, 0.000444226, 0.000100796
54201, 0.867555, 1.20429, 0.0543276, 0.74, 0.147262, 2.10024, 1.74961, 0.118158, -0.118109, 7.74894e-06, 0.000580899, 0.000100796
54211, 0.964206, 1.34193, 0.0493088, 0.75, 0.161287, 1.75312, 1.4025, 0.116333, -0.116436, 7.74893e-06, -0.00123312, 0.000100796
54221, 0.923242, 1.34705, 0.0489003, 0.76, 0.175312, 1.74961, 1.39899, 0.116333, -0.1163, 7.74894e-06, 0.000389606, 0.000100796
54231, 0.884604, 1.08265, 0.0488671, 0.77, 0.192843, 1.75312, 1.75312, 0.116333, -0.116289, 7.74893e-06, 0.000521697, 0.000100796
54241, 1.13223, 1.04969, 0.0488643, 0.78, 0.210375, 1.39899, 1.74961, 0.116333, -0.116288, 7.74894e-06, 0.000532448, 0.000100796
54251, 0.881089, 1.03261, 0.0381796, 0.79, 0.224399, 1.4025, 1.4025, 0.112445, -0.112727, 7.74893e-06, -0.00335445, 0.000100796
54261, 0.972184, 1.11985, 0.0431463, 0.8, 0.238424, 1.39899, 1.39899, 0.114569, -0.114382, 7.74894e-06, 0.00222402, 0.000100796
54270, 0.689514, 1.11466, 0.0435506, 0.81, 0.252449, 1.74961, 1.4025, 0.114569, -0.114517, 7.74893e-06, 0.0006181, 0.000100796
54281, 0.770284, 1.24198, 0.037747, 0.82, 0.262968, 1.4025, 1.04837, 0.112445, -0.112582, 7.74894e-06, -0.00163635, 0.000100796
54291, 1.0083, 0.971645, 0.0372746, 0.83, 0.276993, 1.04837, 1.39899, 0.112445, -0.112425, 7.74893e-06, 0.000240147, 0.000100796
54301, 1.04302, 0.959742, 0.0383842, 0.84, 0.291018, 1.05187, 1.4025, 0.112863, -0.112795, 7.74894e-06, 0.000810653, 0.000100796
54310, 0.642346, 1.06965, 0.0328268, 0.85, 0.301537, 1.4025, 1.05187, 0.110808, -0.110942, 7.74893e-06, -0.0016032, 0.000100796
54321, 0.58085, 1.05427, 0.0323744, 0.86, 0.312056, 1.39899, 1.04837, 0.110808, -0.110791, 7.74894e-06, 0.000193723, 0.000100796
54331, 1.11323, 1.0707, 0.0334488, 0.87, 0.322574, 0.697742, 1.04837, 0.111212, -0.11115, 7.74893e-06, 0.000744358, 0.000100796
54341, 0.846419, 1.03939, 0.032425, 0.88, 0.333093, 1.05187, 1.05187, 0.110808, -0.110808, 7.74894e-06, -7.40588e-06, 0.000100796
54351, 0.581775, 1.05447, 0.0334529, 0.89, 0.343612, 1.4025, 1.05187, 0.111212, -0.111151, 7.74893e-06, 0.000727989, 0.000100796
54361, 0.553486, 0.52787, 0.022813, 0.9, 0.357637, 1.05187, 1.4025, 0.10731, -0.107604, 7.74894e-06, -0.00350635, 0.000100796
54371, 0.896035, 0.812379, 0.0272023, 0.91, 0.364649, 0.697742, 1.04837, 0.109222, -0.109067, 7.74893e-06, 0.00184616, 0.000100796
54381, 0.664037, 1.08575, 0.0286358, 0.92, 0.375168, 1.05187, 0.701248, 0.109614, -0.109545, 7.74894e-06, 0.000818543, 0.000100796
54391, 0.897193, 1.085, 0.0276763, 0.93, 0.38218, 0.701248, 0.701248, 0.109222, -0.109225, 7.74893e-06, -3.65451e-05, 0.000100796
54401, 0.658865, 0.854681, 0.0286744, 0.94, 0.392699, 1.05187, 1.05187, 0.109614, -0.109558, 7.74894e-06, 0.000665292, 0.000100796
54411, 0.536578, 0.735468, 0.0245015, 0.95, 0.399712, 1.04837, 1.04837, 0.108066, -0.108167, 7.74893e-06, -0.00120538, 0.000100796
54421, 0.460247, 0.932005, 0.023119, 0.96, 0.41023, 1.05187, 0.701248, 0.107687, -0.107706, 7.74894e-06, -0.00023558, 0.000100796
54431, 0.720154, 0.953764, 0.0240492, 0.97, 0.417243, 0.697742, 0.701248, 0.108066, -0.108016, 7.74893e-06, 0.000590861, 0.000100796
54440, 0.697963, 0.934652, 0.0230822, 0.98, 0.424255, 0.701248, 0.701248, 0.107687, -0.107694, 7.74894e-06, -8.93623e-05, 0.000100796
54451, 0.7211, 0.957059, 0.0240462, 0.99, 0.431268, 0.701248, 0.701248, 0.108066, -0.108015, 7.74893e-06, 0.000602752, 0.000100796
54461, 0.752068, 0.718155, 0.0251757, 1, 0.441786, 0.701248, 1.04837, 0.108448, -0.108392, 7.74894e-06, 0.000673458, 0.000100796
54471, 0.639741, 0.833204, 0.0200939, 1.01, 0.448799, 0.697742, 0.697742, 0.106566, -0.106698, 7.74893e-06, -0.00157429, 0.000100796
54480, 0.615288, 1.08089, 0.0196802, 1.02, 0.452305, 0.701248, 0.350624, 0.106566, -0.10656, 7.74894e-06, 6.88285e-05, 0.000100796
54491, 0.603559, 0.843222, 0.0196465, 1.03, 0.459318, 0.697742, 0.697742, 0.106566, -0.106549, 7.74893e-06, 0.000202574, 0.000100796
54501, 0.565593, 0.806025, 0.0186329, 1.04, 0.46633, 0.697742, 0.697742, 0.106198, -0.106211, 7.74894e-06, -0.000154361, 0.000100796
54511, 0.567884, 0.807699, 0.0195613, 1.05, 0.473343, 0.701248, 0.701248, 0.106566, -0.10652, 7.74893e-06, 0.000541203, 0.000100796
54521, 0.558331, 0.798002, 0.0196369, 1.06, 0.480355, 0.697742, 0.697742, 0.106566, -0.106546, 7.74894e-06, 0.000241034, 0.000100796
54531, 0.822743, 0.781998, 0.019643, 1.07, 0.487368, 0.350624, 0.701248, 0.106566, -0.106548, 7.74893e-06, 0.000216596, 0.000100796
54541, 0.480151, 0.946, 0.0156461, 1.08, 0.490874, 0.697742, 0.350624, 0.105111, -0.105215, 7.74894e-06, -0.00123992, 0.000100796
54551, 0.443015, 0.685497, 0.0153208, 1.09, 0.497886, 0.697742, 0.697742, 0.105111, -0.105107, 7.74893e-06, 5.24074e-05, 0.000100796
54561, 0.716282, 0.677537, 0.0162822, 1.1, 0.504899, 0.347118, 0.697742, 0.105471, -0.105427, 7.74894e-06, 0.00051707, 0.000100796
54571, 0.454009, 0.921663, 0.0163604, 1.11, 0.508405, 0.701248, 0.350624, 0.105471, -0.105453, 7.74893e-06, 0.000206217, 0.000100796
54581, 0.686642, 0.920314, 0.0153789, 1.12, 0.511911, 0.347118, 0.347118, 0.105111, -0.105126, 7.74894e-06, -0.000178553, 0.000100796
54591, 0.603451, 0.568476, 0.0114214, 1.13, 0.518924, 0.350624, 0.701248, 0.1037, -0.103807, 7.74893e-06, -0.00127213, 0.000100796
54601, 0.411358, 0.605522, 0.0149769, 1.14, 0.525936, 0.697742, 0.701248, 0.105111, -0.104992, 7.74894e-06, 0.0014184, 0.000100796
54610, 0.386472, 0.854409, 0.0152663, 1.15, 0.529442, 0.697742, 0.347118, 0.105111, -0.105089, 7.74893e-06, 0.000268802, 0.000100796
54621, 0.539981, 0.779005, 0.0114123, 1.16, 0.532949, 0.350624, 0.347118, 0.1037, -0.103804, 7.74894e-06, -0.00123572, 0.000100796
54631, 0.531748, 0.497017, 0.0110985, 1.17, 0.539961, 0.350624, 0.701248, 0.1037, -0.1037, 7.74893e-06, 1.04159e-05, 0.000100796
54641, 0.529258, 0.720418, 0.011073, 1.18, 0.543467, 0.350624, 0.350624, 0.1037, -0.103691, 7.74894e-06, 0.000111856, 0.000100796
54650, 0.527235, 0.718397, 0.0110709, 1.19, 0.546974, 0.350624, 0.350624, 0.1037, -0.10369, 7.74893e-06, 0.000120118, 0.000100796
54661, 0.247556, 0.71913, 0.0110707, 1.2, 0.55048, 0.697742, 0.347118, 0.1037, -0.10369, 7.74894e-06, 0.000120789, 0.000100796
54671, 0.503906, 0.740116, 0.0120292, 1.21, 0.553986, 0.347118, 0.347118, 0.104049, -0.10401, 7.74893e-06, 0.000469603, 0.000100796
54681, 0.482033, 0.718998, 0.0111487, 1.22, 0.557492, 0.350624, 0.350624, 0.1037, -0.103716, 7.74894e-06, -0.000189058, 0.000100796
54691, 0.572626, 0.534974, 0.0149547, 1.23, 0.564505, 0.350624, 0.701248, 0.105111, -0.104985, 7.74893e-06, 0.00150657, 0.000100796
54701, 0.385933, 0.580406, 0.00670027, 1.24, 0.568011, 0.350624, 0.350624, 0.101995, -0.102233, 7.74894e-06, -0.00284028, 0.000100796
54711, 0.466759, 0.92712, 0.010715, 1.25, 0.568011, 0.347118, 0, 0.1037, -0.103572, 7.74893e-06, 0.00153396, 0.000100796
54721, 0.468944, 0.708249, 0.0110418, 1.26, 0.571517, 0.350624, 0.347118, 0.1037, -0.103681, 7.74894e-06, 0.000235878, 0.000100796
54731, 0.376265, 0.616142, 0.00730522, 1.27, 0.575024, 0.350624, 0.350624, 0.102331, -0.102435, 7.74893e-06, -0.00123908, 0.000100796
54740, 0.351985, 0.592092, 0.00700106, 1.28, 0.57853, 0.350624, 0.350624, 0.102331, -0.102334, 7.74894e-06, -3.09274e-05, 0.000100796
54751, 0.336078, 0.304383, 0.00697631, 1.29, 0.585542, 0.347118, 0.697742, 0.102331, -0.102325, 7.74893e-06, 6.74203e-05, 0.000100796
54761, 0.315473, 0.781472, 0.0069743, 1.3, 0.585542, 0.350624, 0, 0.102331, -0.102325, 7.74894e-06, 7.54148e-05, 0.000100796
54771, 0.600303, 0.559227, 0.00790445, 1.31, 0.589049, 0, 0.350624, 0.10267, -0.102635, 7.74893e-06, 0.000414588, 0.000100796
54780, 0.355775, 0.549191, 0.00798018, 1.32, 0.592555, 0.347118, 0.347118, 0.10267, -0.10266, 7.74894e-06, 0.000113837, 0.000100796
54791, 0.316793, 0.782731, 0.007056, 1.33, 0.592555, 0.350624, 0, 0.102331, -0.102352, 7.74893e-06, -0.000249162, 0.000100796
54801, 0.322434, 0.561764, 0.00791111, 1.34, 0.596061, 0.347118, 0.347118, 0.10267, -0.102637, 7.74894e-06, 0.000388168, 0.000100796
54811, 0.565216, 0.524786, 0.00705039, 1.35, 0.599567, 0, 0.350624, 0.102331, -0.10235, 7.74893e-06, -0.000226833, 0.000100796
54820, 0.310963, 0.507942, 0.00698031, 1.36, 0.603074, 0.350624, 0.347118, 0.102331, -0.102327, 7.74894e-06, 5.14686e-05, 0.000100796
54831, 0.292631, 0.759089, 0.00697462, 1.37, 0.603074, 0.350624, 0, 0.102331, -0.102325, 7.74893e-06, 7.41258e-05, 0.000100796
54841, 0.188634, 0.431901, 0.00332051, 1.38, 0.60658, 0.347118, 0.347118, 0.101002, -0.101107, 7.74894e-06, -0.00125349, 0.000100796
54851, 0.448776, 0.411172, 0.00392644, 1.39, 0.610086, 0, 0.350624, 0.10133, -0.101309, 7.74893e-06, 0.000256732, 0.000100796
54861, 0.16594, 0.63255, 0.00307238, 1.4, 0.610086, 0.347118, 0, 0.101002, -0.101024, 7.74894e-06, -0.000267908, 0.000100796
54871, 0.430625, 0.664311, 0.00390626, 1.41, 0.610086, 0, 0, 0.10133, -0.101302, 7.74893e-06, 0.00033696, 0.000100796
54881, 0.447753, 0.412372, 0.00397414, 1.42, 0.613592, 0, 0.347118, 0.10133, -0.101325, 7.74894e-06, 6.73383e-05, 0.000100796
54891, 0.161239, 0.63065, 0.00307625, 1.43, 0.613592, 0.350624, 0, 0.101002, -0.101025, 7.74893e-06, -0.000283331, 0.000100796
54901, 0.150505, 0.662344, 0.00390657, 1.44, 0.613592, 0.347118, 0, 0.10133, -0.101302, 7.74894e-06, 0.000335708, 0.000100796
54910, 0.399919, 0.407681, 0.00397416, 1.45, 0.617099, 0, 0.350624, 0.10133, -0.101325, 7.74893e-06, 6.7234e-05, 0.000100796
54921, 0.393903, 0.356485, 0.00307625, 1.46, 0.620605, 0, 0.350624, 0.101002, -0.101025, 7.74894e-06, -0.000283338, 0.000100796
54931, 0.448287, 0.635422, 0.0048166, 1.47, 0.620605, 0, 0, 0.101661, -0.101606, 7.74893e-06, 0.000666842, 0.000100796
54941, 0.149156, 0.615252, 0.00314482, 1.48, 0.620605, 0.347118, 0, 0.101002, -0.101048, 7.74894e-06, -0.000555724, 0.000100796
54950, 0.132014, 0.645737, 0.00391214, 1.49, 0.620605, 0.350624, 0, 0.10133, -0.101304, 7.74893e-06, 0.000313535, 0.000100796
54961, 0.383673, 0.390976, 0.00397461, 1.5, 0.624111, 0, 0.350624, 0.10133, -0.101325, 7.74894e-06, 6.54384e-05, 0.000100796
54971, 0.377649, 0.611506, 0.00307629, 1.51, 0.624111, 0, 0, 0.101002, -0.101025, 7.74893e-06, -0.00028348, 0.000100796
54981, 0.40997, 0.643198, 0.00390657, 1.52, 0.624111, 0, 0, 0.10133, -0.101302, 7.74894e-06, 0.000335693, 0.000100796
54990, 0.427093, 0.391253, 0.00397416, 1.53, 0.627617, 0, 0.347118, 0.10133, -0.101325, 7.74893e-06, 6.7234e-05, 0.000100796
55001, 0.140578, 0.609531, 0.00307625, 1.54, 0.627617, 0.350624, 0, 0.101002, -0.101025, 7.74894e-06, -0.000283338, 0.000100796
55011, 0.407538, 0.641224, 0.00390657, 1.55, 0.627617, 0, 0, 0.10133, -0.101302, 7.74893e-06, 0.000335708, 0.000100796
55021, 0.40276, 0.637079, 0.00307075, 1.56, 0.627617, 0, 0, 0.101002, -0.101024, 7.74894e-06, -0.000261486, 0.000100796
55031, 0.157489, 0.399853, 0.00390612, 1.57, 0.631124, 0.347118, 0.347118, 0.10133, -0.101302, 7.74893e-06, 0.000337481, 0.000100796
55041, 0.406911, 0.640546, 0.00397412, 1.58, 0.631124, 0, 0, 0.10133, -0.101325, 7.74894e-06, 6.73831e-05, 0.000100796
55051, 0.400896, 0.635211, 0.00307625, 1.59, 0.631124, 0, 0, 0.101002, -0.101025, 7.74893e-06, -0.000283323, 0.000100796
55061, 0.433218, 0.395171, 0.00390657, 1.6, 0.63463, 0, 0.350624, 0.10133, -0.101302, 7.74894e-06, 0.000335708, 0.000100796
55071, 0.147941, 0.616898, 0.00307075, 1.61, 0.63463, 0.350624, 0, 0.101002, -0.101024, 7.74893e-06, -0.000261486, 0.000100796
55080, 0.3931, 0.627471, 0.00300271, 1.62, 0.63463, 0, 0, 0.101002, -0.101001, 7.74894e-06, 8.76188e-06, 0.000100796
55091, 0.149074, 0.391443, 0.00390058, 1.63, 0.638136, 0.347118, 0.347118, 0.10133, -0.1013, 7.74893e-06, 0.000359483, 0.000100796
55101, 0.376697, 0.611017, 0.00307026, 1.64, 0.638136, 0, 0, 0.101002, -0.101023, 7.74894e-06, -0.000259548, 0.000100796
55111, 0.409129, 0.642815, 0.00390608, 1.65, 0.638136, 0, 0, 0.10133, -0.101302, 7.74893e-06, 0.000337645, 0.000100796
55120, 0.426261, 0.659895, 0.00397412, 1.66, 0.638136, 0, 0, 0.10133, -0.101325, 7.74894e-06, 6.7398e-05, 0.000100796
55131, 0.420246, 0.654561, 0.00307625, 1.67, 0.638136, 0, 0, 0.101002, -0.101025, 7.74893e-06, -0.000283323, 0.000100796
55141, 0.196935, 0.43861, 0.0048166, 1.68, 0.641642, 0.347118, 0.347118, 0.101661, -0.101606, 7.74894e-06, 0.000666842, 0.000100796
55151, 0.40779, 0.642053, 0.00314482, 1.69, 0.641642, 0, 0, 0.101002, -0.101048, 7.74893e-06, -0.000555724, 0.000100796
55160, 0.438856, 0.672538, 0.00391214, 1.7, 0.641642, 0, 0, 0.10133, -0.101304, 7.74894e-06, 0.000313535, 0.000100796
55171, 0.455877, 0.417778, 0.00397461, 1.71, 0.645149, 0, 0.350624, 0.10133, -0.101325, 7.74893e-06, 6.54384e-05, 0.000100796
55181, 0.172159, 0.638307, 0.00307629, 1.72, 0.645149, 0.347118, 0, 0.101002, -0.101025, 7.74894e-06, -0.00028348, 0.000100796
55191, 0.436772, 0.669999, 0.00390657, 1.73, 0.645149, 0, 0, 0.10133, -0.101302, 7.74893e-06, 0.000335693, 0.000100796
55201, 0.154299, 0.396838, 0.00307075, 1.74, 0.648655, 0.347118, 0.347118, 0.101002, -0.101024, 7.74894e-06, -0.000261486, 0.000100796
55211, 0.311079, 0.547679, -0.000546187, 1.75, 0.648655, 0, 0, 0.0997103, -0.0998179, 7.74893e-06, -0.00128257, 0.000100796
55221, 0.323053, 0.559211, 3.70368e-05, 1.76, 0.648655, 0, 0, 0.10003, -0.100012, 7.74894e-06, 0.000206254, 0.000100796
55231, 0.303074, 0.268128, -0.000793129, 1.77, 0.652161, 0, 0.350624, 0.0997103, -0.0997356, 7.74893e-06, -0.000301667, 0.000100796
55241, 0.319569, 0.509881, 1.69426e-05, 1.78, 0.652161, 0, 0, 0.10003, -0.100006, 7.74894e-06, 0.000286095, 0.000100796
55250, 0.0649699, 0.532257, 0.000966869, 1.79, 0.652161, 0.347118, 0, 0.100351, -0.100322, 7.74893e-06, 0.000345834, 0.000100796
55261, 0.281538, 0.517145, 0.000160195, 1.8, 0.652161, 0, 0, 0.10003, -0.100053, 7.74894e-06, -0.000282966, 0.000100796
55271, 0.302011, 0.536998, 0.000978515, 1.81, 0.652161, 0, 0, 0.100351, -0.100326, 7.74893e-06, 0.000299513, 0.000100796
55281, 0.264798, 0.501069, -0.000716485, 1.82, 0.652161, 0, 0, 0.0997103, -0.0997612, 7.74894e-06, -0.000606082, 0.000100796
55290, 0.27989, 0.515601, 2.31788e-05, 1.83, 0.652161, 0, 0, 0.10003, -0.100008, 7.74893e-06, 0.000261314, 0.000100796
55301, 0.281441, 0.517106, 8.3372e-05, 1.84, 0.652161, 0, 0, 0.10003, -0.100028, 7.74894e-06, 2.2158e-05, 0.000100796
55311, 0.260614, 0.496941, -0.000789352, 1.85, 0.652161, 0, 0, 0.0997103, -0.0997369, 7.74893e-06, -0.00031665, 0.000100796
55321, 0.277039, 0.512754, 1.72332e-05, 1.86, 0.652161, 0, 0, 0.10003, -0.100006, 7.74894e-06, 0.00028488, 0.000100796
55330, 0.278699, 0.514365, 8.29026e-05, 1.87, 0.652161, 0, 0, 0.10003, -0.100028, 7.74893e-06, 2.40803e-05, 0.000100796
55341, 0.365816, 0.598769, 0.00366289, 1.88, 0.652161, 0, 0, 0.10133, -0.101221, 7.74894e-06, 0.00130355, 0.000100796
55351, 0.387399, 0.620131, 0.00395431, 1.89, 0.652161, 0, 0, 0.10133, -0.101318, 7.74893e-06, 0.000146024, 0.000100796
55361, 0.316989, 0.552412, 0.000403382, 1.9, 0.652161, 0, 0, 0.10003, -0.100134, 7.74894e-06, -0.00124891, 0.000100796
55371, 0.311581, 0.547222, 0.000114329, 1.91, 0.652161, 0, 0, 0.10003, -0.100038, 7.74893e-06, -0.000100777, 0.000100796
55380, 0.311463, 0.547123, 9.07928e-05, 1.92, 0.652161, 0, 0, 0.10003, -0.10003, 7.74894e-06, -7.31647e-06, 0.000100796
55391, 0.290501, 0.526827, -0.000788748, 1.93, 0.652161, 0, 0, 0.0997103, -0.0997371, 7.74893e-06, -0.000319049, 0.000100796
55401, 0.306915, 0.270896, 1.72779e-05, 1.94, 0.655667, 0, 0.350624, 0.10003, -0.100006, 7.74894e-06, 0.000284679, 0.000100796
55411, 0.0308795, 0.498378, 8.29026e-05, 1.95, 0.655667, 0.347118, 0, 0.10003, -0.100028, 7.74893e-06, 2.40654e-05, 0.000100796
55420, 0.263629, 0.498832, 8.82447e-05, 1.96, 0.655667, 0, 0, 0.10003, -0.100029, 7.74894e-06, 2.84612e-06, 0.000100796
55431, 0.263989, 0.499192, 8.86694e-05, 1.97, 0.655667, 0, 0, 0.10003, -0.10003, 7.74893e-06, 1.11759e-06, 0.000100796
55441, 0.243065, 0.478933, -0.000788927, 1.98, 0.655667, 0, 0, 0.0997103, -0.099737, 7.74894e-06, -0.000318363, 0.000100796
55451, 0.259483, 0.494739, 1.72779e-05, 1.99, 0.655667, 0, 0, 0.10003, -0.100006, 7.74893e-06, 0.000284739, 0.000100796
55460, 0.261142, 0.496349, 8.29026e-05, 2, 0.655667, 0, 0, 0.10003, -0.100028, 7.74894e-06, 2.40654e-05, 0.000100796
55471, 0.2616, 0.496803, 8.82447e-05, 2.01, 0.655667, 0, 0, 0.10003, -0.100029, 7.74893e-06, 2.84612e-06, 0.000100796
55481, 0.157082, 0.395562, -0.00423755, 2.02, 0.655667, 0, 0, 0.0984555, -0.0985875, 7.74894e-06, -0.00157306, 0.000100796
55491, 0.236628, 0.472097, -0.00026346, 2.03, 0.655667, 0, 0, 0.10003, -0.0999122, 7.74893e-06, 0.00139979, 0.000100796
55500, 0.22215, 0.458039, -0.000817582, 2.04, 0.655667, 0, 0, 0.0997103, -0.0997275, 7.74894e-06, -0.000204511, 0.000100796
55511, 0.239092, 0.47435, 1.4931e-05, 2.05, 0.655667, 0, 0, 0.10003, -0.100005, 7.74893e-06, 0.000294007, 0.000100796
55521, 0.219518, 0.45539, -0.00079494, 2.06, 0.655667, 0, 0, 0.0997103, -0.099735, 7.74894e-06, -0.000294521, 0.000100796
55531, 0.236045, 0.471302, 1.67862e-05, 2.07, 0.655667, 0, 0, 0.10003, -0.100006, 7.74893e-06, 0.000286683, 0.000100796
55541, 0.237713, 0.47292, 8.28579e-05, 2.08, 0.655667, 0, 0, 0.10003, -0.100028, 7.74894e-06, 2.42293e-05, 0.000100796
55550, 0.238172, 0.473375, 8.82447e-05, 2.09, 0.655667, 0, 0, 0.10003, -0.100029, 7.74893e-06, 2.86102e-06, 0.000100796
55561, 0.238532, 0.473735, 8.86694e-05, 2.1, 0.655667, 0, 0, 0.10003, -0.10003, 7.74894e-06, 1.11759e-06, 0.000100796
55571, 0.238885, 0.474087, 8.87141e-05, 2.11, 0.655667, 0, 0, 0.10003, -0.10003, 7.74893e-06, 9.83477e-07, 0.000100796
55581, 0.239237, 0.474439, 8.87141e-05, 2.12, 0.655667, 0, 0, 0.10003, -0.10003, 7.74894e-06, 9.68575e-07, 0.000100796
55590, 0.13471, 0.37319, -0.00423751, 2.13, 0.655667, 0, 0, 0.0984555, -0.0985875, 7.74893e-06, -0.00157321, 0.000100796
55601, 0.214255, 0.449724, -0.00026346, 2.14, 0.655667, 0, 0, 0.10003, -0.0999122, 7.74894e-06, 0.00139979, 0.000100796
55611, 0.242483, 0.477038, 0.000944048, 2.15, 0.655667, 0, 0, 0.100351, -0.100315, 7.74893e-06, 0.000436492, 0.000100796
55621, 0.227178, 0.462328, 0.00015834, 2.16, 0.655667, 0, 0, 0.10003, -0.100053, 7.74894e-06, -0.00027559, 0.000100796
55630, 0.204979, 0.440842, -0.00078325, 2.17, 0.655667, 0, 0, 0.0997103, -0.0997389, 7.74893e-06, -0.000340886, 0.000100796
55641, 0.221292, 0.456548, 1.77249e-05, 2.18, 0.655667, 0, 0, 0.10003, -0.100006, 7.74894e-06, 0.000282906, 0.000100796
55651, 0.201667, 0.437539, -0.000794694, 2.19, 0.655667, 0, 0, 0.0997103, -0.0997351, 7.74893e-06, -0.000295423, 0.000100796
55661, 0.21819, 0.453447, 1.68085e-05, 2.2, 0.655667, 0, 0, 0.10003, -0.100006, 7.74894e-06, 0.000286601, 0.000100796
55670, 0.219858, 0.455065, 8.28579e-05, 2.21, 0.655667, 0, 0, 0.10003, -0.100028, 7.74893e-06, 2.42218e-05, 0.000100796
55681, 0.220317, 0.45552, 8.82447e-05, 2.22, 0.655667, 0, 0, 0.10003, -0.100029, 7.74894e-06, 2.86102e-06, 0.000100796
55691, 0.242107, 0.47664, 0.000972658, 2.23, 0.655667, 0, 0, 0.100351, -0.100324, 7.74893e-06, 0.000322774, 0.000100796
55701, 0.121399, 0.359825, -0.00416556, 2.24, 0.655667, 0, 0, 0.0984555, -0.0986115, 7.74894e-06, -0.00185902, 0.000100796
55711, 0.199627, 0.435092, -0.000257604, 2.25, 0.655667, 0, 0, 0.10003, -0.0999141, 7.74893e-06, 0.00137652, 0.000100796
55720, 0.206318, 0.441542, 6.05285e-05, 2.26, 0.655667, 0, 0, 0.10003, -0.10002, 7.74894e-06, 0.000112943, 0.000100796
55731, 0.207186, 0.44239, 8.64118e-05, 2.27, 0.655667, 0, 0, 0.10003, -0.100029, 7.74893e-06, 1.00806e-05, 0.000100796
55741, 0.20758, 0.442782, 8.85352e-05, 2.28, 0.655667, 0, 0, 0.10003, -0.10003, 7.74894e-06, 1.71363e-06, 0.000100796
55751, 0.207934, 0.443137, 8.86917e-05, 2.29, 0.655667, 0, 0, 0.10003, -0.10003, 7.74893e-06, 1.02818e-06, 0.000100796
55760, 0.208286, 0.443489, 8.87141e-05, 2.3, 0.655667, 0, 0, 0.10003, -0.10003, 7.74894e-06, 9.76026e-07, 0.000100796
55771, 0.208638, 0.443841, 8.87141e-05, 2.31, 0.655667, 0, 0, 0.10003, -0.10003, 7.74893e-06, 9.68575e-07, 0.000100796
55781, 0.187714, 0.423581, -0.000788927, 2.32, 0.655667, 0, 0, 0.0997103, -0.099737, 7.74894e-06, -0.000318378, 0.000100796
55791, 0.204131, 0.439388, 1.72779e-05, 2.33, 0.655667, 0, 0, 0.10003, -0.100006, 7.74893e-06, 0.000284739, 0.000100796
55800, 0.22722, 0.461758, 0.000966892, 2.34, 0.655667, 0, 0, 0.100351, -0.100322, 7.74894e-06, 0.000345722, 0.000100796
55811, 0.19022, 0.426034, -0.000717446, 2.35, 0.655667, 0, 0, 0.0997103, -0.0997609, 7.74893e-06, -0.00060232, 0.000100796
55821, 0.100451, 0.338981, -0.00430313, 2.36, 0.655667, 0, 0, 0.0984555, -0.0985656, 7.74894e-06, -0.00131255, 0.000100796
55831, 0.181197, 0.41667, -0.000268802, 2.37, 0.655667, 0, 0, 0.10003, -0.0999104, 7.74893e-06, 0.001421, 0.000100796
55840, 0.166817, 0.402706, -0.000818029, 2.38, 0.655667, 0, 0, 0.0997103, -0.0997273, 7.74894e-06, -0.000202782, 0.000100796
55851, 0.183767, 0.419025, 1.49086e-05, 2.39, 0.655667, 0, 0, 0.10003, -0.100005, 7.74893e-06, 0.000294149, 0.000100796
55861, 0.164193, 0.400065, -0.00079494, 2.4, 0.655667, 0, 0, 0.0997103, -0.099735, 7.74894e-06, -0.000294514, 0.000100796
55871, 0.180721, 0.415978, 1.67862e-05, 2.41, 0.655667, 0, 0, 0.10003, -0.100006, 7.74893e-06, 0.000286683, 0.000100796
55881, 0.182389, 0.417596, 8.28579e-05, 2.42, 0.655667, 0, 0, 0.10003, -0.100028, 7.74894e-06, 2.42293e-05, 0.000100796
55890, 0.182848, 0.418051, 8.82447e-05, 2.43, 0.655667, 0, 0, 0.10003, -0.100029, 7.74893e-06, 2.86102e-06, 0.000100796
55901, 0.183208, 0.418411, 8.86694e-05, 2.44, 0.655667, 0, 0, 0.10003, -0.10003, 7.74894e-06, 1.11759e-06, 0.000100796
55911, 0.18356, 0.418763, 8.87141e-05, 2.45, 0.655667, 0, 0, 0.10003, -0.10003, 7.74893e-06, 9.83477e-07, 0.000100796
55921, 0.183912, 0.419115, 8.87141e-05, 2.46, 0.655667, 0, 0, 0.10003, -0.10003, 7.74894e-06, 9.68575e-07, 0.000100796
55930, 0.100064, 0.337898, -0.00338452, 2.47, 0.655667, 0, 0, 0.0987659, -0.0988718, 7.74893e-06, -0.00126284, 0.000100796
55941, 0.163995, 0.399412, -0.000194013, 2.48, 0.655667, 0, 0, 0.10003, -0.0999353, 7.74894e-06, 0.00112398, 0.000100796
55951, 0.169522, 0.404742, 6.56918e-05, 2.49, 0.655667, 0, 0, 0.10003, -0.100022, 7.74893e-06, 9.23872e-05, 0.000100796
55961, 0.170295, 0.405499, 8.68365e-05, 2.5, 0.655667, 0, 0, 0.10003, -0.100029, 7.74894e-06, 8.41171e-06, 0.000100796
55970, 0.17068, 0.405883, 8.85576e-05, 2.51, 0.655667, 0, 0, 0.10003, -0.10003, 7.74893e-06, 1.57952e-06, 0.000100796
55981, 0.171035, 0.406238, 8.87141e-05, 2.52, 0.655667, 0, 0, 0.10003, -0.10003, 7.74894e-06, 1.02073e-06, 0.000100796
55991, 0.150111, 0.385978, -0.000788927, 2.53, 0.655667, 0, 0, 0.0997103, -0.099737, 7.74893e-06, -0.000318378, 0.000100796
56001, 0.166528, 0.401785, 1.72779e-05, 2.54, 0.655667, 0, 0, 0.10003, -0.100006, 7.74894e-06, 0.000284739, 0.000100796
56011, 0.168187, 0.403395, 8.29026e-05, 2.55, 0.655667, 0, 0, 0.10003, -0.100028, 7.74893e-06, 2.40654e-05, 0.000100796
56020, 0.147369, 0.383237, -0.000789396, 2.56, 0.655667, 0, 0, 0.0997103, -0.0997369, 7.74894e-06, -0.000316501, 0.000100796
56031, 0.185225, 0.419812, 0.000901222, 2.57, 0.655667, 0, 0, 0.100351, -0.1003, 7.74893e-06, 0.000606544, 0.000100796
56041, 0.0865038, 0.324288, -0.00331838, 2.58, 0.655667, 0, 0, 0.0987659, -0.0988939, 7.74894e-06, -0.00152554, 0.000100796
56051, 0.149224, 0.384637, -0.000188626, 2.59, 0.655667, 0, 0, 0.10003, -0.0999371, 7.74893e-06, 0.0011026, 0.000100796
56060, 0.154652, 0.389872, 6.61388e-05, 2.6, 0.655667, 0, 0, 0.10003, -0.100022, 7.74894e-06, 9.06438e-05, 0.000100796
56071, 0.134141, 0.37001, -0.00079076, 2.61, 0.655667, 0, 0, 0.0997103, -0.0997364, 7.74893e-06, -0.000311077, 0.000100796
56081, 0.150592, 0.385849, 1.71214e-05, 2.62, 0.655667, 0, 0, 0.10003, -0.100006, 7.74894e-06, 0.000285335, 0.000100796
56091, 0.152254, 0.387461, 8.28803e-05, 2.63, 0.655667, 0, 0, 0.10003, -0.100028, 7.74893e-06, 2.41175e-05, 0.000100796
56100, 0.131436, 0.367304, -0.000789396, 2.64, 0.655667, 0, 0, 0.0997103, -0.0997369, 7.74894e-06, -0.000316493, 0.000100796
56111, 0.147862, 0.383119, 1.72332e-05, 2.65, 0.655667, 0, 0, 0.10003, -0.100006, 7.74893e-06, 0.000284888, 0.000100796
56121, 0.149522, 0.38473, 8.29026e-05, 2.66, 0.655667, 0, 0, 0.10003, -0.100028, 7.74894e-06, 2.40803e-05, 0.000100796
56131, 0.128704, 0.364572, -0.000789396, 2.67, 0.655667, 0, 0, 0.0997103, -0.0997369, 7.74893e-06, -0.000316501, 0.000100796
56140, 0.16656, 0.401147, 0.000901222, 2.68, 0.655667, 0, 0, 0.100351, -0.1003, 7.74894e-06, 0.000606544, 0.000100796
56151, 0.130762, 0.36658, -0.000722788, 2.69, 0.655667, 0, 0, 0.0997103, -0.0997591, 7.74893e-06, -0.000581086, 0.000100796
56161, 0.145969, 0.381222, 2.26647e-05, 2.7, 0.655667, 0, 0, 0.10003, -0.100008, 7.74894e-06, 0.000263356, 0.000100796
56171, 0.14753, 0.382737, 8.33496e-05, 2.71, 0.655667, 0, 0, 0.10003, -0.100028, 7.74893e-06, 2.23219e-05, 0.000100796
56181, 0.126704, 0.362572, -0.000789352, 2.72, 0.655667, 0, 0, 0.0997103, -0.0997369, 7.74894e-06, -0.000316642, 0.000100796
56190, 0.143129, 0.378386, 1.72332e-05, 2.73, 0.655667, 0, 0, 0.10003, -0.100006, 7.74893e-06, 0.00028488, 0.000100796
56201, 0.144789, 0.379996, 8.29026e-05, 2.74, 0.655667, 0, 0, 0.10003, -0.100028, 7.74894e-06, 2.40803e-05, 0.000100796
56211, 0.123971, 0.359839, -0.000789396, 2.75, 0.655667, 0, 0, 0.0997103, -0.0997369, 7.74893e-06, -0.000316501, 0.000100796
56221, 0.140397, 0.375654, 1.72332e-05, 2.76, 0.655667, 0, 0, 0.10003, -0.100006, 7.74894e-06, 0.000284888, 0.000100796
56230, 0.142057, 0.377264, 8.29026e-05, 2.77, 0.655667, 0, 0, 0.10003, -0.100028, 7.74893e-06, 2.40803e-05, 0.000100796
56241, 0.142515, 0.377718, 8.82447e-05, 2.78, 0.655667, 0, 0, 0.10003, -0.100029, 7.74894e-06, 2.84612e-06, 0.000100796
56251, 0.142875, 0.378078, 8.86694e-05, 2.79, 0.655667, 0, 0, 0.10003, -0.10003, 7.74893e-06, 1.11759e-06, 0.000100796
56261, 0.143228, 0.378431, 8.87141e-05, 2.8, 0.655667, 0, 0, 0.10003, -0.10003, 7.74894e-06, 9.83477e-07, 0.000100796
56270, 0.0593798, 0.297214, -0.00338452, 2.81, 0.655667, 0, 0, 0.0987659, -0.0988718, 7.74893e-06, -0.00126284, 0.000100796
56281, 0.102034, 0.338116, -0.00107165, 2.82, 0.655667, 0, 0, 0.0997103, -0.0996428, 7.74894e-06, 0.000804633, 0.000100796
56291, 0.123627, 0.358901, -5.7444e-06, 2.83, 0.655667, 0, 0, 0.10003, -0.0999981, 7.74893e-06, 0.000376157, 0.000100796
56301, 0.125708, 0.360916, 8.10251e-05, 2.84, 0.655667, 0, 0, 0.10003, -0.100027, 7.74894e-06, 3.15085e-05, 0.000100796
56310, 0.1262, 0.361403, 8.80882e-05, 2.85, 0.655667, 0, 0, 0.10003, -0.100029, 7.74893e-06, 3.45707e-06, 0.000100796
56321, 0.126563, 0.361766, 8.86694e-05, 2.86, 0.655667, 0, 0, 0.10003, -0.10003, 7.74894e-06, 1.16974e-06, 0.000100796
56331, 0.126916, 0.362119, 8.87141e-05, 2.87, 0.655667, 0, 0, 0.10003, -0.10003, 7.74893e-06, 9.83477e-07, 0.000100796
56341, 0.127267, 0.36247, 8.87141e-05, 2.88, 0.655667, 0, 0, 0.10003, -0.10003, 7.74894e-06, 9.68575e-07, 0.000100796
56351, 0.127619, 0.362822, 8.87141e-05, 2.89, 0.655667, 0, 0, 0.10003, -0.10003, 7.74893e-06, 9.68575e-07, 0.000100796
56360, 0.106695, 0.342562, -0.000788927, 2.9, 0.655667, 0, 0, 0.0997103, -0.099737, 7.74894e-06, -0.000318378, 0.000100796
56371, 0.123112, 0.358369, 1.72779e-05, 2.91, 0.655667, 0, 0, 0.10003, -0.100006, 7.74893e-06, 0.000284739, 0.000100796
56381, 0.0405716, 0.27841, -0.00339033, 2.92, 0.655667, 0, 0, 0.0987659, -0.0988699, 7.74894e-06, -0.00123974, 0.000100796
56391, 0.104609, 0.340026, -0.000194483, 2.93, 0.655667, 0, 0, 0.10003, -0.0999352, 7.74893e-06, 0.00112586, 0.000100796
56400, 0.131575, 0.366125, 0.000949658, 2.94, 0.655667, 0, 0, 0.100351, -0.100317, 7.74894e-06, 0.000414193, 0.000100796
56411, 0.116167, 0.351316, 0.000158809, 2.95, 0.655667, 0, 0, 0.10003, -0.100053, 7.74893e-06, -0.0002774, 0.000100796
56421, 0.0939589, 0.329822, -0.000783227, 2.96, 0.655667, 0, 0, 0.0997103, -0.0997389, 7.74894e-06, -0.000341043, 0.000100796
56431, 0.110272, 0.345529, 1.77473e-05, 2.97, 0.655667, 0, 0, 0.10003, -0.100006, 7.74893e-06, 0.000282899, 0.000100796
56440, 0.111923, 0.34713, 8.29473e-05, 2.98, 0.655667, 0, 0, 0.10003, -0.100028, 7.74894e-06, 2.39164e-05, 0.000100796
56451, 0.11238, 0.347583, 8.82447e-05, 2.99, 0.655667, 0, 0, 0.10003, -0.100029, 7.74893e-06, 2.83122e-06, 0.000100796
56461, 0.390435, 0.61696, 8.86694e-05, 3, 0.652161, -0.347118, -0.347118, 0.10003, -0.10003, 7.74894e-06, 1.11759e-06, 0.000100796
56471, 0.158496, 0.393699, 8.87141e-05, 3.01, 0.652161, 0, 0, 0.10003, -0.10003, 7.74893e-06, 9.83477e-07, 0.000100796
56481, -0.118847, 0.125034, 8.87141e-05, 3.02, 0.655667, 0.347118, 0.347118, 0.10003, -0.10003, 7.74894e-06, 9.68575e-07, 0.000100796
56491, 0.0925199, 0.328388, -0.000788927, 3.03, 0.655667, 0, 0, 0.0997103, -0.099737, 7.74893e-06, -0.000318378, 0.000100796
56501, 0.108937, 0.344194, 1.72779e-05, 3.04, 0.655667, 0, 0, 0.10003, -0.100006, 7.74894e-06, 0.000284739, 0.000100796
56511, 0.110597, 0.617538, 8.29026e-05, 3.05, 0.652161, 0, -0.350624, 0.10003, -0.100028, 7.74893e-06, 2.40654e-05, 0.000100796
56521, 0.0897785, 0.371508, -0.000789396, 3.06, 0.652161, 0, 0, 0.0997103, -0.0997369, 7.74894e-06, -0.000316501, 0.000100796
56530, 0.106204, 0.118307, 1.72332e-05, 3.07, 0.655667, 0, 0.347118, 0.10003, -0.100006, 7.74893e-06, 0.000284888, 0.000100796
56541, 0.107865, 0.34353, 8.29026e-05, 3.08, 0.655667, 0, 0, 0.10003, -0.100028, 7.74894e-06, 2.40803e-05, 0.000100796
56551, 0.386017, 0.613001, 8.82447e-05, 3.09, 0.655667, -0.347118, -0.347118, 0.10003, -0.100029, 7.74893e-06, 2.84612e-06, 0.000100796
56561, 0.154086, 0.389747, 8.86694e-05, 3.1, 0.652161, 0, 0, 0.10003, -0.10003, 7.74894e-06, 1.11759e-06, 0.000100796
56570, -0.147337, 0.369489, -0.000788927, 3.11, 0.652161, 0.350624, 0, 0.0997103, -0.099737, 7.74893e-06, -0.000318363, 0.000100796
56581, 0.103718, 0.113561, 1.72779e-05, 3.12, 0.655667, 0, 0.350624, 0.10003, -0.100006, 7.74894e-06, 0.000284739, 0.000100796
56591, 0.105377, 0.341043, 8.29026e-05, 3.13, 0.655667, 0, 0, 0.10003, -0.100028, 7.74893e-06, 2.40654e-05, 0.000100796
56601, 0.365059, 0.589902, -0.000789396, 3.14, 0.652161, -0.350624, -0.347118, 0.0997103, -0.0997369, 7.74894e-06, -0.000316501, 0.000100796
56610, 0.0626469, 0.300535, -0.003456, 3.15, 0.652161, 0, 0, 0.0987659, -0.098848, 7.74893e-06, -0.000978917, 0.000100796
56621, -0.257491, 0.261707, -0.00452605, 3.16, 0.652161, 0.350624, 0, 0.0984555, -0.0984913, 7.74894e-06, -0.00042709, 0.000100796
56631, 0.0619733, 0.343322, -0.000286929, 3.17, 0.652161, 0, 0, 0.10003, -0.0999044, 7.74893e-06, 0.00149307, 0.000100796
56641, 0.349701, 0.350289, 5.81369e-05, 3.18, 0.652161, -0.350624, 0, 0.10003, -0.100019, 7.74894e-06, 0.000122428, 0.000100796
56651, 0.0946983, 0.330568, -0.000791408, 3.19, 0.652161, 0, 0, 0.0997103, -0.0997362, 7.74893e-06, -0.000308491, 0.000100796
56660, 0.111161, 0.346418, 1.70767e-05, 3.2, 0.652161, 0, 0, 0.10003, -0.100006, 7.74894e-06, 0.000285544, 0.000100796
56671, 0.112824, 0.348031, 8.28803e-05, 3.21, 0.652161, 0, 0, 0.10003, -0.100028, 7.74893e-06, 2.41324e-05, 0.000100796
56681, 0.113283, 0.348486, 8.82447e-05, 3.22, 0.652161, 0, 0, 0.10003, -0.100029, 7.74894e-06, 2.85357e-06, 0.000100796
56691, 0.113643, 0.348846, 8.86694e-05, 3.23, 0.652161, 0, 0, 0.10003, -0.10003, 7.74893e-06, 1.11759e-06, 0.000100796
56700, 0.092719, 0.328587, -0.000788927, 3.24, 0.652161, 0, 0, 0.0997103, -0.099737, 7.74894e-06, -0.000318363, 0.000100796
56711, 0.109136, 0.344393, 1.72779e-05, 3.25, 0.652161, 0, 0, 0.10003, -0.100006, 7.74893e-06, 0.000284739, 0.000100796
56721, 0.0265961, 0.264435, -0.00339033, 3.26, 0.652161, 0, 0, 0.0987659, -0.0988699, 7.74894e-06, -0.00123974, 0.000100796
56731, 0.0693571, 0.305439, -0.00107212, 3.27, 0.652161, 0, 0, 0.0997103, -0.0996426, 7.74893e-06, 0.000806518, 0.000100796
56740, 0.0909581, 0.326233, -5.7891e-06, 3.28, 0.652161, 0, 0, 0.10003, -0.0999981, 7.74894e-06, 0.000376306, 0.000100796
56751, 0.0930397, 0.328249, 8.10251e-05, 3.29, 0.652161, 0, 0, 0.10003, -0.100027, 7.74893e-06, 3.15234e-05, 0.000100796
56761, 0.072256, 0.308124, -0.000789553, 3.3, 0.652161, 0, 0, 0.0997103, -0.0997368, 7.74894e-06, -0.00031589, 0.000100796
56771, 0.0886849, 0.323942, 1.72332e-05, 3.31, 0.652161, 0, 0, 0.10003, -0.100006, 7.74893e-06, 0.00028494, 0.000100796
56780, 0.0903452, 0.325553, 8.29026e-05, 3.32, 0.652161, 0, 0, 0.10003, -0.100028, 7.74894e-06, 2.40803e-05, 0.000100796
56791, 0.0908033, 0.326007, 8.82447e-05, 3.33, 0.652161, 0, 0, 0.10003, -0.100029, 7.74893e-06, 2.84612e-06, 0.000100796
56801, 0.0911634, 0.326366, 8.86694e-05, 3.34, 0.652161, 0, 0, 0.10003, -0.10003, 7.74894e-06, 1.11759e-06, 0.000100796
56811, 0.0702397, 0.306108, -0.000788927, 3.35, 0.652161, 0, 0, 0.0997103, -0.099737, 7.74893e-06, -0.000318363, 0.000100796
56821, 0.108087, 0.342675, 0.000901267, 3.36, 0.652161, 0, 0, 0.100351, -0.1003, 7.74894e-06, 0.000606395, 0.000100796
56830, 0.00936484, 0.247149, -0.00331838, 3.37, 0.652161, 0, 0, 0.0987659, -0.0988939, 7.74893e-06, -0.00152556, 0.000100796
56841, 0.0720849, 0.307498, -0.000188626, 3.38, 0.652161, 0, 0, 0.10003, -0.0999371, 7.74894e-06, 0.0011026, 0.000100796
56851, 0.0775134, 0.312733, 6.61388e-05, 3.39, 0.652161, 0, 0, 0.10003, -0.100022, 7.74893e-06, 9.06438e-05, 0.000100796
56861, 0.0570022, 0.292872, -0.00079076, 3.4, 0.652161, 0, 0, 0.0997103, -0.0997364, 7.74894e-06, -0.000311077, 0.000100796
56870, 0.0734529, 0.30871, 1.71214e-05, 3.41, 0.652161, 0, 0, 0.10003, -0.100006, 7.74893e-06, 0.000285335, 0.000100796
56881, 0.075115, 0.310322, 8.28803e-05, 3.42, 0.652161, 0, 0, 0.10003, -0.100028, 7.74894e-06, 2.41175e-05, 0.000100796
56891, 0.0755735, 0.310777, 8.82447e-05, 3.43, 0.652161, 0, 0, 0.10003, -0.100029, 7.74893e-06, 2.85357e-06, 0.000100796
56901, 0.0759336, 0.311137, 8.86694e-05, 3.44, 0.652161, 0, 0, 0.10003, -0.10003, 7.74894e-06, 1.11759e-06, 0.000100796
56910, 0.0762861, 0.311489, 8.87141e-05, 3.45, 0.652161, 0, 0, 0.10003, -0.10003, 7.74893e-06, 9.83477e-07, 0.000100796
56921, 0.0766377, 0.311841, 8.87141e-05, 3.46, 0.652161, 0, 0, 0.10003, -0.10003, 7.74894e-06, 9.68575e-07, 0.000100796
56931, 0.0769894, 0.312192, 8.87141e-05, 3.47, 0.652161, 0, 0, 0.10003, -0.10003, 7.74893e-06, 9.68575e-07, 0.000100796
56941, 0.0560648, 0.291933, -0.000788927, 3.48, 0.652161, 0, 0, 0.0997103, -0.099737, 7.74894e-06, -0.000318378, 0.000100796
56950, -0.0529282, 0.186248, -0.0051559, 3.49, 0.652161, 0, 0, 0.0981473, -0.0982814, 7.74893e-06, -0.00159762, 0.000100796
56961, 0.0434283, 0.278955, -0.000338204, 3.5, 0.652161, 0, 0, 0.10003, -0.0998873, 7.74894e-06, 0.00169673, 0.000100796
56971, 0.0303186, 0.266213, -0.000823684, 3.51, 0.652161, 0, 0, 0.0997103, -0.0997254, 7.74893e-06, -0.000180341, 0.000100796
56981, 0.047372, 0.282631, 1.44392e-05, 3.52, 0.652161, 0, 0, 0.10003, -0.100005, 7.74894e-06, 0.000295974, 0.000100796
56991, 0.0278073, 0.535414, -0.000794962, 3.53, 0.648655, 0, -0.350624, 0.0997103, -0.099735, 7.74893e-06, -0.000294365, 0.000100796
57000, 0.0443351, 0.325454, 1.67862e-05, 3.54, 0.648655, 0, 0, 0.10003, -0.100006, 7.74894e-06, 0.000286691, 0.000100796
57011, 0.0460034, 0.0580561, 8.28579e-05, 3.55, 0.648655, 0, 0.347118, 0.10003, -0.100028, 7.74893e-06, 2.42293e-05, 0.000100796
57021, 0.11122, 0.344858, 0.0027595, 3.56, 0.652161, 0, 0, 0.101002, -0.10092, 7.74894e-06, 0.000974849, 0.000100796
57031, 0.14934, 0.651146, 0.00388078, 3.57, 0.648655, 0, -0.347118, 0.10133, -0.101294, 7.74893e-06, 0.000438124, 0.000100796
57040, 0.0802765, 0.361107, 0.000397392, 3.58, 0.648655, 0, 0, 0.10003, -0.100132, 7.74894e-06, -0.00122513, 0.000100796
57051, 0.0749776, 0.0870068, 0.000113837, 3.59, 0.652161, 0, 0.347118, 0.10003, -0.100038, 7.74893e-06, -9.88394e-05, 0.000100796
57061, -0.00933008, 0.228961, -0.00338247, 3.6, 0.652161, 0, 0, 0.0987659, -0.0988725, 7.74894e-06, -0.00127096, 0.000100796
57071, 0.0545627, 0.290438, -0.000193857, 3.61, 0.652161, 0, 0, 0.10003, -0.0999354, 7.74893e-06, 0.00112332, 0.000100796
57080, 0.0600869, 0.564782, 6.57141e-05, 3.62, 0.648655, 0, -0.347118, 0.10003, -0.100022, 7.74894e-06, 9.2335e-05, 0.000100796
57091, 0.0608595, 0.341926, 8.68365e-05, 3.63, 0.648655, 0, 0, 0.10003, -0.100029, 7.74893e-06, 8.40425e-06, 0.000100796
57101, 0.317664, 0.321699, -0.000789084, 3.64, 0.648655, -0.347118, 0, 0.0997103, -0.099737, 7.74894e-06, -0.000317767, 0.000100796
57111, 0.101792, 0.337508, 1.72555e-05, 3.65, 0.648655, 0, 0, 0.10003, -0.100006, 7.74893e-06, 0.000284791, 0.000100796
57120, 0.0821759, 0.318507, -0.000794739, 3.66, 0.648655, 0, 0, 0.0997103, -0.0997351, 7.74894e-06, -0.000295274, 0.000100796
57131, 0.0986997, 0.334416, 1.68085e-05, 3.67, 0.648655, 0, 0, 0.10003, -0.100006, 7.74893e-06, 0.000286616, 0.000100796
57141, 0.100368, 0.336034, 8.28579e-05, 3.68, 0.648655, 0, 0, 0.10003, -0.100028, 7.74894e-06, 2.42218e-05, 0.000100796
57151, 0.100827, 0.336489, 8.82447e-05, 3.69, 0.648655, 0, 0, 0.10003, -0.100029, 7.74893e-06, 2.86102e-06, 0.000100796
57161, 0.122617, 0.357609, 0.000972658, 3.7, 0.648655, 0, 0, 0.100351, -0.100324, 7.74894e-06, 0.000322774, 0.000100796
57170, 0.0855111, 0.321783, -0.000716977, 3.71, 0.648655, 0, 0, 0.0997103, -0.099761, 7.74893e-06, -0.00060419, 0.000100796
57181, 0.0793352, 0.315711, -0.000854507, 3.72, 0.648655, 0, 0, 0.0997103, -0.0997152, 7.74894e-06, -5.78687e-05, 0.000100796
57191, 0.0969529, 0.332673, 1.19358e-05, 3.73, 0.648655, 0, 0, 0.10003, -0.100004, 7.74893e-06, 0.000305943, 0.000100796
57201, 0.0987098, 0.334376, 8.24556e-05, 3.74, 0.648655, 0, 0, 0.10003, -0.100027, 7.74894e-06, 2.57939e-05, 0.000100796
57210, 0.0991758, 0.334838, 8.82e-05, 3.75, 0.648655, 0, 0, 0.10003, -0.100029, 7.74893e-06, 2.99513e-06, 0.000100796
57221, 0.0995368, 0.335198, 8.86694e-05, 3.76, 0.648655, 0, 0, 0.10003, -0.10003, 7.74894e-06, 1.13249e-06, 0.000100796
57231, 0.0998894, 0.335551, 8.87141e-05, 3.77, 0.648655, 0, 0, 0.10003, -0.10003, 7.74893e-06, 9.83477e-07, 0.000100796
57241, 0.100241, 0.335903, 8.87141e-05, 3.78, 0.648655, 0, 0, 0.10003, -0.10003, 7.74894e-06, 9.68575e-07, 0.000100796
57250, 0.100593, 0.336254, 8.87141e-05, 3.79, 0.648655, 0, 0, 0.10003, -0.10003, 7.74893e-06, 9.68575e-07, 0.000100796
57261, 0.100944, 0.336606, 8.87141e-05, 3.8, 0.648655, 0, 0, 0.10003, -0.10003, 7.74894e-06, 9.68575e-07, 0.000100796
57271, 0.122726, 0.357718, 0.000972703, 3.81, 0.648655, 0, 0, 0.100351, -0.100324, 7.74893e-06, 0.000322625, 0.000100796
57281, 0.106896, 0.342503, 0.000160664, 3.82, 0.648655, 0, 0, 0.10003, -0.100054, 7.74894e-06, -0.000284851, 0.000100796
57290, 0.10593, 0.341587, 9.45702e-05, 3.83, 0.648655, 0, 0, 0.10003, -0.100032, 7.74893e-06, -2.22921e-05, 0.000100796
57300, 0.106174, 0.341836, 8.91834e-05, 3.84, 0.648655, 0, 0, 0.10003, -0.10003, 7.74894e-06, -9.23872e-07, 0.000100796
57311, 0.106518, 0.342179, 8.87588e-05, 3.85, 0.648655, 0, 0, 0.10003, -0.10003, 7.74893e-06, 8.19564e-07, 0.000100796
57321, 0.106868, 0.34253, 8.87141e-05, 3.86, 0.648655, 0, 0, 0.10003, -0.10003, 7.74894e-06, 9.53674e-07, 0.000100796
57331, 0.10722, 0.342882, 8.87141e-05, 3.87, 0.648655, 0, 0, 0.10003, -0.10003, 7.74893e-06, 9.68575e-07, 0.000100796
57340, 0.107572, 0.343233, 8.87141e-05, 3.88, 0.648655, 0, 0, 0.10003, -0.10003, 7.74894e-06, 9.68575e-07, 0.000100796
57351, 0.107923, 0.343585, 8.87141e-05, 3.89, 0.648655, 0, 0, 0.10003, -0.10003, 7.74893e-06, 9.68575e-07, 0.000100796
57361, 0.108275, 0.343936, 8.87141e-05, 3.9, 0.648655, 0, 0, 0.10003, -0.10003, 7.74894e-06, 9.68575e-07, 0.000100796
57371, 0.108626, 0.344288, 8.87141e-05, 3.91, 0.648655, 0, 0, 0.10003, -0.10003, 7.74893e-06, 9.68575e-07, 0.000100796
57380, 0.108978, 0.34464, 8.87141e-05, 3.92, 0.648655, 0, 0, 0.10003, -0.10003, 7.74894e-06, 9.68575e-07, 0.000100796
57391, 0.0880535, 0.32438, -0.000788927, 3.93, 0.648655, 0, 0, 0.0997103, -0.099737, 7.74893e-06, -0.000318378, 0.000100796
57401, 0.0202712, 0.258618, -0.00345596, 3.94, 0.648655, 0, 0, 0.0987659, -0.098848, 7.74894e-06, -0.000979066, 0.000100796
57411, 0.0642335, 0.300779, -0.00107747, 3.95, 0.648655, 0, 0, 0.0997103, -0.0996408, 7.74893e-06, 0.00082773, 0.000100796
57420, 0.0859325, 0.321666, -6.21378e-06, 3.96, 0.648655, 0, 0, 0.10003, -0.0999979, 7.74894e-06, 0.000378035, 0.000100796
57431, 0.0880217, 0.323689, 8.09804e-05, 3.97, 0.648655, 0, 0, 0.10003, -0.100027, 7.74893e-06, 3.1665e-05, 0.000100796
57441, 0.088515, 0.324177, 8.80882e-05, 3.98, 0.648655, 0, 0, 0.10003, -0.100029, 7.74894e-06, 3.47197e-06, 0.000100796
57451, 0.0888782, 0.32454, 8.86694e-05, 3.99, 0.648655, 0, 0, 0.10003, -0.10003, 7.74893e-06, 1.16974e-06, 0.000100796
57461, 0.0892308, 0.324892, 8.87141e-05, 4, 0.648655, 0, 0, 0.10003, -0.10003, 7.74894e-06, 9.83477e-07, 0.000100796
57470, 0.15434, 0.387978, 0.00275997, 4.01, 0.648655, 0, 0, 0.101002, -0.10092, 7.74893e-06, 0.000972956, 0.000100796
57481, 0.192452, 0.425241, 0.00388082, 4.02, 0.648655, 0, 0, 0.10133, -0.101294, 7.74894e-06, 0.000437967, 0.000100796
57491, 0.102111, 0.338204, -0.00048025, 4.03, 0.648655, 0, 0, 0.0997103, -0.0998399, 7.74893e-06, -0.00154449, 0.000100796
57501, 0.112878, 0.348575, 4.24013e-05, 4.04, 0.648655, 0, 0, 0.10003, -0.100014, 7.74894e-06, 0.000184931, 0.000100796
57510, 0.0298774, 0.268173, -0.0033883, 4.05, 0.648655, 0, 0, 0.0987659, -0.0988706, 7.74893e-06, -0.00124786, 0.000100796
57521, 0.093877, 0.329753, -0.000194326, 4.06, 0.648655, 0, 0, 0.10003, -0.0999352, 7.74894e-06, 0.0011252, 0.000100796
57531, 0.0994097, 0.335089, 6.56694e-05, 4.07, 0.648655, 0, 0, 0.10003, -0.100022, 7.74893e-06, 9.24841e-05, 0.000100796
57541, 0.100183, 0.335846, 8.68365e-05, 4.08, 0.648655, 0, 0, 0.10003, -0.100029, 7.74894e-06, 8.41916e-06, 0.000100796
57550, 0.187228, 0.420181, 0.00366323, 4.09, 0.648655, 0, 0, 0.10133, -0.101221, 7.74893e-06, 0.00130229, 0.000100796
57561, 0.208805, 0.441538, 0.00395434, 4.1, 0.648655, 0, 0, 0.10133, -0.101318, 7.74894e-06, 0.00014592, 0.000100796
57571, 0.138394, 0.373818, 0.000403382, 4.11, 0.648655, 0, 0, 0.10003, -0.100134, 7.74893e-06, -0.00124892, 0.000100796
57581, 0.132986, 0.368628, 0.000114329, 4.12, 0.648655, 0, 0, 0.10003, -0.100038, 7.74894e-06, -0.000100777, 0.000100796
57590, 0.132869, 0.368529, 9.07928e-05, 4.13, 0.648655, 0, 0, 0.10003, -0.10003, 7.74893e-06, -7.31647e-06, 0.000100796
57601, 0.19794, 0.431578, 0.00276015, 4.14, 0.648655, 0, 0, 0.101002, -0.10092, 7.74894e-06, 0.000972286, 0.000100796
57611, 0.236049, 0.468837, 0.00388084, 4.15, 0.648655, 0, 0, 0.10133, -0.101294, 7.74893e-06, 0.000437915, 0.000100796
57621, 0.166984, 0.402412, 0.000397414, 4.16, 0.648655, 0, 0, 0.10003, -0.100132, 7.74894e-06, -0.00122515, 0.000100796
57631, 0.161685, 0.397327, 0.000113837, 4.17, 0.648655, 0, 0, 0.10003, -0.100038, 7.74893e-06, -9.88469e-05, 0.000100796
57640, 0.226334, 0.459971, 0.00276203, 4.18, 0.648655, 0, 0, 0.101002, -0.100921, 7.74894e-06, 0.000964835, 0.000100796
57651, 0.17775, 0.413247, 0.000306331, 4.19, 0.648655, 0, 0, 0.10003, -0.100102, 7.74893e-06, -0.000863403, 0.000100796
57661, 0.174118, 0.409767, 0.000106439, 4.2, 0.648655, 0, 0, 0.10003, -0.100035, 7.74894e-06, -6.93947e-05, 0.000100796
57671, 0.174146, 0.409806, 9.01669e-05, 4.21, 0.648655, 0, 0, 0.10003, -0.10003, 7.74893e-06, -4.76092e-06, 0.000100796
57680, 0.174471, 0.410132, 8.88258e-05, 4.22, 0.648655, 0, 0, 0.10003, -0.10003, 7.74894e-06, 4.99189e-07, 0.000100796
57691, 0.174821, 0.410482, 8.87364e-05, 4.23, 0.648655, 0, 0, 0.10003, -0.10003, 7.74893e-06, 9.31323e-07, 0.000100796
57701, 0.23993, 0.473568, 0.00275997, 4.24, 0.648655, 0, 0, 0.101002, -0.10092, 7.74894e-06, 0.000972949, 0.000100796
57711, 0.278041, 0.51083, 0.00388082, 4.25, 0.648655, 0, 0, 0.10133, -0.101294, 7.74893e-06, 0.000437967, 0.000100796
57720, 0.208977, 0.444405, 0.000397414, 4.26, 0.648655, 0, 0, 0.10003, -0.100132, 7.74894e-06, -0.00122514, 0.000100796
57731, 0.182402, 0.418709, -0.000763804, 4.27, 0.648655, 0, 0, 0.0997103, -0.0997454, 7.74893e-06, -0.000418194, 0.000100796
57741, 0.114159, 0.352505, -0.00345393, 4.28, 0.648655, 0, 0, 0.0987659, -0.0988487, 7.74894e-06, -0.000987187, 0.000100796
57751, 0.0133157, 0.254385, -0.007049, 4.29, 0.648655, 0, 0, 0.0975374, -0.0976503, 7.74893e-06, -0.00134584, 0.000100796
57760, 0.144326, 0.380428, -0.000492319, 4.3, 0.648655, 0, 0, 0.10003, -0.0998359, 7.74894e-06, 0.00230883, 0.000100796
57771, 0.155314, 0.391011, 4.14178e-05, 4.31, 0.648655, 0, 0, 0.10003, -0.100014, 7.74893e-06, 0.000188835, 0.000100796
57781, 0.135255, 0.371584, -0.000792772, 4.32, 0.648655, 0, 0, 0.0997103, -0.0997357, 7.74894e-06, -0.000303082, 0.000100796
57791, 0.151743, 0.387459, 1.6965e-05, 4.33, 0.648655, 0, 0, 0.10003, -0.100006, 7.74893e-06, 0.000285983, 0.000100796
57801, 0.153408, 0.389074, 8.28803e-05, 4.34, 0.648655, 0, 0, 0.10003, -0.100028, 7.74894e-06, 2.41697e-05, 0.000100796
57810, 0.13259, 0.368917, -0.000789396, 4.35, 0.648655, 0, 0, 0.0997103, -0.0997369, 7.74893e-06, -0.000316493, 0.000100796
57821, 0.149016, 0.384732, 1.72332e-05, 4.36, 0.648655, 0, 0, 0.10003, -0.100006, 7.74894e-06, 0.000284888, 0.000100796
57831, 0.1294, 0.365731, -0.000794739, 4.37, 0.648655, 0, 0, 0.0997103, -0.0997351, 7.74893e-06, -0.000295267, 0.000100796
57841, 0.145924, 0.38164, 1.68085e-05, 4.38, 0.648655, 0, 0, 0.10003, -0.100006, 7.74894e-06, 0.000286616, 0.000100796
57850, 0.0633921, 0.301689, -0.00339038, 4.39, 0.648655, 0, 0, 0.0987659, -0.0988699, 7.74893e-06, -0.00123958, 0.000100796
57861, 0.192188, 0.42604, 0.00247677, 4.4, 0.648655, 0, 0, 0.101002, -0.100826, 7.74894e-06, 0.00209787, 0.000100796
57871, 0.235484, 0.46829, 0.00385778, 4.41, 0.648655, 0, 0, 0.10133, -0.101286, 7.74893e-06, 0.000529535, 0.000100796
57881, 0.166842, 0.402271, 0.000395536, 4.42, 0.648655, 0, 0, 0.10003, -0.100132, 7.74894e-06, -0.00121769, 0.000100796
57890, 0.161576, 0.397219, 0.000113681, 4.43, 0.648655, 0, 0, 0.10003, -0.100038, 7.74893e-06, -9.82359e-05, 0.000100796
57901, 0.161471, 0.397131, 9.07481e-05, 4.44, 0.648655, 0, 0, 0.10003, -0.10003, 7.74894e-06, -7.1004e-06, 0.000100796
57911, 0.140509, 0.376835, -0.000788771, 4.45, 0.648655, 0, 0, 0.0997103, -0.0997371, 7.74893e-06, -0.000319034, 0.000100796
57921, 0.156923, 0.392639, 1.72779e-05, 4.46, 0.648655, 0, 0, 0.10003, -0.100006, 7.74894e-06, 0.000284687, 0.000100796
57930, 0.158583, 0.394249, 8.29026e-05, 4.47, 0.648655, 0, 0, 0.10003, -0.100028, 7.74893e-06, 2.40654e-05, 0.000100796
57940, 0.137765, 0.374091, -0.000789396, 4.48, 0.648655, 0, 0, 0.0997103, -0.0997369, 7.74894e-06, -0.000316501, 0.000100796
57951, 0.17562, 0.410666, 0.000901222, 4.49, 0.648655, 0, 0, 0.100351, -0.1003, 7.74893e-06, 0.000606544, 0.000100796
57961, 0.182529, 0.417471, 0.00103884, 4.5, 0.648655, 0, 0, 0.100351, -0.100346, 7.74894e-06, 5.99176e-05, 0.000100796
57971, 0.144212, 0.38048, -0.00071159, 4.51, 0.648655, 0, 0, 0.0997103, -0.0997628, 7.74893e-06, -0.000625588, 0.000100796
57980, 0.159213, 0.394924, 2.35587e-05, 4.52, 0.648655, 0, 0, 0.10003, -0.100008, 7.74894e-06, 0.000259735, 0.000100796
57991, 0.225515, 0.459157, 0.00275467, 4.53, 0.648655, 0, 0, 0.101002, -0.100918, 7.74893e-06, 0.000994027, 0.000100796
58001, 0.241823, 0.475297, 0.00297698, 4.54, 0.648655, 0, 0, 0.101002, -0.100992, 7.74894e-06, 0.000110961, 0.000100796
58011, 0.189304, 0.424787, 0.000323832, 4.55, 0.648655, 0, 0, 0.10003, -0.100108, 7.74893e-06, -0.000932902, 0.000100796
58020, 0.164075, 0.400387, -0.000769794, 4.56, 0.648655, 0, 0, 0.0997103, -0.0997434, 7.74894e-06, -0.000394396, 0.000100796
58031, 0.180142, 0.415857, 1.88202e-05, 4.57, 0.648655, 0, 0, 0.10003, -0.100006, 7.74893e-06, 0.000278555, 0.000100796
58041, 0.160497, 0.396828, -0.000794604, 4.58, 0.648655, 0, 0, 0.0997103, -0.0997351, 7.74894e-06, -0.000295781, 0.000100796
58051, 0.177018, 0.412734, 1.68085e-05, 4.59, 0.648655, 0, 0, 0.10003, -0.100006, 7.74893e-06, 0.000286572, 0.000100796
58060, 0.178686, 0.414352, 8.28579e-05, 4.6, 0.648655, 0, 0, 0.10003, -0.100028, 7.74894e-06, 2.42218e-05, 0.000100796
58071, 0.157869, 0.394196, -0.000789396, 4.61, 0.648655, 0, 0, 0.0997103, -0.0997369, 7.74893e-06, -0.000316486, 0.000100796
58081, 0.0900951, 0.328442, -0.003456, 4.62, 0.648655, 0, 0, 0.0987659, -0.098848, 7.74894e-06, -0.000978917, 0.000100796
58091, 0.0919595, 0.32982, -0.00281404, 4.63, 0.648655, 0, 0, 0.0990784, -0.099062, 7.74893e-06, 0.000195861, 0.000100796
58101, 0.124171, 0.360677, -0.00102521, 4.64, 0.648655, 0, 0, 0.0997103, -0.0996583, 7.74894e-06, 0.000620179, 0.000100796
58110, 0.144914, 0.380644, -1.96695e-06, 4.65, 0.648655, 0, 0, 0.10003, -0.0999993, 7.74893e-06, 0.000361137, 0.000100796
58121, 0.125649, 0.361981, -0.000796303, 4.66, 0.648655, 0, 0, 0.0997103, -0.0997346, 7.74894e-06, -0.00028906, 0.000100796
58131, 0.142201, 0.377918, 1.66744e-05, 4.67, 0.648655, 0, 0, 0.10003, -0.100006, 7.74893e-06, 0.000287123, 0.000100796
58141, 0.143872, 0.379538, 8.28579e-05, 4.68, 0.648655, 0, 0, 0.10003, -0.100028, 7.74894e-06, 2.42591e-05, 0.000100796
58150, 0.209089, 0.442727, 0.0027595, 4.69, 0.648655, 0, 0, 0.101002, -0.10092, 7.74893e-06, 0.000974849, 0.000100796
58161, 0.247209, 0.479998, 0.00388078, 4.7, 0.648655, 0, 0, 0.10133, -0.101294, 7.74894e-06, 0.000438124, 0.000100796
58171, 0.178145, 0.413573, 0.000397392, 4.71, 0.648655, 0, 0, 0.10003, -0.100132, 7.74893e-06, -0.00122513, 0.000100796
58181, 0.15157, 0.387877, -0.000763804, 4.72, 0.648655, 0, 0, 0.0997103, -0.0997454, 7.74894e-06, -0.000418186, 0.000100796
58190, 0.0833275, 0.321673, -0.00345393, 4.73, 0.648655, 0, 0, 0.0987659, -0.0988487, 7.74893e-06, -0.000987187, 0.000100796
58201, 0.213286, 0.447143, 0.00247159, 4.74, 0.648655, 0, 0, 0.101002, -0.100824, 7.74894e-06, 0.00211841, 0.000100796
58211, 0.256677, 0.489483, 0.00385735, 4.75, 0.648655, 0, 0, 0.10133, -0.101286, 7.74893e-06, 0.000531211, 0.000100796
58221, 0.166766, 0.40286, -0.000482149, 4.76, 0.648655, 0, 0, 0.0997103, -0.0998393, 7.74894e-06, -0.00153691, 0.000100796
58230, 0.156291, 0.392653, -0.000835396, 4.77, 0.648655, 0, 0, 0.0997103, -0.0997215, 7.74893e-06, -0.000133798, 0.000100796
58241, 0.17356, 0.409278, 1.35005e-05, 4.78, 0.648655, 0, 0, 0.10003, -0.100005, 7.74894e-06, 0.000299767, 0.000100796
58251, 0.154012, 0.390343, -0.000795051, 4.79, 0.648655, 0, 0, 0.0997103, -0.099735, 7.74893e-06, -0.00029406, 0.000100796
58261, 0.170541, 0.406257, 1.67638e-05, 4.8, 0.648655, 0, 0, 0.10003, -0.100006, 7.74894e-06, 0.000286721, 0.000100796
58271, 0.17221, 0.407876, 8.28579e-05, 4.81, 0.648655, 0, 0, 0.10003, -0.100028, 7.74893e-06, 2.42367e-05, 0.000100796
58280, 0.151392, 0.387719, -0.000789396, 4.82, 0.648655, 0, 0, 0.0997103, -0.0997369, 7.74894e-06, -0.000316486, 0.000100796
58291, 0.189248, 0.424294, 0.000901222, 4.83, 0.648655, 0, 0, 0.100351, -0.1003, 7.74893e-06, 0.000606544, 0.000100796
58301, 0.261385, 0.494288, 0.0037295, 4.84, 0.648655, 0, 0, 0.10133, -0.101243, 7.74894e-06, 0.00103897, 0.000100796
58311, 0.19509, 0.430527, 0.000385076, 4.85, 0.648655, 0, 0, 0.10003, -0.100128, 7.74893e-06, -0.00117622, 0.000100796
58320, 0.190017, 0.42566, 0.000112832, 4.86, 0.648655, 0, 0, 0.10003, -0.100038, 7.74894e-06, -9.48533e-05, 0.000100796
58331, 0.168651, 0.404976, -0.00078696, 4.87, 0.648655, 0, 0, 0.0997103, -0.0997377, 7.74893e-06, -0.000326179, 0.000100796
58341, 0.185032, 0.420747, 1.74344e-05, 4.88, 0.648655, 0, 0, 0.10003, -0.100006, 7.74894e-06, 0.000284106, 0.000100796
58351, 0.186689, 0.422355, 8.2925e-05, 4.89, 0.648655, 0, 0, 0.10003, -0.100028, 7.74893e-06, 2.40132e-05, 0.000100796
58360, 0.187146, 0.422808, 8.82447e-05, 4.9, 0.648655, 0, 0, 0.10003, -0.100029, 7.74894e-06, 2.83867e-06, 0.000100796
58371, 0.187506, 0.423168, 8.86694e-05, 4.91, 0.648655, 0, 0, 0.10003, -0.10003, 7.74893e-06, 1.11759e-06, 0.000100796
58381, 0.187859, 0.42352, 8.87141e-05, 4.92, 0.648655, 0, 0, 0.10003, -0.10003, 7.74894e-06, 9.83477e-07, 0.000100796
58391, 0.252968, 0.486606, 0.00275997, 4.93, 0.648655, 0, 0, 0.101002, -0.10092, 7.74893e-06, 0.000972956, 0.000100796
58400, 0.29108, 0.523869, 0.00388082, 4.94, 0.648655, 0, 0, 0.10133, -0.101294, 7.74894e-06, 0.000437967, 0.000100796
58411, 0.200739, 0.436832, -0.00048025, 4.95, 0.648655, 0, 0, 0.0997103, -0.0998399, 7.74893e-06, -0.00154449, 0.000100796
58421, 0.211506, 0.447203, 4.24013e-05, 4.96, 0.648655, 0, 0, 0.10003, -0.100014, 7.74894e-06, 0.000184931, 0.000100796
58431, 0.149331, 0.386976, -0.00252926, 4.97, 0.648655, 0, 0, 0.0990784, -0.0991569, 7.74893e-06, -0.000935286, 0.000100796
58441, 0.197606, 0.433429, -0.000124387, 4.98, 0.648655, 0, 0, 0.10003, -0.0999585, 7.74894e-06, 0.000847444, 0.000100796
58450, 0.201858, 0.437533, 7.13691e-05, 4.99, 0.648655, 0, 0, 0.10003, -0.100024, 7.74893e-06, 6.98715e-05, 0.000100796
58461, 0.181251, 0.417579, -0.000790335, 5, 0.648655, 0, 0, 0.0997103, -0.0997366, 7.74894e-06, -0.000312768, 0.000100796
