QGPIORecord, QRC v6.1.0, 15-12-2021 @ 16:08:30, Windows 10 Version 2009, 10.0.19042, x86_64
Time, VoltageA, VoltageB, PositionA, PositionB, SpeedA, SpeedB, FrontDistance, PendulumAngle, Time, ValueIn9, eA, errorA
876340, 0.161049, 0, 0, 0, 0, 0, 0, 0, 0, 0, 0, 0
876350, 0.161049, 0, 0, 0, 0, 0, 0, 0, 0, 0, 0, 0
876361, 0.161964, 0, 0, 0, 0, 0, 0, 0, 0, 0, 0, 0
876370, 0.161049, 0, 0, 0, 0, 0, 0, 0, 0, 0, 0, 0
876380, 0.139938, 0, 0, 0, 0, 0, 0, 0, 0, 0, 0, 0
876390, 0.161049, 0, 0, 0, 0, 0, 0, 0, 0, 0, 0, 0
876400, 0.161049, 0, 0, 0, 0, 0, 0, 0, 0, 0, 0, 0
876410, 0.161964, 0, 0, 0, 0, 0, 0, 0, 0, 0, 0, 0
876420, 0.161049, 0, 0, 0, 0, 0, 0, 0, 0, 0, 0, 0
876430, 0.161049, 0, 0, 0, 0, 0, 0, 0, 0, 0, 0, 0
876440, 0.161049, 0, 0, 0, 0, 0, 0, 0, 0, 0, 0, 0
876450, 0.161049, 0, 0, 0, 0, 0, 0, 0, 0, 0, 0, 0
876461, 0.161964, 0, 0, 0, 0, 0, 0, 0, 0, 0, 0, 0
876470, 0.161049, 0, 0, 0, 0, 0, 0, 0, 0, 0, 0, 0
876480, 0.161049, 0, 0, 0, 0, 0, 0, 0, 0, 0, 0, 0
876490, 0.161964, 0, 0, 0, 0, 0, 0, 0, 0, 0, 0, 0
876500, 0.157496, 0, 0, 0, 0, 0, 0, 0, 0, 0, 0, 0
876510, 0.157496, 0, 0, 0, 0, 0, 0, 0, 0, 0, 0, 0
876520, 0.136664, 0, 0, 0, 0, 0, 0, 0, 0, 0, 0, 0
876530, 0.161049, 0, 0, 0, 0, 0, 0, 0, 0, 0, 0, 0
876540, 0.161049, 0, 0, 0, 0, 0, 0, 0, 0, 0, 0, 0
876550, 0.161049, 0, 0, 0, 0, 0, 0, 0, 0, 0, 0, 0
876560, 0.161049, 0, 0, 0, 0, 0, 0, 0, 0, 0, 0, 0
876570, 0.161964, 0, 0, 0, 0, 0, 0, 0, 0, 0, 0, 0
876580, 0.161049, 0, 0, 0, 0, 0, 0, 0, 0, 0, 0, 0
876591, 0.161964, 0, 0, 0, 0, 0, 0, 0, 0, 0, 0, 0
876600, 0.161049, 0, 0, 0, 0, 0, 0, 0, 0, 0, 0, 0
876610, 0.161049, 0, 0, 0, 0, 0, 0, 0, 0, 0, 0, 0
876620, 0.161964, 0, 0, 0, 0, 0, 0, 0, 0, 0, 0, 0
876631, 0.161049, 0, 0, 0, 0, 0, 0, 0, 0, 0, 0, 0
876640, 0.161049, 0, 0, 0, 0, 0, 0, 0, 0, 0, 0, 0
876650, 0.139938, 0, 0, 0, 0, 0, 0, 0, 0, 0, 0, 0
876660, 0.161049, 0, 0, 0, 0, 0, 0, 0, 0, 0, 0, 0
876670, 0.161049, 0, 0, 0, 0, 0, 0, 0, 0, 0, 0, 0
876680, 0.161049, 0, 0, 0, 0, 0, 0, 0, 0, 0, 0, 0
876690, 0.161049, 0, 0, 0, 0, 0, 0, 0, 0, 0, 0, 0
876700, 0.161049, 0, 0, 0, 0, 0, 0, 0, 0, 0, 0, 0
876710, 0.161049, 0, 0, 0, 0, 0, 0, 0, 0, 0, 0, 0
876720, 0.161049, 0, 0, 0, 0, 0, 0, 0, 0, 0, 0, 0
876730, 0.161049, 0, 0, 0, 0, 0, 0, 0, 0, 0, 0, 0
876740, 0.161049, 0, 0, 0, 0, 0, 0, 0, 0, 0, 0, 0
876750, 0.161964, 0, 0, 0, 0, 0, 0, 0, 0, 0, 0, 0
876761, 0.161964, 0, 0, 0, 0, 0, 0, 0, 0, 0, 0, 0
876770, 0.161049, 0, 0, 0, 0, 0, 0, 0, 0, 0, 0, 0
876780, 0.139938, 0, 0, 0, 0, 0, 0, 0, 0, 0, 0, 0
876790, 0.161049, 0, 0, 0, 0, 0, 0, 0, 0, 0, 0, 0
876801, 0.161049, 0, 0, 0, 0, 0, 0, 0, 0, 0, 0, 0
876810, 0.161049, 0, 0, 0, 0, 0, 0, 0, 0, 0, 0, 0
876820, 0.161049, 0, 0, 0, 0, 0, 0, 0, 0, 0, 0, 0
876830, 0.161049, 0, 0, 0, 0, 0, 0, 0, 0, 0, 0, 0
876840, 0.161049, 0, 0, 0, 0, 0, 0, 0, 0, 0, 0, 0
876850, 0.161049, 0, 0, 0, 0, 0, 0, 0, 0, 0, 0, 0
876860, 0.161964, 0, 0, 0, 0, 0, 0, 0, 0, 0, 0, 0
876870, 0.161049, 0, 0, 0, 0, 0, 0, 0, 0, 0, 0, 0
876880, 0.161964, 0, 0, 0, 0, 0, 0, 0, 0, 0, 0, 0
876890, 0.161964, 0, 0, 0, 0, 0, 0, 0, 0, 0, 0, 0
876900, 0.161049, 0, 0, 0, 0, 0, 0, 0, 0, 0, 0, 0
876910, 0.139938, 0, 0, 0, 0, 0, 0, 0, 0, 0, 0, 0
876920, 0.161049, 0, 0, 0, 0, 0, 0, 0, 0, 0, 0, 0
876931, 0.161049, 0, 0, 0, 0, 0, 0, 0, 0, 0, 0, 0
876940, 0.157496, 0, 0, 0, 0, 0, 0, 0, 0, 0, 0, 0
876950, 0.161049, 0, 0, 0, 0, 0, 0, 0, 0, 0, 0, 0
876960, 0.161964, 0, 0, 0, 0, 0, 0, 0, 0, 0, 0, 0
876971, 0.161049, 0, 0, 0, 0, 0, 0, 0, 0, 0, 0, 0
876980, 0.161049, 0, 0, 0, 0, 0, 0, 0, 0, 0, 0, 0
876990, 0.161049, 0, 0, 0, 0, 0, 0, 0, 0, 0, 0, 0
877000, 0.161049, 0, 0, 0, 0, 0, 0, 0, 0, 0, 0, 0
877010, 0.161049, 0, 0, 0, 0, 0, 0, 0, 0, 0, 0, 0
877020, 0.161964, 0, 0, 0, 0, 0, 0, 0, 0, 0, 0, 0
877030, 0.161049, 0, 0, 0, 0, 0, 0, 0, 0, 0, 0, 0
877040, 0.139938, 0, 0, 0, 0, 0, 0, 0, 0, 0, 0, 0
877050, 0.137306, 0, 0, 0, 0, 0, 0, 0, 0, 0, 0, 0
877060, 0.161049, 0, 0, 0, 0, 0, 0, 0, 0, 0, 0, 0
877070, 0.161049, 0, 0, 0, 0, 0, 0, 0, 0, 0, 0, 0
877080, 0.161049, 0, 0, 0, 0, 0, 0, 0, 0, 0, 0, 0
877090, 0.161049, 0, 0, 0, 0, 0, 0, 0, 0, 0, 0, 0
877101, 0.161049, 0, 0, 0, 0, 0, 0, 0, 0, 0, 0, 0
877110, 0.157496, 0, 0, 0, 0, 0, 0, 0, 0, 0, 0, 0
877120, 0.158368, 0, 0, 0, 0, 0, 0, 0, 0, 0, 0, 0
877130, 0.161049, 0, 0, 0, 0, 0, 0, 0, 0, 0, 0, 0
877140, 0.161049, 0, 0, 0, 0, 0, 0, 0, 0, 0, 0, 0
877150, 0.161964, 0, 0, 0, 0, 0, 0, 0, 0, 0, 0, 0
877160, 0.161049, 0, 0, 0, 0, 0, 0, 0, 0, 0, 0, 0
877170, 0.139938, 0, 0, 0, 0, 0, 0, 0, 0, 0, 0, 0
877180, 0.13927, 0, 0, 0, 0, 0, 0, 0, 0, 0, 0, 0
877190, 0.161049, 0, 0, 0, 0, 0, 0, 0, 0, 0, 0, 0
877200, 0.161049, 0, 0, 0, 0, 0, 0, 0, 0, 0, 0, 0
877210, 0.161049, 0, 0, 0, 0, 0, 0, 0, 0, 0, 0, 0
877220, 0.161049, 0, 0, 0, 0, 0, 0, 0, 0, 0, 0, 0
877231, 0.161049, 0, 0, 0, 0, 0, 0, 0, 0, 0, 0, 0
877240, 0.161049, 0, 0, 0, 0, 0, 0, 0, 0, 0, 0, 0
877250, 0.161049, 0, 0, 0, 0, 0, 0, 0, 0, 0, 0, 0
877260, 0.157496, 0, 0, 0, 0, 0, 0, 0, 0, 0, 0, 0
877271, 0.161049, 0, 0, 0, 0, 0, 0, 0, 0, 0, 0, 0
877280, 0.161964, 0, 0, 0, 0, 0, 0, 0, 0, 0, 0, 0
877290, 0.161049, 0, 0, 0, 0, 0, 0, 0, 0, 0, 0, 0
877300, 0.161049, 0, 0, 0, 0, 0, 0, 0, 0, 0, 0, 0
877310, 0.139938, 0, 0, 0, 0, 0, 0, 0, 0, 0, 0, 0
877320, 0.161049, 0, 0, 0, 0, 0, 0, 0, 0, 0, 0, 0
877330, 0.162891, 0, 0, 0, 0, 0, 0, 0, 0, 0, 0, 0
877340, 0.161049, 0, 0, 0, 0, 0, 0, 0, 0, 0, 0, 0
877350, 0.161049, 0, 0, 0, 0, 0, 0, 0, 0, 0, 0, 0
877360, 0.161049, 0, 0, 0, 0, 0, 0, 0, 0, 0, 0, 0
877370, 0.161049, 0, 0, 0, 0, 0, 0, 0, 0, 0, 0, 0
877380, 0.161964, 0, 0, 0, 0, 0, 0, 0, 0, 0, 0, 0
877390, 0.161049, 0, 0, 0, 0, 0, 0, 0, 0, 0, 0, 0
877401, 0.161049, 0, 0, 0, 0, 0, 0, 0, 0, 0, 0, 0
877410, 0.161964, 0, 0, 0, 0, 0, 0, 0, 0, 0, 0, 0
877420, 0.161049, 0, 0, 0, 0, 0, 0, 0, 0, 0, 0, 0
877430, 0.161049, 0, 0, 0, 0, 0, 0, 0, 0, 0, 0, 0
877441, 0.139938, 0, 0, 0, 0, 0, 0, 0, 0, 0, 0, 0
877450, 0.161049, 0, 0, 0, 0, 0, 0, 0, 0, 0, 0, 0
877460, 0.161964, 0, 0, 0, 0, 0, 0, 0, 0, 0, 0, 0
877470, 0.161049, 0, 0, 0, 0, 0, 0, 0, 0, 0, 0, 0
877480, 0.161049, 0, 0, 0, 0, 0, 0, 0, 0, 0, 0, 0
877490, 0.161964, 0, 0, 0, 0, 0, 0, 0, 0, 0, 0, 0
877500, 0.161049, 0, 0, 0, 0, 0, 0, 0, 0, 0, 0, 0
877510, 0.161049, 0, 0, 0, 0, 0, 0, 0, 0, 0, 0, 0
877520, 0.161049, 0, 0, 0, 0, 0, 0, 0, 0, 0, 0, 0
877530, 0.161049, 0, 0, 0, 0, 0, 0, 0, 0, 0, 0, 0
877540, 0.161964, 0, 0, 0, 0, 0, 0, 0, 0, 0, 0, 0
877550, 0.161964, 0, 0, 0, 0, 0, 0, 0, 0, 0, 0, 0
877560, 0.161049, 0, 0, 0, 0, 0, 0, 0, 0, 0, 0, 0
877571, 0.163829, 0, 0, 0, 0, 0, 0, 0, 0, 0, 0, 0
877580, 0.161049, 0, 0, 0, 0, 0, 0, 0, 0, 0, 0, 0
877590, 0.161049, 0, 0, 0, 0, 0, 0, 0, 0, 0, 0, 0
877600, 0.161049, 0, 0, 0, 0, 0, 0, 0, 0, 0, 0, 0
877611, 0.161049, 0, 0, 0, 0, 0, 0, 0, 0, 0, 0, 0
877620, 0.161049, 0, 0, 0, 0, 0, 0, 0, 0, 0, 0, 0
877630, 0.157496, 0, 0, 0, 0, 0, 0, 0, 0, 0, 0, 0
877640, 0.161049, 0, 0, 0, 0, 0, 0, 0, 0, 0, 0, 0
877650, 0.161964, 0, 0, 0, 0, 0, 0, 0, 0, 0, 0, 0
877660, 0.161049, 0, 0, 0, 0, 0, 0, 0, 0, 0, 0, 0
877670, 0.161964, 0, 0, 0, 0, 0, 0, 0, 0, 0, 0, 0
877680, 0.161964, 0, 0, 0, 0, 0, 0, 0, 0, 0, 0, 0
877690, 0.161049, 0, 0, 0, 0, 0, 0, 0, 0, 0, 0, 0
877700, 0.161964, 0, 0, 0, 0, 0, 0, 0, 0, 0, 0, 0
877710, 0.161049, 0, 0, 0, 0, 0, 0, 0, 0, 0, 0, 0
877720, 0.161049, 0, 0, 0, 0, 0, 0, 0, 0, 0, 0, 0
877730, 0.161964, 0, 0, 0, 0, 0, 0, 0, 0, 0, 0, 0
877741, 0.161049, 0, 0, 0, 0, 0, 0, 0, 0, 0, 0, 0
877750, 0.161049, 0, 0, 0, 0, 0, 0, 0, 0, 0, 0, 0
877760, 0.157496, 0, 0, 0, 0, 0, 0, 0, 0, 0, 0, 0
877770, 0.161049, 0, 0, 0, 0, 0, 0, 0, 0, 0, 0, 0
877780, 0.161049, 0, 0, 0, 0, 0, 0, 0, 0, 0, 0, 0
877790, 0.157496, 0, 0, 0, 0, 0, 0, 0, 0, 0, 0, 0
877800, 0.157496, 0, 0, 0, 0, 0, 0, 0, 0, 0, 0, 0
877810, 0.161964, 0, 0, 0, 0, 0, 0, 0, 0, 0, 0, 0
877820, 0.161049, 0, 0, 0, 0, 0, 0, 0, 0, 0, 0, 0
877830, 0.161964, 0, 0, 0, 0, 0, 0, 0, 0, 0, 0, 0
877840, 0.139938, 0, 0, 0, 0, 0, 0, 0, 0, 0, 0, 0
877850, 0.161049, 0, 0, 0, 0, 0, 0, 0, 0, 0, 0, 0
877860, 0.161964, 0, 0, 0, 0, 0, 0, 0, 0, 0, 0, 0
877871, 0.161049, 0, 0, 0, 0, 0, 0, 0, 0, 0, 0, 0
877880, 0.161049, 0, 0, 0, 0, 0, 0, 0, 0, 0, 0, 0
877890, 0.157496, 0, 0, 0, 0, 0, 0, 0, 0, 0, 0, 0
877900, 0.161049, 0, 0, 0, 0, 0, 0, 0, 0, 0, 0, 0
877911, 0.161049, 0, 0, 0, 0, 0, 0, 0, 0, 0, 0, 0
877920, 0.161049, 0, 0, 0, 0, 0, 0, 0, 0, 0, 0, 0
877930, 0.161049, 0, 0, 0, 0, 0, 0, 0, 0, 0, 0, 0
877940, 0.161964, 0, 0, 0, 0, 0, 0, 0, 0, 0, 0, 0
877950, 0.161049, 0, 0, 0, 0, 0, 0, 0, 0, 0, 0, 0
877960, 0.161964, 0, 0, 0, 0, 0, 0, 0, 0, 0, 0, 0
877970, 0.158368, 0, 0, 0, 0, 0, 0, 0, 0, 0, 0, 0
877980, 0.161049, 0, 0, 0, 0, 0, 0, 0, 0, 0, 0, 0
877990, 0.161964, 0, 0, 0, 0, 0, 0, 0, 0, 0, 0, 0
878000, 0.161049, 0, 0, 0, 0, 0, 0, 0, 0, 0, 0, 0
878010, 0.161049, 0, 0, 0, 0, 0, 0, 0, 0, 0, 0, 0
878020, 0.161049, 0, 0, 0, 0, 0, 0, 0, 0, 0, 0, 0
878030, 0.161049, 0, 0, 0, 0, 0, 0, 0, 0, 0, 0, 0
878041, 0.161049, 0, 0, 0, 0, 0, 0, 0, 0, 0, 0, 0
878050, 0.161049, 0, 0, 0, 0, 0, 0, 0, 0, 0, 0, 0
878060, 0.161049, 0, 0, 0, 0, 0, 0, 0, 0, 0, 0, 0
878070, 0.161964, 0, 0, 0, 0, 0, 0, 0, 0, 0, 0, 0
878081, 0.161049, 0, 0, 0, 0, 0, 0, 0, 0, 0, 0, 0
878090, 0.161049, 0, 0, 0, 0, 0, 0, 0, 0, 0, 0, 0
878100, 0.161964, 0, 0, 0, 0, 0, 0, 0, 0, 0, 0, 0
878110, 0.161049, 0, 0, 0, 0, 0, 0, 0, 0, 0, 0, 0
878120, 0.139938, 0, 0, 0, 0, 0, 0, 0, 0, 0, 0, 0
878130, 0.162891, 0, 0, 0, 0, 0, 0, 0, 0, 0, 0, 0
878140, 0.161049, 0, 0, 0, 0, 0, 0, 0, 0, 0, 0, 0
878150, 0.161049, 0, 0, 0, 0, 0, 0, 0, 0, 0, 0, 0
878160, 0.161049, 0, 0, 0, 0, 0, 0, 0, 0, 0, 0, 0
878170, 0.161049, 0, 0, 0, 0, 0, 0, 0, 0, 0, 0, 0
878180, 0.161049, 0, 0, 0, 0, 0, 0, 0, 0, 0, 0, 0
878190, 0.157496, 0, 0, 0, 0, 0, 0, 0, 0, 0, 0, 0
878200, 0.158368, 0, 0, 0, 0, 0, 0, 0, 0, 0, 0, 0
878211, 0.157496, 0, 0, 0, 0, 0, 0, 0, 0, 0, 0, 0
878220, 0.161049, 0, 0, 0, 0, 0, 0, 0, 0, 0, 0, 0
878230, 0.161964, 0, 0, 0, 0, 0, 0, 0, 0, 0, 0, 0
878240, 0.161049, 0, 0, 0, 0, 0, 0, 0, 0, 0, 0, 0
878251, 0.139938, 0, 0, 0, 0, 0, 0, 0, 0, 0, 0, 0
878260, 0.161049, 0, 0, 0, 0, 0, 0, 0, 0, 0, 0, 0
878270, 0.161049, 0, 0, 0, 0, 0, 0, 0, 0, 0, 0, 0
878280, 0.161049, 0, 0, 0, 0, 0, 0, 0, 0, 0, 0, 0
878290, 0.161049, 0, 0, 0, 0, 0, 0, 0, 0, 0, 0, 0
878300, 0.161049, 0, 0, 0, 0, 0, 0, 0, 0, 0, 0, 0
878310, 0.161049, 0, 0, 0, 0, 0, 0, 0, 0, 0, 0, 0
878320, 0.161049, 0, 0, 0, 0, 0, 0, 0, 0, 0, 0, 0
878330, 0.161964, 0, 0, 0, 0, 0, 0, 0, 0, 0, 0, 0
878340, 0.161049, 0, 0, 0, 0, 0, 0, 0, 0, 0, 0, 0
878350, 0.161049, 0, 0, 0, 0, 0, 0, 0, 0, 0, 0, 0
878360, 0.161964, 0, 0, 0, 0, 0, 0, 0, 0, 0, 0, 0
878370, 0.161049, 0, 0, 0, 0, 0, 0, 0, 0, 0, 0, 0
878381, 0.161049, 0, 0, 0, 0, 0, 0, 0, 0, 0, 0, 0
878390, 0.13927, 0, 0, 0, 0, 0, 0, 0, 0, 0, 0, 0
878400, 0.161049, 0, 0, 0, 0, 0, 0, 0, 0, 0, 0, 0
878410, 0.161049, 0, 0, 0, 0, 0, 0, 0, 0, 0, 0, 0
878420, 0.161049, 0, 0, 0, 0, 0, 0, 0, 0, 0, 0, 0
878430, 0.161049, 0, 0, 0, 0, 0, 0, 0, 0, 0, 0, 0
878440, 0.161049, 0, 0, 0, 0, 0, 0, 0, 0, 0, 0, 0
878450, 0.161049, 0, 0, 0, 0, 0, 0, 0, 0, 0, 0, 0
878460, 0.161049, 0, 0, 0, 0, 0, 0, 0, 0, 0, 0, 0
878470, 0.161964, 0, 0, 0, 0, 0, 0, 0, 0, 0, 0, 0
878480, 0.157496, 0, 0, 0, 0, 0, 0, 0, 0, 0, 0, 0
878490, 0.158368, 0, 0, 0, 0, 0, 0, 0, 0, 0, 0, 0
878500, 0.161049, 0, 0, 0, 0, 0, 0, 0, 0, 0, 0, 0
878511, 0.161049, 0, 0, 0, 0, 0, 0, 0, 0, 0, 0, 0
878520, 0.139938, 0, 0, 0, 0, 0, 0, 0, 0, 0, 0, 0
878530, 0.161049, 0, 0, 0, 0, 0, 0, 0, 0, 0, 0, 0
878540, 0.161049, 0, 0, 0, 0, 0, 0, 0, 0, 0, 0, 0
878551, 0.161049, 0, 0, 0, 0, 0, 0, 0, 0, 0, 0, 0
878560, 0.161049, 0, 0, 0, 0, 0, 0, 0, 0, 0, 0, 0
878570, 0.161964, 0, 0, 0, 0, 0, 0, 0, 0, 0, 0, 0
878580, 0.161049, 0, 0, 0, 0, 0, 0, 0, 0, 0, 0, 0
878590, 0.161049, 0, 0, 0, 0, 0, 0, 0, 0, 0, 0, 0
878600, 0.158368, 0, 0, 0, 0, 0, 0, 0, 0, 0, 0, 0
878610, 0.157496, 0, 0, 0, 0, 0, 0, 0, 0, 0, 0, 0
878620, 0.158368, 0, 0, 0, 0, 0, 0, 0, 0, 0, 0, 0
878630, 0.158368, 0, 0, 0, 0, 0, 0, 0, 0, 0, 0, 0
878640, 0.161049, 0, 0, 0, 0, 0, 0, 0, 0, 0, 0, 0
878650, 0.13927, 0, 0, 0, 0, 0, 0, 0, 0, 0, 0, 0
878660, 0.161049, 0, 0, 0, 0, 0, 0, 0, 0, 0, 0, 0
878670, 0.161049, 0, 0, 0, 0, 0, 0, 0, 0, 0, 0, 0
878681, 0.161049, 0, 0, 0, 0, 0, 0, 0, 0, 0, 0, 0
878690, 0.161049, 0, 0, 0, 0, 0, 0, 0, 0, 0, 0, 0
878700, 0.161049, 0, 0, 0, 0, 0, 0, 0, 0, 0, 0, 0
878710, 0.161049, 0, 0, 0, 0, 0, 0, 0, 0, 0, 0, 0
878721, 0.157496, 0, 0, 0, 0, 0, 0, 0, 0, 0, 0, 0
878730, 0.157496, 0, 0, 0, 0, 0, 0, 0, 0, 0, 0, 0
878740, 0.161049, 0, 0, 0, 0, 0, 0, 0, 0, 0, 0, 0
878750, 0.161964, 0, 0, 0, 0, 0, 0, 0, 0, 0, 0, 0
878760, 0.161964, 0, 0, 0, 0, 0, 0, 0, 0, 0, 0, 0
878770, 0.161049, 0, 0, 0, 0, 0, 0, 0, 0, 0, 0, 0
878780, 0.139938, 0, 0, 0, 0, 0, 0, 0, 0, 0, 0, 0
878790, 0.161049, 0, 0, 0, 0, 0, 0, 0, 0, 0, 0, 0
878800, 0.161049, 0, 0, 0, 0, 0, 0, 0, 0, 0, 0, 0
878810, 0.161049, 0, 0, 0, 0, 0, 0, 0, 0, 0, 0, 0
878820, 0.161049, 0, 0, 0, 0, 0, 0, 0, 0, 0, 0, 0
878830, 0.161049, 0, 0, 0, 0, 0, 0, 0, 0, 0, 0, 0
878840, 0.161049, 0, 0, 0, 0, 0, 0, 0, 0, 0, 0, 0
878851, 0.161049, 0, 0, 0, 0, 0, 0, 0, 0, 0, 0, 0
878860, 0.161964, 0, 0, 0, 0, 0, 0, 0, 0, 0, 0, 0
878870, 0.161049, 0, 0, 0, 0, 0, 0, 0, 0, 0, 0, 0
878880, 0.161049, 0, 0, 0, 0, 0, 0, 0, 0, 0, 0, 0
878891, 0.161964, 0, 0, 0, 0, 0, 0, 0, 0, 0, 0, 0
878900, 0.161049, 0, 0, 0, 0, 0, 0, 0, 0, 0, 0, 0
878910, 0.139938, 0, 0, 0, 0, 0, 0, 0, 0, 0, 0, 0
878920, 0.139938, 0, 0, 0, 0, 0, 0, 0, 0, 0, 0, 0
878930, 0.157496, 0, 0, 0, 0, 0, 0, 0, 0, 0, 0, 0
878940, 0.157496, 0, 0, 0, 0, 0, 0, 0, 0, 0, 0, 0
878950, 0.161049, 0, 0, 0, 0, 0, 0, 0, 0, 0, 0, 0
878960, 0.161049, 0, 0, 0, 0, 0, 0, 0, 0, 0, 0, 0
878970, 0.161049, 0, 0, 0, 0, 0, 0, 0, 0, 0, 0, 0
878980, 0.157496, 0, 0, 0, 0, 0, 0, 0, 0, 0, 0, 0
878990, 0.158368, 0, 0, 0, 0, 0, 0, 0, 0, 0, 0, 0
879000, 0.161049, 0, 0, 0, 0, 0, 0, 0, 0, 0, 0, 0
879010, 0.161049, 0, 0, 0, 0, 0, 0, 0, 0, 0, 0, 0
879021, 0.161964, 0, 0, 0, 0, 0, 0, 0, 0, 0, 0, 0
879030, 0.157496, 0, 0, 0, 0, 0, 0, 0, 0, 0, 0, 0
879040, 0.137954, 0, 0, 0, 0, 0, 0, 0, 0, 0, 0, 0
879050, 0.136664, 0, 0, 0, 0, 0, 0, 0, 0, 0, 0, 0
879060, 0.161049, 0, 0, 0, 0, 0, 0, 0, 0, 0, 0, 0
879070, 0.161049, 0, 0, 0, 0, 0, 0, 0, 0, 0, 0, 0
879080, 0.161049, 0, 0, 0, 0, 0, 0, 0, 0, 0, 0, 0
879090, 0.161049, 0, 0, 0, 0, 0, 0, 0, 0, 0, 0, 0
879100, 0.161049, 0, 0, 0, 0, 0, 0, 0, 0, 0, 0, 0
879110, 0.161049, 0, 0, 0, 0, 0, 0, 0, 0, 0, 0, 0
879120, 0.161964, 0, 0, 0, 0, 0, 0, 0, 0, 0, 0, 0
879130, 0.161049, 0, 0, 0, 0, 0, 0, 0, 0, 0, 0, 0
879140, 0.161049, 0, 0, 0, 0, 0, 0, 0, 0, 0, 0, 0
879151, 0.161964, 0, 0, 0, 0, 0, 0, 0, 0, 0, 0, 0
879160, 0.161049, 0, 0, 0, 0, 0, 0, 0, 0, 0, 0, 0
879170, 0.161049, 0, 0, 0, 0, 0, 0, 0, 0, 0, 0, 0
879180, 0.139938, 0, 0, 0, 0, 0, 0, 0, 0, 0, 0, 0
879191, 0.161049, 0, 0, 0, 0, 0, 0, 0, 0, 0, 0, 0
879200, 0.161049, 0, 0, 0, 0, 0, 0, 0, 0, 0, 0, 0
879210, 0.157496, 0, 0, 0, 0, 0, 0, 0, 0, 0, 0, 0
879220, 0.161049, 0, 0, 0, 0, 0, 0, 0, 0, 0, 0, 0
879230, 0.161049, 0, 0, 0, 0, 0, 0, 0, 0, 0, 0, 0
879240, 0.161049, 0, 0, 0, 0, 0, 0, 0, 0, 0, 0, 0
879250, 0.161964, 0, 0, 0, 0, 0, 0, 0, 0, 0, 0, 0
879260, 0.161049, 0, 0, 0, 0, 0, 0, 0, 0, 0, 0, 0
879270, 0.161049, 0, 0, 0, 0, 0, 0, 0, 0, 0, 0, 0
879280, 0.161964, 0, 0, 0, 0, 0, 0, 0, 0, 0, 0, 0
879290, 0.161049, 0, 0, 0, 0, 0, 0, 0, 0, 0, 0, 0
879300, 0.161049, 0, 0, 0, 0, 0, 0, 0, 0, 0, 0, 0
879310, 0.139938, 0, 0, 0, 0, 0, 0, 0, 0, 0, 0, 0
879321, 0.161049, 0, 0, 0, 0, 0, 0, 0, 0, 0, 0, 0
879330, 0.161964, 0, 0, 0, 0, 0, 0, 0, 0, 0, 0, 0
879340, 0.161049, 0, 0, 0, 0, 0, 0, 0, 0, 0, 0, 0
879350, 0.157496, 0, 0, 0, 0, 0, 0, 0, 0, 0, 0, 0
879361, 0.157496, 0, 0, 0, 0, 0, 0, 0, 0, 0, 0, 0
879370, 0.161049, 0, 0, 0, 0, 0, 0, 0, 0, 0, 0, 0
879380, 0.161049, 0, 0, 0, 0, 0, 0, 0, 0, 0, 0, 0
879390, 0.157496, 0, 0, 0, 0, 0, 0, 0, 0, 0, 0, 0
879400, 0.161049, 0, 0, 0, 0, 0, 0, 0, 0, 0, 0, 0
879410, 0.161964, 0, 0, 0, 0, 0, 0, 0, 0, 0, 0, 0
879420, 0.161964, 0, 0, 0, 0, 0, 0, 0, 0, 0, 0, 0
879430, 0.161049, 0, 0, 0, 0, 0, 0, 0, 0, 0, 0, 0
879440, 0.164778, 0, 0, 0, 0, 0, 0, 0, 0, 0, 0, 0
879450, 0.161049, 0, 0, 0, 0, 0, 0, 0, 0, 0, 0, 0
879460, 0.161049, 0, 0, 0, 0, 0, 0, 0, 0, 0, 0, 0
879470, 0.161049, 0, 0, 0, 0, 0, 0, 0, 0, 0, 0, 0
879480, 0.161049, 0, 0, 0, 0, 0, 0, 0, 0, 0, 0, 0
879491, 0.161049, 0, 0, 0, 0, 0, 0, 0, 0, 0, 0, 0
879500, 0.161049, 0, 0, 0, 0, 0, 0, 0, 0, 0, 0, 0
879510, 0.161049, 0, 0, 0, 0, 0, 0, 0, 0, 0, 0, 0
879520, 0.161964, 0, 0, 0, 0, 0, 0, 0, 0, 0, 0, 0
879531, 0.157496, 0, 0, 0, 0, 0, 0, 0, 0, 0, 0, 0
879540, 0.158368, 0, 0, 0, 0, 0, 0, 0, 0, 0, 0, 0
879550, 0.161964, 0, 0, 0, 0, 0, 0, 0, 0, 0, 0, 0
879560, 0.161049, 0, 0, 0, 0, 0, 0, 0, 0, 0, 0, 0
879570, 0.161964, 0, 0, 0, 0, 0, 0, 0, 0, 0, 0, 0
879580, 0.161049, 0, 0, 0, 0, 0, 0, 0, 0, 0, 0, 0
879590, 0.161049, 0, 0, 0, 0, 0, 0, 0, 0, 0, 0, 0
879600, 0.161964, 0, 0, 0, 0, 0, 0, 0, 0, 0, 0, 0
879610, 0.161049, 0, 0, 0, 0, 0, 0, 0, 0, 0, 0, 0
879620, 0.161049, 0, 0, 0, 0, 0, 0, 0, 0, 0, 0, 0
879630, 0.161049, 0, 0, 0, 0, 0, 0, 0, 0, 0, 0, 0
879640, 0.161049, 0, 0, 0, 0, 0, 0, 0, 0, 0, 0, 0
879650, 0.161964, 0, 0, 0, 0, 0, 0, 0, 0, 0, 0, 0
879661, 0.161049, 0, 0, 0, 0, 0, 0, 0, 0, 0, 0, 0
879670, 0.161049, 0, 0, 0, 0, 0, 0, 0, 0, 0, 0, 0
879680, 0.161964, 0, 0, 0, 0, 0, 0, 0, 0, 0, 0, 0
879690, 0.161049, 0, 0, 0, 0, 0, 0, 0, 0, 0, 0, 0
879700, 0.161964, 0, 0, 0, 0, 0, 0, 0, 0, 0, 0, 0
879710, 0.139938, 0, 0, 0, 0, 0, 0, 0, 0, 0, 0, 0
879720, 0.161049, 0, 0, 0, 0, 0, 0, 0, 0, 0, 0, 0
879730, 0.161964, 0, 0, 0, 0, 0, 0, 0, 0, 0, 0, 0
879740, 0.161049, 0, 0, 0, 0, 0, 0, 0, 0, 0, 0, 0
879750, 0.161049, 0, 0, 0, 0, 0, 0, 0, 0, 0, 0, 0
879760, 0.161049, 0, 0, 0, 0, 0, 0, 0, 0, 0, 0, 0
879770, 0.161049, 0, 0, 0, 0, 0, 0, 0, 0, 0, 0, 0
879780, 0.161964, 0, 0, 0, 0, 0, 0, 0, 0, 0, 0, 0
879791, 0.161049, 0, 0, 0, 0, 0, 0, 0, 0, 0, 0, 0
879800, 0.161049, 0, 0, 0, 0, 0, 0, 0, 0, 0, 0, 0
879810, 0.161964, 0, 0, 0, 0, 0, 0, 0, 0, 0, 0, 0
879820, 0.157496, 0, 0, 0, 0, 0, 0, 0, 0, 0, 0, 0
879831, 0.158368, 0, 0, 0, 0, 0, 0, 0, 0, 0, 0, 0
879840, 0.159251, 0, 0, 0, 0, 0, 0, 0, 0, 0, 0, 0
879850, 0.161049, 0, 0, 0, 0, 0, 0, 0, 0, 0, 0, 0
879860, 0.161964, 0, 0, 0, 0, 0, 0, 0, 0, 0, 0, 0
879870, 0.161049, 0, 0, 0, 0, 0, 0, 0, 0, 0, 0, 0
879880, 0.161049, 0, 0, 0, 0, 0, 0, 0, 0, 0, 0, 0
879890, 0.161049, 0, 0, 0, 0, 0, 0, 0, 0, 0, 0, 0
879900, 0.161049, 0, 0, 0, 0, 0, 0, 0, 0, 0, 0, 0
879910, 0.161964, 0, 0, 0, 0, 0, 0, 0, 0, 0, 0, 0
879920, 0.157496, 0, 0, 0, 0, 0, 0, 0, 0, 0, 0, 0
879930, 0.161049, 0, 0, 0, 0, 0, 0, 0, 0, 0, 0, 0
879940, 0.161964, 0, 0, 0, 0, 0, 0, 0, 0, 0, 0, 0
879950, 0.161049, 0, 0, 0, 0, 0, 0, 0, 0, 0, 0, 0
879961, 0.161049, 0, 0, 0, 0, 0, 0, 0, 0, 0, 0, 0
879970, 0.161964, 0, 0, 0, 0, 0, 0, 0, 0, 0, 0, 0
879980, 0.157496, 0, 0, 0, 0, 0, 0, 0, 0, 0, 0, 0
879990, 0.136029, 0, 0, 0, 0, 0, 0, 0, 0, 0, 0, 0
880001, 0.161964, 0, 0, 0, 0, 0, 0, 0, 0, 0, 0, 0
880010, 0.161049, 0, 0, 0, 0, 0, 0, 0, 0, 0, 0, 0
880020, 0.161049, 0, 0, 0, 0, 0, 0, 0, 0, 0, 0, 0
880030, 0.161049, 0, 0, 0, 0, 0, 0, 0, 0, 0, 0, 0
880040, 0.161049, 0, 0, 0, 0, 0, 0, 0, 0, 0, 0, 0
880050, 0.161049, 0, 0, 0, 0, 0, 0, 0, 0, 0, 0, 0
880060, 0.161049, 0, 0, 0, 0, 0, 0, 0, 0, 0, 0, 0
880070, 0.161964, 0, 0, 0, 0, 0, 0, 0, 0, 0, 0, 0
880080, 0.161049, 0, 0, 0, 0, 0, 0, 0, 0, 0, 0, 0
880090, 0.157496, 0, 0, 0, 0, 0, 0, 0, 0, 0, 0, 0
880100, 0.158368, 0, 0, 0, 0, 0, 0, 0, 0, 0, 0, 0
880110, 0.161049, 0, 0, 0, 0, 0, 0, 0, 0, 0, 0, 0
880120, 0.139938, 0, 0, 0, 0, 0, 0, 0, 0, 0, 0, 0
880131, 0.161049, 0, 0, 0, 0, 0, 0, 0, 0, 0, 0, 0
880140, 0.161049, 0, 0, 0, 0, 0, 0, 0, 0, 0, 0, 0
880150, 0.161049, 0, 0, 0, 0, 0, 0, 0, 0, 0, 0, 0
880160, 0.161049, 0, 0, 0, 0, 0, 0, 0, 0, 0, 0, 0
880171, 0.161049, 0, 0, 0, 0, 0, 0, 0, 0, 0, 0, 0
880180, 0.161049, 0, 0, 0, 0, 0, 0, 0, 0, 0, 0, 0
880190, 0.161049, 0, 0, 0, 0, 0, 0, 0, 0, 0, 0, 0
880200, 0.161964, 0, 0, 0, 0, 0, 0, 0, 0, 0, 0, 0
880210, 0.161049, 0, 0, 0, 0, 0, 0, 0, 0, 0, 0, 0
880220, 0.161049, 0, 0, 0, 0, 0, 0, 0, 0, 0, 0, 0
880230, 0.161964, 0, 0, 0, 0, 0, 0, 0, 0, 0, 0, 0
880240, 0.161049, 0, 0, 0, 0, 0, 0, 0, 0, 0, 0, 0
880250, 0.161049, 0, 0, 0, 0, 0, 0, 0, 0, 0, 0, 0
880260, 0.161049, 0, 0, 0, 0, 0, 0, 0, 0, 0, 0, 0
880270, 0.161049, 0, 0, 0, 0, 0, 0, 0, 0, 0, 0, 0
880280, 0.161049, 0, 0, 0, 0, 0, 0, 0, 0, 0, 0, 0
880290, 0.161049, 0, 0, 0, 0, 0, 0, 0, 0, 0, 0, 0
880301, 0.157496, 0, 0, 0, 0, 0, 0, 0, 0, 0, 0, 0
880310, 0.157496, 0, 0, 0, 0, 0, 0, 0, 0, 0, 0, 0
880320, 0.161049, 0, 0, 0, 0, 0, 0, 0, 0, 0, 0, 0
880330, 0.161964, 0, 0, 0, 0, 0, 0, 0, 0, 0, 0, 0
880340, 0.161049, 0, 0, 0, 0, 0, 0, 0, 0, 0, 0, 0
880350, 0.161049, 0, 0, 0, 0, 0, 0, 0, 0, 0, 0, 0
880360, 0.161964, 0, 0, 0, 0, 0, 0, 0, 0, 0, 0, 0
880370, 0.161049, 0, 0, 0, 0, 0, 0, 0, 0, 0, 0, 0
880380, 0.157496, 0, 0, 0, 0, 0, 0, 0, 0, 0, 0, 0
880390, 0.137306, 0, 0, 0, 0, 0, 0, 0, 0, 0, 0, 0
880400, 0.161049, 0, 0, 0, 0, 0, 0, 0, 0, 0, 0, 0
880410, 0.161049, 0, 0, 0, 0, 0, 0, 0, 0, 0, 0, 0
880420, 0.161049, 0, 0, 0, 0, 0, 0, 0, 0, 0, 0, 0
880431, 0.161049, 0, 0, 0, 0, 0, 0, 0, 0, 0, 0, 0
880440, 0.161049, 0, 0, 0, 0, 0, 0, 0, 0, 0, 0, 0
880450, 0.161049, 0, 0, 0, 0, 0, 0, 0, 0, 0, 0, 0
880460, 0.161049, 0, 0, 0, 0, 0, 0, 0, 0, 0, 0, 0
880471, 0.161964, 0, 0, 0, 0, 0, 0, 0, 0, 0, 0, 0
880480, 0.161049, 0, 0, 0, 0, 0, 0, 0, 0, 0, 0, 0
880490, 0.161964, 0, 0, 0, 0, 0, 0, 0, 0, 0, 0, 0
880500, 0.161964, 0, 0, 0, 0, 0, 0, 0, 0, 0, 0, 0
880510, 0.161049, 0, 0, 0, 0, 0, 0, 0, 0, 0, 0, 0
880520, 0.139938, 0, 0, 0, 0, 0, 0, 0, 0, 0, 0, 0
880530, 0.161049, 0, 0, 0, 0, 0, 0, 0, 0, 0, 0, 0
880540, 0.161049, 0, 0, 0, 0, 0, 0, 0, 0, 0, 0, 0
880550, 0.161049, 0, 0, 0, 0, 0, 0, 0, 0, 0, 0, 0
880560, 0.161049, 0, 0, 0, 0, 0, 0, 0, 0, 0, 0, 0
880570, 0.161049, 0, 0, 0, 0, 0, 0, 0, 0, 0, 0, 0
880580, 0.157496, 0, 0, 0, 0, 0, 0, 0, 0, 0, 0, 0
880590, 0.161049, 0, 0, 0, 0, 0, 0, 0, 0, 0, 0, 0
880601, 0.161964, 0, 0, 0, 0, 0, 0, 0, 0, 0, 0, 0
880610, 0.161049, 0, 0, 0, 0, 0, 0, 0, 0, 0, 0, 0
880620, 0.161964, 0, 0, 0, 0, 0, 0, 0, 0, 0, 0, 0
880630, 0.161964, 0, 0, 0, 0, 0, 0, 0, 0, 0, 0, 0
880641, 0.161049, 0, 0, 0, 0, 0, 0, 0, 0, 0, 0, 0
880650, 0.139938, 0, 0, 0, 0, 0, 0, 0, 0, 0, 0, 0
880660, 0.161049, 0, 0, 0, 0, 0, 0, 0, 0, 0, 0, 0
880670, 0.161049, 0, 0, 0, 0, 0, 0, 0, 0, 0, 0, 0
880680, 0.161049, 0, 0, 0, 0, 0, 0, 0, 0, 0, 0, 0
880690, 0.161049, 0, 0, 0, 0, 0, 0, 0, 0, 0, 0, 0
880700, 0.161049, 0, 0, 0, 0, 0, 0, 0, 0, 0, 0, 0
880710, 0.161049, 0, 0, 0, 0, 0, 0, 0, 0, 0, 0, 0
880720, 0.161049, 0, 0, 0, 0, 0, 0, 0, 0, 0, 0, 0
880730, 0.161964, 0, 0, 0, 0, 0, 0, 0, 0, 0, 0, 0
880740, 0.161049, 0, 0, 0, 0, 0, 0, 0, 0, 0, 0, 0
880750, 0.161049, 0, 0, 0, 0, 0, 0, 0, 0, 0, 0, 0
880760, 0.161964, 0, 0, 0, 0, 0, 0, 0, 0, 0, 0, 0
880771, 0.157496, 0, 0, 0, 0, 0, 0, 0, 0, 0, 0, 0
880780, 0.137306, 0, 0, 0, 0, 0, 0, 0, 0, 0, 0, 0
880790, 0.138608, 0, 0, 0, 0, 0, 0, 0, 0, 0, 0, 0
880800, 0.161049, 0, 0, 0, 0, 0, 0, 0, 0, 0, 0, 0
880811, 0.161049, 0, 0, 0, 0, 0, 0, 0, 0, 0, 0, 0
880820, 0.161049, 0, 0, 0, 0, 0, 0, 0, 0, 0, 0, 0
880830, 0.161049, 0, 0, 0, 0, 0, 0, 0, 0, 0, 0, 0
880840, 0.161049, 0, 0, 0, 0, 0, 0, 0, 0, 0, 0, 0
880850, 0.161049, 0, 0, 0, 0, 0, 0, 0, 0, 0, 0, 0
880860, 0.161964, 0, 0, 0, 0, 0, 0, 0, 0, 0, 0, 0
880870, 0.161049, 0, 0, 0, 0, 0, 0, 0, 0, 0, 0, 0
880880, 0.157496, 0, 0, 0, 0, 0, 0, 0, 0, 0, 0, 0
880890, 0.158368, 0, 0, 0, 0, 0, 0, 0, 0, 0, 0, 0
880900, 0.157496, 0, 0, 0, 0, 0, 0, 0, 0, 0, 0, 0
880910, 0.159251, 0, 0, 0, 0, 0, 0, 0, 0, 0, 0, 0
880920, 0.139938, 0, 0, 0, 0, 0, 0, 0, 0, 0, 0, 0
880930, 0.161049, 0, 0, 0, 0, 0, 0, 0, 0, 0, 0, 0
880941, 0.161049, 0, 0, 0, 0, 0, 0, 0, 0, 0, 0, 0
880950, 0.161049, 0, 0, 0, 0, 0, 0, 0, 0, 0, 0, 0
880960, 0.161049, 0, 0, 0, 0, 0, 0, 0, 0, 0, 0, 0
880970, 0.161049, 0, 0, 0, 0, 0, 0, 0, 0, 0, 0, 0
880980, 0.161049, 0, 0, 0, 0, 0, 0, 0, 0, 0, 0, 0
880990, 0.161049, 0, 0, 0, 0, 0, 0, 0, 0, 0, 0, 0
881000, 0.161049, 0, 0, 0, 0, 0, 0, 0, 0, 0, 0, 0
881010, 0.161049, 0, 0, 0, 0, 0, 0, 0, 0, 0, 0, 0
881020, 0.161964, 0, 0, 0, 0, 0, 0, 0, 0, 0, 0, 0
881030, 0.161049, 0, 0, 0, 0, 0, 0, 0, 0, 0, 0, 0
881040, 0.161049, 0, 0, 0, 0, 0, 0, 0, 0, 0, 0, 0
881050, 0.139938, 0, 0, 0, 0, 0, 0, 0, 0, 0, 0, 0
881060, 0.161049, 0, 0, 0, 0, 0, 0, 0, 0, 0, 0, 0
881071, 0.161964, 0, 0, 0, 0, 0, 0, 0, 0, 0, 0, 0
881080, 0.161049, 0, 0, 0, 0, 0, 0, 0, 0, 0, 0, 0
881090, 0.161049, 0, 0, 0, 0, 0, 0, 0, 0, 0, 0, 0
881100, 0.161049, 0, 0, 0, 0, 0, 0, 0, 0, 0, 0, 0
881111, 0.161049, 0, 0, 0, 0, 0, 0, 0, 0, 0, 0, 0
881120, 0.161964, 0, 0, 0, 0, 0, 0, 0, 0, 0, 0, 0
881130, 0.161049, 0, 0, 0, 0, 0, 0, 0, 0, 0, 0, 0
881140, 0.161049, 0, 0, 0, 0, 0, 0, 0, 0, 0, 0, 0
881150, 0.161964, 0, 0, 0, 0, 0, 0, 0, 0, 0, 0, 0
881160, 0.161049, 0, 0, 0, 0, 0, 0, 0, 0, 0, 0, 0
881170, 0.161049, 0, 0, 0, 0, 0, 0, 0, 0, 0, 0, 0
881180, 0.139938, 0, 0, 0, 0, 0, 0, 0, 0, 0, 0, 0
881190, 0.161049, 0, 0, 0, 0, 0, 0, 0, 0, 0, 0, 0
881200, 0.162891, 0, 0, 0, 0, 0, 0, 0, 0, 0, 0, 0
881210, 0.161049, 0, 0, 0, 0, 0, 0, 0, 0, 0, 0, 0
881220, 0.161049, 0, 0, 0, 0, 0, 0, 0, 0, 0, 0, 0
881230, 0.161049, 0, 0, 0, 0, 0, 0, 0, 0, 0, 0, 0
881241, 0.161049, 0, 0, 0, 0, 0, 0, 0, 0, 0, 0, 0
881250, 0.161049, 0, 0, 0, 0, 0, 0, 0, 0, 0, 0, 0
881260, 0.161049, 0, 0, 0, 0, 0, 0, 0, 0, 0, 0, 0
881270, 0.161049, 0, 0, 0, 0, 0, 0, 0, 0, 0, 0, 0
881281, 0.161964, 0, 0, 0, 0, 0, 0, 0, 0, 0, 0, 0
881290, 0.161964, 0, 0, 0, 0, 0, 0, 0, 0, 0, 0, 0
881300, 0.161049, 0, 0, 0, 0, 0, 0, 0, 0, 0, 0, 0
881310, 0.140614, 0, 0, 0, 0, 0, 0, 0, 0, 0, 0, 0
881320, 0.161049, 0, 0, 0, 0, 0, 0, 0, 0, 0, 0, 0
881330, 0.161049, 0, 0, 0, 0, 0, 0, 0, 0, 0, 0, 0
881340, 0.161049, 0, 0, 0, 0, 0, 0, 0, 0, 0, 0, 0
881350, 0.161049, 0, 0, 0, 0, 0, 0, 0, 0, 0, 0, 0
881360, 0.161049, 0, 0, 0, 0, 0, 0, 0, 0, 0, 0, 0
881370, 0.157496, 0, 0, 0, 0, 0, 0, 0, 0, 0, 0, 0
881380, 0.161049, 0, 0, 0, 0, 0, 0, 0, 0, 0, 0, 0
881390, 0.161964, 0, 0, 0, 0, 0, 0, 0, 0, 0, 0, 0
881400, 0.161049, 0, 0, 0, 0, 0, 0, 0, 0, 0, 0, 0
881411, 0.161964, 0, 0, 0, 0, 0, 0, 0, 0, 0, 0, 0
881420, 0.161964, 0, 0, 0, 0, 0, 0, 0, 0, 0, 0, 0
881430, 0.161049, 0, 0, 0, 0, 0, 0, 0, 0, 0, 0, 0
881440, 0.161964, 0, 0, 0, 0, 0, 0, 0, 0, 0, 0, 0
881451, 0.161049, 0, 0, 0, 0, 0, 0, 0, 0, 0, 0, 0
881460, 0.161049, 0, 0, 0, 0, 0, 0, 0, 0, 0, 0, 0
881470, 0.161049, 0, 0, 0, 0, 0, 0, 0, 0, 0, 0, 0
881480, 0.161049, 0, 0, 0, 0, 0, 0, 0, 0, 0, 0, 0
881490, 0.161049, 0, 0, 0, 0, 0, 0, 0, 0, 0, 0, 0
881500, 0.161049, 0, 0, 0, 0, 0, 0, 0, 0, 0, 0, 0
881510, 0.157496, 0, 0, 0, 0, 0, 0, 0, 0, 0, 0, 0
881520, 0.158368, 0, 0, 0, 0, 0, 0, 0, 0, 0, 0, 0
881530, 0.161049, 0, 0, 0, 0, 0, 0, 0, 0, 0, 0, 0
881541, 0.161049, 0, 0, 0, 0, 0, 0, 0, 0, 0, 0, 0
881550, 0.161964, 0, 0, 0, 0, 0, 0, 0, 0, 0, 0, 0
881560, 0.161049, 0, 0, 0, 0, 0, 0, 0, 0, 0, 0, 0
881570, 0.161964, 0, 0, 0, 0, 0, 0, 0, 0, 0, 0, 0
881581, 0.137306, 0, 0, 0, 0, 0, 0, 0, 0, 0, 0, 0
881590, 0.161049, 0, 0, 0, 0, 0, 0, 0, 0, 0, 0, 0
881600, 0.162891, 0, 0, 0, 0, 0, 0, 0, 0, 0, 0, 0
881610, 0.161049, 0, 0, 0, 0, 0, 0, 0, 0, 0, 0, 0
881620, 0.161049, 0, 0, 0, 0, 0, 0, 0, 0, 0, 0, 0
881630, 0.161049, 0, 0, 0, 0, 0, 0, 0, 0, 0, 0, 0
881640, 0.161049, 0, 0, 0, 0, 0, 0, 0, 0, 0, 0, 0
881650, 0.161964, 0, 0, 0, 0, 0, 0, 0, 0, 0, 0, 0
881660, 0.157496, 0, 0, 0, 0, 0, 0, 0, 0, 0, 0, 0
881670, 0.161049, 0, 0, 0, 0, 0, 0, 0, 0, 0, 0, 0
881680, 0.161964, 0, 0, 0, 0, 0, 0, 0, 0, 0, 0, 0
881690, 0.161049, 0, 0, 0, 0, 0, 0, 0, 0, 0, 0, 0
881700, 0.161964, 0, 0, 0, 0, 0, 0, 0, 0, 0, 0, 0
881711, 0.140614, 0, 0, 0, 0, 0, 0, 0, 0, 0, 0, 0
881720, 0.161049, 0, 0, 0, 0, 0, 0, 0, 0, 0, 0, 0
881730, 0.161964, 0, 0, 0, 0, 0, 0, 0, 0, 0, 0, 0
881740, 0.161049, 0, 0, 0, 0, 0, 0, 0, 0, 0, 0, 0
881751, 0.161049, 0, 0, 0, 0, 0, 0, 0, 0, 0, 0, 0
881760, 0.161049, 0, 0, 0, 0, 0, 0, 0, 0, 0, 0, 0
881770, 0.161049, 0, 0, 0, 0, 0, 0, 0, 0, 0, 0, 0
881780, 0.161964, 0, 0, 0, 0, 0, 0, 0, 0, 0, 0, 0
881790, 0.157496, 0, 0, 0, 0, 0, 0, 0, 0, 0, 0, 0
881800, 0.161049, 0, 0, 0, 0, 0, 0, 0, 0, 0, 0, 0
881810, 0.161964, 0, 0, 0, 0, 0, 0, 0, 0, 0, 0, 0
881820, 0.161049, 0, 0, 0, 0, 0, 0, 0, 0, 0, 0, 0
881830, 0.161049, 0, 0, 0, 0, 0, 0, 0, 0, 0, 0, 0
881840, 0.161964, 0, 0, 0, 0, 0, 0, 0, 0, 0, 0, 0
881850, 0.161049, 0, 0, 0, 0, 0, 0, 0, 0, 0, 0, 0
881860, 0.139938, 0, 0, 0, 0, 0, 0, 0, 0, 0, 0, 0
881870, 0.161049, 0, 0, 0, 0, 0, 0, 0, 0, 0, 0, 0
881881, 0.161049, 0, 0, 0, 0, 0, 0, 0, 0, 0, 0, 0
881890, 0.161049, 0, 0, 0, 0, 0, 0, 0, 0, 0, 0, 0
881900, 0.161049, 0, 0, 0, 0, 0, 0, 0, 0, 0, 0, 0
881910, 0.161049, 0, 0, 0, 0, 0, 0, 0, 0, 0, 0, 0
881921, 0.161049, 0, 0, 0, 0, 0, 0, 0, 0, 0, 0, 0
881930, 0.161049, 0, 0, 0, 0, 0, 0, 0, 0, 0, 0, 0
881940, 0.161964, 0, 0, 0, 0, 0, 0, 0, 0, 0, 0, 0
881950, 0.161049, 0, 0, 0, 0, 0, 0, 0, 0, 0, 0, 0
881960, 0.161049, 0, 0, 0, 0, 0, 0, 0, 0, 0, 0, 0
881970, 0.161964, 0, 0, 0, 0, 0, 0, 0, 0, 0, 0, 0
881980, 0.161049, 0, 0, 0, 0, 0, 0, 0, 0, 0, 0, 0
881990, 0.139938, 0, 0, 0, 0, 0, 0, 0, 0, 0, 0, 0
882000, 0.161049, 0, 0, 0, 0, 0, 0, 0, 0, 0, 0, 0
882010, 0.161049, 0, 0, 0, 0, 0, 0, 0, 0, 0, 0, 0
882020, 0.161049, 0, 0, 0, 0, 0, 0, 0, 0, 0, 0, 0
882030, 0.161049, 0, 0, 0, 0, 0, 0, 0, 0, 0, 0, 0
882040, 0.161049, 0, 0, 0, 0, 0, 0, 0, 0, 0, 0, 0
882051, 0.157496, 0, 0, 0, 0, 0, 0, 0, 0, 0, 0, 0
882060, 0.161049, 0, 0, 0, 0, 0, 0, 0, 0, 0, 0, 0
882070, 0.161964, 0, 0, 0, 0, 0, 0, 0, 0, 0, 0, 0
882080, 0.157496, 0, 0, 0, 0, 0, 0, 0, 0, 0, 0, 0
882091, 0.161049, 0, 0, 0, 0, 0, 0, 0, 0, 0, 0, 0
882100, 0.161964, 0, 0, 0, 0, 0, 0, 0, 0, 0, 0, 0
882110, 0.161049, 0, 0, 0, 0, 0, 0, 0, 0, 0, 0, 0
882120, 0.161049, 0, 0, 0, 0, 0, 0, 0, 0, 0, 0, 0
882130, 0.161964, 0, 0, 0, 0, 0, 0, 0, 0, 0, 0, 0
882140, 0.161049, 0, 0, 0, 0, 0, 0, 0, 0, 0, 0, 0
882150, 0.161049, 0, 0, 0, 0, 0, 0, 0, 0, 0, 0, 0
882160, 0.161049, 0, 0, 0, 0, 0, 0, 0, 0, 0, 0, 0
882170, 0.161049, 0, 0, 0, 0, 0, 0, 0, 0, 0, 0, 0
882180, 0.161049, 0, 0, 0, 0, 0, 0, 0, 0, 0, 0, 0
882190, 0.161049, 0, 0, 0, 0, 0, 0, 0, 0, 0, 0, 0
882200, 0.161049, 0, 0, 0, 0, 0, 0, 0, 0, 0, 0, 0
882210, 0.158368, 0, 0, 0, 0, 0, 0, 0, 0, 0, 0, 0
882221, 0.161049, 0, 0, 0, 0, 0, 0, 0, 0, 0, 0, 0
882230, 0.161964, 0, 0, 0, 0, 0, 0, 0, 0, 0, 0, 0
882240, 0.161049, 0, 0, 0, 0, 0, 0, 0, 0, 0, 0, 0
882250, 0.161049, 0, 0, 0, 0, 0, 0, 0, 0, 0, 0, 0
882260, 0.161964, 0, 0, 0, 0, 0, 0, 0, 0, 0, 0, 0
882270, 0.161049, 0, 0, 0, 0, 0, 0, 0, 0, 0, 0, 0
882280, 0.161049, 0, 0, 0, 0, 0, 0, 0, 0, 0, 0, 0
882290, 0.161049, 0, 0, 0, 0, 0, 0, 0, 0, 0, 0, 0
882300, 0.161049, 0, 0, 0, 0, 0, 0, 0, 0, 0, 0, 0
882310, 0.161964, 0, 0, 0, 0, 0, 0, 0, 0, 0, 0, 0
882320, 0.161049, 0, 0, 0, 0, 0, 0, 0, 0, 0, 0, 0
882330, 0.161049, 0, 0, 0, 0, 0, 0, 0, 0, 0, 0, 0
882340, 0.161049, 0, 0, 0, 0, 0, 0, 0, 0, 0, 0, 0
882351, 0.157496, 0, 0, 0, 0, 0, 0, 0, 0, 0, 0, 0
882360, 0.158368, 0, 0, 0, 0, 0, 0, 0, 0, 0, 0, 0
882370, 0.161964, 0, 0, 0, 0, 0, 0, 0, 0, 0, 0, 0
882380, 0.161049, 0, 0, 0, 0, 0, 0, 0, 0, 0, 0, 0
882391, 0.139938, 0, 0, 0, 0, 0, 0, 0, 0, 0, 0, 0
882400, 0.157496, 0, 0, 0, 0, 0, 0, 0, 0, 0, 0, 0
882410, 0.157496, 0, 0, 0, 0, 0, 0, 0, 0, 0, 0, 0
882420, 0.161049, 0, 0, 0, 0, 0, 0, 0, 0, 0, 0, 0
882430, 0.161049, 0, 0, 0, 0, 0, 0, 0, 0, 0, 0, 0
882440, 0.161964, 0, 0, 0, 0, 0, 0, 0, 0, 0, 0, 0
882450, 0.161049, 0, 0, 0, 0, 0, 0, 0, 0, 0, 0, 0
882460, 0.161049, 0, 0, 0, 0, 0, 0, 0, 0, 0, 0, 0
882470, 0.161964, 0, 0, 0, 0, 0, 0, 0, 0, 0, 0, 0
882480, 0.161049, 0, 0, 0, 0, 0, 0, 0, 0, 0, 0, 0
882490, 0.161964, 0, 0, 0, 0, 0, 0, 0, 0, 0, 0, 0
882500, 0.158368, 0, 0, 0, 0, 0, 0, 0, 0, 0, 0, 0
882510, 0.161049, 0, 0, 0, 0, 0, 0, 0, 0, 0, 0, 0
882521, 0.139938, 0, 0, 0, 0, 0, 0, 0, 0, 0, 0, 0
882530, 0.161049, 0, 0, 0, 0, 0, 0, 0, 0, 0, 0, 0
882540, 0.161049, 0, 0, 0, 0, 0, 0, 0, 0, 0, 0, 0
882550, 0.157496, 0, 0, 0, 0, 0, 0, 0, 0, 0, 0, 0
882561, 0.161049, 0, 0, 0, 0, 0, 0, 0, 0, 0, 0, 0
882570, 0.161964, 0, 0, 0, 0, 0, 0, 0, 0, 0, 0, 0
882580, 0.161049, 0, 0, 0, 0, 0, 0, 0, 0, 0, 0, 0
882590, 0.161049, 0, 0, 0, 0, 0, 0, 0, 0, 0, 0, 0
882600, 0.161964, 0, 0, 0, 0, 0, 0, 0, 0, 0, 0, 0
882610, 0.161049, 0, 0, 0, 0, 0, 0, 0, 0, 0, 0, 0
882620, 0.161049, 0, 0, 0, 0, 0, 0, 0, 0, 0, 0, 0
882630, 0.161964, 0, 0, 0, 0, 0, 0, 0, 0, 0, 0, 0
882640, 0.161049, 0, 0, 0, 0, 0, 0, 0, 0, 0, 0, 0
882650, 0.140614, 0, 0, 0, 0, 0, 0, 0, 0, 0, 0, 0
882660, 0.137306, 0, 0, 0, 0, 0, 0, 0, 0, 0, 0, 0
882670, 0.161049, 0, 0, 0, 0, 0, 0, 0, 0, 0, 0, 0
882680, 0.161049, 0, 0, 0, 0, 0, 0, 0, 0, 0, 0, 0
882691, 0.161049, 0, 0, 0, 0, 0, 0, 0, 0, 0, 0, 0
882700, 0.161049, 0, 0, 0, 0, 0, 0, 0, 0, 0, 0, 0
882710, 0.161049, 0, 0, 0, 0, 0, 0, 0, 0, 0, 0, 0
882720, 0.157496, 0, 0, 0, 0, 0, 0, 0, 0, 0, 0, 0
882731, 0.158368, 0, 0, 0, 0, 0, 0, 0, 0, 0, 0, 0
882740, 0.161049, 0, 0, 0, 0, 0, 0, 0, 0, 0, 0, 0
882750, 0.161049, 0, 0, 0, 0, 0, 0, 0, 0, 0, 0, 0
882760, 0.161964, 0, 0, 0, 0, 0, 0, 0, 0, 0, 0, 0
882770, 0.161049, 0, 0, 0, 0, 0, 0, 0, 0, 0, 0, 0
882780, 0.140614, 0, 0, 0, 0, 0, 0, 0, 0, 0, 0, 0
882790, 0.139938, 0, 0, 0, 0, 0, 0, 0, 0, 0, 0, 0
882800, 0.161049, 0, 0, 0, 0, 0, 0, 0, 0, 0, 0, 0
882810, 0.161049, 0, 0, 0, 0, 0, 0, 0, 0, 0, 0, 0
882821, 0.161049, 0, 0, 0, 0, 0, 0, 0, 0, 0, 0, 0
882830, 0.161049, 0, 0, 0, 0, 0, 0, 0, 0, 0, 0, 0
882840, 0.161049, 0, 0, 0, 0, 0, 0, 0, 0, 0, 0, 0
882850, 0.161049, 0, 0, 0, 0, 0, 0, 0, 0, 0, 0, 0
882861, 0.161049, 0, 0, 0, 0, 0, 0, 0, 0, 0, 0, 0
882870, 0.161049, 0, 0, 0, 0, 0, 0, 0, 0, 0, 0, 0
882880, 0.161049, 0, 0, 0, 0, 0, 0, 0, 0, 0, 0, 0
882890, 0.161964, 0, 0, 0, 0, 0, 0, 0, 0, 0, 0, 0
882900, 0.161049, 0, 0, 0, 0, 0, 0, 0, 0, 0, 0, 0
882910, 0.161049, 0, 0, 0, 0, 0, 0, 0, 0, 0, 0, 0
882920, 0.137306, 0, 0, 0, 0, 0, 0, 0, 0, 0, 0, 0
882930, 0.161049, 0, 0, 0, 0, 0, 0, 0, 0, 0, 0, 0
882940, 0.161049, 0, 0, 0, 0, 0, 0, 0, 0, 0, 0, 0
882950, 0.161049, 0, 0, 0, 0, 0, 0, 0, 0, 0, 0, 0
882960, 0.161049, 0, 0, 0, 0, 0, 0, 0, 0, 0, 0, 0
882970, 0.161049, 0, 0, 0, 0, 0, 0, 0, 0, 0, 0, 0
882980, 0.161049, 0, 0, 0, 0, 0, 0, 0, 0, 0, 0, 0
882991, 0.161049, 0, 0, 0, 0, 0, 0, 0, 0, 0, 0, 0
883000, 0.161049, 0, 0, 0, 0, 0, 0, 0, 0, 0, 0, 0
883010, 0.161049, 0, 0, 0, 0, 0, 0, 0, 0, 0, 0, 0
883020, 0.161964, 0, 0, 0, 0, 0, 0, 0, 0, 0, 0, 0
883031, 0.161049, 0, 0, 0, 0, 0, 0, 0, 0, 0, 0, 0
883040, 0.161049, 0, 0, 0, 0, 0, 0, 0, 0, 0, 0, 0
883050, 0.139938, 0, 0, 0, 0, 0, 0, 0, 0, 0, 0, 0
883060, 0.161049, 0, 0, 0, 0, 0, 0, 0, 0, 0, 0, 0
883070, 0.161049, 0, 0, 0, 0, 0, 0, 0, 0, 0, 0, 0
883080, 0.161049, 0, 0, 0, 0, 0, 0, 0, 0, 0, 0, 0
883090, 0.161049, 0, 0, 0, 0, 0, 0, 0, 0, 0, 0, 0
883100, 0.161049, 0, 0, 0, 0, 0, 0, 0, 0, 0, 0, 0
883110, 0.161049, 0, 0, 0, 0, 0, 0, 0, 0, 0, 0, 0
883120, 0.161049, 0, 0, 0, 0, 0, 0, 0, 0, 0, 0, 0
883130, 0.157496, 0, 0, 0, 0, 0, 0, 0, 0, 0, 0, 0
883140, 0.161049, 0, 0, 0, 0, 0, 0, 0, 0, 0, 0, 0
883150, 0.161964, 0, 0, 0, 0, 0, 0, 0, 0, 0, 0, 0
883161, 0.161964, 0, 0, 0, 0, 0, 0, 0, 0, 0, 0, 0
883170, 0.157496, 0, 0, 0, 0, 0, 0, 0, 0, 0, 0, 0
883180, 0.137306, 0, 0, 0, 0, 0, 0, 0, 0, 0, 0, 0
883190, 0.161049, 0, 0, 0, 0, 0, 0, 0, 0, 0, 0, 0
883201, 0.161049, 0, 0, 0, 0, 0, 0, 0, 0, 0, 0, 0
883210, 0.161049, 0, 0, 0, 0, 0, 0, 0, 0, 0, 0, 0
883220, 0.161049, 0, 0, 0, 0, 0, 0, 0, 0, 0, 0, 0
883230, 0.161049, 0, 0, 0, 0, 0, 0, 0, 0, 0, 0, 0
883240, 0.157496, 0, 0, 0, 0, 0, 0, 0, 0, 0, 0, 0
883250, 0.161049, 0, 0, 0, 0, 0, 0, 0, 0, 0, 0, 0
883260, 0.161049, 0, 0, 0, 0, 0, 0, 0, 0, 0, 0, 0
883270, 0.161049, 0, 0, 0, 0, 0, 0, 0, 0, 0, 0, 0
883280, 0.161964, 0, 0, 0, 0, 0, 0, 0, 0, 0, 0, 0
883290, 0.161964, 0, 0, 0, 0, 0, 0, 0, 0, 0, 0, 0
883300, 0.161049, 0, 0, 0, 0, 0, 0, 0, 0, 0, 0, 0
883310, 0.162891, 0, 0, 0, 0, 0, 0, 0, 0, 0, 0, 0
883320, 0.161049, 0, 0, 0, 0, 0, 0, 0, 0, 0, 0, 0
883331, 0.161049, 0, 0, 0, 0, 0, 0, 0, 0, 0, 0, 0
883340, 0.157496, 0, 0, 0, 0, 0, 0, 0, 0, 0, 0, 0
883350, 0.161049, 0, 0, 0, 0, 0, 0, 0, 0, 0, 0, 0
883360, 0.161049, 0, 0, 0, 0, 0, 0, 0, 0, 0, 0, 0
883371, 0.161049, 0, 0, 0, 0, 0, 0, 0, 0, 0, 0, 0
883380, 0.161049, 0, 0, 0, 0, 0, 0, 0, 0, 0, 0, 0
883390, 0.161964, 0, 0, 0, 0, 0, 0, 0, 0, 0, 0, 0
883400, 0.161049, 0, 0, 0, 0, 0, 0, 0, 0, 0, 0, 0
883410, 0.161049, 0, 0, 0, 0, 0, 0, 0, 0, 0, 0, 0
883420, 0.161964, 0, 0, 0, 0, 0, 0, 0, 0, 0, 0, 0
883430, 0.161049, 0, 0, 0, 0, 0, 0, 0, 0, 0, 0, 0
883440, 0.161964, 0, 0, 0, 0, 0, 0, 0, 0, 0, 0, 0
883450, 0.139938, 0, 0, 0, 0, 0, 0, 0, 0, 0, 0, 0
883460, 0.157496, 0, 0, 0, 0, 0, 0, 0, 0, 0, 0, 0
883470, 0.159251, 0, 0, 0, 0, 0, 0, 0, 0, 0, 0, 0
883480, 0.161049, 0, 0, 0, 0, 0, 0, 0, 0, 0, 0, 0
883490, 0.161049, 0, 0, 0, 0, 0, 0, 0, 0, 0, 0, 0
883501, 0.161049, 0, 0, 0, 0, 0, 0, 0, 0, 0, 0, 0
883510, 0.161049, 0, 0, 0, 0, 0, 0, 0, 0, 0, 0, 0
883520, 0.161964, 0, 0, 0, 0, 0, 0, 0, 0, 0, 0, 0
883530, 0.161049, 0, 0, 0, 0, 0, 0, 0, 0, 0, 0, 0
883540, 0.161049, 0, 0, 0, 0, 0, 0, 0, 0, 0, 0, 0
883550, 0.161964, 0, 0, 0, 0, 0, 0, 0, 0, 0, 0, 0
883560, 0.157496, 0, 0, 0, 0, 0, 0, 0, 0, 0, 0, 0
883570, 0.158368, 0, 0, 0, 0, 0, 0, 0, 0, 0, 0, 0
883580, 0.139938, 0, 0, 0, 0, 0, 0, 0, 0, 0, 0, 0
883590, 0.161049, 0, 0, 0, 0, 0, 0, 0, 0, 0, 0, 0
883600, 0.161964, 0, 0, 0, 0, 0, 0, 0, 0, 0, 0, 0
883610, 0.161049, 0, 0, 0, 0, 0, 0, 0, 0, 0, 0, 0
883620, 0.161049, 0, 0, 0, 0, 0, 0, 0, 0, 0, 0, 0
883631, 0.161049, 0, 0, 0, 0, 0, 0, 0, 0, 0, 0, 0
883640, 0.157496, 0, 0, 0, 0, 0, 0, 0, 0, 0, 0, 0
883650, 0.158368, 0, 0, 0, 0, 0, 0, 0, 0, 0, 0, 0
883660, 0.161049, 0, 0, 0, 0, 0, 0, 0, 0, 0, 0, 0
883671, 0.161049, 0, 0, 0, 0, 0, 0, 0, 0, 0, 0, 0
883680, 0.161964, 0, 0, 0, 0, 0, 0, 0, 0, 0, 0, 0
883690, 0.161049, 0, 0, 0, 0, 0, 0, 0, 0, 0, 0, 0
883700, 0.161049, 0, 0, 0, 0, 0, 0, 0, 0, 0, 0, 0
883710, 0.164778, 0, 0, 0, 0, 0, 0, 0, 0, 0, 0, 0
883720, 0.161049, 0, 0, 0, 0, 0, 0, 0, 0, 0, 0, 0
883730, 0.13927, 0, 0, 0, 0, 0, 0, 0, 0, 0, 0, 0
883740, 0.157496, 0, 0, 0, 0, 0, 0, 0, 0, 0, 0, 0
883750, 0.157496, 0, 0, 0, 0, 0, 0, 0, 0, 0, 0, 0
883760, 0.157496, 0, 0, 0, 0, 0, 0, 0, 0, 0, 0, 0
883770, 0.161049, 0, 0, 0, 0, 0, 0, 0, 0, 0, 0, 0
883780, 0.161049, 0, 0, 0, 0, 0, 0, 0, 0, 0, 0, 0
883790, 0.157496, 0, 0, 0, 0, 0, 0, 0, 0, 0, 0, 0
883801, 0.161049, 0, 0, 0, 0, 0, 0, 0, 0, 0, 0, 0
883810, 0.161964, 0, 0, 0, 0, 0, 0, 0, 0, 0, 0, 0
883820, 0.157496, 0, 0, 0, 0, 0, 0, 0, 0, 0, 0, 0
883830, 0.161049, 0, 0, 0, 0, 0, 0, 0, 0, 0, 0, 0
883841, 0.161964, 0, 0, 0, 0, 0, 0, 0, 0, 0, 0, 0
883850, 0.161049, 0, 0, 0, 0, 0, 0, 0, 0, 0, 0, 0
883860, 0.139938, 0, 0, 0, 0, 0, 0, 0, 0, 0, 0, 0
883870, 0.157496, 0, 0, 0, 0, 0, 0, 0, 0, 0, 0, 0
883880, 0.161049, 0, 0, 0, 0, 0, 0, 0, 0, 0, 0, 0
883890, 0.161049, 0, 0, 0, 0, 0, 0, 0, 0, 0, 0, 0
883900, 0.161049, 0, 0, 0, 0, 0, 0, 0, 0, 0, 0, 0
883910, 0.161049, 0, 0, 0, 0, 0, 0, 0, 0, 0, 0, 0
883920, 0.161049, 0, 0, 0, 0, 0, 0, 0, 0, 0, 0, 0
883930, 0.161049, 0, 0, 0, 0, 0, 0, 0, 0, 0, 0, 0
883940, 0.161964, 0, 0, 0, 0, 0, 0, 0, 0, 0, 0, 0
883950, 0.161049, 0, 0, 0, 0, 0, 0, 0, 0, 0, 0, 0
883960, 0.161049, 0, 0, 0, 0, 0, 0, 0, 0, 0, 0, 0
883971, 0.161964, 0, 0, 0, 0, 0, 0, 0, 0, 0, 0, 0
883980, 0.157496, 0, 0, 0, 0, 0, 0, 0, 0, 0, 0, 0
883990, 0.157496, 0, 0, 0, 0, 0, 0, 0, 0, 0, 0, 0
884000, 0.161049, 0, 0, 0, 0, 0, 0, 0, 0, 0, 0, 0
884011, 0.161049, 0, 0, 0, 0, 0, 0, 0, 0, 0, 0, 0
884020, 0.161049, 0, 0, 0, 0, 0, 0, 0, 0, 0, 0, 0
884030, 0.157496, 0, 0, 0, 0, 0, 0, 0, 0, 0, 0, 0
884040, 0.161049, 0, 0, 0, 0, 0, 0, 0, 0, 0, 0, 0
884050, 0.161964, 0, 0, 0, 0, 0, 0, 0, 0, 0, 0, 0
884060, 0.161049, 0, 0, 0, 0, 0, 0, 0, 0, 0, 0, 0
884070, 0.161964, 0, 0, 0, 0, 0, 0, 0, 0, 0, 0, 0
884080, 0.161964, 0, 0, 0, 0, 0, 0, 0, 0, 0, 0, 0
884090, 0.157496, 0, 0, 0, 0, 0, 0, 0, 0, 0, 0, 0
884100, 0.158368, 0, 0, 0, 0, 0, 0, 0, 0, 0, 0, 0
884110, 0.161049, 0, 0, 0, 0, 0, 0, 0, 0, 0, 0, 0
884120, 0.161049, 0, 0, 0, 0, 0, 0, 0, 0, 0, 0, 0
884130, 0.161049, 0, 0, 0, 0, 0, 0, 0, 0, 0, 0, 0
884141, 0.161049, 0, 0, 0, 0, 0, 0, 0, 0, 0, 0, 0
884150, 0.161049, 0, 0, 0, 0, 0, 0, 0, 0, 0, 0, 0
884160, 0.161049, 0, 0, 0, 0, 0, 0, 0, 0, 0, 0, 0
884170, 0.161049, 0, 0, 0, 0, 0, 0, 0, 0, 0, 0, 0
884180, 0.161049, 0, 0, 0, 0, 0, 0, 0, 0, 0, 0, 0
884190, 0.157496, 0, 0, 0, 0, 0, 0, 0, 0, 0, 0, 0
884200, 0.157496, 0, 0, 0, 0, 0, 0, 0, 0, 0, 0, 0
884210, 0.161964, 0, 0, 0, 0, 0, 0, 0, 0, 0, 0, 0
884220, 0.161049, 0, 0, 0, 0, 0, 0, 0, 0, 0, 0, 0
884230, 0.161964, 0, 0, 0, 0, 0, 0, 0, 0, 0, 0, 0
884240, 0.161964, 0, 0, 0, 0, 0, 0, 0, 0, 0, 0, 0
884250, 0.161049, 0, 0, 0, 0, 0, 0, 0, 0, 0, 0, 0
884260, 0.13927, 0, 0, 0, 0, 0, 0, 0, 0, 0, 0, 0
884271, 0.161049, 0, 0, 0, 0, 0, 0, 0, 0, 0, 0, 0
884280, 0.161049, 0, 0, 0, 0, 0, 0, 0, 0, 0, 0, 0
884290, 0.161049, 0, 0, 0, 0, 0, 0, 0, 0, 0, 0, 0
884300, 0.161049, 0, 0, 0, 0, 0, 0, 0, 0, 0, 0, 0
884311, 0.161049, 0, 0, 0, 0, 0, 0, 0, 0, 0, 0, 0
884320, 0.157496, 0, 0, 0, 0, 0, 0, 0, 0, 0, 0, 0
884330, 0.157496, 0, 0, 0, 0, 0, 0, 0, 0, 0, 0, 0
884340, 0.158368, 0, 0, 0, 0, 0, 0, 0, 0, 0, 0, 0
884350, 0.161049, 0, 0, 0, 0, 0, 0, 0, 0, 0, 0, 0
884360, 0.161964, 0, 0, 0, 0, 0, 0, 0, 0, 0, 0, 0
884370, 0.161964, 0, 0, 0, 0, 0, 0, 0, 0, 0, 0, 0
884380, 0.161049, 0, 0, 0, 0, 0, 0, 0, 0, 0, 0, 0
884390, 0.139938, 0, 0, 0, 0, 0, 0, 0, 0, 0, 0, 0
884400, 0.161049, 0, 0, 0, 0, 0, 0, 0, 0, 0, 0, 0
884410, 0.161049, 0, 0, 0, 0, 0, 0, 0, 0, 0, 0, 0
884420, 0.161049, 0, 0, 0, 0, 0, 0, 0, 0, 0, 0, 0
884430, 0.161049, 0, 0, 0, 0, 0, 0, 0, 0, 0, 0, 0
884441, 0.161049, 0, 0, 0, 0, 0, 0, 0, 0, 0, 0, 0
884450, 0.161049, 0, 0, 0, 0, 0, 0, 0, 0, 0, 0, 0
884460, 0.161049, 0, 0, 0, 0, 0, 0, 0, 0, 0, 0, 0
884470, 0.161964, 0, 0, 0, 0, 0, 0, 0, 0, 0, 0, 0
884481, 0.161049, 0, 0, 0, 0, 0, 0, 0, 0, 0, 0, 0
884490, 0.161049, 0, 0, 0, 0, 0, 0, 0, 0, 0, 0, 0
884500, 0.161964, 0, 0, 0, 0, 0, 0, 0, 0, 0, 0, 0
884510, 0.161049, 0, 0, 0, 0, 0, 0, 0, 0, 0, 0, 0
884520, 0.139938, 0, 0, 0, 0, 0, 0, 0, 0, 0, 0, 0
884530, 0.157496, 0, 0, 0, 0, 0, 0, 0, 0, 0, 0, 0
884540, 0.161049, 0, 0, 0, 0, 0, 0, 0, 0, 0, 0, 0
884550, 0.161049, 0, 0, 0, 0, 0, 0, 0, 0, 0, 0, 0
884560, 0.161049, 0, 0, 0, 0, 0, 0, 0, 0, 0, 0, 0
884570, 0.161049, 0, 0, 0, 0, 0, 0, 0, 0, 0, 0, 0
884580, 0.161049, 0, 0, 0, 0, 0, 0, 0, 0, 0, 0, 0
884590, 0.161049, 0, 0, 0, 0, 0, 0, 0, 0, 0, 0, 0
884600, 0.161049, 0, 0, 0, 0, 0, 0, 0, 0, 0, 0, 0
884611, 0.157496, 0, 0, 0, 0, 0, 0, 0, 0, 0, 0, 0
884620, 0.161049, 0, 0, 0, 0, 0, 0, 0, 0, 0, 0, 0
884630, 0.161964, 0, 0, 0, 0, 0, 0, 0, 0, 0, 0, 0
884640, 0.161049, 0, 0, 0, 0, 0, 0, 0, 0, 0, 0, 0
884651, 0.139938, 0, 0, 0, 0, 0, 0, 0, 0, 0, 0, 0
884660, 0.137306, 0, 0, 0, 0, 0, 0, 0, 0, 0, 0, 0
884670, 0.161049, 0, 0, 0, 0, 0, 0, 0, 0, 0, 0, 0
884680, 0.161049, 0, 0, 0, 0, 0, 0, 0, 0, 0, 0, 0
884690, 0.157496, 0, 0, 0, 0, 0, 0, 0, 0, 0, 0, 0
884700, 0.157496, 0, 0, 0, 0, 0, 0, 0, 0, 0, 0, 0
884710, 0.157496, 0, 0, 0, 0, 0, 0, 0, 0, 0, 0, 0
884720, 0.161049, 0, 0, 0, 0, 0, 0, 0, 0, 0, 0, 0
884730, 0.161049, 0, 0, 0, 0, 0, 0, 0, 0, 0, 0, 0
884740, 0.157496, 0, 0, 0, 0, 0, 0, 0, 0, 0, 0, 0
884750, 0.161049, 0, 0, 0, 0, 0, 0, 0, 0, 0, 0, 0
884760, 0.161964, 0, 0, 0, 0, 0, 0, 0, 0, 0, 0, 0
884770, 0.161049, 0, 0, 0, 0, 0, 0, 0, 0, 0, 0, 0
884781, 0.161049, 0, 0, 0, 0, 0, 0, 0, 0, 0, 0, 0
884790, 0.13927, 0, 0, 0, 0, 0, 0, 0, 0, 0, 0, 0
884800, 0.161049, 0, 0, 0, 0, 0, 0, 0, 0, 0, 0, 0
884810, 0.161049, 0, 0, 0, 0, 0, 0, 0, 0, 0, 0, 0
884820, 0.161049, 0, 0, 0, 0, 0, 0, 0, 0, 0, 0, 0
884830, 0.161049, 0, 0, 0, 0, 0, 0, 0, 0, 0, 0, 0
884840, 0.161049, 0, 0, 0, 0, 0, 0, 0, 0, 0, 0, 0
884850, 0.157496, 0, 0, 0, 0, 0, 0, 0, 0, 0, 0, 0
884860, 0.158368, 0, 0, 0, 0, 0, 0, 0, 0, 0, 0, 0
884870, 0.161049, 0, 0, 0, 0, 0, 0, 0, 0, 0, 0, 0
884880, 0.157496, 0, 0, 0, 0, 0, 0, 0, 0, 0, 0, 0
884890, 0.158368, 0, 0, 0, 0, 0, 0, 0, 0, 0, 0, 0
884900, 0.157496, 0, 0, 0, 0, 0, 0, 0, 0, 0, 0, 0
884911, 0.161049, 0, 0, 0, 0, 0, 0, 0, 0, 0, 0, 0
884920, 0.139938, 0, 0, 0, 0, 0, 0, 0, 0, 0, 0, 0
884930, 0.161049, 0, 0, 0, 0, 0, 0, 0, 0, 0, 0, 0
884940, 0.161964, 0, 0, 0, 0, 0, 0, 0, 0, 0, 0, 0
884951, 0.161049, 0, 0, 0, 0, 0, 0, 0, 0, 0, 0, 0
884960, 0.161049, 0, 0, 0, 0, 0, 0, 0, 0, 0, 0, 0
884970, 0.161964, 0, 0, 0, 0, 0, 0, 0, 0, 0, 0, 0
884980, 0.157496, 0, 0, 0, 0, 0, 0, 0, 0, 0, 0, 0
884990, 0.157496, 0, 0, 0, 0, 0, 0, 0, 0, 0, 0, 0
885000, 0.161049, 0, 0, 0, 0, 0, 0, 0, 0, 0, 0, 0
885010, 0.161049, 0, 0, 0, 0, 0, 0, 0, 0, 0, 0, 0
885020, 0.161964, 0, 0, 0, 0, 0, 0, 0, 0, 0, 0, 0
885030, 0.158368, 0, 0, 0, 0, 0, 0, 0, 0, 0, 0, 0
885040, 0.161049, 0, 0, 0, 0, 0, 0, 0, 0, 0, 0, 0
885050, 0.139938, 0, 0, 0, 0, 0, 0, 0, 0, 0, 0, 0
885060, 0.161049, 0, 0, 0, 0, 0, 0, 0, 0, 0, 0, 0
885070, 0.161049, 0, 0, 0, 0, 0, 0, 0, 0, 0, 0, 0
885081, 0.161049, 0, 0, 0, 0, 0, 0, 0, 0, 0, 0, 0
885090, 0.157496, 0, 0, 0, 0, 0, 0, 0, 0, 0, 0, 0
885100, 0.157496, 0, 0, 0, 0, 0, 0, 0, 0, 0, 0, 0
885110, 0.161049, 0, 0, 0, 0, 0, 0, 0, 0, 0, 0, 0
885121, 0.157496, 0, 0, 0, 0, 0, 0, 0, 0, 0, 0, 0
885130, 0.158368, 0, 0, 0, 0, 0, 0, 0, 0, 0, 0, 0
885140, 0.161049, 0, 0, 0, 0, 0, 0, 0, 0, 0, 0, 0
885150, 0.161964, 0, 0, 0, 0, 0, 0, 0, 0, 0, 0, 0
885160, 0.158368, 0, 0, 0, 0, 0, 0, 0, 0, 0, 0, 0
885170, 0.157496, 0, 0, 0, 0, 0, 0, 0, 0, 0, 0, 0
885180, 0.159251, 0, 0, 0, 0, 0, 0, 0, 0, 0, 0, 0
885190, 0.161049, 0, 0, 0, 0, 0, 0, 0, 0, 0, 0, 0
885200, 0.161049, 0, 0, 0, 0, 0, 0, 0, 0, 0, 0, 0
885211, 0.157496, 0, 0, 0, 0, 0, 0, 0, 0, 0, 0, 0
885220, 0.161049, 0, 0, 0, 0, 0, 0, 0, 0, 0, 0, 0
885230, 0.161049, 0, 0, 0, 0, 0, 0, 0, 0, 0, 0, 0
885240, 0.161049, 0, 0, 0, 0, 0, 0, 0, 0, 0, 0, 0
885251, 0.161049, 0, 0, 0, 0, 0, 0, 0, 0, 0, 0, 0
885260, 0.161964, 0, 0, 0, 0, 0, 0, 0, 0, 0, 0, 0
885270, 0.161049, 0, 0, 0, 0, 0, 0, 0, 0, 0, 0, 0
885280, 0.161049, 0, 0, 0, 0, 0, 0, 0, 0, 0, 0, 0
885291, 0.161964, 0, 0, 0, 0, 0, 0, 0, 0, 0, 0, 0
885300, 0.161049, 0, 0, 0, 0, 0, 0, 0, 0, 0, 0, 0
885310, 0.161964, 0, 0, 0, 0, 0, 0, 0, 0, 0, 0, 0
885320, 0.139938, 0, 0, 0, 0, 0, 0, 0, 0, 0, 0, 0
885330, 0.161049, 0, 0, 0, 0, 0, 0, 0, 0, 0, 0, 0
885340, 0.161964, 0, 0, 0, 0, 0, 0, 0, 0, 0, 0, 0
885350, 0.161049, 0, 0, 0, 0, 0, 0, 0, 0, 0, 0, 0
885360, 0.161049, 0, 0, 0, 0, 0, 0, 0, 0, 0, 0, 0
885370, 0.157496, 0, 0, 0, 0, 0, 0, 0, 0, 0, 0, 0
885380, 0.161049, 0, 0, 0, 0, 0, 0, 0, 0, 0, 0, 0
885390, 0.161049, 0, 0, 0, 0, 0, 0, 0, 0, 0, 0, 0
885400, 0.161049, 0, 0, 0, 0, 0, 0, 0, 0, 0, 0, 0
885410, 0.161049, 0, 0, 0, 0, 0, 0, 0, 0, 0, 0, 0
885421, 0.161964, 0, 0, 0, 0, 0, 0, 0, 0, 0, 0, 0
885430, 0.161049, 0, 0, 0, 0, 0, 0, 0, 0, 0, 0, 0
885440, 0.161964, 0, 0, 0, 0, 0, 0, 0, 0, 0, 0, 0
885450, 0.139938, 0, 0, 0, 0, 0, 0, 0, 0, 0, 0, 0
885460, 0.157496, 0, 0, 0, 0, 0, 0, 0, 0, 0, 0, 0
885470, 0.159251, 0, 0, 0, 0, 0, 0, 0, 0, 0, 0, 0
885480, 0.161049, 0, 0, 0, 0, 0, 0, 0, 0, 0, 0, 0
885490, 0.161049, 0, 0, 0, 0, 0, 0, 0, 0, 0, 0, 0
885500, 0.161049, 0, 0, 0, 0, 0, 0, 0, 0, 0, 0, 0
885510, 0.157496, 0, 0, 0, 0, 0, 0, 0, 0, 0, 0, 0
885520, 0.157496, 0, 0, 0, 0, 0, 0, 0, 0, 0, 0, 0
885530, 0.157496, 0, 0, 0, 0, 0, 0, 0, 0, 0, 0, 0
885540, 0.161049, 0, 0, 0, 0, 0, 0, 0, 0, 0, 0, 0
885551, 0.161964, 0, 0, 0, 0, 0, 0, 0, 0, 0, 0, 0
885560, 0.161049, 0, 0, 0, 0, 0, 0, 0, 0, 0, 0, 0
885570, 0.161049, 0, 0, 0, 0, 0, 0, 0, 0, 0, 0, 0
885580, 0.162891, 0, 0, 0, 0, 0, 0, 0, 0, 0, 0, 0
885591, 0.161049, 0, 0, 0, 0, 0, 0, 0, 0, 0, 0, 0
885600, 0.161964, 0, 0, 0, 0, 0, 0, 0, 0, 0, 0, 0
885610, 0.161049, 0, 0, 0, 0, 0, 0, 0, 0, 0, 0, 0
885620, 0.161049, 0, 0, 0, 0, 0, 0, 0, 0, 0, 0, 0
885630, 0.161049, 0, 0, 0, 0, 0, 0, 0, 0, 0, 0, 0
885640, 0.161049, 0, 0, 0, 0, 0, 0, 0, 0, 0, 0, 0
885650, 0.161049, 0, 0, 0, 0, 0, 0, 0, 0, 0, 0, 0
885660, 0.161049, 0, 0, 0, 0, 0, 0, 0, 0, 0, 0, 0
885670, 0.161049, 0, 0, 0, 0, 0, 0, 0, 0, 0, 0, 0
885680, 0.161964, 0, 0, 0, 0, 0, 0, 0, 0, 0, 0, 0
885690, 0.161049, 0, 0, 0, 0, 0, 0, 0, 0, 0, 0, 0
885700, 0.161049, 0, 0, 0, 0, 0, 0, 0, 0, 0, 0, 0
885710, 0.161964, 0, 0, 0, 0, 0, 0, 0, 0, 0, 0, 0
885721, 0.161049, 0, 0, 0, 0, 0, 0, 0, 0, 0, 0, 0
885730, 0.139938, 0, 0, 0, 0, 0, 0, 0, 0, 0, 0, 0
885740, 0.161049, 0, 0, 0, 0, 0, 0, 0, 0, 0, 0, 0
885750, 0.161049, 0, 0, 0, 0, 0, 0, 0, 0, 0, 0, 0
885761, 0.161049, 0, 0, 0, 0, 0, 0, 0, 0, 0, 0, 0
885770, 0.161049, 0, 0, 0, 0, 0, 0, 0, 0, 0, 0, 0
885780, 0.161049, 0, 0, 0, 0, 0, 0, 0, 0, 0, 0, 0
885790, 0.161049, 0, 0, 0, 0, 0, 0, 0, 0, 0, 0, 0
885800, 0.161049, 0, 0, 0, 0, 0, 0, 0, 0, 0, 0, 0
885810, 0.161964, 0, 0, 0, 0, 0, 0, 0, 0, 0, 0, 0
885820, 0.161049, 0, 0, 0, 0, 0, 0, 0, 0, 0, 0, 0
885830, 0.161049, 0, 0, 0, 0, 0, 0, 0, 0, 0, 0, 0
885840, 0.161964, 0, 0, 0, 0, 0, 0, 0, 0, 0, 0, 0
885850, 0.161049, 0, 0, 0, 0, 0, 0, 0, 0, 0, 0, 0
885860, 0.161049, 0, 0, 0, 0, 0, 0, 0, 0, 0, 0, 0
885870, 0.161049, 0, 0, 0, 0, 0, 0, 0, 0, 0, 0, 0
885880, 0.157496, 0, 0, 0, 0, 0, 0, 0, 0, 0, 0, 0
885891, 0.157496, 0, 0, 0, 0, 0, 0, 0, 0, 0, 0, 0
885900, 0.157496, 0, 0, 0, 0, 0, 0, 0, 0, 0, 0, 0
885910, 0.161049, 0, 0, 0, 0, 0, 0, 0, 0, 0, 0, 0
885920, 0.161049, 0, 0, 0, 0, 0, 0, 0, 0, 0, 0, 0
885931, 0.161049, 0, 0, 0, 0, 0, 0, 0, 0, 0, 0, 0
885940, 0.161964, 0, 0, 0, 0, 0, 0, 0, 0, 0, 0, 0
885950, 0.161964, 0, 0, 0, 0, 0, 0, 0, 0, 0, 0, 0
885960, 0.161049, 0, 0, 0, 0, 0, 0, 0, 0, 0, 0, 0
885970, 0.161964, 0, 0, 0, 0, 0, 0, 0, 0, 0, 0, 0
885980, 0.161049, 0, 0, 0, 0, 0, 0, 0, 0, 0, 0, 0
885990, 0.161049, 0, 0, 0, 0, 0, 0, 0, 0, 0, 0, 0
886000, 0.161964, 0, 0, 0, 0, 0, 0, 0, 0, 0, 0, 0
886010, 0.161049, 0, 0, 0, 0, 0, 0, 0, 0, 0, 0, 0
886020, 0.161049, 0, 0, 0, 0, 0, 0, 0, 0, 0, 0, 0
886030, 0.161049, 0, 0, 0, 0, 0, 0, 0, 0, 0, 0, 0
886040, 0.161049, 0, 0, 0, 0, 0, 0, 0, 0, 0, 0, 0
886050, 0.161049, 0, 0, 0, 0, 0, 0, 0, 0, 0, 0, 0
886061, 0.161049, 0, 0, 0, 0, 0, 0, 0, 0, 0, 0, 0
886070, 0.161049, 0, 0, 0, 0, 0, 0, 0, 0, 0, 0, 0
886080, 0.161964, 0, 0, 0, 0, 0, 0, 0, 0, 0, 0, 0
886090, 0.161049, 0, 0, 0, 0, 0, 0, 0, 0, 0, 0, 0
886100, 0.161964, 0, 0, 0, 0, 0, 0, 0, 0, 0, 0, 0
886110, 0.161964, 0, 0, 0, 0, 0, 0, 0, 0, 0, 0, 0
886120, 0.161049, 0, 0, 0, 0, 0, 0, 0, 0, 0, 0, 0
886130, 0.138608, 0, 0, 0, 0, 0, 0, 0, 0, 0, 0, 0
886140, 0.157496, 0, 0, 0, 0, 0, 0, 0, 0, 0, 0, 0
886150, 0.157496, 0, 0, 0, 0, 0, 0, 0, 0, 0, 0, 0
886160, 0.161049, 0, 0, 0, 0, 0, 0, 0, 0, 0, 0, 0
886170, 0.161049, 0, 0, 0, 0, 0, 0, 0, 0, 0, 0, 0
886180, 0.161049, 0, 0, 0, 0, 0, 0, 0, 0, 0, 0, 0
886191, 0.161049, 0, 0, 0, 0, 0, 0, 0, 0, 0, 0, 0
886200, 0.157496, 0, 0, 0, 0, 0, 0, 0, 0, 0, 0, 0
886210, 0.158368, 0, 0, 0, 0, 0, 0, 0, 0, 0, 0, 0
886220, 0.161049, 0, 0, 0, 0, 0, 0, 0, 0, 0, 0, 0
886231, 0.161964, 0, 0, 0, 0, 0, 0, 0, 0, 0, 0, 0
886240, 0.161964, 0, 0, 0, 0, 0, 0, 0, 0, 0, 0, 0
886250, 0.161049, 0, 0, 0, 0, 0, 0, 0, 0, 0, 0, 0
886260, 0.139938, 0, 0, 0, 0, 0, 0, 0, 0, 0, 0, 0
886270, 0.161049, 0, 0, 0, 0, 0, 0, 0, 0, 0, 0, 0
886280, 0.161049, 0, 0, 0, 0, 0, 0, 0, 0, 0, 0, 0
886290, 0.161049, 0, 0, 0, 0, 0, 0, 0, 0, 0, 0, 0
886300, 0.157496, 0, 0, 0, 0, 0, 0, 0, 0, 0, 0, 0
886310, 0.157496, 0, 0, 0, 0, 0, 0, 0, 0, 0, 0, 0
886320, 0.161049, 0, 0, 0, 0, 0, 0, 0, 0, 0, 0, 0
886330, 0.161049, 0, 0, 0, 0, 0, 0, 0, 0, 0, 0, 0
886340, 0.161964, 0, 0, 0, 0, 0, 0, 0, 0, 0, 0, 0
886350, 0.161049, 0, 0, 0, 0, 0, 0, 0, 0, 0, 0, 0
886361, 0.161049, 0, 0, 0, 0, 0, 0, 0, 0, 0, 0, 0
886370, 0.161964, 0, 0, 0, 0, 0, 0, 0, 0, 0, 0, 0
886380, 0.161049, 0, 0, 0, 0, 0, 0, 0, 0, 0, 0, 0
886390, 0.13927, 0, 0, 0, 0, 0, 0, 0, 0, 0, 0, 0
886401, 0.161049, 0, 0, 0, 0, 0, 0, 0, 0, 0, 0, 0
886410, 0.157496, 0, 0, 0, 0, 0, 0, 0, 0, 0, 0, 0
886420, 0.157496, 0, 0, 0, 0, 0, 0, 0, 0, 0, 0, 0
886430, 0.161049, 0, 0, 0, 0, 0, 0, 0, 0, 0, 0, 0
886440, 0.161049, 0, 0, 0, 0, 0, 0, 0, 0, 0, 0, 0
886450, 0.161049, 0, 0, 0, 0, 0, 0, 0, 0, 0, 0, 0
886460, 0.161049, 0, 0, 0, 0, 0, 0, 0, 0, 0, 0, 0
886470, 0.161964, 0, 0, 0, 0, 0, 0, 0, 0, 0, 0, 0
886480, 0.157496, 0, 0, 0, 0, 0, 0, 0, 0, 0, 0, 0
886490, 0.161049, 0, 0, 0, 0, 0, 0, 0, 0, 0, 0, 0
886500, 0.161964, 0, 0, 0, 0, 0, 0, 0, 0, 0, 0, 0
886510, 0.161049, 0, 0, 0, 0, 0, 0, 0, 0, 0, 0, 0
886520, 0.140614, 0, 0, 0, 0, 0, 0, 0, 0, 0, 0, 0
886531, 0.138608, 0, 0, 0, 0, 0, 0, 0, 0, 0, 0, 0
886540, 0.161049, 0, 0, 0, 0, 0, 0, 0, 0, 0, 0, 0
886550, 0.161049, 0, 0, 0, 0, 0, 0, 0, 0, 0, 0, 0
886560, 0.161049, 0, 0, 0, 0, 0, 0, 0, 0, 0, 0, 0
886571, 0.161049, 0, 0, 0, 0, 0, 0, 0, 0, 0, 0, 0
886580, 0.161049, 0, 0, 0, 0, 0, 0, 0, 0, 0, 0, 0
886590, 0.161049, 0, 0, 0, 0, 0, 0, 0, 0, 0, 0, 0
886600, 0.161964, 0, 0, 0, 0, 0, 0, 0, 0, 0, 0, 0
886610, 0.161049, 0, 0, 0, 0, 0, 0, 0, 0, 0, 0, 0
886620, 0.161049, 0, 0, 0, 0, 0, 0, 0, 0, 0, 0, 0
886630, 0.161964, 0, 0, 0, 0, 0, 0, 0, 0, 0, 0, 0
886640, 0.161049, 0, 0, 0, 0, 0, 0, 0, 0, 0, 0, 0
886650, 0.161049, 0, 0, 0, 0, 0, 0, 0, 0, 0, 0, 0
886660, 0.139938, 0, 0, 0, 0, 0, 0, 0, 0, 0, 0, 0
886670, 0.161049, 0, 0, 0, 0, 0, 0, 0, 0, 0, 0, 0
886680, 0.161049, 0, 0, 0, 0, 0, 0, 0, 0, 0, 0, 0
886690, 0.161049, 0, 0, 0, 0, 0, 0, 0, 0, 0, 0, 0
886701, 0.161049, 0, 0, 0, 0, 0, 0, 0, 0, 0, 0, 0
886710, 0.161049, 0, 0, 0, 0, 0, 0, 0, 0, 0, 0, 0
886720, 0.161049, 0, 0, 0, 0, 0, 0, 0, 0, 0, 0, 0
886730, 0.161049, 0, 0, 0, 0, 0, 0, 0, 0, 0, 0, 0
886740, 0.157496, 0, 0, 0, 0, 0, 0, 0, 0, 0, 0, 0
886750, 0.161049, 0, 0, 0, 0, 0, 0, 0, 0, 0, 0, 0
886760, 0.161964, 0, 0, 0, 0, 0, 0, 0, 0, 0, 0, 0
886770, 0.161049, 0, 0, 0, 0, 0, 0, 0, 0, 0, 0, 0
886780, 0.161049, 0, 0, 0, 0, 0, 0, 0, 0, 0, 0, 0
886790, 0.13927, 0, 0, 0, 0, 0, 0, 0, 0, 0, 0, 0
886800, 0.157496, 0, 0, 0, 0, 0, 0, 0, 0, 0, 0, 0
886810, 0.157496, 0, 0, 0, 0, 0, 0, 0, 0, 0, 0, 0
886820, 0.161049, 0, 0, 0, 0, 0, 0, 0, 0, 0, 0, 0
886831, 0.161049, 0, 0, 0, 0, 0, 0, 0, 0, 0, 0, 0
886840, 0.161049, 0, 0, 0, 0, 0, 0, 0, 0, 0, 0, 0
886850, 0.161049, 0, 0, 0, 0, 0, 0, 0, 0, 0, 0, 0
886860, 0.161049, 0, 0, 0, 0, 0, 0, 0, 0, 0, 0, 0
886871, 0.161049, 0, 0, 0, 0, 0, 0, 0, 0, 0, 0, 0
886880, 0.161049, 0, 0, 0, 0, 0, 0, 0, 0, 0, 0, 0
886890, 0.161964, 0, 0, 0, 0, 0, 0, 0, 0, 0, 0, 0
886900, 0.158368, 0, 0, 0, 0, 0, 0, 0, 0, 0, 0, 0
886910, 0.161049, 0, 0, 0, 0, 0, 0, 0, 0, 0, 0, 0
886920, 0.140614, 0, 0, 0, 0, 0, 0, 0, 0, 0, 0, 0
886930, 0.161049, 0, 0, 0, 0, 0, 0, 0, 0, 0, 0, 0
886940, 0.161049, 0, 0, 0, 0, 0, 0, 0, 0, 0, 0, 0
886950, 0.161049, 0, 0, 0, 0, 0, 0, 0, 0, 0, 0, 0
886960, 0.161049, 0, 0, 0, 0, 0, 0, 0, 0, 0, 0, 0
886970, 0.161049, 0, 0, 0, 0, 0, 0, 0, 0, 0, 0, 0
