QGPIORecord, QRC v6.1.0, 15-12-2021 @ 19:08:48, Windows 10 Version 2009, 10.0.19042, x86_64,,,,,,,
Time, VoltageA, eA, desired_velocity, time, PositionB, SpeedA, SpeedB, GetFrontDistance, xhat, Phat, nu, S
51901,0,0,0,0,3.03991,0,0,0.137954,-0.139049,2.79E-05,-0.0130513,0.0003635
51911,-2.40952,0,-0.0993925,0.01,3.03991,0,0,0.151666,-0.150607,2.79E-05,0.0126174,0.0003635
51920,-2.77794,0,-0.0983391,0.02,3.03991,0,0,0.151666,-0.151661,2.79E-05,6.49E-05,0.0003635
51931,-2.0436,0,-0.0982516,0.03,3.02589,-1.4025,-1.39198,0.151666,-0.151748,2.79E-05,-0.000977933,0.0003635
51941,-1.13302,0,-0.0982443,0.04,2.99784,-2.79798,-2.79798,0.151666,-0.151756,2.79E-05,-0.0010646,0.0003635
51951,-1.70902,0,-0.0982437,0.05,2.9768,-2.10725,-2.10374,0.151666,-0.151756,2.79E-05,-0.0010718,0.0003635
51961,-2.10609,0,-0.0982437,0.06,2.95927,-1.75312,-1.75312,0.151666,-0.151756,2.79E-05,-0.00107238,0.0003635
51971,-2.26619,0,-0.0982437,0.07,2.94174,-1.75312,-1.75312,0.151666,-0.151756,2.79E-05,-0.00107242,0.0003635
51981,-2.42909,0,-0.0982437,0.08,2.9207,-1.74961,-2.10024,0.151666,-0.151756,2.79E-05,-0.00107244,0.0003635
51991,-1.76299,0,-0.0989721,0.09,2.88914,-2.80499,-3.15562,0.150871,-0.151028,2.79E-05,-0.00186755,0.0003635
52001,-1.49451,0,-0.0983042,0.1,2.86109,-3.15211,-2.80149,0.151666,-0.151696,2.79E-05,-0.00035134,0.0003635
52011,-1.40343,0,-0.0952504,0.11,2.83304,-3.1451,-2.79097,0.154939,-0.15475,2.79E-05,0.00226039,0.0003635
52021,-1.91041,0,-0.0949967,0.12,2.8085,-2.46138,-2.46489,0.154939,-0.155003,2.79E-05,-0.000762805,0.0003635
52031,-1.95139,0,-0.0942042,0.13,2.78045,-2.45437,-2.80499,0.155781,-0.155796,2.79E-05,-0.00017184,0.0003635
52041,-1.68359,0,-0.092568,0.14,2.74889,-2.80499,-3.15562,0.157496,-0.157432,2.79E-05,0.000757754,0.0003635
52050,-1.38604,0,-0.0916329,0.15,2.71734,-3.14861,-3.14861,0.158368,-0.158367,2.79E-05,1.03E-05,0.0003635
52061,-1.32991,0,-0.0915552,0.16,2.69279,-3.15562,-2.45086,0.158368,-0.158445,2.79E-05,-0.000915468,0.0003635
52071,-1.76103,0,-0.0882545,0.17,2.66474,-2.45437,-2.80499,0.161964,-0.161746,2.79E-05,0.00260364,0.0003635
52081,-1.50266,0,-0.0879802,0.18,2.63669,-2.80499,-2.8085,0.161964,-0.16202,2.79E-05,-0.000664055,0.0003635
52090,-1.76443,0,-0.0879575,0.19,2.60864,-2.45437,-2.80499,0.161964,-0.162043,2.79E-05,-0.00093554,0.0003635
52101,-1.51149,0,-0.0879556,0.2,2.5841,-2.80499,-2.45437,0.161964,-0.162044,2.79E-05,-0.000958085,0.0003635
52111,-1.21552,0,-0.0879554,0.21,2.55605,-3.15211,-2.80149,0.161964,-0.162045,2.79E-05,-0.000959963,0.0003635
52121,-1.36704,0,-0.0853773,0.22,2.528,-2.80499,-2.80499,0.164778,-0.164623,2.79E-05,0.00185417,0.0003635
52131,-1.59531,0,-0.0842822,0.23,2.49995,-2.45086,-2.80149,0.16574,-0.165718,2.79E-05,0.000263363,0.0003635
52141,-1.6066,0,-0.0841913,0.24,2.4719,-2.45086,-2.80499,0.16574,-0.165809,2.79E-05,-0.000820726,0.0003635
52151,-1.27055,0,-0.0814738,0.25,2.44736,-2.80499,-2.45437,0.168698,-0.168526,2.79E-05,0.00204735,0.0003635
52161,-1.17591,0,-0.0793832,0.26,2.42281,-2.80499,-2.45086,0.170734,-0.170617,2.79E-05,0.00139277,0.0003635
52171,-1.8262,0,-0.0966767,0.27,2.39827,-2.45086,-2.45437,0.151666,-0.153323,2.79E-05,-0.0197443,0.0003635
52180,-1.80064,0,-0.0815847,0.28,2.37373,-2.10374,-2.45437,0.169709,-0.168415,2.79E-05,0.0154193,0.0003635
52191,-1.26306,0,-0.0803308,0.29,2.34568,-2.79798,-2.79798,0.169709,-0.169669,2.79E-05,0.000478134,0.0003635
52201,-1.41871,0,-0.0773746,0.3,2.32113,-2.45437,-2.80149,0.172823,-0.172625,2.79E-05,0.00235012,0.0003635
52211,-1.37195,0,-0.0761533,0.31,2.29659,-2.45788,-2.10725,0.173888,-0.173847,2.79E-05,0.000488549,0.0003635
52220,-1.07496,0,-0.0760518,0.32,2.27555,-2.80149,-2.10024,0.173888,-0.173948,2.79E-05,-0.000720546,0.0003635
52231,-1.31111,0,-0.0770191,0.33,2.25101,-2.45437,-2.45437,0.172823,-0.172981,2.79E-05,-0.00188607,0.0003635
52241,-1.55695,0,-0.0761238,0.34,2.22646,-2.10024,-2.45086,0.173888,-0.173876,2.79E-05,0.000136599,0.0003635
52251,-1.50649,0,-0.0730437,0.35,2.20192,-2.10374,-2.80499,0.177169,-0.176956,2.79E-05,0.00253122,0.0003635
52260,-1.23695,0,-0.0727879,0.36,2.17738,-2.45086,-2.10024,0.177169,-0.177212,2.79E-05,-0.000518024,0.0003635
52271,-1.17661,0,-0.0717376,0.37,2.15634,-2.45437,-2.10374,0.178292,-0.178262,2.79E-05,0.000351891,0.0003635
52281,-1.16556,0,-0.0726793,0.38,2.1353,-2.45086,-2.44736,0.177169,-0.177321,2.79E-05,-0.00181107,0.0003635
52291,-1.38771,0,-0.0717286,0.39,2.11076,-2.10374,-2.10725,0.178292,-0.178271,2.79E-05,0.000244454,0.0003635
52301,-1.8402,0,-0.0899015,0.4,2.08972,-2.10024,-2.45086,0.158368,-0.160098,2.79E-05,-0.0206207,0.0003635
52311,-1.43626,0,-0.0699874,0.41,2.06518,-2.10374,-2.10374,0.181755,-0.180013,2.79E-05,0.020757,0.0003635
52321,-1.09434,0,-0.0672462,0.42,2.04063,-2.45086,-2.44736,0.182941,-0.182754,2.79E-05,0.00222833,0.0003635
52331,-1.05833,0,-0.0681052,0.43,2.0196,-2.45437,-2.10374,0.181755,-0.181895,2.79E-05,-0.00167173,0.0003635
52341,-1.28947,0,-0.0681765,0.44,1.99856,-2.10374,-2.10374,0.181755,-0.181823,2.79E-05,-0.000821352,0.0003635
52350,-1.26113,0,-0.0670957,0.45,1.97752,-2.10024,-2.10024,0.182941,-0.182904,2.79E-05,0.000435591,0.0003635
52361,-1.4466,0,-0.0636533,0.46,1.95648,-1.75312,-2.10024,0.186601,-0.186347,2.79E-05,0.00302538,0.0003635
52371,-0.873796,0,-0.0622178,0.47,1.93545,-2.45437,-2.10374,0.187855,-0.187782,2.79E-05,0.000872135,0.0003635
52381,-1.07698,0,-0.0620985,0.48,1.91441,-2.10374,-2.10374,0.187855,-0.187901,2.79E-05,-0.000548989,0.0003635
52390,-1.07557,0,-0.0632381,0.49,1.89337,-2.10374,-2.10374,0.186601,-0.186762,2.79E-05,-0.00192185,0.0003635
52401,-1.30598,0,-0.0621833,0.5,1.87584,-1.75312,-1.75312,0.187855,-0.187817,2.79E-05,0.000461131,0.0003635
52411,-1.35169,0,-0.0632451,0.51,1.85831,-1.74961,-2.09673,0.186601,-0.186755,2.79E-05,-0.00183792,0.0003635
52421,-1.37286,0,-0.0633334,0.52,1.83727,-1.75312,-1.75312,0.186601,-0.186667,2.79E-05,-0.000786692,0.0003635
52431,-1.57754,0,-0.0824508,0.53,1.81974,-2.10374,-1.75312,0.16574,-0.167549,2.79E-05,-0.0215601,0.0003635
52441,-1.09049,0,-0.0602304,0.54,1.80221,-2.10374,-1.75312,0.19173,-0.18977,2.79E-05,0.0233559,0.0003635
52451,-0.982584,0,-0.0571665,0.55,1.78117,-2.10024,-2.10024,0.193059,-0.192834,2.79E-05,0.00268714,0.0003635
52461,-1.23831,0,-0.0581298,0.56,1.76013,-1.74961,-2.44736,0.19173,-0.19187,2.79E-05,-0.00167558,0.0003635
52471,-1.239,0,-0.0582098,0.57,1.7391,-1.75312,-1.75312,0.19173,-0.19179,2.79E-05,-0.000721902,0.0003635
52481,-1.24058,0,-0.0582164,0.58,1.72507,-1.75312,-1.74961,0.19173,-0.191784,2.79E-05,-0.000642687,0.0003635
52491,-0.964337,0,-0.058217,0.59,1.70754,-2.10024,-1.4025,0.19173,-0.191783,2.79E-05,-0.000636086,0.0003635
52501,-0.890855,0,-0.0569992,0.6,1.6865,-2.10024,-2.10024,0.193059,-0.193001,2.79E-05,0.000693858,0.0003635
52511,-1.14683,0,-0.0581159,0.61,1.66546,-1.75312,-2.10725,0.19173,-0.191884,2.79E-05,-0.00184117,0.0003635
52520,-1.31267,0,-0.0532274,0.62,1.64793,-1.39899,-1.74961,0.197167,-0.196773,2.79E-05,0.00470188,0.0003635
52531,-1.01898,0,-0.0515288,0.63,1.63391,-1.74961,-1.74961,0.198578,-0.198471,2.79E-05,0.0012732,0.0003635
52541,-1.01948,0,-0.0526801,0.64,1.61638,-1.75312,-1.4025,0.197167,-0.19732,2.79E-05,-0.00181933,0.0003635
52551,-1.0041,0,-0.0527758,0.65,1.59885,-1.74961,-1.75312,0.197167,-0.197224,2.79E-05,-0.000679478,0.0003635
52560,-0.918676,0,-0.050179,0.66,1.58482,-1.75312,-1.4025,0.20001,-0.199821,2.79E-05,0.00225852,0.0003635
52571,-1.22667,0,-0.052568,0.67,1.56729,-1.4025,-1.75312,0.197167,-0.197432,2.79E-05,-0.00315556,0.0003635
52581,-1.22787,0,-0.051474,0.68,1.54976,-1.39899,-1.74961,0.198578,-0.198526,2.79E-05,0.000620395,0.0003635
52591,-1.27523,0,-0.0526756,0.69,1.53573,-1.4025,-1.4025,0.197167,-0.197324,2.79E-05,-0.00187357,0.0003635
52601,-1.02249,0,-0.0527754,0.7,1.5182,-1.75312,-1.75312,0.197167,-0.197225,2.79E-05,-0.000683993,0.0003635
52611,-1.00257,0,-0.0527837,0.71,1.50418,-1.75312,-1.4025,0.197167,-0.197216,2.79E-05,-0.000585154,0.0003635
52621,-0.985296,0,-0.0527844,0.72,1.48665,-1.74961,-1.74961,0.197167,-0.197216,2.79E-05,-0.000576943,0.0003635
52631,-1.24336,0,-0.0527845,0.73,1.47262,-1.4025,-1.4025,0.197167,-0.197216,2.79E-05,-0.000576258,0.0003635
52641,-1.14369,0,-0.0474943,0.74,1.45509,-1.39899,-1.74961,0.202942,-0.202506,2.79E-05,0.00519857,0.0003635
52651,-0.854994,0,-0.0470548,0.75,1.43756,-1.75312,-1.75312,0.202942,-0.202945,2.79E-05,-3.87E-05,0.0003635
52661,-0.7808,0,-0.0456441,0.76,1.42353,-1.74961,-1.39899,0.204442,-0.204356,2.79E-05,0.00102629,0.0003635
52671,-1.00772,0,-0.0455269,0.77,1.40951,-1.4025,-1.4025,0.204442,-0.204473,2.79E-05,-0.000370309,0.0003635
52681,-1.04061,0,-0.0468913,0.78,1.39548,-1.39899,-1.4025,0.202942,-0.203109,2.79E-05,-0.00198643,0.0003635
52690,-1.01011,0,-0.0456305,0.79,1.38146,-1.4025,-1.4025,0.204442,-0.204369,2.79E-05,0.000864476,0.0003635
52701,-1.04111,0,-0.0469,0.8,1.36393,-1.39899,-1.74961,0.202942,-0.2031,2.79E-05,-0.00188383,0.0003635
52711,-0.763264,0,-0.0470054,0.81,1.3499,-1.75312,-1.4025,0.202942,-0.202995,2.79E-05,-0.000627086,0.0003635
52721,-0.967666,0,-0.04564,0.82,1.33588,-1.4025,-1.4025,0.204442,-0.20436,2.79E-05,0.000977397,0.0003635
52730,-1.27899,0,-0.0469007,0.83,1.32185,-1.04837,-1.39899,0.202942,-0.203099,2.79E-05,-0.00187445,0.0003635
52741,-1.32749,0,-0.0470055,0.84,1.31133,-1.05187,-1.04837,0.202942,-0.202995,2.79E-05,-0.000626311,0.0003635
52751,-0.681785,0,-0.0413855,0.85,1.29731,-1.74961,-1.39899,0.209086,-0.208615,2.79E-05,0.00562173,0.0003635
52761,-0.883347,0,-0.0409186,0.86,1.28328,-1.4025,-1.4025,0.209086,-0.209081,2.79E-05,5.79E-05,0.0003635
52771,-0.825658,0,-0.0394159,0.87,1.26926,-1.4025,-1.4025,0.210684,-0.210584,2.79E-05,0.0011937,0.0003635
52781,-1.1114,0,-0.0407549,0.88,1.25874,-1.05187,-1.05187,0.209086,-0.209245,2.79E-05,-0.00189202,0.0003635
52791,-1.10537,0,-0.0394022,0.89,1.24472,-1.04837,-1.39899,0.210684,-0.210598,2.79E-05,0.00103171,0.0003635
52801,-0.83839,0,-0.0392899,0.9,1.2342,-1.4025,-1.05187,0.210684,-0.21071,2.79E-05,-0.000307441,0.0003635
52811,-0.845937,0,-0.0407445,0.91,1.22017,-1.4025,-1.4025,0.209086,-0.209256,2.79E-05,-0.00201672,0.0003635
52820,-0.791427,0,-0.0394014,0.92,1.20615,-1.4025,-1.4025,0.210684,-0.210599,2.79E-05,0.00102134,0.0003635
52831,-0.799742,0,-0.0407537,0.93,1.19563,-1.39899,-1.39899,0.209086,-0.209246,2.79E-05,-0.00190634,0.0003635
52841,-1.05871,0,-0.0408661,0.94,1.1816,-1.05187,-1.05187,0.209086,-0.209134,2.79E-05,-0.000567511,0.0003635
52851,-1.01177,0,-0.0379238,0.95,1.17108,-1.05187,-1.05187,0.212308,-0.212076,2.79E-05,0.00276574,0.0003635
52860,-0.812436,0,-0.040631,0.96,1.15706,-1.39899,-1.39899,0.209086,-0.209369,2.79E-05,-0.00336917,0.0003635
52871,-1.03815,0,-0.0393919,0.97,1.14654,-1.05187,-1.04837,0.210684,-0.210608,2.79E-05,0.000908986,0.0003635
52881,-0.666526,0,-0.0347521,0.98,1.13252,-1.39899,-1.4025,0.215637,-0.215248,2.79E-05,0.00463492,0.0003635
52891,-0.609133,0,-0.0343666,0.99,1.122,-1.4025,-1.05187,0.215637,-0.215633,2.79E-05,4.14E-05,0.0003635
52900,-1.08424,0,-0.0327718,1,1.11148,-0.701248,-1.05187,0.217343,-0.217228,2.79E-05,0.00136569,0.0003635
52911,-0.876586,0,-0.0342021,1.01,1.10096,-1.05187,-1.39899,0.215637,-0.215798,2.79E-05,-0.001919,0.0003635
52921,-0.880252,0,-0.0343209,1.02,1.08693,-1.04837,-1.04837,0.215637,-0.215679,2.79E-05,-0.000503063,0.0003635
52931,-0.558212,0,-0.0327681,1.03,1.07992,-1.4025,-0.701248,0.217343,-0.217232,2.79E-05,0.00132047,0.0003635
52941,-0.539403,0,-0.0342018,1.04,1.0694,-1.4025,-1.05187,0.215637,-0.215798,2.79E-05,-0.00192274,0.0003635
52951,-1.01752,0,-0.0327581,1.05,1.05888,-0.701248,-1.05187,0.217343,-0.217242,2.79E-05,0.00120252,0.0003635
52961,-1.71039,0,-0.059651,1.06,1.04837,-0.697742,-1.04837,0.187855,-0.190349,2.79E-05,-0.029714,0.0003635
52971,-1.00945,0,-0.0364352,1.07,1.03785,-1.05187,-1.04837,0.215637,-0.213565,2.79E-05,0.0246914,0.0003635
52981,-0.408525,0,-0.0345064,1.08,1.02382,-1.75312,-1.4025,0.215637,-0.215494,2.79E-05,0.00170775,0.0003635
52990,-0.592603,0,-0.0343462,1.09,1.0133,-1.4025,-1.05187,0.215637,-0.215654,2.79E-05,-0.000201747,0.0003635
53001,-0.828273,0,-0.0343329,1.1,1.00279,-1.04837,-1.04837,0.215637,-0.215667,2.79E-05,-0.000360385,0.0003635
53011,-1.1077,0,-0.0343318,1.11,0.992266,-0.697742,-1.04486,0.215637,-0.215668,2.79E-05,-0.000373572,0.0003635
53021,-0.86921,0,-0.0343317,1.12,0.981748,-1.05187,-1.05538,0.215637,-0.215668,2.79E-05,-0.000374675,0.0003635
53030,-0.870508,0,-0.0343317,1.13,0.967723,-1.04837,-1.39899,0.215637,-0.215668,2.79E-05,-0.000374764,0.0003635
53041,-0.305656,0,-0.0343317,1.14,0.957204,-1.75312,-1.05187,0.215637,-0.215668,2.79E-05,-0.000374779,0.0003635
53051,-0.495731,0,-0.0343317,1.15,0.946685,-1.39899,-1.04837,0.215637,-0.215668,2.79E-05,-0.000374779,0.0003635
53061,-0.969131,0,-0.0327689,1.16,0.936167,-0.701248,-1.05187,0.217343,-0.217231,2.79E-05,0.00133111,0.0003635
53070,-0.846076,0,-0.0261188,1.17,0.925648,-0.701248,-1.05187,0.22446,-0.223881,2.79E-05,0.00690167,0.0003635
53081,-0.806053,0,-0.0238653,1.18,0.911623,-0.697742,-1.39899,0.226317,-0.226135,2.79E-05,0.00217478,0.0003635
53091,-0.159185,0,-0.0201859,1.19,0.90461,-1.39899,-0.697742,0.230129,-0.229814,2.79E-05,0.003756,0.0003635
53101,-0.452385,0,-0.0250734,1.2,0.897598,-1.05187,-0.701248,0.22446,-0.224927,2.79E-05,-0.00555559,0.0003635
53111,-0.66329,0,-0.0237785,1.21,0.890585,-0.701248,-0.701248,0.226317,-0.226222,2.79E-05,0.00113982,0.0003635
53121,-0.984942,0,-0.0253718,1.22,0.883573,-0.350624,-0.701248,0.22446,-0.224628,2.79E-05,-0.0019989,0.0003635
53131,-0.76516,0,-0.0255042,1.23,0.873054,-0.697742,-1.04837,0.22446,-0.224496,2.79E-05,-0.000421464,0.0003635
53141,-0.491947,0,-0.0255152,1.24,0.862535,-1.05187,-1.04837,0.22446,-0.224485,2.79E-05,-0.000290424,0.0003635
53151,-0.455518,0,-0.0255161,1.25,0.855523,-1.05187,-0.701248,0.22446,-0.224484,2.79E-05,-0.000279531,0.0003635
53160,-0.699571,0,-0.0255162,1.26,0.852017,-0.701248,-0.350624,0.22446,-0.224484,2.79E-05,-0.000278622,0.0003635
53171,-0.711789,0,-0.0255162,1.27,0.845004,-0.697742,-0.697742,0.22446,-0.224484,2.79E-05,-0.000278547,0.0003635
53181,-0.718857,0,-0.0255162,1.28,0.837992,-0.701248,-0.701248,0.22446,-0.224484,2.79E-05,-0.000278547,0.0003635
53191,-0.68984,0,-0.0238153,1.29,0.827473,-0.697742,-1.05187,0.226317,-0.226185,2.79E-05,0.00157823,0.0003635
53200,-0.727975,0,-0.0253749,1.3,0.820461,-0.701248,-0.701248,0.22446,-0.224625,2.79E-05,-0.00196248,0.0003635
53211,-0.73997,0,-0.0255045,1.31,0.813448,-0.701248,-0.701248,0.22446,-0.224496,2.79E-05,-0.00041844,0.0003635
53221,-0.430668,0,-0.0238143,1.32,0.806436,-1.04837,-0.697742,0.226317,-0.226186,2.79E-05,0.0015666,0.0003635
53231,-0.703458,0,-0.0253748,1.33,0.799423,-0.701248,-0.701248,0.22446,-0.224625,2.79E-05,-0.00196345,0.0003635
53241,-0.715455,0,-0.0255045,1.34,0.792411,-0.701248,-0.701248,0.22446,-0.224496,2.79E-05,-0.000418529,0.0003635
53251,-0.727888,0,-0.0255152,1.35,0.785398,-0.697742,-1.04837,0.22446,-0.224485,2.79E-05,-0.00029017,0.0003635
53261,-0.734973,0,-0.0255161,1.36,0.774879,-0.701248,-0.701248,0.22446,-0.224484,2.79E-05,-0.000279501,0.0003635
53271,-0.744389,0,-0.0255162,1.37,0.767867,-0.701248,-0.701248,0.22446,-0.224484,2.79E-05,-0.000278622,0.0003635
53281,-0.476108,0,-0.0255162,1.38,0.760854,-1.04837,-0.697742,0.22446,-0.224484,2.79E-05,-0.000278547,0.0003635
53291,-0.437314,0,-0.0255162,1.39,0.753842,-1.05187,-0.701248,0.22446,-0.224484,2.79E-05,-0.000278547,0.0003635
53301,-0.964669,0,-0.0255162,1.4,0.743323,-0.347118,-1.04837,0.22446,-0.224484,2.79E-05,-0.000278547,0.0003635
53311,-0.56774,0,-0.0185301,1.41,0.736311,-0.701248,-0.701248,0.232086,-0.23147,2.79E-05,0.00734751,0.0003635
53321,-0.210646,0,-0.0161245,1.42,0.729298,-1.05187,-0.701248,0.234079,-0.233875,2.79E-05,0.0024237,0.0003635
53330,-0.456875,0,-0.0177499,1.43,0.722286,-0.701248,-0.701248,0.232086,-0.23225,2.79E-05,-0.00195023,0.0003635
53341,-0.719278,0,-0.0178849,1.44,0.715273,-0.350624,-0.701248,0.232086,-0.232115,2.79E-05,-0.000341162,0.0003635
53351,-0.700331,0,-0.0160709,1.45,0.708261,-0.350624,-0.701248,0.234079,-0.233929,2.79E-05,0.00178492,0.0003635
53361,-0.478263,0,-0.0177454,1.46,0.701248,-0.701248,-0.701248,0.232086,-0.232255,2.79E-05,-0.00200331,0.0003635
53370,-0.135502,0,-0.0160594,1.47,0.697742,-1.05187,-0.347118,0.234079,-0.233941,2.79E-05,0.00164682,0.0003635
53381,-0.666225,0,-0.0177445,1.48,0.69073,-0.347118,-0.697742,0.232086,-0.232256,2.79E-05,-0.00201477,0.0003635
53391,-0.694549,0,-0.0178844,1.49,0.687223,-0.347118,-0.350624,0.232086,-0.232116,2.79E-05,-0.000346527,0.0003635
53401,-0.437011,0,-0.0178961,1.5,0.683717,-0.701248,-0.350624,0.232086,-0.232104,2.79E-05,-0.000207931,0.0003635
53411,-0.696744,0,-0.0178971,1.51,0.676705,-0.350624,-0.701248,0.232086,-0.232103,2.79E-05,-0.000196412,0.0003635
53421,-0.721821,0,-0.0178971,1.52,0.673198,-0.350624,-0.350624,0.232086,-0.232103,2.79E-05,-0.000195459,0.0003635
53431,-0.424956,0,-0.0160719,1.53,0.669692,-0.697742,-0.347118,0.234079,-0.233928,2.79E-05,0.00179701,0.0003635
53441,-0.435161,0,-0.0177455,1.54,0.66268,-0.701248,-0.697742,0.232086,-0.232255,2.79E-05,-0.00200231,0.0003635
53451,-0.653398,0,-0.0160594,1.55,0.655667,-0.350624,-0.701248,0.234079,-0.233941,2.79E-05,0.00164689,0.0003635
53460,-0.431541,0,-0.0177445,1.56,0.652161,-0.701248,-0.350624,0.232086,-0.232256,2.79E-05,-0.00201477,0.0003635
53471,-0.696848,0,-0.0178844,1.57,0.648655,-0.347118,-0.347118,0.232086,-0.232116,2.79E-05,-0.000346527,0.0003635
53481,-0.395064,0,-0.0160709,1.58,0.641642,-0.701248,-0.701248,0.234079,-0.233929,2.79E-05,0.00178446,0.0003635
53491,-0.407634,0,-0.0177454,1.59,0.63463,-0.701248,-0.701248,0.232086,-0.232255,2.79E-05,-0.00200334,0.0003635
53500,-0.670119,0,-0.0178845,1.6,0.631124,-0.350624,-0.347118,0.232086,-0.232115,2.79E-05,-0.000345573,0.0003635
53511,-0.695425,0,-0.0178961,1.61,0.627617,-0.350624,-0.350624,0.232086,-0.232104,2.79E-05,-0.000207841,0.0003635
53521,-0.442826,0,-0.0178971,1.62,0.620605,-0.697742,-0.697742,0.232086,-0.232103,2.79E-05,-0.000196412,0.0003635
53531,-0.419696,0,-0.0178971,1.63,0.617099,-0.701248,-0.350624,0.232086,-0.232103,2.79E-05,-0.000195459,0.0003635
53540,-0.67941,0,-0.0178971,1.64,0.610086,-0.350624,-0.701248,0.232086,-0.232103,2.79E-05,-0.000195384,0.0003635
53551,-0.704486,0,-0.0178971,1.65,0.60658,-0.350624,-0.350624,0.232086,-0.232103,2.79E-05,-0.000195369,0.0003635
53561,-0.451868,0,-0.0178971,1.66,0.599567,-0.697742,-0.697742,0.232086,-0.232103,2.79E-05,-0.000195369,0.0003635
53571,-0.428736,0,-0.0178971,1.67,0.592555,-0.701248,-0.701248,0.232086,-0.232103,2.79E-05,-0.000195369,0.0003635
53581,-0.68845,0,-0.0178971,1.68,0.589049,-0.350624,-0.350624,0.232086,-0.232103,2.79E-05,-0.000195369,0.0003635
53591,-0.388779,0,-0.0160719,1.69,0.582036,-0.701248,-0.701248,0.234079,-0.233928,2.79E-05,0.00179702,0.0003635
53601,-0.684635,0,-0.0177455,1.7,0.57853,-0.347118,-0.347118,0.232086,-0.232255,2.79E-05,-0.00200231,0.0003635
53611,-0.385388,0,-0.0160594,1.71,0.571517,-0.701248,-0.697742,0.234079,-0.233941,2.79E-05,0.00164689,0.0003635
53621,-0.678668,0,-0.0177445,1.72,0.564505,-0.350624,-0.701248,0.232086,-0.232256,2.79E-05,-0.00201477,0.0003635
53630,-0.426034,0,-0.0178844,1.73,0.560999,-0.701248,-0.347118,0.232086,-0.232116,2.79E-05,-0.000346527,0.0003635
53641,-0.364038,0,-0.0160709,1.74,0.553986,-0.697742,-0.697742,0.234079,-0.233929,2.79E-05,0.00178446,0.0003635
53651,-0.654761,0,-0.0177454,1.75,0.55048,-0.350624,-0.701248,0.232086,-0.232255,2.79E-05,-0.00200334,0.0003635
53661,-0.682609,0,-0.0178845,1.76,0.543467,-0.350624,-0.350624,0.232086,-0.232115,2.79E-05,-0.000345573,0.0003635
53670,-0.43022,0,-0.0178961,1.77,0.539961,-0.697742,-0.347118,0.232086,-0.232104,2.79E-05,-0.000207841,0.0003635
53681,-0.407108,0,-0.0178971,1.78,0.532949,-0.701248,-0.701248,0.232086,-0.232103,2.79E-05,-0.000196412,0.0003635
53691,-0.669628,0,-0.0178971,1.79,0.525936,-0.347118,-0.697742,0.232086,-0.232103,2.79E-05,-0.000195459,0.0003635
53701,-0.692358,0,-0.0178971,1.8,0.52243,-0.350624,-0.350624,0.232086,-0.232103,2.79E-05,-0.000195384,0.0003635
53710,-0.43974,0,-0.0178971,1.81,0.518924,-0.697742,-0.697742,0.232086,-0.232103,2.79E-05,-0.000195369,0.0003635
53721,-0.372361,0,-0.0160719,1.82,0.511911,-0.701248,-0.350624,0.234079,-0.233928,2.79E-05,0.00179702,0.0003635
53731,-0.486312,0,-0.010242,1.83,0.504899,-0.347118,-0.697742,0.240277,-0.239758,2.79E-05,0.00618862,0.0003635
53741,-0.138857,0,-0.00779404,1.84,0.497886,-0.701248,-0.701248,0.242421,-0.242206,2.79E-05,0.00256036,0.0003635
53751,-1.16319,0,-0.0409864,1.85,0.49438,-0.350624,-0.350624,0.205966,-0.209014,2.79E-05,-0.0363182,0.0003635
53761,-0.587447,0,-0.0123119,1.86,0.490874,-0.347118,-0.347118,0.240277,-0.237688,2.79E-05,0.030854,0.0003635
53771,-0.204991,0,-0.00796601,1.87,0.483861,-0.697742,-0.697742,0.242421,-0.242034,2.79E-05,0.00460958,0.0003635
53781,-0.181344,0,-0.00956851,1.88,0.476849,-0.701248,-0.697742,0.240277,-0.240431,2.79E-05,-0.00183626,0.0003635
53791,-0.130774,0,-0.00970164,1.89,0.473343,-0.701248,-0.350624,0.240277,-0.240298,2.79E-05,-0.000249773,0.0003635
53800,-0.638772,0,-0.00971271,1.9,0.469836,0,-0.350624,0.240277,-0.240287,2.79E-05,-0.000117987,0.0003635
53811,-0.677291,0,-0.00971362,1.91,0.469836,0,0,0.240277,-0.240286,2.79E-05,-0.00010702,0.0003635
53821,-0.435295,0,-0.00971369,1.92,0.46633,-0.350624,-0.347118,0.240277,-0.240286,2.79E-05,-0.000106126,0.0003635
53831,-0.147436,0,-0.00971371,1.93,0.459318,-0.701248,-0.701248,0.240277,-0.240286,2.79E-05,-0.000106052,0.0003635
53840,-0.0942142,0,-0.00971371,1.94,0.452305,-0.701248,-0.701248,0.240277,-0.240286,2.79E-05,-0.000106037,0.0003635
53851,-0.273891,0,-0.00775015,1.95,0.448799,-0.350624,-0.347118,0.242421,-0.24225,2.79E-05,0.00203739,0.0003635
53861,-0.582894,0,-0.00955057,1.96,0.445293,0,-0.350624,0.240277,-0.240449,2.79E-05,-0.00204995,0.0003635
53871,-1.38637,0,-0.0411324,1.97,0.445293,0,0,0.205966,-0.208868,2.79E-05,-0.0345792,0.0003635
53880,-0.424994,0,-0.00632116,1.98,0.441786,-0.350624,-0.347118,0.24683,-0.243679,2.79E-05,0.0375512,0.0003635
53891,0.0785956,0,-0.00943185,1.99,0.434774,-1.04837,-0.697742,0.240277,-0.240568,2.79E-05,-0.00346465,0.0003635
53901,0.222479,0,-0.00772674,2,0.424255,-1.05187,-1.05187,0.242421,-0.242273,2.79E-05,0.00175835,0.0003635
53911,-0.275728,0,-0.00954863,2.01,0.424255,-0.350624,0,0.240277,-0.240451,2.79E-05,-0.00207312,0.0003635
53920,-0.551883,0,-0.00969999,2.02,0.424255,0,0,0.240277,-0.2403,2.79E-05,-0.000269458,0.0003635
53931,-0.590635,0,-0.00971256,2.03,0.420749,0,-0.347118,0.240277,-0.240287,2.79E-05,-0.000119627,0.0003635
53941,-0.629157,0,-0.00971361,2.04,0.417243,0,-0.347118,0.240277,-0.240286,2.79E-05,-0.000107169,0.0003635
53951,-0.0590606,0,-0.00775015,2.05,0.41023,-0.701248,-0.697742,0.242421,-0.24225,2.79E-05,0.00203729,0.0003635
53961,-0.0417026,0,-0.00955057,2.06,0.406724,-0.701248,-0.350624,0.240277,-0.240449,2.79E-05,-0.00204995,0.0003635
53970,-0.27196,0,-0.00970015,2.07,0.403218,-0.350624,-0.350624,0.240277,-0.2403,2.79E-05,-0.000267535,0.0003635
53981,-0.267652,0,-0.00971258,2.08,0.403218,-0.347118,0,0.240277,-0.240287,2.79E-05,-0.000119463,0.0003635
53991,-0.538466,0,-0.00971362,2.09,0.399712,0,-0.350624,0.240277,-0.240286,2.79E-05,-0.000107154,0.0003635
54001,-0.576969,0,-0.00971369,2.1,0.396205,0,-0.350624,0.240277,-0.240286,2.79E-05,-0.000106126,0.0003635
54010,-0.28737,0,-0.00775015,2.11,0.392699,-0.350624,-0.347118,0.242421,-0.24225,2.79E-05,0.00203738,0.0003635
54021,-0.315874,0,-0.00955057,2.12,0.392699,-0.350624,0,0.240277,-0.240449,2.79E-05,-0.00204995,0.0003635
54031,-1.20855,0,-0.0465879,2.13,0.389193,-0.347118,-0.347118,0.20001,-0.203412,2.79E-05,-0.0405344,0.0003635
54041,-0.525344,0,-0.0127773,2.14,0.389193,-0.350624,0,0.240277,-0.237223,2.79E-05,0.0363994,0.0003635
54051,-0.18153,0,-0.00996824,2.15,0.378674,-0.701248,-1.05187,0.240277,-0.240032,2.79E-05,0.00292687,0.0003635
54061,-0.404159,0,-0.00973485,2.16,0.375168,-0.350624,-0.350624,0.240277,-0.240265,2.79E-05,0.000145942,0.0003635
54071,-0.399218,0,-0.00971547,2.17,0.371662,-0.347118,-0.347118,0.240277,-0.240285,2.79E-05,-8.51E-05,0.0003635
54081,-0.669979,0,-0.00971386,2.18,0.371662,0,-0.350624,0.240277,-0.240286,2.79E-05,-0.000104293,0.0003635
54091,-0.427978,0,-0.00971372,2.19,0.364649,-0.350624,-0.347118,0.240277,-0.240286,2.79E-05,-0.000105888,0.0003635
54100,-0.140119,0,-0.00971371,2.2,0.364649,-0.701248,0,0.240277,-0.240286,2.79E-05,-0.000106022,0.0003635
54111,-0.0421007,0,-0.00775015,2.21,0.357637,-0.697742,-0.697742,0.242421,-0.24225,2.79E-05,0.00203739,0.0003635
54121,-0.302896,0,-0.00955057,2.22,0.350624,-0.350624,-0.701248,0.240277,-0.240449,2.79E-05,-0.00204995,0.0003635
54131,-0.579014,0,-0.00970015,2.23,0.347118,0,-0.350624,0.240277,-0.2403,2.79E-05,-0.000267535,0.0003635
54140,-1.10206,0,-0.0411448,2.24,0.347118,-0.347118,0,0.205966,-0.208855,2.79E-05,-0.0344311,0.0003635
54151,-0.518277,0,-0.012325,2.25,0.343612,-0.350624,-0.350624,0.240277,-0.237675,2.79E-05,0.0310107,0.0003635
54161,-0.667021,0,-0.0413629,2.26,0.336599,-1.04837,-0.697742,0.205966,-0.208637,2.79E-05,-0.0318325,0.0003635
54171,-0.268028,0,-0.0123432,2.27,0.329587,-0.701248,-0.701248,0.240277,-0.237657,2.79E-05,0.0312266,0.0003635
54180,-0.16678,0,-0.00993216,2.28,0.322574,-0.701248,-0.701248,0.240277,-0.240068,2.79E-05,0.00249712,0.0003635
54191,-0.390068,0,-0.00973186,2.29,0.315562,-0.350624,-0.701248,0.240277,-0.240268,2.79E-05,0.000110239,0.0003635
54201,-0.662876,0,-0.00971521,2.3,0.315562,0,0,0.240277,-0.240285,2.79E-05,-8.81E-05,0.0003635
54211,-0.42085,0,-0.00971383,2.31,0.315562,-0.350624,0,0.240277,-0.240286,2.79E-05,-0.000104547,0.0003635
54221,-0.368692,0,-0.00775017,2.32,0.308549,-0.347118,-0.697742,0.242421,-0.24225,2.79E-05,0.00203751,0.0003635
54231,-0.114349,0,-0.00955057,2.33,0.301537,-0.701248,-0.701248,0.240277,-0.240449,2.79E-05,-0.00204994,0.0003635
54241,-0.297006,0,-0.00773661,2.34,0.294524,-0.350624,-0.701248,0.242421,-0.242263,2.79E-05,0.00187589,0.0003635
54251,-0.28096,0,-0.0075859,2.35,0.294524,-0.347118,0,0.242421,-0.242414,2.79E-05,8.01E-05,0.0003635
54261,-0.590617,0,-0.00953692,2.36,0.294524,0,0,0.240277,-0.240463,2.79E-05,-0.00221257,0.0003635
54270,-0.304247,0,-0.00773548,2.37,0.291018,-0.350624,-0.347118,0.242421,-0.242265,2.79E-05,0.00186238,0.0003635
54281,-0.139927,0,-0.0014686,2.38,0.287512,-0.347118,-0.347118,0.249098,-0.248531,2.79E-05,0.00675653,0.0003635
54291,-0.0849181,0,-0.000947952,2.39,0.280499,-0.350624,-0.701248,0.249098,-0.249052,2.79E-05,0.000552312,0.0003635
54301,-0.237662,0,-0.00898544,2.4,0.280499,-0.350624,0,0.240277,-0.241015,2.79E-05,-0.00878413,0.0003635
54310,-0.524103,0,-0.0096532,2.41,0.280499,0,0,0.240277,-0.240347,2.79E-05,-0.000827014,0.0003635
54321,-0.563709,0,-0.00970867,2.42,0.276993,0,-0.350624,0.240277,-0.240291,2.79E-05,-0.000165939,0.0003635
54331,-0.128712,0,-0.00163254,2.43,0.273487,-0.347118,-0.347118,0.249098,-0.248367,2.79E-05,0.00871,0.0003635
54341,-0.0707085,0,-0.000961572,2.44,0.269981,-0.350624,-0.350624,0.249098,-0.249038,2.79E-05,0.000714615,0.0003635
54350,-0.0301117,0,-0.000905827,2.45,0.269981,-0.347118,0,0.249098,-0.249094,2.79E-05,5.04E-05,0.0003635
54361,-0.265881,0,-0.000901192,2.46,0.269981,0,0,0.249098,-0.249099,2.79E-05,-4.83E-06,0.0003635
54371,-0.218093,0,0.00121742,2.47,0.269981,0,0,0.251411,-0.251217,2.79E-05,0.00230287,0.0003635
54381,-0.408647,0,-0.00684199,2.48,0.269981,0,0,0.242421,-0.243158,2.79E-05,-0.00878444,0.0003635
54390,-0.303703,0,-0.00139438,2.49,0.269981,0,0,0.249098,-0.248606,2.79E-05,0.00587197,0.0003635
54401,-0.246907,0,0.00117645,2.5,0.266474,0,-0.347118,0.251411,-0.251176,2.79E-05,0.00279112,0.0003635
54411,-0.00791723,0,-0.00072819,2.51,0.266474,-0.350624,0,0.249098,-0.249272,2.79E-05,-0.00206627,0.0003635
54421,-0.445174,0,-0.00896718,2.52,0.266474,0,0,0.240277,-0.241033,2.79E-05,-0.0090017,0.0003635
54431,-0.497311,0,-0.00965169,2.53,0.266474,0,0,0.240277,-0.240348,2.79E-05,-0.000845104,0.0003635
54440,-0.0633541,0,-0.0016278,2.54,0.266474,-0.347118,0,0.249098,-0.248372,2.79E-05,0.00865358,0.0003635
54451,-0.285937,0,-0.00096117,2.55,0.262968,0,-0.350624,0.249098,-0.249039,2.79E-05,0.000709936,0.0003635
54461,-0.00790428,0,-0.000905782,2.56,0.259462,-0.350624,-0.347118,0.249098,-0.249094,2.79E-05,5.00E-05,0.0003635
54471,-0.441918,0,-0.00898194,2.57,0.259462,0,0,0.240277,-0.241018,2.79E-05,-0.00882588,0.0003635
54480,-0.446184,0,-0.00768936,2.58,0.259462,0,0,0.242421,-0.242311,2.79E-05,0.00131294,0.0003635
54491,-0.24116,0,-0.00954552,2.59,0.259462,-0.350624,0,0.240277,-0.240454,2.79E-05,-0.00211014,0.0003635
54501,-0.517371,0,-0.00969973,2.6,0.255956,0,-0.350624,0.240277,-0.2403,2.79E-05,-0.000272542,0.0003635
54511,-0.0797317,0,-0.0016318,2.61,0.252449,-0.350624,-0.347118,0.249098,-0.248368,2.79E-05,0.00870115,0.0003635
54520,-0.304588,0,-0.000961497,2.62,0.252449,0,0,0.249098,-0.249039,2.79E-05,0.000713885,0.0003635
54531,0.0219968,0,0.00121242,2.63,0.252449,-0.347118,0,0.251411,-0.251212,2.79E-05,0.00236258,0.0003635
54541,-1.10556,0,-0.0359156,2.64,0.252449,0,0,0.210684,-0.214084,2.79E-05,-0.040516,0.0003635
54551,-0.469597,0,-0.00380984,2.65,0.248943,0,-0.347118,0.249098,-0.24619,2.79E-05,0.0346548,0.0003635
54561,0.140965,0,-0.00114246,2.66,0.241931,-0.701248,-0.697742,0.249098,-0.248858,2.79E-05,0.00287014,0.0003635
54571,-0.0469671,0,-0.000920847,2.67,0.238424,-0.350624,-0.350624,0.249098,-0.249079,2.79E-05,0.000229433,0.0003635
54581,-0.284809,0,-0.000902444,2.68,0.238424,0,0,0.249098,-0.249098,2.79E-05,1.00E-05,0.0003635
54591,-0.288348,0,-0.000900909,2.69,0.238424,0,0,0.249098,-0.249099,2.79E-05,-8.18E-06,0.0003635
54601,-0.0114166,0,-0.000900775,2.7,0.238424,-0.350624,0,0.249098,-0.249099,2.79E-05,-9.70E-06,0.0003635
54610,-0.198274,0,0.00121745,2.71,0.234918,0,-0.350624,0.251411,-0.251217,2.79E-05,0.00230247,0.0003635
54621,0.0371615,0,-0.000724792,2.72,0.234918,-0.347118,0,0.249098,-0.249275,2.79E-05,-0.00210686,0.0003635
54631,-0.201915,0,-0.000886157,2.73,0.231412,0,-0.350624,0.249098,-0.249114,2.79E-05,-0.000184044,0.0003635
54641,-0.154401,0,0.00121868,2.74,0.231412,0,0,0.251411,-0.251219,2.79E-05,0.00228798,0.0003635
54650,-0.196682,0,-0.000724688,2.75,0.231412,0,0,0.249098,-0.249275,2.79E-05,-0.00210808,0.0003635
54661,-0.152118,0,0.00123209,2.76,0.231412,0,0,0.251411,-0.251232,2.79E-05,0.00212814,0.0003635
54671,-1.01168,0,-0.0344262,2.77,0.231412,0,0,0.212308,-0.215574,2.79E-05,-0.0389114,0.0003635
54681,-0.402916,0,-0.0036861,2.78,0.231412,0,0,0.249098,-0.246314,2.79E-05,0.0331804,0.0003635
54691,-0.647714,0,-0.0363225,2.79,0.224399,-0.701248,-0.697742,0.210684,-0.213677,2.79E-05,-0.0356664,0.0003635
54701,-0.193092,0,-0.00384365,2.8,0.220893,-0.350624,-0.350624,0.249098,-0.246156,2.79E-05,0.0350577,0.0003635
54711,-0.0998552,0,-0.00114527,2.81,0.217387,-0.347118,-0.347118,0.249098,-0.248855,2.79E-05,0.00290363,0.0003635
54721,0.000599623,0,0.00119716,2.82,0.217387,-0.350624,0,0.251411,-0.251197,2.79E-05,0.00254451,0.0003635
54730,-0.275927,0,-0.000726476,2.83,0.217387,0,0,0.249098,-0.249274,2.79E-05,-0.00208677,0.0003635
54740,-0.231329,0,0.00123194,2.84,0.217387,0,0,0.251411,-0.251232,2.79E-05,0.0021299,0.0003635
54751,-0.273853,0,-0.000723585,2.85,0.213881,0,-0.347118,0.249098,-0.249276,2.79E-05,-0.00212122,0.0003635
54761,-0.28066,0,-0.000886053,2.86,0.210375,0,-0.350624,0.249098,-0.249114,2.79E-05,-0.000185251,0.0003635
54771,-0.233147,0,0.00121871,2.87,0.210375,0,0,0.251411,-0.251219,2.79E-05,0.00228788,0.0003635
54780,0.00507006,0,-0.000724688,2.88,0.210375,-0.350624,0,0.249098,-0.249275,2.79E-05,-0.00210811,0.0003635
54791,-0.236354,0,-0.000886142,2.89,0.210375,0,0,0.249098,-0.249114,2.79E-05,-0.000184149,0.0003635
54801,-1.05723,0,-0.0346022,2.9,0.210375,0,0,0.212308,-0.215398,2.79E-05,-0.0368144,0.0003635
54811,-0.445249,0,-0.00370072,2.91,0.210375,0,0,0.249098,-0.246299,2.79E-05,0.0333546,0.0003635
54820,-0.656519,0,-0.034836,2.92,0.203362,-0.697742,-0.697742,0.212308,-0.215164,2.79E-05,-0.034028,0.0003635
54831,-0.226702,0,-0.00372015,2.93,0.199856,-0.350624,-0.347118,0.249098,-0.24628,2.79E-05,0.0335861,0.0003635
54841,-0.13572,0,-0.00113501,2.94,0.19635,-0.347118,-0.347118,0.249098,-0.248865,2.79E-05,0.00278135,0.0003635
54851,-0.0868046,0,-0.000920236,2.95,0.19635,-0.350624,0,0.249098,-0.24908,2.79E-05,0.000222057,0.0003635
54860,-0.324657,0,-0.000902385,2.96,0.19635,0,0,0.249098,-0.249098,2.79E-05,9.43E-06,0.0003635
54871,-0.328198,0,-0.000900909,2.97,0.192843,0,-0.347118,0.249098,-0.249099,2.79E-05,-8.24E-06,0.0003635
54881,-0.331766,0,-0.000900775,2.98,0.189337,0,-0.347118,0.249098,-0.249099,2.79E-05,-9.70E-06,0.0003635
54891,-0.0548366,0,-0.000900775,2.99,0.189337,-0.350624,0,0.249098,-0.249099,2.79E-05,-9.82E-06,0.0003635
54901,0.0388056,0,0.00121745,3,0.189337,-0.350624,0,0.251411,-0.251217,2.79E-05,0.00230247,0.0003635
54910,-0.238091,0,-0.000724792,3.01,0.185831,0,-0.350624,0.249098,-0.249275,2.79E-05,-0.00210686,0.0003635
54921,-0.244876,0,-0.000886142,3.02,0.185831,0,0,0.249098,-0.249114,2.79E-05,-0.000184044,0.0003635
54931,0.135496,0,0.00337848,3.03,0.185831,-0.350624,0,0.253768,-0.253378,2.79E-05,0.00464563,0.0003635
54941,-0.180871,0,-0.000545248,3.04,0.185831,0,0,0.249098,-0.249455,2.79E-05,-0.00424628,0.0003635
54950,-0.190935,0,-0.000871226,3.05,0.185831,0,0,0.249098,-0.249129,2.79E-05,-0.0003618,0.0003635
54961,-0.195045,0,-0.000898317,3.06,0.185831,0,0,0.249098,-0.249102,2.79E-05,-3.91E-05,0.0003635
54971,-0.19866,0,-0.000900567,3.07,0.182325,0,-0.347118,0.249098,-0.249099,2.79E-05,-1.23E-05,0.0003635
54981,-0.202234,0,-0.00090076,3.08,0.182325,0,0,0.249098,-0.249099,2.79E-05,-1.00E-05,0.0003635
54990,-0.205805,0,-0.000900775,3.09,0.182325,0,0,0.249098,-0.249099,2.79E-05,-9.83E-06,0.0003635
55001,-0.209375,0,-0.000900775,3.1,0.182325,0,0,0.249098,-0.249099,2.79E-05,-9.82E-06,0.0003635
55011,-0.161594,0,0.00121745,3.11,0.182325,0,0,0.251411,-0.251217,2.79E-05,0.00230247,0.0003635
55021,-0.203854,0,-0.000724792,3.12,0.182325,0,0,0.249098,-0.249275,2.79E-05,-0.00210686,0.0003635
55030,-0.159287,0,0.00123209,3.13,0.182325,0,0,0.251411,-0.251232,2.79E-05,0.00212824,0.0003635
55041,-0.150462,0,0.00139466,3.14,0.182325,0,0,0.251411,-0.251395,2.79E-05,0.000190914,0.0003635
55051,-0.195958,0,-0.00071007,3.15,0.182325,0,0,0.249098,-0.24929,2.79E-05,-0.00228231,0.0003635
55061,-1.02005,0,-0.0345876,3.16,0.182325,0,0,0.212308,-0.215412,2.79E-05,-0.0369887,0.0003635
55071,-0.408336,0,-0.0036995,3.17,0.182325,0,0,0.249098,-0.246301,2.79E-05,0.0333401,0.0003635
55080,-0.083094,0,-0.00113329,3.18,0.175312,-0.347118,-0.697742,0.249098,-0.248867,2.79E-05,0.0027609,0.0003635
55091,0.24629,0,-0.000920087,3.19,0.175312,-0.701248,0,0.249098,-0.24908,2.79E-05,0.000220358,0.0003635
55101,-0.226203,0,-0.00090237,3.2,0.175312,0,0,0.249098,-0.249098,2.79E-05,9.30E-06,0.0003635
55111,-0.229744,0,-0.000900909,3.21,0.171806,0,-0.350624,0.249098,-0.249099,2.79E-05,-8.26E-06,0.0003635
55120,-0.233312,0,-0.000900775,3.22,0.171806,0,0,0.249098,-0.249099,2.79E-05,-9.70E-06,0.0003635
55131,-0.236882,0,-0.000900775,3.23,0.171806,0,0,0.249098,-0.249099,2.79E-05,-9.82E-06,0.0003635
55141,-0.240452,0,-0.000900775,3.24,0.171806,0,0,0.249098,-0.249099,2.79E-05,-9.82E-06,0.0003635
55151,0.0364767,0,-0.000900775,3.25,0.1683,-0.350624,-0.347118,0.249098,-0.249099,2.79E-05,-9.82E-06,0.0003635
55160,-0.15038,0,0.00121745,3.26,0.1683,0,0,0.251411,-0.251217,2.79E-05,0.00230247,0.0003635
55171,-0.141288,0,0.00139347,3.27,0.1683,0,0,0.251411,-0.251393,2.79E-05,0.000205427,0.0003635
55181,-0.186762,0,-0.00071016,3.28,0.1683,0,0,0.249098,-0.24929,2.79E-05,-0.00228111,0.0003635
55191,-0.0367075,0,0.00559568,3.29,0.1683,0,0,0.256173,-0.255596,2.79E-05,0.00687574,0.0003635
55200,-0.158934,0,-0.00036104,3.3,0.1683,0,0,0.249098,-0.249639,2.79E-05,-0.00644131,0.0003635
55211,-0.172362,0,-0.000855923,3.31,0.1683,0,0,0.249098,-0.249144,2.79E-05,-0.000544161,0.0003635
55221,-0.176751,0,-0.00089705,3.32,0.1683,0,0,0.249098,-0.249103,2.79E-05,-5.42E-05,0.0003635
55231,-0.18039,0,-0.000900462,3.33,0.1683,0,0,0.249098,-0.2491,2.79E-05,-1.35E-05,0.0003635
55241,-0.183966,0,-0.000900745,3.34,0.1683,0,0,0.249098,-0.249099,2.79E-05,-1.01E-05,0.0003635
55250,-0.187537,0,-0.000900775,3.35,0.1683,0,0,0.249098,-0.249099,2.79E-05,-9.85E-06,0.0003635
55261,-0.191107,0,-0.000900775,3.36,0.1683,0,0,0.249098,-0.249099,2.79E-05,-9.82E-06,0.0003635
55271,-0.143326,0,0.00121745,3.37,0.1683,0,0,0.251411,-0.251217,2.79E-05,0.00230247,0.0003635
55281,-0.185586,0,-0.000724792,3.38,0.1683,0,0,0.249098,-0.249275,2.79E-05,-0.00210686,0.0003635
55290,-0.19237,0,-0.000886157,3.39,0.1683,0,0,0.249098,-0.249114,2.79E-05,-0.000184044,0.0003635
55301,-0.144856,0,0.00121868,3.4,0.1683,0,0,0.251411,-0.251219,2.79E-05,0.00228798,0.0003635
55311,-0.187138,0,-0.000724688,3.41,0.1683,0,0,0.249098,-0.249275,2.79E-05,-0.00210808,0.0003635
55321,-0.142573,0,0.00123209,3.42,0.1683,0,0,0.251411,-0.251232,2.79E-05,0.00212814,0.0003635
55330,-1.00213,0,-0.0344262,3.43,0.1683,0,0,0.212308,-0.215574,2.79E-05,-0.0389114,0.0003635
55341,-0.393371,0,-0.0036861,3.44,0.1683,0,0,0.249098,-0.246314,2.79E-05,0.0331804,0.0003635
55351,-0.604909,0,-0.0348348,3.45,0.161287,-0.697742,-0.694236,0.212308,-0.215165,2.79E-05,-0.0340424,0.0003635
55361,-0.175113,0,-0.00372005,3.46,0.157781,-0.350624,-0.350624,0.249098,-0.24628,2.79E-05,0.0335849,0.0003635
55371,-0.0841335,0,-0.00113499,3.47,0.157781,-0.347118,0,0.249098,-0.248865,2.79E-05,0.00278126,0.0003635
55380,-0.0352176,0,-0.000920221,3.48,0.154275,-0.350624,-0.350624,0.249098,-0.24908,2.79E-05,0.000222042,0.0003635
55391,-0.27307,0,-0.000902385,3.49,0.154275,0,0,0.249098,-0.249098,2.79E-05,9.42E-06,0.0003635
55401,-0.276611,0,-0.000900909,3.5,0.154275,0,0,0.249098,-0.249099,2.79E-05,-8.24E-06,0.0003635
55411,-0.280179,0,-0.000900775,3.51,0.150768,0,-0.350624,0.249098,-0.249099,2.79E-05,-9.70E-06,0.0003635
55420,-0.283749,0,-0.000900775,3.52,0.147262,0,-0.350624,0.249098,-0.249099,2.79E-05,-9.82E-06,0.0003635
55431,-0.00962524,0,-0.000900775,3.53,0.147262,-0.347118,0,0.249098,-0.249099,2.79E-05,-9.82E-06,0.0003635
55441,-0.245487,0,-0.000900775,3.54,0.147262,0,0,0.249098,-0.249099,2.79E-05,-9.82E-06,0.0003635
55451,-0.197706,0,0.00121745,3.55,0.147262,0,0,0.251411,-0.251217,2.79E-05,0.00230247,0.0003635
55460,-1.057,0,-0.0344274,3.56,0.143756,0,-0.350624,0.212308,-0.215573,2.79E-05,-0.0388969,0.0003635
55471,-0.448215,0,-0.00368619,3.57,0.143756,0,0,0.249098,-0.246314,2.79E-05,0.0331816,0.0003635
55481,-0.65975,0,-0.0348348,3.58,0.14025,-0.697742,-0.347118,0.212308,-0.215165,2.79E-05,-0.0340423,0.0003635
55491,0.0505445,0,-0.00372005,3.59,0.136743,-0.701248,-0.350624,0.249098,-0.24628,2.79E-05,0.0335849,0.0003635
55501,-0.0931135,0,-0.00113499,3.6,0.133237,-0.347118,-0.347118,0.249098,-0.248865,2.79E-05,0.00278126,0.0003635
55511,-0.324697,0,-0.000920221,3.61,0.129731,0,-0.350624,0.249098,-0.24908,2.79E-05,0.000222042,0.0003635
55521,-0.327912,0,-0.000902385,3.62,0.129731,0,0,0.249098,-0.249098,2.79E-05,9.42E-06,0.0003635
55531,-0.331453,0,-0.000900909,3.63,0.129731,0,0,0.249098,-0.249099,2.79E-05,-8.24E-06,0.0003635
55541,-0.0573262,0,-0.000900775,3.64,0.129731,-0.347118,0,0.249098,-0.249099,2.79E-05,-9.70E-06,0.0003635
55550,-0.293188,0,-0.000900775,3.65,0.126225,0,-0.350624,0.249098,-0.249099,2.79E-05,-9.82E-06,0.0003635
55561,0.0322872,0,0.00121745,3.66,0.122718,-0.347118,-0.347118,0.251411,-0.251217,2.79E-05,0.00230247,0.0003635
55571,-0.242263,0,-0.000724792,3.67,0.122718,0,0,0.249098,-0.249275,2.79E-05,-0.00210686,0.0003635
55581,-0.249048,0,-0.000886142,3.68,0.122718,0,0,0.249098,-0.249114,2.79E-05,-0.000184044,0.0003635
55590,-1.06992,0,-0.0346022,3.69,0.122718,0,0,0.212308,-0.215398,2.79E-05,-0.0368144,0.0003635
55601,-0.457943,0,-0.00370072,3.7,0.119212,0,-0.347118,0.249098,-0.246299,2.79E-05,0.0333546,0.0003635
55611,-0.669213,0,-0.034836,3.71,0.1122,-0.697742,-0.697742,0.212308,-0.215164,2.79E-05,-0.034028,0.0003635
55621,0.0411037,0,-0.00372015,3.72,0.1122,-0.701248,0,0.249098,-0.24628,2.79E-05,0.0335861,0.0003635
55630,-0.0997475,0,-0.00113501,3.73,0.108693,-0.350624,-0.350624,0.249098,-0.248865,2.79E-05,0.00278135,0.0003635
55641,-0.333677,0,-0.000920236,3.74,0.105187,0,-0.350624,0.249098,-0.24908,2.79E-05,0.000222057,0.0003635
55651,-0.336892,0,-0.000902385,3.75,0.105187,0,0,0.249098,-0.249098,2.79E-05,9.43E-06,0.0003635
55661,-0.0599337,0,-0.000900909,3.76,0.105187,-0.350624,0,0.249098,-0.249099,2.79E-05,-8.24E-06,0.0003635
55670,-0.298139,0,-0.000900775,3.77,0.105187,0,0,0.249098,-0.249099,2.79E-05,-9.70E-06,0.0003635
55681,-0.301709,0,-0.000900775,3.78,0.101681,0,-0.347118,0.249098,-0.249099,2.79E-05,-9.82E-06,0.0003635
55691,0.0237656,0,0.00121745,3.79,0.0981748,-0.347118,-0.347118,0.251411,-0.251217,2.79E-05,0.00230247,0.0003635
55701,-0.250785,0,-0.000724792,3.8,0.0981748,0,0,0.249098,-0.249275,2.79E-05,-0.00210686,0.0003635
55711,-0.25757,0,-0.000886157,3.81,0.0981748,0,0,0.249098,-0.249114,2.79E-05,-0.000184044,0.0003635
55720,-0.104301,0,0.00558105,3.82,0.0981748,0,0,0.256173,-0.255581,2.79E-05,0.00704998,0.0003635
55731,-0.22626,0,-0.000362247,3.83,0.0981748,0,0,0.249098,-0.249638,2.79E-05,-0.00642683,0.0003635
55741,-0.188315,0,0.00126222,3.84,0.0981748,0,0,0.251411,-0.251262,2.79E-05,0.00176932,0.0003635
55751,-0.231391,0,-0.000721067,3.85,0.0981748,0,0,0.249098,-0.249279,2.79E-05,-0.00215118,0.0003635
55760,-0.238244,0,-0.000885844,3.86,0.0981748,0,0,0.249098,-0.249114,2.79E-05,-0.00018774,0.0003635
55771,-0.242087,0,-0.000899523,3.87,0.0981748,0,0,0.249098,-0.2491,2.79E-05,-2.46E-05,0.0003635
55781,-0.24568,0,-0.000900671,3.88,0.0981748,0,0,0.249098,-0.249099,2.79E-05,-1.11E-05,0.0003635
55791,0.0312472,0,-0.00090076,3.89,0.0981748,-0.350624,0,0.249098,-0.249099,2.79E-05,-9.92E-06,0.0003635
55800,-0.206961,0,-0.000900775,3.9,0.0981748,0,0,0.249098,-0.249099,2.79E-05,-9.83E-06,0.0003635
55811,-0.210532,0,-0.000900775,3.91,0.0981748,0,0,0.249098,-0.249099,2.79E-05,-9.82E-06,0.0003635
55821,-0.162751,0,0.00121745,3.92,0.0981748,0,0,0.251411,-0.251217,2.79E-05,0.00230247,0.0003635
55831,-0.153658,0,0.00139347,3.93,0.0981748,0,0,0.251411,-0.251393,2.79E-05,0.000205427,0.0003635
55840,-0.199132,0,-0.00071016,3.94,0.0981748,0,0,0.249098,-0.24929,2.79E-05,-0.00228111,0.0003635
55851,-0.102474,0,0.00339311,3.95,0.0981748,0,0,0.253768,-0.253393,2.79E-05,0.00447141,0.0003635
55861,-0.18447,0,-0.000544026,3.96,0.0981748,0,0,0.249098,-0.249456,2.79E-05,-0.00426076,0.0003635
55871,-0.194557,0,-0.000871137,3.97,0.0981748,0,0,0.249098,-0.249129,2.79E-05,-0.000363007,0.0003635
55881,-0.198668,0,-0.000898302,3.98,0.0981748,0,0,0.249098,-0.249102,2.79E-05,-3.92E-05,0.0003635
55890,-0.202284,0,-0.000900567,3.99,0.0981748,0,0,0.249098,-0.249099,2.79E-05,-1.23E-05,0.0003635
55901,-0.205858,0,-0.00090076,4,0.0981748,0,0,0.249098,-0.249099,2.79E-05,-1.00E-05,0.0003635
55911,-0.209428,0,-0.000900775,4.01,0.0981748,0,0,0.249098,-0.249099,2.79E-05,-9.83E-06,0.0003635
55921,-0.212999,0,-0.000900775,4.02,0.0981748,0,0,0.249098,-0.249099,2.79E-05,-9.82E-06,0.0003635
55930,-0.216569,0,-0.000900775,4.03,0.0981748,0,0,0.249098,-0.249099,2.79E-05,-9.82E-06,0.0003635
55941,-0.220139,0,-0.000900775,4.04,0.0981748,0,0,0.249098,-0.249099,2.79E-05,-9.82E-06,0.0003635
55951,-0.172359,0,0.00121745,4.05,0.0981748,0,0,0.251411,-0.251217,2.79E-05,0.00230247,0.0003635
55961,-0.163266,0,0.00139347,4.06,0.0981748,0,0,0.251411,-0.251393,2.79E-05,0.000205427,0.0003635
55970,-0.20874,0,-0.00071016,4.07,0.0981748,0,0,0.249098,-0.24929,2.79E-05,-0.00228111,0.0003635
55981,-0.16444,0,0.00123331,4.08,0.0981748,0,0,0.251411,-0.251233,2.79E-05,0.00211374,0.0003635
55991,-0.206989,0,-0.000723466,4.09,0.0981748,0,0,0.249098,-0.249277,2.79E-05,-0.00212257,0.0003635
56001,-0.213798,0,-0.000886038,4.1,0.0981748,0,0,0.249098,-0.249114,2.79E-05,-0.00018537,0.0003635
56010,-0.217637,0,-0.000899538,4.11,0.0981748,0,0,0.249098,-0.2491,2.79E-05,-2.44E-05,0.0003635
56020,-0.22123,0,-0.000900671,4.12,0.0981748,0,0,0.249098,-0.249099,2.79E-05,-1.11E-05,0.0003635
56031,-0.224802,0,-0.00090076,4.13,0.0981748,0,0,0.249098,-0.249099,2.79E-05,-9.92E-06,0.0003635
56041,-0.228373,0,-0.000900775,4.14,0.0981748,0,0,0.249098,-0.249099,2.79E-05,-9.83E-06,0.0003635
56051,-0.231943,0,-0.000900775,4.15,0.0981748,0,0,0.249098,-0.249099,2.79E-05,-9.82E-06,0.0003635
56060,-0.235513,0,-0.000900775,4.16,0.0981748,0,0,0.249098,-0.249099,2.79E-05,-9.82E-06,0.0003635
56071,-0.239084,0,-0.000900775,4.17,0.0981748,0,0,0.249098,-0.249099,2.79E-05,-9.82E-06,0.0003635
56081,-0.242654,0,-0.000900775,4.18,0.0981748,0,0,0.249098,-0.249099,2.79E-05,-9.82E-06,0.0003635
56091,-0.194873,0,0.00121745,4.19,0.0981748,0,0,0.251411,-0.251217,2.79E-05,0.00230247,0.0003635
56100,-0.237133,0,-0.000724792,4.2,0.0981748,0,0,0.249098,-0.249275,2.79E-05,-0.00210686,0.0003635
56111,-0.192566,0,0.00123209,4.21,0.0981748,0,0,0.251411,-0.251232,2.79E-05,0.00212824,0.0003635
56121,-0.183741,0,0.00139466,4.22,0.0946685,0,-0.347118,0.251411,-0.251395,2.79E-05,0.000190914,0.0003635
56131,-0.229237,0,-0.00071007,4.23,0.0946685,0,0,0.249098,-0.24929,2.79E-05,-0.00228231,0.0003635
56140,-0.184939,0,0.00123331,4.24,0.0946685,0,0,0.251411,-0.251233,2.79E-05,0.00211366,0.0003635
56151,-0.227488,0,-0.000723466,4.25,0.0946685,0,0,0.249098,-0.249277,2.79E-05,-0.00212257,0.0003635
56161,-0.234297,0,-0.000886038,4.26,0.0946685,0,0,0.249098,-0.249114,2.79E-05,-0.00018537,0.0003635
56171,-0.238136,0,-0.000899538,4.27,0.0946685,0,0,0.249098,-0.2491,2.79E-05,-2.44E-05,0.0003635
56181,-0.241729,0,-0.000900671,4.28,0.0946685,0,0,0.249098,-0.249099,2.79E-05,-1.11E-05,0.0003635
56190,-0.245301,0,-0.00090076,4.29,0.0946685,0,0,0.249098,-0.249099,2.79E-05,-9.92E-06,0.0003635
56201,-0.248871,0,-0.000900775,4.3,0.0946685,0,0,0.249098,-0.249099,2.79E-05,-9.83E-06,0.0003635
56211,-0.252442,0,-0.000900775,4.31,0.0946685,0,0,0.249098,-0.249099,2.79E-05,-9.82E-06,0.0003635
56221,-0.204661,0,0.00121745,4.32,0.0946685,0,0,0.251411,-0.251217,2.79E-05,0.00230247,0.0003635
56230,-0.24692,0,-0.000724792,4.33,0.0946685,0,0,0.249098,-0.249275,2.79E-05,-0.00210686,0.0003635
56241,-0.202354,0,0.00123209,4.34,0.0946685,0,0,0.251411,-0.251232,2.79E-05,0.00212824,0.0003635
56251,-1.06191,0,-0.0344262,4.35,0.0946685,0,0,0.212308,-0.215574,2.79E-05,-0.0389114,0.0003635
56261,-0.453152,0,-0.0036861,4.36,0.0946685,0,0,0.249098,-0.246314,2.79E-05,0.0331804,0.0003635
56270,-0.945188,0,-0.0348348,4.37,0.0911623,-0.347118,-0.347118,0.212308,-0.215165,2.79E-05,-0.0340424,0.0003635
56281,-0.280755,0,-0.00372005,4.38,0.0911623,-0.350624,0,0.249098,-0.24628,2.79E-05,0.0335849,0.0003635
56291,0.090724,0,-0.00113499,4.39,0.0841498,-0.697742,-0.697742,0.249098,-0.248865,2.79E-05,0.00278126,0.0003635
56301,-0.375497,0,-0.000920221,4.4,0.0806436,0,-0.350624,0.249098,-0.24908,2.79E-05,0.000222042,0.0003635
56311,-0.378712,0,-0.000902385,4.41,0.0771373,0,-0.347118,0.249098,-0.249098,2.79E-05,9.42E-06,0.0003635
56321,-0.0504024,0,0.00121734,4.42,0.0771373,-0.350624,0,0.251411,-0.251217,2.79E-05,0.00230405,0.0003635
56331,-0.0496026,0,-0.000724792,4.43,0.0771373,-0.347118,0,0.249098,-0.249275,2.79E-05,-0.00210677,0.0003635
56341,-0.0081789,0,-0.000886142,4.44,0.0771373,-0.350624,0,0.249098,-0.249114,2.79E-05,-0.000184044,0.0003635
56351,-0.246654,0,-0.000899553,4.45,0.0736311,0,-0.350624,0.249098,-0.2491,2.79E-05,-2.43E-05,0.0003635
56360,-0.250247,0,-0.000900671,4.46,0.0701248,0,-0.347118,0.249098,-0.249099,2.79E-05,-1.10E-05,0.0003635
56371,-0.253819,0,-0.00090076,4.47,0.0701248,0,0,0.249098,-0.249099,2.79E-05,-9.92E-06,0.0003635
56381,0.0744616,0,0.00121748,4.48,0.0701248,-0.350624,0,0.251411,-0.251217,2.79E-05,0.00230245,0.0003635
56391,-0.202436,0,-0.000724778,4.49,0.0701248,0,0,0.249098,-0.249275,2.79E-05,-0.00210689,0.0003635
56400,-0.157869,0,0.00123209,4.5,0.0701248,0,0,0.251411,-0.251232,2.79E-05,0.00212823,0.0003635
56411,-0.200395,0,-0.000723571,4.51,0.0701248,0,0,0.249098,-0.249276,2.79E-05,-0.00212137,0.0003635
56421,-0.207202,0,-0.000886053,4.52,0.0701248,0,0,0.249098,-0.249114,2.79E-05,-0.000185266,0.0003635
56431,-0.211042,0,-0.000899553,4.53,0.0701248,0,0,0.249098,-0.2491,2.79E-05,-2.44E-05,0.0003635
56440,-0.214634,0,-0.000900671,4.54,0.0701248,0,0,0.249098,-0.249099,2.79E-05,-1.10E-05,0.0003635
56451,-0.218206,0,-0.00090076,4.55,0.0701248,0,0,0.249098,-0.249099,2.79E-05,-9.92E-06,0.0003635
56461,-0.221777,0,-0.000900775,4.56,0.0701248,0,0,0.249098,-0.249099,2.79E-05,-9.83E-06,0.0003635
56471,-0.225347,0,-0.000900775,4.57,0.0701248,0,0,0.249098,-0.249099,2.79E-05,-9.82E-06,0.0003635
56480,-0.177567,0,0.00121745,4.58,0.0701248,0,0,0.251411,-0.251217,2.79E-05,0.00230247,0.0003635
56491,-0.219826,0,-0.000724792,4.59,0.0701248,0,0,0.249098,-0.249275,2.79E-05,-0.00210686,0.0003635
56501,-0.22661,0,-0.000886142,4.6,0.0701248,0,0,0.249098,-0.249114,2.79E-05,-0.000184044,0.0003635
56511,-0.179097,0,0.00121868,4.61,0.0701248,0,0,0.251411,-0.251219,2.79E-05,0.00228797,0.0003635
56521,-0.221378,0,-0.000724688,4.62,0.0701248,0,0,0.249098,-0.249275,2.79E-05,-0.00210808,0.0003635
56530,-0.176814,0,0.00123209,4.63,0.0701248,0,0,0.251411,-0.251232,2.79E-05,0.00212814,0.0003635
56541,-0.21934,0,-0.000723571,4.64,0.0701248,0,0,0.249098,-0.249276,2.79E-05,-0.00212137,0.0003635
56551,-0.226147,0,-0.000886053,4.65,0.0701248,0,0,0.249098,-0.249114,2.79E-05,-0.000185266,0.0003635
56561,-0.178634,0,0.00121871,4.66,0.0701248,0,0,0.251411,-0.251219,2.79E-05,0.00228788,0.0003635
56570,-0.220916,0,-0.000724688,4.67,0.0701248,0,0,0.249098,-0.249275,2.79E-05,-0.00210811,0.0003635
56581,-0.227703,0,-0.000886142,4.68,0.0701248,0,0,0.249098,-0.249114,2.79E-05,-0.000184149,0.0003635
56591,-0.180189,0,0.00121868,4.69,0.0701248,0,0,0.251411,-0.251219,2.79E-05,0.00228797,0.0003635
56601,-0.222471,0,-0.000724688,4.7,0.0701248,0,0,0.249098,-0.249275,2.79E-05,-0.00210808,0.0003635
56610,-0.177906,0,0.00123209,4.71,0.0701248,0,0,0.251411,-0.251232,2.79E-05,0.00212814,0.0003635
56621,-0.00886427,0,0.00800362,4.72,0.0701248,0,0,0.258625,-0.258004,2.79E-05,0.00740531,0.0003635
56631,-0.175071,0,-0.000160992,4.73,0.0701248,0,0,0.249098,-0.249839,2.79E-05,-0.00882517,0.0003635
56641,-0.140802,0,0.00127894,4.74,0.0701248,0,0,0.251411,-0.251279,2.79E-05,0.00157008,0.0003635
56650,-0.184184,0,-0.000719681,4.75,0.0701248,0,0,0.249098,-0.24928,2.79E-05,-0.00216775,0.0003635
56660,-0.191062,0,-0.000885725,4.76,0.0701248,0,0,0.249098,-0.249114,2.79E-05,-0.000189111,0.0003635
56671,-0.194907,0,-0.000899523,4.77,0.0701248,0,0,0.249098,-0.2491,2.79E-05,-2.47E-05,0.0003635
56681,-0.1985,0,-0.000900671,4.78,0.0701248,0,0,0.249098,-0.249099,2.79E-05,-1.11E-05,0.0003635
56691,-0.202072,0,-0.00090076,4.79,0.0701248,0,0,0.249098,-0.249099,2.79E-05,-9.92E-06,0.0003635
56700,-0.205643,0,-0.000900775,4.8,0.0701248,0,0,0.249098,-0.249099,2.79E-05,-9.83E-06,0.0003635
56711,-0.209213,0,-0.000900775,4.81,0.0701248,0,0,0.249098,-0.249099,2.79E-05,-9.82E-06,0.0003635
56721,-0.212783,0,-0.000900775,4.82,0.0701248,0,0,0.249098,-0.249099,2.79E-05,-9.82E-06,0.0003635
56731,-0.216354,0,-0.000900775,4.83,0.0701248,0,0,0.249098,-0.249099,2.79E-05,-9.82E-06,0.0003635
56740,-0.168573,0,0.00121745,4.84,0.0701248,0,0,0.251411,-0.251217,2.79E-05,0.00230247,0.0003635
56751,-0.210832,0,-0.000724792,4.85,0.0701248,0,0,0.249098,-0.249275,2.79E-05,-0.00210686,0.0003635
56761,-0.217617,0,-0.000886142,4.86,0.0701248,0,0,0.249098,-0.249114,2.79E-05,-0.000184044,0.0003635
56771,-0.170103,0,0.00121868,4.87,0.0701248,0,0,0.251411,-0.251219,2.79E-05,0.00228797,0.0003635
56780,-0.212385,0,-0.000724688,4.88,0.0701248,0,0,0.249098,-0.249275,2.79E-05,-0.00210808,0.0003635
56791,-0.219171,0,-0.000886142,4.89,0.0701248,0,0,0.249098,-0.249114,2.79E-05,-0.000184149,0.0003635
56801,-0.171657,0,0.00121868,4.9,0.0701248,0,0,0.251411,-0.251219,2.79E-05,0.00228797,0.0003635
56811,-0.213939,0,-0.000724688,4.91,0.0701248,0,0,0.249098,-0.249275,2.79E-05,-0.00210808,0.0003635
56821,-0.220725,0,-0.000886142,4.92,0.0701248,0,0,0.249098,-0.249114,2.79E-05,-0.000184149,0.0003635
56830,-0.224563,0,-0.000899553,4.93,0.0701248,0,0,0.249098,-0.2491,2.79E-05,-2.43E-05,0.0003635
56841,-0.228155,0,-0.000900671,4.94,0.0701248,0,0,0.249098,-0.249099,2.79E-05,-1.10E-05,0.0003635
56851,-0.180376,0,0.00121748,4.95,0.0701248,0,0,0.251411,-0.251217,2.79E-05,0.00230236,0.0003635
56861,-0.222636,0,-0.000724778,4.96,0.0701248,0,0,0.249098,-0.249275,2.79E-05,-0.00210689,0.0003635
56870,-0.22942,0,-0.000886142,4.97,0.0701248,0,0,0.249098,-0.249114,2.79E-05,-0.000184059,0.0003635
56881,-0.181907,0,0.00121868,4.98,0.0701248,0,0,0.251411,-0.251219,2.79E-05,0.00228797,0.0003635
56891,-0.224188,0,-0.000724688,4.99,0.0701248,0,0,0.249098,-0.249275,2.79E-05,-0.00210808,0.0003635
56901,-0.179624,0,0.00123209,5,0.0701248,0,0,0.251411,-0.251232,2.79E-05,0.00212814,0.0003635
