QGPIORecord, QRC v6.1.0, 16-12-2021 @ 19:41:01, Windows 10 Version 2009, 10.0.19042, x86_64
Time, VoltageA, eA, desired_velocity, time, PositionB, SpeedA, SpeedB, GetFrontDistance, xhat, Phat, nu, S
29101, 0, 0, 0, 0, -3.15562, 0, 0, 0.249098, -0.252527, 9.49522e-07, -0.0035388, 3.1485e-05
29111, 5.96319, 5.77684, 0.245982, 0.01, -3.15562, 0, 0, 0.251411, -0.252492, 9.49522e-07, -0.00111637, 3.1485e-05
29121, 6.81061, 6.62825, 0.24072, 0.02, -3.15562, 0, 0, 0.258625, -0.2503, 9.49522e-07, 0.00859261, 3.1485e-05
29131, 4.8403, 4.76019, 0.235561, 0.03, -3.12056, 3.49923, 3.4852, 0.256173, -0.24815, 9.49522e-07, 0.00827995, 3.1485e-05
29140, 2.11136, 2.3941, 0.230866, 0.04, -3.05043, 7.36311, 7.01248, 0.258625, -0.246194, 9.49522e-07, 0.0128302, 3.1485e-05
29151, 1.10256, 1.46119, 0.225715, 0.05, -2.96979, 8.40797, 8.05734, 0.249098, -0.244048, 9.49522e-07, 0.00521284, 3.1485e-05
29161, 2.45394, 2.54893, 0.220844, 0.06, -2.91018, 6.31474, 6.30072, 0.249098, -0.242018, 9.49522e-07, 0.00730774, 3.1485e-05
29171, 4.92033, 5.19977, 0.21641, 0.07, -2.87862, 3.15912, 2.81201, 0.251411, -0.240171, 9.49522e-07, 0.011601, 3.1485e-05
29180, 5.25776, 5.31693, 0.211875, 0.08, -2.85057, 3.15562, 3.15562, 0.24683, -0.238281, 9.49522e-07, 0.00882345, 3.1485e-05
29191, 4.13336, 4.24102, 0.205384, 0.09, -2.79798, 4.89822, 4.89822, 0.217343, -0.235577, 9.49522e-07, -0.0188198, 3.1485e-05
29201, 2.80174, 2.95914, 0.201619, 0.1, -2.73487, 6.66537, 6.66186, 0.249098, -0.234008, 9.49522e-07, 0.0155755, 3.1485e-05
29211, 2.36503, 2.79785, 0.198058, 0.11, -2.66825, 7.01248, 6.66887, 0.249098, -0.232524, 9.49522e-07, 0.0171068, 3.1485e-05
29221, 3.00391, 3.73475, 0.19469, 0.12, -2.61215, 5.94659, 5.24534, 0.249098, -0.231121, 9.49522e-07, 0.0185549, 3.1485e-05
29231, 4.00698, 3.98823, 0.190847, 0.13, -2.56306, 4.56863, 4.91224, 0.240277, -0.22952, 9.49522e-07, 0.0111033, 3.1485e-05
29241, 3.53919, 3.48422, 0.187213, 0.14, -2.50696, 5.24183, 5.59947, 0.240277, -0.228006, 9.49522e-07, 0.0126661, 3.1485e-05
29251, 2.65505, 3.13159, 0.183937, 0.15, -2.44736, 6.31825, 5.96762, 0.242421, -0.22664, 9.49522e-07, 0.0162874, 3.1485e-05
29261, 2.47869, 2.73726, 0.180679, 0.16, -2.38424, 6.31825, 6.31124, 0.240277, -0.225283, 9.49522e-07, 0.0154764, 3.1485e-05
29271, 2.59212, 2.83103, 0.177758, 0.17, -2.32464, 5.95009, 5.96061, 0.242421, -0.224066, 9.49522e-07, 0.0189449, 3.1485e-05
29281, 2.99734, 2.95904, 0.174372, 0.18, -2.26854, 5.24884, 5.59596, 0.234079, -0.222655, 9.49522e-07, 0.0117908, 3.1485e-05
29291, 2.90109, 2.82326, 0.171022, 0.19, -2.21594, 5.27339, 5.617, 0.232086, -0.221259, 9.49522e-07, 0.0111751, 3.1485e-05
29301, 2.83284, 2.69824, 0.168003, 0.2, -2.15634, 5.25235, 5.61349, 0.234079, -0.220001, 9.49522e-07, 0.0145299, 3.1485e-05
29310, 2.1613, 2.55141, 0.16443, 0.21, -2.10024, 5.9571, 5.60648, 0.22446, -0.218512, 9.49522e-07, 0.0061392, 3.1485e-05
29321, 1.95754, 2.39318, 0.16105, 0.22, -2.04765, 5.95009, 5.60297, 0.22446, -0.217104, 9.49522e-07, 0.00759241, 3.1485e-05
29331, 2.28432, 2.48448, 0.157855, 0.23, -1.99155, 5.26988, 5.26638, 0.22446, -0.215773, 9.49522e-07, 0.00896658, 3.1485e-05
29341, 2.42038, 2.61204, 0.154174, 0.24, -1.94246, 4.90874, 4.90874, 0.215637, -0.214239, 9.49522e-07, 0.00144251, 3.1485e-05
29350, 2.58553, 2.23031, 0.150694, 0.25, -1.89337, 4.55811, 5.25586, 0.215637, -0.212789, 9.49522e-07, 0.00293936, 3.1485e-05
29361, 2.23195, 2.33186, 0.147402, 0.26, -1.84078, 4.90173, 4.90874, 0.215637, -0.211418, 9.49522e-07, 0.0043548, 3.1485e-05
29371, 1.81349, 2.20639, 0.14429, 0.27, -1.7952, 5.25936, 4.90173, 0.215637, -0.210121, 9.49522e-07, 0.00569327, 3.1485e-05
29381, 2.18713, 2.33162, 0.141347, 0.28, -1.74961, 4.55811, 4.56162, 0.215637, -0.208895, 9.49522e-07, 0.00695895, 3.1485e-05
29391, 2.35234, 2.49281, 0.138074, 0.29, -1.70403, 4.20749, 4.20749, 0.209086, -0.207531, 9.49522e-07, 0.00160523, 3.1485e-05
29401, 2.28277, 2.15901, 0.135099, 0.3, -1.65845, 4.20048, 4.54409, 0.210684, -0.206291, 9.49522e-07, 0.00453404, 3.1485e-05
29411, 2.19502, 2.02047, 0.132286, 0.31, -1.61287, 4.20749, 4.56162, 0.210684, -0.205119, 9.49522e-07, 0.00574391, 3.1485e-05
29421, 1.8072, 2.14654, 0.129047, 0.32, -1.5708, 4.56162, 4.20749, 0.202942, -0.20377, 9.49522e-07, -0.000854388, 3.1485e-05
29431, 1.89272, 2.27033, 0.124402, 0.33, -1.53223, 4.20749, 3.85687, 0.181755, -0.201834, 9.49522e-07, -0.0207247, 3.1485e-05
29441, 2.04785, 2.19295, 0.121592, 0.34, -1.49366, 3.85687, 3.85687, 0.202942, -0.200663, 9.49522e-07, 0.00235179, 3.1485e-05
29451, 1.96931, 1.84443, 0.118935, 0.35, -1.45158, 3.84635, 4.19697, 0.202942, -0.199556, 9.49522e-07, 0.0034945, 3.1485e-05
29461, 1.8683, 1.97145, 0.116422, 0.36, -1.41302, 3.85687, 3.85687, 0.202942, -0.198509, 9.49522e-07, 0.00457507, 3.1485e-05
29471, 2.04537, 2.14165, 0.114046, 0.37, -1.37795, 3.50975, 3.50975, 0.202942, -0.197519, 9.49522e-07, 0.00559689, 3.1485e-05
29480, 1.70617, 2.08456, 0.111799, 0.38, -1.34289, 3.85687, 3.50624, 0.202942, -0.196583, 9.49522e-07, 0.00656314, 3.1485e-05
29491, 1.87153, 1.74523, 0.109349, 0.39, -1.30432, 3.49923, 3.84985, 0.198578, -0.195562, 9.49522e-07, 0.00311296, 3.1485e-05
29501, 1.7801, 1.61275, 0.106926, 0.4, -1.26926, 3.50975, 3.85687, 0.197167, -0.194553, 9.49522e-07, 0.00269866, 3.1485e-05
29511, 1.69466, 1.75521, 0.10474, 0.41, -1.2342, 3.50624, 3.50274, 0.198578, -0.193642, 9.49522e-07, 0.00509481, 3.1485e-05
29520, 1.58869, 1.91795, 0.102162, 0.42, -1.20264, 3.50624, 3.15912, 0.19173, -0.192568, 9.49522e-07, -0.000864804, 3.1485e-05
29531, 1.75881, 2.1292, 0.0998232, 0.43, -1.17108, 3.15562, 2.80499, 0.193059, -0.191593, 9.49522e-07, 0.00151314, 3.1485e-05
29541, 1.6909, 1.56799, 0.0976116, 0.44, -1.13602, 3.15211, 3.49923, 0.193059, -0.190671, 9.49522e-07, 0.00246426, 3.1485e-05
29551, 1.60679, 1.43759, 0.0954208, 0.45, -1.10096, 3.15912, 3.50975, 0.19173, -0.189759, 9.49522e-07, 0.00203426, 3.1485e-05
29561, 1.4873, 1.54661, 0.0917042, 0.46, -1.0694, 3.15211, 3.15211, 0.169709, -0.18821, 9.49522e-07, -0.0190952, 3.1485e-05
29571, 1.39316, 1.72563, 0.0898347, 0.47, -1.04135, 3.15211, 2.80149, 0.19173, -0.187431, 9.49522e-07, 0.00443658, 3.1485e-05
29581, 1.28199, 1.66203, 0.0876838, 0.48, -1.0133, 3.15562, 2.80499, 0.186601, -0.186535, 9.49522e-07, 6.78152e-05, 3.1485e-05
29591, 1.73074, 1.59712, 0.0857435, 0.49, -0.985254, 2.45437, 2.80499, 0.187855, -0.185726, 9.49522e-07, 0.00219733, 3.1485e-05
29601, 1.42512, 1.25849, 0.083815, 0.5, -0.953698, 2.80149, 3.14861, 0.186601, -0.184923, 9.49522e-07, 0.00173157, 3.1485e-05
29611, 1.62666, 1.40454, 0.0820851, 0.51, -0.925648, 2.45437, 2.80499, 0.187855, -0.184202, 9.49522e-07, 0.0037706, 3.1485e-05
29621, 1.31363, 1.59904, 0.0804494, 0.52, -0.901104, 2.80149, 2.45086, 0.187855, -0.183521, 9.49522e-07, 0.00447409, 3.1485e-05
29631, 1.21406, 1.54967, 0.0785353, 0.53, -0.87656, 2.8085, 2.45437, 0.182941, -0.182723, 9.49522e-07, 0.000224754, 3.1485e-05
29641, 1.11692, 1.49742, 0.0767254, 0.54, -0.852017, 2.80499, 2.45437, 0.182941, -0.181969, 9.49522e-07, 0.00100312, 3.1485e-05
29650, 1.5743, 1.16921, 0.0749253, 0.55, -0.823967, 2.10024, 2.80149, 0.181755, -0.181219, 9.49522e-07, 0.000552878, 3.1485e-05
29661, 1.5525, 1.32879, 0.0732231, 0.56, -0.799423, 2.10374, 2.45437, 0.181755, -0.18051, 9.49522e-07, 0.00128493, 3.1485e-05
29671, 1.21557, 1.50047, 0.0702743, 0.57, -0.778386, 2.45437, 2.10374, 0.163829, -0.179281, 9.49522e-07, -0.0159488, 3.1485e-05
29681, 0.851947, 1.46448, 0.0684824, 0.58, -0.757348, 2.80149, 2.10024, 0.177169, -0.178534, 9.49522e-07, -0.00140953, 3.1485e-05
29690, 1.2761, 1.14893, 0.0668719, 0.59, -0.732805, 2.10374, 2.45437, 0.178292, -0.177863, 9.49522e-07, 0.000442401, 3.1485e-05
29701, 1.22907, 1.05719, 0.0653489, 0.6, -0.708261, 2.10374, 2.45437, 0.178292, -0.177229, 9.49522e-07, 0.00109735, 3.1485e-05
29711, 1.45928, 1.23383, 0.0638249, 0.61, -0.687223, 1.74961, 2.10024, 0.177169, -0.176594, 9.49522e-07, 0.000593454, 3.1485e-05
29721, 1.1672, 1.45196, 0.0624676, 0.62, -0.669692, 2.10374, 1.74961, 0.178292, -0.176028, 9.49522e-07, 0.00233646, 3.1485e-05
29731, 0.825979, 1.16415, 0.0611003, 0.63, -0.648655, 2.45437, 2.10374, 0.177169, -0.175458, 9.49522e-07, 0.00176516, 3.1485e-05
29741, 0.999086, 1.10351, 0.0598073, 0.64, -0.627617, 2.10024, 2.10024, 0.177169, -0.17492, 9.49522e-07, 0.00232123, 3.1485e-05
29751, 1.20354, 1.3004, 0.0583395, 0.65, -0.610086, 1.75312, 1.75312, 0.173888, -0.174308, 9.49522e-07, -0.000433952, 3.1485e-05
29761, 1.45232, 1.26973, 0.0569515, 0.66, -0.592555, 1.4025, 1.75312, 0.173888, -0.17373, 9.49522e-07, 0.000162944, 3.1485e-05
29771, 1.1851, 0.966315, 0.055639, 0.67, -0.575024, 1.74961, 2.10024, 0.173888, -0.173183, 9.49522e-07, 0.0007274, 3.1485e-05
29780, 0.863386, 1.42374, 0.0543978, 0.68, -0.557492, 2.10374, 1.4025, 0.173888, -0.172666, 9.49522e-07, 0.00126116, 3.1485e-05
29791, 0.778183, 1.15661, 0.0532242, 0.69, -0.539961, 2.10024, 1.75312, 0.173888, -0.172177, 9.49522e-07, 0.00176589, 3.1485e-05
29801, 0.930908, 0.809939, 0.0506989, 0.7, -0.52243, 1.75312, 2.10024, 0.154939, -0.171125, 9.49522e-07, -0.0167053, 3.1485e-05
29811, 1.15471, 1.24676, 0.0494143, 0.71, -0.504899, 1.39899, 1.4025, 0.169709, -0.170589, 9.49522e-07, -0.000908256, 3.1485e-05
29820, 1.13533, 0.958913, 0.0481995, 0.72, -0.487368, 1.4025, 1.75312, 0.169709, -0.170083, 9.49522e-07, -0.000385851, 3.1485e-05
29831, 0.83739, 0.896391, 0.0470508, 0.73, -0.473343, 1.74961, 1.74961, 0.169709, -0.169605, 9.49522e-07, 0.000108153, 3.1485e-05
29841, 0.765895, 1.09754, 0.0459646, 0.74, -0.455811, 1.75312, 1.4025, 0.169709, -0.169152, 9.49522e-07, 0.000575289, 3.1485e-05
29851, 0.974372, 1.34389, 0.0449374, 0.75, -0.445293, 1.4025, 1.05187, 0.169709, -0.168724, 9.49522e-07, 0.00101702, 3.1485e-05
29860, 0.945494, 0.818143, 0.0439661, 0.76, -0.431268, 1.4025, 1.75312, 0.169709, -0.168319, 9.49522e-07, 0.00143474, 3.1485e-05
29871, 0.916852, 1.01598, 0.0430476, 0.77, -0.413737, 1.39899, 1.39899, 0.169709, -0.167937, 9.49522e-07, 0.00182974, 3.1485e-05
29881, 0.880628, 1.25224, 0.0421791, 0.78, -0.403218, 1.4025, 1.05187, 0.169709, -0.167575, 9.49522e-07, 0.00220327, 3.1485e-05
29891, 0.844453, 0.990812, 0.0413577, 0.79, -0.389193, 1.4025, 1.4025, 0.169709, -0.167232, 9.49522e-07, 0.00255649, 3.1485e-05
29901, 1.08846, 0.957567, 0.0406576, 0.8, -0.375168, 1.05187, 1.39899, 0.170734, -0.166941, 9.49522e-07, 0.00391486, 3.1485e-05
29911, 0.785116, 1.15979, 0.0385117, 0.81, -0.364649, 1.39548, 1.04486, 0.150871, -0.166047, 9.49522e-07, -0.0156629, 3.1485e-05
29921, 0.727359, 0.87431, 0.0375933, 0.82, -0.350624, 1.4025, 1.406, 0.16574, -0.165664, 9.49522e-07, 7.84099e-05, 3.1485e-05
29931, 0.952364, 0.821733, 0.0367248, 0.83, -0.336599, 1.05187, 1.4025, 0.16574, -0.165302, 9.49522e-07, 0.000451893, 3.1485e-05
29941, 0.940434, 1.0363, 0.0359036, 0.84, -0.326081, 1.05187, 1.05187, 0.16574, -0.16496, 9.49522e-07, 0.00080508, 3.1485e-05
29950, 0.648637, 0.753767, 0.035127, 0.85, -0.312056, 1.39899, 1.39899, 0.16574, -0.164636, 9.49522e-07, 0.00113904, 3.1485e-05
29961, 0.864771, 0.961779, 0.0343926, 0.86, -0.301537, 1.05187, 1.05187, 0.16574, -0.16433, 9.49522e-07, 0.00145486, 3.1485e-05
29971, 0.846671, 0.944206, 0.0336982, 0.87, -0.291018, 1.05187, 1.05187, 0.16574, -0.164041, 9.49522e-07, 0.00175351, 3.1485e-05
29981, 0.549041, 0.927484, 0.0330416, 0.88, -0.280499, 1.39899, 1.04837, 0.16574, -0.163767, 9.49522e-07, 0.0020359, 3.1485e-05
29990, 1.04016, 0.904023, 0.0324206, 0.89, -0.269981, 0.701248, 1.05187, 0.16574, -0.163509, 9.49522e-07, 0.00230294, 3.1485e-05
30001, 0.775366, 0.874527, 0.0315514, 0.9, -0.259462, 1.05187, 1.05187, 0.161964, -0.163146, 9.49522e-07, -0.00122036, 3.1485e-05
30011, 0.747396, 0.847039, 0.0307986, 0.91, -0.248943, 1.04837, 1.04837, 0.162891, -0.162833, 9.49522e-07, 5.97239e-05, 3.1485e-05
30021, 0.710604, 0.810926, 0.0300175, 0.92, -0.238424, 1.05187, 1.05187, 0.161964, -0.162507, 9.49522e-07, -0.000560731, 3.1485e-05
30030, 0.954592, 1.04671, 0.029279, 0.93, -0.231412, 0.701248, 0.701248, 0.161964, -0.1622, 9.49522e-07, -0.000243112, 3.1485e-05
30041, 0.684294, 0.785618, 0.0285805, 0.94, -0.220893, 1.04837, 1.04837, 0.161964, -0.161909, 9.49522e-07, 5.72503e-05, 3.1485e-05
30051, 0.644441, 1.018, 0.0279201, 0.95, -0.213881, 1.04837, 0.697742, 0.161964, -0.161633, 9.49522e-07, 0.000341266, 3.1485e-05
30061, 0.880534, 0.748281, 0.0272956, 0.96, -0.206868, 0.701248, 1.05187, 0.161964, -0.161373, 9.49522e-07, 0.000609845, 3.1485e-05
30071, 0.881025, 0.975143, 0.0266366, 0.97, -0.19635, 0.701248, 0.701248, 0.161049, -0.161099, 9.49522e-07, -5.15282e-05, 3.1485e-05
30081, 0.884236, 0.978687, 0.0260819, 0.98, -0.189337, 0.697742, 0.697742, 0.161964, -0.160867, 9.49522e-07, 0.0011318, 3.1485e-05
30091, 0.603135, 0.706748, 0.0255573, 0.99, -0.178818, 1.04837, 1.04837, 0.161964, -0.160649, 9.49522e-07, 0.00135739, 3.1485e-05
30101, 0.552478, 0.931006, 0.0250613, 1, -0.171806, 1.05187, 0.697742, 0.161964, -0.160442, 9.49522e-07, 0.00157072, 3.1485e-05
30111, 0.783355, 0.653609, 0.0245922, 1.01, -0.161287, 0.701248, 1.05187, 0.161964, -0.160247, 9.49522e-07, 0.00177243, 3.1485e-05
30120, 0.774646, 0.599489, 0.02388, 1.02, -0.150768, 0.697742, 1.04837, 0.158368, -0.15995, 9.49522e-07, -0.00163282, 3.1485e-05
30131, 0.758901, 1.08195, 0.0232065, 1.03, -0.147262, 0.701248, 0.350624, 0.158368, -0.159669, 9.49522e-07, -0.00134319, 3.1485e-05
30141, 0.467626, 0.845645, 0.0226356, 1.04, -0.14025, 1.04837, 0.697742, 0.159251, -0.159432, 9.49522e-07, -0.000186458, 3.1485e-05
30151, 0.683226, 0.555421, 0.0220298, 1.05, -0.129731, 0.701248, 1.05187, 0.158368, -0.159179, 9.49522e-07, -0.000837147, 3.1485e-05
30160, 0.664934, 0.491701, 0.021457, 1.06, -0.119212, 0.701248, 1.05187, 0.158368, -0.15894, 9.49522e-07, -0.000590786, 3.1485e-05
30171, 0.647931, 0.700893, 0.0209153, 1.07, -0.1122, 0.697742, 0.697742, 0.158368, -0.158715, 9.49522e-07, -0.000357822, 3.1485e-05
30181, 0.624344, 0.949516, 0.020403, 1.08, -0.108693, 0.701248, 0.350624, 0.158368, -0.158501, 9.49522e-07, -0.000137538, 3.1485e-05
30191, 0.601749, 0.701415, 0.0199187, 1.09, -0.101681, 0.701248, 0.701248, 0.158368, -0.158299, 9.49522e-07, 7.07656e-05, 3.1485e-05
30201, 0.580677, 0.406151, 0.0194606, 1.1, -0.0911623, 0.697742, 1.05187, 0.158368, -0.158109, 9.49522e-07, 0.000267744, 3.1485e-05
30211, 0.553241, 0.607262, 0.0190274, 1.11, -0.0841498, 0.701248, 0.701248, 0.158368, -0.157928, 9.49522e-07, 0.000454023, 3.1485e-05
30221, 0.529811, 0.855789, 0.0186179, 1.12, -0.0806436, 0.697742, 0.347118, 0.158368, -0.157757, 9.49522e-07, 0.00063017, 3.1485e-05
30231, 0.500147, 0.60335, 0.0182305, 1.13, -0.0771373, 0.701248, 0.697742, 0.158368, -0.157596, 9.49522e-07, 0.000796735, 3.1485e-05
30241, 0.755108, 0.573026, 0.0178643, 1.14, -0.0666186, 0.347118, 0.701248, 0.158368, -0.157443, 9.49522e-07, 0.000954241, 3.1485e-05
30251, 0.490411, 0.81726, 0.0175839, 1.15, -0.0631124, 0.701248, 0.350624, 0.159251, -0.157327, 9.49522e-07, 0.00198604, 3.1485e-05
30261, 0.463164, 0.561586, 0.0172529, 1.16, -0.0560999, 0.697742, 0.701248, 0.158368, -0.157189, 9.49522e-07, 0.0012172, 3.1485e-05
30271, 0.687169, 0.508401, 0.015982, 1.17, -0.0490874, 0.350624, 0.701248, 0.145547, -0.156659, 9.49522e-07, -0.0114688, 3.1485e-05
30281, 0.695336, 0.740014, 0.0154819, 1.18, -0.0455811, 0.347118, 0.350624, 0.154939, -0.156451, 9.49522e-07, -0.00156012, 3.1485e-05
30290, 0.416528, 0.74441, 0.015009, 1.19, -0.0420749, 0.701248, 0.350624, 0.154939, -0.156254, 9.49522e-07, -0.00135674, 3.1485e-05
30301, 0.37626, 0.478521, 0.0145618, 1.2, -0.0350624, 0.697742, 0.697742, 0.154939, -0.156067, 9.49522e-07, -0.00116442, 3.1485e-05
30311, 0.610156, 0.704059, 0.014139, 1.21, -0.0315562, 0.350624, 0.350624, 0.154939, -0.155891, 9.49522e-07, -0.000982568, 3.1485e-05
30321, 0.613447, 0.433115, 0.0137391, 1.22, -0.0245437, 0.347118, 0.701248, 0.154939, -0.155725, 9.49522e-07, -0.000810608, 3.1485e-05
30330, 0.610529, 0.658701, 0.0133609, 1.23, -0.0210375, 0.350624, 0.350624, 0.154939, -0.155567, 9.49522e-07, -0.000647992, 3.1485e-05
30341, 0.328458, 0.6574, 0.0130034, 1.24, -0.0175312, 0.701248, 0.350624, 0.154939, -0.155418, 9.49522e-07, -0.000494212, 3.1485e-05
30351, 0.563382, 0.657856, 0.0126652, 1.25, -0.014025, 0.347118, 0.347118, 0.154939, -0.155277, 9.49522e-07, -0.000348806, 3.1485e-05
30361, 0.557623, 0.380693, 0.0123455, 1.26, -0.00701248, 0.350624, 0.701248, 0.154939, -0.155144, 9.49522e-07, -0.000211284, 3.1485e-05
30371, 0.553364, 0.602535, 0.0120431, 1.27, -0.00350624, 0.350624, 0.350624, 0.154939, -0.155018, 9.49522e-07, -8.1256e-05, 3.1485e-05
30381, 0.52611, 0.847925, 0.0108416, 1.28, -0.00350624, 0.350624, 0, 0.142683, -0.154517, 9.49522e-07, -0.0122143, 3.1485e-05
30391, 0.520678, 0.6167, 0.010621, 1.29, 0, 0.347118, 0.347118, 0.154939, -0.154425, 9.49522e-07, 0.000530317, 3.1485e-05
30401, 0.229012, 0.334045, 0.0104124, 1.3, 0.00701248, 0.701248, 0.701248, 0.154939, -0.154339, 9.49522e-07, 0.000620022, 3.1485e-05
30411, 0.734776, 0.550694, 0.0102152, 1.31, 0.0105187, 0, 0.350624, 0.154939, -0.154256, 9.49522e-07, 0.000704855, 3.1485e-05
30420, 0.49305, 0.543659, 0.0100287, 1.32, 0.014025, 0.347118, 0.347118, 0.154939, -0.154179, 9.49522e-07, 0.000785068, 3.1485e-05
30431, 0.480316, 0.531146, 0.00985229, 1.33, 0.0175312, 0.350624, 0.350624, 0.154939, -0.154105, 9.49522e-07, 0.000860915, 3.1485e-05
30441, 0.188962, 0.792152, 0.00968549, 1.34, 0.0175312, 0.701248, 0, 0.154939, -0.154036, 9.49522e-07, 0.000932649, 3.1485e-05
30451, 0.692804, 0.280653, 0.00952778, 1.35, 0.0245437, 0, 0.704755, 0.154939, -0.15397, 9.49522e-07, 0.00100048, 3.1485e-05
30460, 0.446454, 0.499902, 0.00937865, 1.36, 0.0280499, 0.350624, 0.347118, 0.154939, -0.153908, 9.49522e-07, 0.00106461, 3.1485e-05
30471, 0.437152, 0.757377, 0.00923764, 1.37, 0.0280499, 0.347118, 0, 0.154939, -0.153849, 9.49522e-07, 0.00112526, 3.1485e-05
30481, 0.423851, 0.520604, 0.00916718, 1.38, 0.0315562, 0.350624, 0.350624, 0.155781, -0.15382, 9.49522e-07, 0.00202474, 3.1485e-05
30491, 0.41271, 0.509513, 0.00910056, 1.39, 0.0350624, 0.350624, 0.350624, 0.155781, -0.153792, 9.49522e-07, 0.00205339, 3.1485e-05
30500, 0.680367, 0.496766, 0.00897467, 1.4, 0.0385687, 0, 0.350624, 0.154939, -0.153739, 9.49522e-07, 0.00123835, 3.1485e-05
30511, 0.409095, 0.463672, 0.00788795, 1.41, 0.0420749, 0.350624, 0.347118, 0.141986, -0.153287, 9.49522e-07, -0.0116636, 3.1485e-05
30521, 0.395849, 0.717142, 0.00782797, 1.42, 0.0420749, 0.347118, 0, 0.154939, -0.153262, 9.49522e-07, 0.00173149, 3.1485e-05
30531, 0.377294, 0.746838, 0.00777129, 1.43, 0.0420749, 0.350624, 0, 0.154939, -0.153238, 9.49522e-07, 0.00175586, 3.1485e-05
30540, 0.641435, 0.232914, 0.00771768, 1.44, 0.0490874, 0, 0.701248, 0.154939, -0.153216, 9.49522e-07, 0.00177892, 3.1485e-05
30551, 0.387175, 0.4393, 0.0074225, 1.45, 0.0525936, 0.347118, 0.347118, 0.151666, -0.153093, 9.49522e-07, -0.0014722, 3.1485e-05
30561, 0.364424, 0.685777, 0.00714333, 1.46, 0.0525936, 0.347118, 0, 0.151666, -0.152976, 9.49522e-07, -0.00135216, 3.1485e-05
30571, 0.338131, 0.707891, 0.00687937, 1.47, 0.0525936, 0.350624, 0, 0.151666, -0.152866, 9.49522e-07, -0.00123863, 3.1485e-05
30581, 0.593984, 0.457563, 0.00662974, 1.48, 0.0560999, 0, 0.350624, 0.151666, -0.152762, 9.49522e-07, -0.00113128, 3.1485e-05
30590, 0.615996, 0.16483, 0.00645379, 1.49, 0.0631124, 0, 0.697742, 0.152471, -0.152689, 9.49522e-07, -0.000225574, 3.1485e-05
30601, 0.358392, 0.634577, 0.0062273, 1.5, 0.0631124, 0.347118, 0, 0.151666, -0.152595, 9.49522e-07, -0.000958219, 3.1485e-05
30611, 0.331132, 0.655642, 0.00607324, 1.51, 0.0631124, 0.350624, 0, 0.152471, -0.152531, 9.49522e-07, -6.19143e-05, 3.1485e-05
30621, 0.310088, 0.405985, 0.0059883, 1.52, 0.0666186, 0.347118, 0.350624, 0.153284, -0.152495, 9.49522e-07, 0.000814185, 3.1485e-05
30630, 0.561238, 0.379135, 0.00578713, 1.53, 0.0701248, 0, 0.350624, 0.151666, -0.152411, 9.49522e-07, -0.000768915, 3.1485e-05
30641, 0.299066, 0.354461, 0.00559691, 1.54, 0.0736311, 0.350624, 0.347118, 0.151666, -0.152332, 9.49522e-07, -0.000687107, 3.1485e-05
30651, 0.273832, 0.596034, 0.00541703, 1.55, 0.0736311, 0.347118, 0, 0.151666, -0.152257, 9.49522e-07, -0.000609756, 3.1485e-05
30661, 0.523471, 0.613511, 0.00524694, 1.56, 0.0736311, 0, 0, 0.151666, -0.152186, 9.49522e-07, -0.000536606, 3.1485e-05
30670, 0.540369, 0.358797, 0.00508611, 1.57, 0.0771373, 0, 0.350624, 0.151666, -0.152119, 9.49522e-07, -0.000467435, 3.1485e-05
30681, 0.276342, 0.601257, 0.00493401, 1.58, 0.0771373, 0.350624, 0, 0.151666, -0.152056, 9.49522e-07, -0.000402033, 3.1485e-05
30691, 0.52705, 0.345701, 0.00479018, 1.59, 0.0806436, 0, 0.350624, 0.151666, -0.151996, 9.49522e-07, -0.000340179, 3.1485e-05
30701, 0.26224, 0.587366, 0.00465417, 1.6, 0.0806436, 0.350624, 0, 0.151666, -0.151939, 9.49522e-07, -0.000281677, 3.1485e-05
30710, 0.512207, 0.602793, 0.00452557, 1.61, 0.0806436, 0, 0, 0.151666, -0.151886, 9.49522e-07, -0.000226378, 3.1485e-05
30721, 0.528653, 0.350269, 0.00446402, 1.62, 0.0841498, 0, 0.347118, 0.152471, -0.15186, 9.49522e-07, 0.000630125, 3.1485e-05
30731, 0.265785, 0.588799, 0.00434575, 1.63, 0.0841498, 0.347118, 0, 0.151666, -0.151811, 9.49522e-07, -0.000149041, 3.1485e-05
30741, 0.232091, 0.331664, 0.00423392, 1.64, 0.087656, 0.350624, 0.350624, 0.151666, -0.151764, 9.49522e-07, -0.000100955, 3.1485e-05
30751, 0.482403, 0.573245, 0.00418825, 1.65, 0.087656, 0, 0, 0.152471, -0.151745, 9.49522e-07, 0.000748724, 3.1485e-05
30760, 0.4965, 0.58742, 0.00408497, 1.66, 0.087656, 0, 0, 0.151666, -0.151702, 9.49522e-07, -3.68953e-05, 3.1485e-05
30771, 0.510325, 0.332302, 0.00398734, 1.67, 0.0911623, 0, 0.347118, 0.151666, -0.151661, 9.49522e-07, 5.0962e-06, 3.1485e-05
30781, 0.243391, 0.569551, 0.003895, 1.68, 0.0911623, 0.350624, 0, 0.151666, -0.151623, 9.49522e-07, 4.48078e-05, 3.1485e-05
30791, 0.49135, 0.582938, 0.00380766, 1.69, 0.0911623, 0, 0, 0.151666, -0.151587, 9.49522e-07, 8.23587e-05, 3.1485e-05
30800, 0.226746, 0.327075, 0.00372509, 1.7, 0.0946685, 0.347118, 0.347118, 0.151666, -0.151552, 9.49522e-07, 0.000117868, 3.1485e-05
30811, 0.471909, 0.563619, 0.00364698, 1.71, 0.0946685, 0, 0, 0.151666, -0.15152, 9.49522e-07, 0.000151455, 3.1485e-05
30821, 0.484575, 0.576341, 0.00357317, 1.72, 0.0946685, 0, 0, 0.151666, -0.151489, 9.49522e-07, 0.00018321, 3.1485e-05
30831, 0.497044, 0.317129, 0.00350332, 1.73, 0.0981748, 0, 0.350624, 0.151666, -0.15146, 9.49522e-07, 0.000213236, 3.1485e-05
30840, 0.22883, 0.555337, 0.0034373, 1.74, 0.0981748, 0.350624, 0, 0.151666, -0.151432, 9.49522e-07, 0.000241637, 3.1485e-05
30851, 0.196536, 0.297172, 0.00343494, 1.75, 0.101681, 0.350624, 0.350624, 0.152471, -0.151431, 9.49522e-07, 0.00107269, 3.1485e-05
30861, 0.443278, 0.535196, 0.00337265, 1.76, 0.101681, 0, 0, 0.151666, -0.151405, 9.49522e-07, 0.000269443, 3.1485e-05
30871, 0.455218, 0.547181, 0.00331374, 1.77, 0.101681, 0, 0, 0.151666, -0.151381, 9.49522e-07, 0.000294775, 3.1485e-05
30880, 0.467002, 0.559007, 0.00325803, 1.78, 0.101681, 0, 0, 0.151666, -0.151358, 9.49522e-07, 0.000318736, 3.1485e-05
30891, 0.478638, 0.298949, 0.00320535, 1.79, 0.105187, 0, 0.350624, 0.151666, -0.151336, 9.49522e-07, 0.000341386, 3.1485e-05
30901, 0.212441, 0.536356, 0.00315553, 1.8, 0.105187, 0.347118, 0, 0.151666, -0.151315, 9.49522e-07, 0.000362813, 3.1485e-05
30911, 0.456097, 0.547757, 0.00310839, 1.81, 0.105187, 0, 0, 0.151666, -0.151295, 9.49522e-07, 0.000383079, 3.1485e-05
30921, 0.467337, 0.559031, 0.00306383, 1.82, 0.105187, 0, 0, 0.151666, -0.151277, 9.49522e-07, 0.000402242, 3.1485e-05
30930, 0.47846, 0.298452, 0.00302171, 1.83, 0.108693, 0, 0.350624, 0.151666, -0.151259, 9.49522e-07, 0.000420362, 3.1485e-05
30941, 0.211777, 0.535365, 0.00298187, 1.84, 0.108693, 0.347118, 0, 0.151666, -0.151242, 9.49522e-07, 0.000437498, 3.1485e-05
30951, 0.454974, 0.5463, 0.00294421, 1.85, 0.108693, 0, 0, 0.151666, -0.151227, 9.49522e-07, 0.000453696, 3.1485e-05
30961, 0.188086, 0.288116, 0.00290859, 1.86, 0.1122, 0.347118, 0.347118, 0.151666, -0.151212, 9.49522e-07, 0.000469014, 3.1485e-05
30970, 0.431089, 0.522467, 0.0028749, 1.87, 0.1122, 0, 0, 0.151666, -0.151198, 9.49522e-07, 0.000483498, 3.1485e-05
30981, 0.419262, 0.511366, 0.00191699, 1.88, 0.1122, 0, 0, 0.13927, -0.150799, 9.49522e-07, -0.0118992, 3.1485e-05
30991, 0.406112, 0.229848, 0.00106112, 1.89, 0.115706, 0, 0.347118, 0.139938, -0.150442, 9.49522e-07, -0.0108412, 3.1485e-05
31001, 0.131437, 0.459235, 0.00112789, 1.9, 0.115706, 0.350624, 0, 0.151666, -0.15047, 9.49522e-07, 0.0012348, 3.1485e-05
31010, 0.372077, 0.465189, 0.00119104, 1.91, 0.115706, 0, 0, 0.151666, -0.150496, 9.49522e-07, 0.00120765, 3.1485e-05
31021, 0.378245, 0.471312, 0.00125077, 1.92, 0.115706, 0, 0, 0.151666, -0.150521, 9.49522e-07, 0.00118196, 3.1485e-05
31031, 0.384572, 0.477596, 0.00130724, 1.93, 0.115706, 0, 0, 0.151666, -0.150545, 9.49522e-07, 0.00115767, 3.1485e-05
31041, 0.391048, 0.484031, 0.00136063, 1.94, 0.115706, 0, 0, 0.151666, -0.150567, 9.49522e-07, 0.00113471, 3.1485e-05
31050, 0.397665, 0.49061, 0.00141113, 1.95, 0.115706, 0, 0, 0.151666, -0.150588, 9.49522e-07, 0.001113, 3.1485e-05
31060, 0.404415, 0.497325, 0.00145887, 1.96, 0.115706, 0, 0, 0.151666, -0.150608, 9.49522e-07, 0.00109246, 3.1485e-05
31071, 0.411292, 0.504167, 0.001504, 1.97, 0.115706, 0, 0, 0.151666, -0.150627, 9.49522e-07, 0.00107305, 3.1485e-05
31081, 0.418288, 0.242115, 0.0015467, 1.98, 0.119212, 0, 0.347118, 0.151666, -0.150644, 9.49522e-07, 0.00105469, 3.1485e-05
31091, 0.14916, 0.474218, 0.00164716, 1.99, 0.119212, 0.347118, 0, 0.152471, -0.150686, 9.49522e-07, 0.00184153, 3.1485e-05
31100, 0.388827, 0.481568, 0.0016821, 2, 0.119212, 0, 0, 0.151666, -0.150701, 9.49522e-07, 0.00099647, 3.1485e-05
31111, 0.396295, 0.48901, 0.00171511, 2.01, 0.119212, 0, 0, 0.151666, -0.150715, 9.49522e-07, 0.00098227, 3.1485e-05
31121, 0.40385, 0.496541, 0.00174633, 2.02, 0.119212, 0, 0, 0.151666, -0.150728, 9.49522e-07, 0.000968844, 3.1485e-05
31131, 0.411487, 0.504156, 0.00177584, 2.03, 0.119212, 0, 0, 0.151666, -0.15074, 9.49522e-07, 0.000956148, 3.1485e-05
31140, 0.419202, 0.51185, 0.00180373, 2.04, 0.119212, 0, 0, 0.151666, -0.150752, 9.49522e-07, 0.000944152, 3.1485e-05
31151, 0.146492, 0.51962, 0.00183016, 2.05, 0.119212, 0.350624, 0, 0.151666, -0.150763, 9.49522e-07, 0.000932798, 3.1485e-05
31161, 0.388989, 0.255726, 0.00185512, 2.06, 0.122718, 0, 0.350624, 0.151666, -0.150773, 9.49522e-07, 0.000922054, 3.1485e-05
31171, 0.396915, 0.489506, 0.00187873, 2.07, 0.122718, 0, 0, 0.151666, -0.150783, 9.49522e-07, 0.000911906, 3.1485e-05
31180, 0.404902, 0.497477, 0.00190104, 2.08, 0.122718, 0, 0, 0.151666, -0.150792, 9.49522e-07, 0.00090231, 3.1485e-05
31191, 0.414405, 0.506918, 0.00198222, 2.09, 0.122718, 0, 0, 0.152471, -0.150826, 9.49522e-07, 0.00169744, 3.1485e-05
31201, 0.422667, 0.515167, 0.00199893, 2.1, 0.122718, 0, 0, 0.151666, -0.150833, 9.49522e-07, 0.000860214, 3.1485e-05
31211, 0.430973, 0.251728, 0.00201473, 2.11, 0.126225, 0, 0.350624, 0.151666, -0.150839, 9.49522e-07, 0.000853419, 3.1485e-05
31221, 0.418081, 0.46536, 0.00115353, 2.12, 0.126225, 0, 0, 0.139938, -0.150481, 9.49522e-07, -0.0108809, 3.1485e-05
31230, 0.143651, 0.471383, 0.00121529, 2.13, 0.126225, 0.350624, 0, 0.151666, -0.150506, 9.49522e-07, 0.00119722, 3.1485e-05
31241, 0.384521, 0.477571, 0.00127366, 2.14, 0.126225, 0, 0, 0.151666, -0.150531, 9.49522e-07, 0.00117211, 3.1485e-05
31251, 0.390908, 0.483916, 0.00132887, 2.15, 0.126225, 0, 0, 0.151666, -0.150554, 9.49522e-07, 0.00114837, 3.1485e-05
31261, 0.397441, 0.490409, 0.00138109, 2.16, 0.126225, 0, 0, 0.151666, -0.150575, 9.49522e-07, 0.00112592, 3.1485e-05
31270, 0.404112, 0.497043, 0.00143048, 2.17, 0.126225, 0, 0, 0.151666, -0.150596, 9.49522e-07, 0.00110468, 3.1485e-05
31281, 0.410914, 0.50381, 0.00147718, 2.18, 0.126225, 0, 0, 0.151666, -0.150615, 9.49522e-07, 0.0010846, 3.1485e-05
31291, 0.41784, 0.510702, 0.00152135, 2.19, 0.126225, 0, 0, 0.151666, -0.150634, 9.49522e-07, 0.0010656, 3.1485e-05
31301, 0.424882, 0.517712, 0.00156308, 2.2, 0.126225, 0, 0, 0.151666, -0.150651, 9.49522e-07, 0.00104764, 3.1485e-05
31310, 0.15434, 0.255819, 0.00160257, 2.21, 0.129731, 0.347118, 0.347118, 0.151666, -0.150668, 9.49522e-07, 0.00103067, 3.1485e-05
31321, 0.395345, 0.488072, 0.00169998, 2.22, 0.129731, 0, 0, 0.152471, -0.150708, 9.49522e-07, 0.00181881, 3.1485e-05
31331, 0.408787, 0.501304, 0.0019765, 2.23, 0.129731, 0, 0, 0.154939, -0.150824, 9.49522e-07, 0.00424792, 3.1485e-05
31341, 0.417033, 0.509538, 0.00199353, 2.24, 0.129731, 0, 0, 0.151666, -0.150831, 9.49522e-07, 0.000862539, 3.1485e-05
31350, 0.425324, 0.517817, 0.00200958, 2.25, 0.129731, 0, 0, 0.151666, -0.150837, 9.49522e-07, 0.000855625, 3.1485e-05
31361, 0.433658, 0.526139, 0.00202478, 2.26, 0.129731, 0, 0, 0.151666, -0.150844, 9.49522e-07, 0.000849098, 3.1485e-05
31371, 0.442032, 0.534502, 0.00203916, 2.27, 0.129731, 0, 0, 0.151666, -0.15085, 9.49522e-07, 0.000842914, 3.1485e-05
31381, 0.450445, 0.542904, 0.00205278, 2.28, 0.129731, 0, 0, 0.151666, -0.150855, 9.49522e-07, 0.000837058, 3.1485e-05
31391, 0.178393, 0.282326, 0.00206562, 2.29, 0.133237, 0.350624, 0.347118, 0.151666, -0.150861, 9.49522e-07, 0.000831529, 3.1485e-05
31400, 0.421513, 0.514412, 0.00207778, 2.3, 0.133237, 0, 0, 0.151666, -0.150866, 9.49522e-07, 0.000826299, 3.1485e-05
31411, 0.430028, 0.522918, 0.0020893, 2.31, 0.133237, 0, 0, 0.151666, -0.150871, 9.49522e-07, 0.000821352, 3.1485e-05
31421, 0.438573, 0.531455, 0.00210017, 2.32, 0.133237, 0, 0, 0.151666, -0.150875, 9.49522e-07, 0.000816673, 3.1485e-05
31431, 0.448603, 0.541432, 0.00217055, 2.33, 0.133237, 0, 0, 0.152471, -0.150904, 9.49522e-07, 0.00161645, 3.1485e-05
31440, 0.176863, 0.28117, 0.00217699, 2.34, 0.136743, 0.350624, 0.347118, 0.151666, -0.150907, 9.49522e-07, 0.000783637, 3.1485e-05
31451, 0.420277, 0.513555, 0.00218307, 2.35, 0.136743, 0, 0, 0.151666, -0.15091, 9.49522e-07, 0.000781015, 3.1485e-05
31461, 0.40662, 0.500595, 0.00126278, 2.36, 0.136743, 0, 0, 0.13927, -0.150526, 9.49522e-07, -0.0116178, 3.1485e-05
31471, 0.412978, 0.506912, 0.00131861, 2.37, 0.136743, 0, 0, 0.151666, -0.150549, 9.49522e-07, 0.00115278, 3.1485e-05
31480, 0.419485, 0.513378, 0.0013714, 2.38, 0.136743, 0, 0, 0.151666, -0.150571, 9.49522e-07, 0.00113009, 3.1485e-05
31491, 0.420467, 0.242765, 0.00118768, 2.39, 0.14025, 0, 0.350624, 0.148539, -0.150495, 9.49522e-07, -0.00201882, 3.1485e-05
31501, 0.426626, 0.474752, 0.00124758, 2.4, 0.14025, 0, 0, 0.151666, -0.15052, 9.49522e-07, 0.00118333, 3.1485e-05
31511, 0.152445, 0.481027, 0.00130423, 2.41, 0.14025, 0.350624, 0, 0.151666, -0.150543, 9.49522e-07, 0.00115897, 3.1485e-05
31520, 0.393551, 0.487455, 0.00135781, 2.42, 0.14025, 0, 0, 0.151666, -0.150566, 9.49522e-07, 0.00113593, 3.1485e-05
31531, 0.400161, 0.494026, 0.00140845, 2.43, 0.14025, 0, 0, 0.151666, -0.150587, 9.49522e-07, 0.00111414, 3.1485e-05
31541, 0.406904, 0.500733, 0.00145633, 2.44, 0.14025, 0, 0, 0.151666, -0.150607, 9.49522e-07, 0.00109355, 3.1485e-05
31551, 0.413775, 0.50757, 0.00150164, 2.45, 0.14025, 0, 0, 0.151666, -0.150626, 9.49522e-07, 0.00107408, 3.1485e-05
31561, 0.422221, 0.515938, 0.00160453, 2.46, 0.14025, 0, 0, 0.152471, -0.150669, 9.49522e-07, 0.00185986, 3.1485e-05
31570, 0.148984, 0.254156, 0.00164176, 2.47, 0.143756, 0.350624, 0.347118, 0.151666, -0.150684, 9.49522e-07, 0.00101382, 3.1485e-05
31581, 0.390982, 0.485103, 0.00167695, 2.48, 0.143756, 0, 0, 0.151666, -0.150699, 9.49522e-07, 0.000998676, 3.1485e-05
31591, 0.399893, 0.493943, 0.00177033, 2.49, 0.143756, 0, 0, 0.152471, -0.150738, 9.49522e-07, 0.00178856, 3.1485e-05
31601, 0.407594, 0.501622, 0.00179855, 2.5, 0.143756, 0, 0, 0.151666, -0.150749, 9.49522e-07, 0.000946388, 3.1485e-05
31610, 0.415369, 0.509378, 0.00182523, 2.51, 0.143756, 0, 0, 0.151666, -0.150761, 9.49522e-07, 0.000934914, 3.1485e-05
31621, 0.417551, 0.511717, 0.0016168, 2.52, 0.143756, 0, 0, 0.148539, -0.150674, 9.49522e-07, -0.00220338, 3.1485e-05
31631, 0.424846, 0.518984, 0.00165335, 2.53, 0.143756, 0, 0, 0.151666, -0.150689, 9.49522e-07, 0.00100882, 3.1485e-05
31641, 0.432236, 0.526349, 0.0016879, 2.54, 0.143756, 0, 0, 0.151666, -0.150703, 9.49522e-07, 0.000993967, 3.1485e-05
31650, 0.434055, 0.528319, 0.00148695, 2.55, 0.143756, 0, 0, 0.148539, -0.15062, 9.49522e-07, -0.00214753, 3.1485e-05
31661, 0.435343, 0.258017, 0.00129694, 2.56, 0.147262, 0, 0.350624, 0.148539, -0.15054, 9.49522e-07, -0.00206581, 3.1485e-05
31671, 0.165554, 0.491708, 0.00141099, 2.57, 0.147262, 0.347118, 0, 0.152471, -0.150588, 9.49522e-07, 0.0019431, 3.1485e-05
31681, 0.398931, 0.492935, 0.00122509, 2.58, 0.147262, 0, 0, 0.148539, -0.15051, 9.49522e-07, -0.00203492, 3.1485e-05
31690, 0.38274, 0.477402, 0.000356913, 2.59, 0.147262, 0, 0, 0.13927, -0.150149, 9.49522e-07, -0.0112282, 3.1485e-05
31700, 0.364252, 0.459535, -0.000464094, 2.6, 0.147262, 0, 0, 0.13927, -0.149807, 9.49522e-07, -0.0108752, 3.1485e-05
31711, 0.360377, 0.455725, -0.000548029, 2.61, 0.147262, 0, 0, 0.148539, -0.149772, 9.49522e-07, -0.00127238, 3.1485e-05
31721, 0.356281, 0.451689, -0.000627387, 2.62, 0.147262, 0, 0, 0.148539, -0.149739, 9.49522e-07, -0.00123826, 3.1485e-05
31731, 0.351976, 0.44744, -0.000702417, 2.63, 0.147262, 0, 0, 0.148539, -0.149707, 9.49522e-07, -0.00120598, 3.1485e-05
31740, 0.347471, 0.44299, -0.00077337, 2.64, 0.147262, 0, 0, 0.148539, -0.149678, 9.49522e-07, -0.00117546, 3.1485e-05
31751, 0.34278, 0.438349, -0.000840461, 2.65, 0.147262, 0, 0, 0.148539, -0.14965, 9.49522e-07, -0.00114661, 3.1485e-05
31761, 0.343574, 0.439014, -0.000670266, 2.66, 0.147262, 0, 0, 0.151666, -0.149721, 9.49522e-07, 0.00200811, 3.1485e-05
31771, 0.344819, 0.440137, -0.000509334, 2.67, 0.147262, 0, 0, 0.151666, -0.149788, 9.49522e-07, 0.00193889, 3.1485e-05
31780, 0.346489, 0.441692, -0.000357163, 2.68, 0.147262, 0, 0, 0.151666, -0.149851, 9.49522e-07, 0.00187345, 3.1485e-05
31791, 0.348562, 0.443656, -0.000213254, 2.69, 0.147262, 0, 0, 0.151666, -0.149911, 9.49522e-07, 0.00181156, 3.1485e-05
31801, 0.352472, 0.447417, -1.70946e-05, 2.7, 0.147262, 0, 0, 0.152471, -0.149993, 9.49522e-07, 0.00255725, 3.1485e-05
31811, 0.34978, 0.444807, -0.000125349, 2.71, 0.147262, 0, 0, 0.148539, -0.149948, 9.49522e-07, -0.00145416, 3.1485e-05
31820, 0.326458, 0.422199, -0.00106688, 2.72, 0.147262, 0, 0, 0.137306, -0.149555, 9.49522e-07, -0.0126434, 3.1485e-05
31831, 0.322382, 0.418118, -0.00106058, 2.73, 0.147262, 0, 0, 0.149308, -0.149558, 9.49522e-07, -0.000258505, 3.1485e-05
31841, 0.316931, 0.412706, -0.00111204, 2.74, 0.147262, 0, 0, 0.148539, -0.149537, 9.49522e-07, -0.00102982, 3.1485e-05
31851, 0.311343, 0.407155, -0.00116072, 2.75, 0.147262, 0, 0, 0.148539, -0.149516, 9.49522e-07, -0.00100888, 3.1485e-05
31861, 0.305627, 0.401473, -0.00120674, 2.76, 0.147262, 0, 0, 0.148539, -0.149497, 9.49522e-07, -0.000989094, 3.1485e-05
31870, 0.299789, 0.395668, -0.00125027, 2.77, 0.147262, 0, 0, 0.148539, -0.149479, 9.49522e-07, -0.000970379, 3.1485e-05
31881, 0.293835, 0.389746, -0.00129143, 2.78, 0.147262, 0, 0, 0.148539, -0.149462, 9.49522e-07, -0.000952676, 3.1485e-05
31891, 0.287773, 0.383713, -0.00133034, 2.79, 0.147262, 0, 0, 0.148539, -0.149446, 9.49522e-07, -0.000935942, 3.1485e-05
31901, 0.281608, 0.377576, -0.00136714, 2.8, 0.147262, 0, 0, 0.148539, -0.14943, 9.49522e-07, -0.000920117, 3.1485e-05
31910, 0.275345, 0.371339, -0.00140197, 2.81, 0.147262, 0, 0, 0.148539, -0.149416, 9.49522e-07, -0.000905141, 3.1485e-05
31921, 0.26899, 0.365009, -0.00143487, 2.82, 0.147262, 0, 0, 0.148539, -0.149402, 9.49522e-07, -0.000890985, 3.1485e-05
31931, 0.263941, 0.35994, -0.00140855, 2.83, 0.147262, 0, 0, 0.149308, -0.149413, 9.49522e-07, -0.000108853, 3.1485e-05
31941, 0.257568, 0.353592, -0.00144113, 2.84, 0.147262, 0, 0, 0.148539, -0.1494, 9.49522e-07, -0.000888303, 3.1485e-05
31950, 0.25111, 0.347157, -0.00147192, 2.85, 0.147262, 0, 0, 0.148539, -0.149387, 9.49522e-07, -0.000875056, 3.1485e-05
31961, 0.250234, 0.346126, -0.0012674, 2.86, 0.147262, 0, 0, 0.151666, -0.149472, 9.49522e-07, 0.0022649, 3.1485e-05
31971, 0.249899, 0.345645, -0.00107399, 2.87, 0.147262, 0, 0, 0.151666, -0.149553, 9.49522e-07, 0.00218172, 3.1485e-05
31981, 0.250076, 0.345683, -0.000891101, 2.88, 0.147262, 0, 0, 0.151666, -0.149629, 9.49522e-07, 0.00210308, 3.1485e-05
31990, 0.250736, 0.346213, -0.000718153, 2.89, 0.147262, 0, 0, 0.151666, -0.149701, 9.49522e-07, 0.0020287, 3.1485e-05
32001, 0.24619, 0.34172, -0.000788248, 2.9, 0.147262, 0, 0, 0.148539, -0.149672, 9.49522e-07, -0.00116907, 3.1485e-05
32011, 0.241459, 0.337038, -0.000854552, 2.91, 0.147262, 0, 0, 0.148539, -0.149644, 9.49522e-07, -0.00114056, 3.1485e-05
32021, 0.236552, 0.332179, -0.000917244, 2.92, 0.147262, 0, 0, 0.148539, -0.149618, 9.49522e-07, -0.00111359, 3.1485e-05
32031, 0.232872, 0.328501, -0.000919068, 2.93, 0.147262, 0, 0, 0.149308, -0.149617, 9.49522e-07, -0.000319362, 3.1485e-05
32040, 0.229187, 0.324817, -0.00092082, 2.94, 0.147262, 0, 0, 0.149308, -0.149616, 9.49522e-07, -0.000318617, 3.1485e-05
32051, 0.229769, 0.325266, -0.000746262, 2.95, 0.147262, 0, 0, 0.151666, -0.149689, 9.49522e-07, 0.00204079, 3.1485e-05
32061, 0.209573, 0.305609, -0.00145733, 2.96, 0.147262, 0, 0, 0.139938, -0.149393, 9.49522e-07, -0.00975813, 3.1485e-05
32071, 0.203071, 0.29913, -0.00148723, 2.97, 0.147262, 0, 0, 0.148539, -0.14938, 9.49522e-07, -0.000868469, 3.1485e-05
32080, 0.196491, 0.292571, -0.00151552, 2.98, 0.147262, 0, 0, 0.148539, -0.149369, 9.49522e-07, -0.00085631, 3.1485e-05
32091, 0.195499, 0.291423, -0.00130863, 2.99, 0.147262, 0, 0, 0.151666, -0.149455, 9.49522e-07, 0.00228263, 3.1485e-05
32101, 0.195055, 0.29083, -0.00111301, 3, 0.147262, 0, 0, 0.151666, -0.149536, 9.49522e-07, 0.0021985, 3.1485e-05
32111, 0.195128, 0.290763, -0.000928009, 3.01, 0.147262, 0, 0, 0.151666, -0.149613, 9.49522e-07, 0.00211895, 3.1485e-05
32120, 0.470526, 0.285707, -0.000986695, 3.02, 0.147262, -0.350624, 0, 0.148539, -0.149589, 9.49522e-07, -0.00108373, 3.1485e-05
32131, 0.230632, 0.280492, -0.0010422, 3.03, 0.147262, 0, 0, 0.148539, -0.149566, 9.49522e-07, -0.00105986, 3.1485e-05
32141, 0.225229, 0.544145, -0.0010947, 3.04, 0.143756, 0, -0.347118, 0.148539, -0.149544, 9.49522e-07, -0.00103728, 3.1485e-05
32151, 0.219687, 0.315028, -0.0011443, 3.05, 0.143756, 0, 0, 0.148539, -0.149523, 9.49522e-07, -0.00101595, 3.1485e-05
32161, 0.214014, 0.0403738, -0.00119122, 3.06, 0.147262, 0, 0.347118, 0.148539, -0.149504, 9.49522e-07, -0.00099577, 3.1485e-05
32171, 0.19264, 0.243134, -0.00187812, 3.07, 0.147262, 0, 0, 0.139938, -0.149217, 9.49522e-07, -0.00957717, 3.1485e-05
32181, 0.190689, 0.510028, -0.00165153, 3.08, 0.143756, 0, -0.347118, 0.151666, -0.149312, 9.49522e-07, 0.0024301, 3.1485e-05
32191, 0.189338, 0.284901, -0.00143723, 3.09, 0.143756, 0, 0, 0.151666, -0.149401, 9.49522e-07, 0.00233795, 3.1485e-05
32201, 0.182891, 0.278477, -0.00146821, 3.1, 0.143756, 0, 0, 0.148539, -0.149388, 9.49522e-07, -0.00087665, 3.1485e-05
32210, 0.182024, 0.277456, -0.00126389, 3.11, 0.143756, 0, 0, 0.151666, -0.149473, 9.49522e-07, 0.0022634, 3.1485e-05
32221, 0.181698, 0.276983, -0.0010707, 3.12, 0.143756, 0, 0, 0.151666, -0.149554, 9.49522e-07, 0.00218031, 3.1485e-05
32231, 0.17622, 0.271543, -0.00112163, 3.13, 0.143756, 0, 0, 0.148539, -0.149533, 9.49522e-07, -0.00102571, 3.1485e-05
32241, 0.170607, 0.265967, -0.00116977, 3.14, 0.143756, 0, 0, 0.148539, -0.149513, 9.49522e-07, -0.00100499, 3.1485e-05
32250, 0.17053, 0.265747, -0.000981688, 3.15, 0.143756, 0, 0, 0.151666, -0.149591, 9.49522e-07, 0.00214203, 3.1485e-05
32261, 0.170951, 0.266034, -0.000803804, 3.16, 0.143756, 0, 0, 0.151666, -0.149665, 9.49522e-07, 0.00206554, 3.1485e-05
32271, 0.449537, 0.266798, -0.000635612, 3.17, 0.143756, -0.347118, 0, 0.151666, -0.149735, 9.49522e-07, 0.00199321, 3.1485e-05
32281, 0.212919, 0.534261, -0.000710177, 3.18, 0.14025, 0, -0.350624, 0.148539, -0.149704, 9.49522e-07, -0.00120264, 3.1485e-05
32290, -0.0664412, 0.309405, -0.000547063, 3.19, 0.14025, 0.350624, 0, 0.151666, -0.149772, 9.49522e-07, 0.00195512, 3.1485e-05
32301, 0.147317, 0.0173764, -0.0013189, 3.2, 0.143756, 0, 0.350624, 0.13927, -0.14945, 9.49522e-07, -0.0105076, 3.1485e-05
32311, 0.141182, 0.237142, -0.00135634, 3.21, 0.143756, 0, 0, 0.148539, -0.149435, 9.49522e-07, -0.000924766, 3.1485e-05
32321, 0.134947, 0.230934, -0.00139174, 3.22, 0.143756, 0, 0, 0.148539, -0.14942, 9.49522e-07, -0.000909537, 3.1485e-05
32330, 0.134283, 0.230118, -0.00119158, 3.23, 0.143756, 0, 0, 0.151666, -0.149504, 9.49522e-07, 0.0022323, 3.1485e-05
32340, 0.134149, 0.498857, -0.00100229, 3.24, 0.14025, 0, -0.347118, 0.151666, -0.149582, 9.49522e-07, 0.00215089, 3.1485e-05
32351, 0.41221, 0.275475, -0.000823295, 3.25, 0.14025, -0.347118, 0, 0.151666, -0.149657, 9.49522e-07, 0.00207391, 3.1485e-05
32361, 0.180759, 0.276187, -0.00065403, 3.26, 0.14025, 0, 0, 0.151666, -0.149727, 9.49522e-07, 0.00200112, 3.1485e-05
32371, 0.182046, 0.277353, -0.000493991, 3.27, 0.14025, 0, 0, 0.151666, -0.149794, 9.49522e-07, 0.00193229, 3.1485e-05
32380, 0.183758, 0.278949, -0.000342643, 3.28, 0.14025, 0, 0, 0.151666, -0.149857, 9.49522e-07, 0.0018672, 3.1485e-05
32391, 0.185869, 0.280952, -0.000199521, 3.29, 0.14025, 0, 0, 0.151666, -0.149917, 9.49522e-07, 0.00180566, 3.1485e-05
32401, 0.189815, 0.284751, -4.11272e-06, 3.3, 0.14025, 0, 0, 0.152471, -0.149998, 9.49522e-07, 0.00255166, 3.1485e-05
32411, 0.171583, 0.267088, -0.000755525, 3.31, 0.14025, 0, 0, 0.139938, -0.149685, 9.49522e-07, -0.0100599, 3.1485e-05
32420, 0.166939, 0.262495, -0.000823581, 3.32, 0.14025, 0, 0, 0.148539, -0.149657, 9.49522e-07, -0.00115387, 3.1485e-05
32431, 0.162115, 0.257719, -0.000887919, 3.33, 0.14025, 0, 0, 0.148539, -0.14963, 9.49522e-07, -0.0011262, 3.1485e-05
32441, 0.15712, 0.252771, -0.000948787, 3.34, 0.14025, 0, 0, 0.148539, -0.149605, 9.49522e-07, -0.00110003, 3.1485e-05
32451, 0.151964, 0.247659, -0.00100633, 3.35, 0.14025, 0, 0, 0.148539, -0.149581, 9.49522e-07, -0.00107528, 3.1485e-05
32460, 0.15232, 0.247879, -0.000827122, 3.36, 0.14025, 0, 0, 0.151666, -0.149655, 9.49522e-07, 0.00207557, 3.1485e-05
32471, 0.153149, 0.248579, -0.000657678, 3.37, 0.14025, 0, 0, 0.151666, -0.149726, 9.49522e-07, 0.00200269, 3.1485e-05
32481, 0.154426, 0.249735, -0.00049746, 3.38, 0.14025, 0, 0, 0.151666, -0.149793, 9.49522e-07, 0.00193378, 3.1485e-05
32491, 0.156128, 0.251322, -0.000345933, 3.39, 0.14025, 0, 0, 0.151666, -0.149856, 9.49522e-07, 0.00186862, 3.1485e-05
32500, 0.158231, 0.253316, -0.000202632, 3.4, 0.14025, 0, 0, 0.151666, -0.149916, 9.49522e-07, 0.001807, 3.1485e-05
32510, 0.162169, 0.257107, -7.04527e-06, 3.41, 0.14025, 0, 0, 0.152471, -0.149997, 9.49522e-07, 0.00255293, 3.1485e-05
32521, 0.165169, 0.260012, 0.000117838, 3.42, 0.14025, 0, 0, 0.151666, -0.150049, 9.49522e-07, 0.00166918, 3.1485e-05
32531, 0.147258, 0.242676, -0.000640225, 3.43, 0.14025, 0, 0, 0.139938, -0.149733, 9.49522e-07, -0.0101095, 3.1485e-05
32541, 0.127343, 0.223303, -0.00135705, 3.44, 0.14025, 0, 0, 0.139938, -0.149435, 9.49522e-07, -0.00980125, 3.1485e-05
32550, 0.126772, 0.222582, -0.00115875, 3.45, 0.14025, 0, 0, 0.151666, -0.149517, 9.49522e-07, 0.00221819, 3.1485e-05
32561, 0.126724, 0.222392, -0.000971246, 3.46, 0.14025, 0, 0, 0.151666, -0.149595, 9.49522e-07, 0.00213754, 3.1485e-05
32571, 0.127173, 0.222707, -0.000793934, 3.47, 0.14025, 0, 0, 0.151666, -0.149669, 9.49522e-07, 0.00206129, 3.1485e-05
32581, 0.128091, 0.223497, -0.000626278, 3.48, 0.14025, 0, 0, 0.151666, -0.149739, 9.49522e-07, 0.00198919, 3.1485e-05
32590, 0.409951, 0.224738, -0.000467742, 3.49, 0.14025, -0.350624, 0, 0.151666, -0.149805, 9.49522e-07, 0.00192101, 3.1485e-05
32601, 0.177094, 0.498139, -0.000317824, 3.5, 0.136743, 0, -0.350624, 0.151666, -0.149868, 9.49522e-07, 0.00185654, 3.1485e-05
32611, 0.179271, 0.274336, -0.00017606, 3.51, 0.136743, 0, 0, 0.151666, -0.149927, 9.49522e-07, 0.00179558, 3.1485e-05
32621, 0.181822, 0.00505252, -4.20213e-05, 3.52, 0.14025, 0, 0.350624, 0.151666, -0.149982, 9.49522e-07, 0.00173792, 3.1485e-05
32630, 0.184728, 0.233735, 8.4722e-05, 3.53, 0.14025, 0, 0, 0.151666, -0.150035, 9.49522e-07, 0.00168341, 3.1485e-05
32641, 0.189427, 0.507313, 0.00026468, 3.54, 0.136743, 0, -0.347118, 0.152471, -0.15011, 9.49522e-07, 0.00243607, 3.1485e-05
32651, 0.193144, 0.287334, 0.000374758, 3.55, 0.136743, 0, 0, 0.151666, -0.150156, 9.49522e-07, 0.00155869, 3.1485e-05
32661, 0.197153, 0.0195306, 0.000478864, 3.56, 0.14025, 0, 0.350624, 0.151666, -0.1502, 9.49522e-07, 0.00151391, 3.1485e-05
32671, 0.201438, 0.249613, 0.000577319, 3.57, 0.14025, 0, 0, 0.151666, -0.150241, 9.49522e-07, 0.00147158, 3.1485e-05
32680, 0.205983, 0.523104, 0.000670409, 3.58, 0.136743, 0, -0.347118, 0.151666, -0.150279, 9.49522e-07, 0.00143154, 3.1485e-05
32691, 0.210774, 0.304215, 0.000758421, 3.59, 0.136743, 0, 0, 0.151666, -0.150316, 9.49522e-07, 0.00139369, 3.1485e-05
32701, 0.215798, 0.0374414, 0.000841641, 3.6, 0.14025, 0, 0.350624, 0.151666, -0.150351, 9.49522e-07, 0.0013579, 3.1485e-05
32711, 0.221042, 0.268498, 0.000920355, 3.61, 0.14025, 0, 0, 0.151666, -0.150383, 9.49522e-07, 0.00132406, 3.1485e-05
32720, 0.226494, 0.54291, 0.000994778, 3.62, 0.136743, 0, -0.347118, 0.151666, -0.150414, 9.49522e-07, 0.00129205, 3.1485e-05
32731, 0.232143, 0.324893, 0.00106516, 3.63, 0.136743, 0, 0, 0.151666, -0.150444, 9.49522e-07, 0.00126179, 3.1485e-05
32741, 0.237978, 0.330678, 0.00113171, 3.64, 0.136743, 0, 0, 0.151666, -0.150472, 9.49522e-07, 0.00123316, 3.1485e-05
32751, 0.24399, 0.0649078, 0.00119466, 3.65, 0.14025, 0, 0.350624, 0.151666, -0.150498, 9.49522e-07, 0.00120609, 3.1485e-05
32760, 0.250168, 0.296913, 0.00125417, 3.66, 0.14025, 0, 0, 0.151666, -0.150523, 9.49522e-07, 0.0011805, 3.1485e-05
32771, 0.257959, 0.573632, 0.0013705, 3.67, 0.136743, 0, -0.347118, 0.152471, -0.150571, 9.49522e-07, 0.0019605, 3.1485e-05
32781, 0.258939, 0.351137, 0.00118682, 3.68, 0.136743, 0, 0, 0.148539, -0.150495, 9.49522e-07, -0.00201845, 3.1485e-05
32791, 0.259433, 0.0800293, 0.00101316, 3.69, 0.14025, 0, 0.350624, 0.148539, -0.150422, 9.49522e-07, -0.00194377, 3.1485e-05
32800, 0.26513, 0.311547, 0.00108254, 3.7, 0.14025, 0, 0, 0.151666, -0.150451, 9.49522e-07, 0.00125431, 3.1485e-05
32811, 0.271012, 0.586395, 0.00114816, 3.71, 0.136743, 0, -0.347118, 0.151666, -0.150478, 9.49522e-07, 0.00122608, 3.1485e-05
32821, 0.277066, 0.368789, 0.00121018, 3.72, 0.136743, 0, 0, 0.151666, -0.150504, 9.49522e-07, 0.00119941, 3.1485e-05
32831, 0.283286, 0.10323, 0.00126886, 3.73, 0.14025, 0, 0.350624, 0.151666, -0.150529, 9.49522e-07, 0.00117418, 3.1485e-05
32841, 0.28966, 0.335434, 0.00132433, 3.74, 0.14025, 0, 0, 0.151666, -0.150552, 9.49522e-07, 0.00115032, 3.1485e-05
32850, 0.296181, 0.341915, 0.0013768, 3.75, 0.14025, 0, 0, 0.151666, -0.150574, 9.49522e-07, 0.00112776, 3.1485e-05
32861, 0.30284, 0.617554, 0.0014264, 3.76, 0.136743, 0, -0.347118, 0.151666, -0.150594, 9.49522e-07, 0.00110643, 3.1485e-05
32871, 0.309632, 0.400696, 0.00147332, 3.77, 0.136743, 0, 0, 0.151666, -0.150614, 9.49522e-07, 0.00108625, 3.1485e-05
32881, 0.318003, 0.137255, 0.00157775, 3.78, 0.14025, 0, 0.350624, 0.152471, -0.150657, 9.49522e-07, 0.00187138, 3.1485e-05
32890, 0.325194, 0.370288, 0.00161641, 3.79, 0.14025, 0, 0, 0.151666, -0.150674, 9.49522e-07, 0.00102471, 3.1485e-05
32901, 0.311247, 0.356978, 0.000776839, 3.8, 0.14025, 0, 0, 0.139938, -0.150324, 9.49522e-07, -0.0107189, 3.1485e-05
32911, 0.316321, 0.361989, 0.000859094, 3.81, 0.14025, 0, 0, 0.151666, -0.150358, 9.49522e-07, 0.0013504, 3.1485e-05
32921, 0.321611, 0.36722, 0.000936842, 3.82, 0.14025, 0, 0, 0.151666, -0.15039, 9.49522e-07, 0.00131696, 3.1485e-05
32930, 0.327106, 0.37266, 0.00101037, 3.83, 0.14025, 0, 0, 0.151666, -0.150421, 9.49522e-07, 0.00128534, 3.1485e-05
32941, 0.332796, 0.378297, 0.00107989, 3.84, 0.14025, 0, 0, 0.151666, -0.15045, 9.49522e-07, 0.00125544, 3.1485e-05
32951, 0.33867, 0.384121, 0.00114563, 3.85, 0.14025, 0, 0, 0.151666, -0.150477, 9.49522e-07, 0.00122717, 3.1485e-05
32961, 0.0642194, 0.390123, 0.00120782, 3.86, 0.14025, 0.350624, 0, 0.151666, -0.150503, 9.49522e-07, 0.00120044, 3.1485e-05
32970, 0.30507, 0.396291, 0.00126661, 3.87, 0.14025, 0, 0, 0.151666, -0.150528, 9.49522e-07, 0.00117515, 3.1485e-05
32980, 0.311438, 0.402617, 0.00132222, 3.88, 0.14025, 0, 0, 0.151666, -0.150551, 9.49522e-07, 0.00115123, 3.1485e-05
32991, 0.317954, 0.409094, 0.00137483, 3.89, 0.14025, 0, 0, 0.151666, -0.150573, 9.49522e-07, 0.00112861, 3.1485e-05
33001, 0.324609, 0.41571, 0.00142454, 3.9, 0.14025, 0, 0, 0.151666, -0.150594, 9.49522e-07, 0.00110723, 3.1485e-05
33011, 0.310155, 0.401885, 0.000595415, 3.91, 0.14025, 0, 0, 0.139938, -0.150248, 9.49522e-07, -0.0106409, 3.1485e-05
33020, 0.314748, 0.406408, 0.000687504, 3.92, 0.14025, 0, 0, 0.151666, -0.150286, 9.49522e-07, 0.00142419, 3.1485e-05
33031, 0.321041, 0.41259, 0.000834704, 3.93, 0.14025, 0, 0, 0.152471, -0.150348, 9.49522e-07, 0.00219093, 3.1485e-05
33041, 0.326267, 0.417756, 0.000913811, 3.94, 0.14025, 0, 0, 0.151666, -0.150381, 9.49522e-07, 0.00132687, 3.1485e-05
33051, 0.331702, 0.423134, 0.000988591, 3.95, 0.14025, 0, 0, 0.151666, -0.150412, 9.49522e-07, 0.0012947, 3.1485e-05
33060, 0.337336, 0.428714, 0.00105933, 3.96, 0.14025, 0, 0, 0.151666, -0.150441, 9.49522e-07, 0.00126429, 3.1485e-05
33071, 0.343156, 0.434483, 0.00112621, 3.97, 0.14025, 0, 0, 0.151666, -0.150469, 9.49522e-07, 0.00123553, 3.1485e-05
33081, 0.349152, 0.440432, 0.00118943, 3.98, 0.14025, 0, 0, 0.151666, -0.150496, 9.49522e-07, 0.00120834, 3.1485e-05
33091, 0.349652, 0.441064, 0.00101559, 3.99, 0.14025, 0, 0, 0.148539, -0.150423, 9.49522e-07, -0.00194483, 3.1485e-05
33100, 0.355356, 0.446715, 0.00108483, 4, 0.14025, 0, 0, 0.151666, -0.150452, 9.49522e-07, 0.00125332, 3.1485e-05
33111, 0.3627, 0.453964, 0.00121039, 4.01, 0.14025, 0, 0, 0.152471, -0.150504, 9.49522e-07, 0.00202936, 3.1485e-05
33121, 0.370376, 0.46155, 0.00132912, 4.02, 0.14025, 0, 0, 0.152471, -0.150554, 9.49522e-07, 0.00197829, 3.1485e-05
33131, 0.37691, 0.468044, 0.00138134, 4.03, 0.14025, 0, 0, 0.151666, -0.150576, 9.49522e-07, 0.00112581, 3.1485e-05
33141, 0.362342, 0.185087, 0.000554574, 4.04, 0.143756, 0, 0.347118, 0.139938, -0.150231, 9.49522e-07, -0.0106234, 3.1485e-05
33150, 0.0806643, 0.407627, 0.000415277, 4.05, 0.143756, 0.350624, 0, 0.148539, -0.150173, 9.49522e-07, -0.00168665, 3.1485e-05
33161, 0.313754, 0.406179, 0.000283527, 4.06, 0.143756, 0, 0, 0.148539, -0.150118, 9.49522e-07, -0.00162999, 3.1485e-05
33171, 0.317522, 0.409864, 0.000392604, 4.07, 0.143756, 0, 0, 0.151666, -0.150164, 9.49522e-07, 0.00155102, 3.1485e-05
33181, 0.321579, 0.413842, 0.000495744, 4.08, 0.143756, 0, 0, 0.151666, -0.150207, 9.49522e-07, 0.00150666, 3.1485e-05
33190, 0.325908, 0.418098, 0.000593269, 4.09, 0.143756, 0, 0, 0.151666, -0.150247, 9.49522e-07, 0.00146472, 3.1485e-05
33201, 0.330495, 0.422615, 0.000685501, 4.1, 0.143756, 0, 0, 0.151666, -0.150286, 9.49522e-07, 0.00142506, 3.1485e-05
33211, 0.335326, 0.42738, 0.000772691, 4.11, 0.143756, 0, 0, 0.151666, -0.150322, 9.49522e-07, 0.00138755, 3.1485e-05
33221, 0.340387, 0.432379, 0.000855124, 4.12, 0.143756, 0, 0, 0.151666, -0.150356, 9.49522e-07, 0.0013521, 3.1485e-05
33230, 0.340003, 0.432112, 0.000699449, 4.13, 0.143756, 0, 0, 0.148539, -0.150291, 9.49522e-07, -0.00180887, 3.1485e-05
33241, 0.3406, 0.432777, 0.00060972, 4.14, 0.143756, 0, 0, 0.149308, -0.150254, 9.49522e-07, -0.000976816, 3.1485e-05
33251, 0.323991, 0.416763, -0.000175059, 4.15, 0.143756, 0, 0, 0.139938, -0.149927, 9.49522e-07, -0.0103096, 3.1485e-05
33261, 0.326545, 0.419216, -4.10914e-05, 4.16, 0.143756, 0, 0, 0.151666, -0.149983, 9.49522e-07, 0.00173752, 3.1485e-05
33270, 0.330911, 0.42344, 0.000145733, 4.17, 0.143756, 0, 0, 0.152471, -0.150061, 9.49522e-07, 0.00248723, 3.1485e-05
33281, 0.334315, 0.426755, 0.000262284, 4.18, 0.143756, 0, 0, 0.151666, -0.150109, 9.49522e-07, 0.00160706, 3.1485e-05
33291, 0.338026, 0.430383, 0.000372505, 4.19, 0.143756, 0, 0, 0.151666, -0.150155, 9.49522e-07, 0.00155966, 3.1485e-05
33301, 0.342029, 0.434307, 0.000476718, 4.2, 0.143756, 0, 0, 0.151666, -0.150199, 9.49522e-07, 0.00151484, 3.1485e-05
33311, 0.346308, 0.438511, 0.00057528, 4.21, 0.143756, 0, 0, 0.151666, -0.15024, 9.49522e-07, 0.00147246, 3.1485e-05
33320, 0.350847, 0.44298, 0.000668478, 4.22, 0.143756, 0, 0, 0.151666, -0.150279, 9.49522e-07, 0.00143237, 3.1485e-05
33331, 0.349969, 0.442213, 0.000522959, 4.23, 0.143756, 0, 0, 0.148539, -0.150218, 9.49522e-07, -0.00173296, 3.1485e-05
33341, 0.348707, 0.441054, 0.00038538, 4.24, 0.143756, 0, 0, 0.148539, -0.150161, 9.49522e-07, -0.00167379, 3.1485e-05
33351, 0.348472, 0.440874, 0.000312674, 4.25, 0.143756, 0, 0, 0.149308, -0.15013, 9.49522e-07, -0.000849083, 3.1485e-05
33360, 0.352316, 0.444638, 0.000420141, 4.26, 0.143756, 0, 0, 0.151666, -0.150175, 9.49522e-07, 0.00153917, 3.1485e-05
33371, 0.356446, 0.44869, 0.000521779, 4.27, 0.143756, 0, 0, 0.151666, -0.150217, 9.49522e-07, 0.00149547, 3.1485e-05
33381, 0.333675, 0.426695, -0.000502825, 4.28, 0.143756, 0, 0, 0.136664, -0.14979, 9.49522e-07, -0.0135481, 3.1485e-05
33391, 0.335362, 0.428268, -0.000351012, 4.29, 0.143756, 0, 0, 0.151666, -0.149854, 9.49522e-07, 0.00187081, 3.1485e-05
33400, 0.337452, 0.430248, -0.000207424, 4.3, 0.143756, 0, 0, 0.151666, -0.149914, 9.49522e-07, 0.00180906, 3.1485e-05
33411, 0.334257, 0.427127, -0.000305307, 4.31, 0.143756, 0, 0, 0.148539, -0.149873, 9.49522e-07, -0.00137676, 3.1485e-05
33421, 0.330803, 0.423744, -0.000397861, 4.32, 0.143756, 0, 0, 0.148539, -0.149834, 9.49522e-07, -0.00133696, 3.1485e-05
33431, 0.327105, 0.420112, -0.000485373, 4.33, 0.143756, 0, 0, 0.148539, -0.149798, 9.49522e-07, -0.00129932, 3.1485e-05
33440, 0.328838, 0.421731, -0.000334489, 4.34, 0.143756, 0, 0, 0.151666, -0.149861, 9.49522e-07, 0.0018637, 3.1485e-05
33451, 0.330971, 0.423756, -0.000191832, 4.35, 0.143756, 0, 0, 0.151666, -0.14992, 9.49522e-07, 0.00180236, 3.1485e-05
33461, 0.333482, 0.426164, -5.68986e-05, 4.36, 0.143756, 0, 0, 0.151666, -0.149976, 9.49522e-07, 0.00174433, 3.1485e-05
33471, 0.330685, 0.423448, -0.000162971, 4.37, 0.143756, 0, 0, 0.148539, -0.149932, 9.49522e-07, -0.00143798, 3.1485e-05
33481, 0.328999, 0.421795, -0.000205851, 4.38, 0.143756, 0, 0, 0.149308, -0.149914, 9.49522e-07, -0.000626087, 3.1485e-05
33490, 0.325809, 0.418678, -0.000303805, 4.39, 0.143756, 0, 0, 0.148539, -0.149873, 9.49522e-07, -0.0013774, 3.1485e-05
33501, 0.322359, 0.415299, -0.000396431, 4.4, 0.143756, 0, 0, 0.148539, -0.149835, 9.49522e-07, -0.00133757, 3.1485e-05
33511, 0.320056, 0.413019, -0.000426614, 4.41, 0.143756, 0, 0, 0.149308, -0.149822, 9.49522e-07, -0.000531152, 3.1485e-05
33521, 0.316281, 0.409309, -0.000512588, 4.42, 0.143756, 0, 0, 0.148539, -0.149786, 9.49522e-07, -0.00128762, 3.1485e-05
33530, 0.312279, 0.405368, -0.000593877, 4.43, 0.143756, 0, 0, 0.148539, -0.149753, 9.49522e-07, -0.00125267, 3.1485e-05
33541, 0.313726, 0.406696, -0.000437093, 4.44, 0.143756, 0, 0, 0.151666, -0.149818, 9.49522e-07, 0.00190783, 3.1485e-05
33551, 0.315587, 0.408445, -0.000288856, 4.45, 0.143756, 0, 0, 0.151666, -0.14988, 9.49522e-07, 0.00184408, 3.1485e-05
33561, 0.31784, 0.410592, -0.000148666, 4.46, 0.143756, 0, 0, 0.151666, -0.149938, 9.49522e-07, 0.00178379, 3.1485e-05
33570, 0.314801, 0.407629, -0.000249732, 4.47, 0.143756, 0, 0, 0.148539, -0.149896, 9.49522e-07, -0.00140066, 3.1485e-05
33581, 0.311495, 0.404395, -0.00034529, 4.48, 0.143756, 0, 0, 0.148539, -0.149856, 9.49522e-07, -0.00135957, 3.1485e-05
33591, 0.309327, 0.402253, -0.000378227, 4.49, 0.143756, 0, 0, 0.149308, -0.149842, 9.49522e-07, -0.000551954, 3.1485e-05
33601, 0.311345, 0.404161, -0.000233173, 4.5, 0.143756, 0, 0, 0.151666, -0.149903, 9.49522e-07, 0.00182013, 3.1485e-05
33610, 0.292506, 0.385882, -0.00097214, 4.51, 0.143756, 0, 0, 0.139938, -0.149595, 9.49522e-07, -0.00996678, 3.1485e-05
33620, 0.270502, 0.364445, -0.00172087, 4.52, 0.143756, 0, 0, 0.13927, -0.149283, 9.49522e-07, -0.0103347, 3.1485e-05
33631, 0.263304, 0.357259, -0.00173643, 4.53, 0.143756, 0, 0, 0.148539, -0.149276, 9.49522e-07, -0.0007613, 3.1485e-05
33641, 0.256064, 0.35003, -0.00175116, 4.54, 0.143756, 0, 0, 0.148539, -0.14927, 9.49522e-07, -0.000754967, 3.1485e-05
33651, 0.254449, 0.348249, -0.00153147, 4.55, 0.143756, 0, 0, 0.151666, -0.149362, 9.49522e-07, 0.00237846, 3.1485e-05
33660, 0.253416, 0.347058, -0.00132369, 4.56, 0.143756, 0, 0, 0.151666, -0.149448, 9.49522e-07, 0.00228912, 3.1485e-05
33671, 0.247268, 0.340938, -0.00136088, 4.57, 0.143756, 0, 0, 0.148539, -0.149433, 9.49522e-07, -0.000922814, 3.1485e-05
33681, 0.246685, 0.340205, -0.0011624, 4.58, 0.143756, 0, 0, 0.151666, -0.149516, 9.49522e-07, 0.00221975, 3.1485e-05
33691, 0.246628, 0.340006, -0.000974715, 4.59, 0.143756, 0, 0, 0.151666, -0.149594, 9.49522e-07, 0.00213903, 3.1485e-05
33700, 0.247067, 0.340311, -0.000797224, 4.6, 0.143756, 0, 0, 0.151666, -0.149668, 9.49522e-07, 0.00206271, 3.1485e-05
33711, 0.242312, 0.335605, -0.000863028, 4.61, 0.143756, 0, 0, 0.148539, -0.14964, 9.49522e-07, -0.00113691, 3.1485e-05
33721, 0.238775, 0.332072, -0.00086782, 4.62, 0.143756, 0, 0, 0.149308, -0.149638, 9.49522e-07, -0.000341401, 3.1485e-05
33731, 0.239497, 0.332664, -0.000696158, 4.63, 0.143756, 0, 0, 0.151666, -0.14971, 9.49522e-07, 0.00201924, 3.1485e-05
33740, 0.218223, 0.311969, -0.00145987, 4.64, 0.143756, 0, 0, 0.13927, -0.149392, 9.49522e-07, -0.0104469, 3.1485e-05
33751, 0.213108, 0.306832, -0.00143219, 4.65, 0.143756, 0, 0, 0.149308, -0.149403, 9.49522e-07, -9.86904e-05, 3.1485e-05
33761, 0.206674, 0.300422, -0.00146345, 4.66, 0.143756, 0, 0, 0.148539, -0.14939, 9.49522e-07, -0.000878692, 3.1485e-05
33771, 0.200156, 0.293926, -0.00149302, 4.67, 0.143756, 0, 0, 0.148539, -0.149378, 9.49522e-07, -0.000865981, 3.1485e-05
33781, 0.199224, 0.292839, -0.00128735, 4.68, 0.143756, 0, 0, 0.151666, -0.149464, 9.49522e-07, 0.00227349, 3.1485e-05
33790, 0.198836, 0.292304, -0.00109288, 4.69, 0.143756, 0, 0, 0.151666, -0.149545, 9.49522e-07, 0.00218984, 3.1485e-05
33801, 0.198962, 0.29229, -0.000908983, 4.7, 0.143756, 0, 0, 0.151666, -0.149621, 9.49522e-07, 0.00211076, 3.1485e-05
33811, 0.193912, 0.287285, -0.000968707, 4.71, 0.143756, 0, 0, 0.148539, -0.149596, 9.49522e-07, -0.00109147, 3.1485e-05
33821, 0.190096, 0.283468, -0.000967741, 4.72, 0.143756, 0, 0, 0.149308, -0.149597, 9.49522e-07, -0.000298426, 3.1485e-05
33830, 0.19201, 0.285202, -0.000730562, 4.73, 0.143756, 0, 0, 0.152471, -0.149696, 9.49522e-07, 0.00286408, 3.1485e-05
33841, 0.193094, 0.286163, -0.000566375, 4.74, 0.143756, 0, 0, 0.151666, -0.149764, 9.49522e-07, 0.00196342, 3.1485e-05
33851, 0.173375, 0.266989, -0.00128721, 4.75, 0.143756, 0, 0, 0.139938, -0.149464, 9.49522e-07, -0.00983128, 3.1485e-05
33861, 0.167323, 0.260967, -0.00132637, 4.76, 0.143756, 0, 0, 0.148539, -0.149447, 9.49522e-07, -0.000937656, 3.1485e-05
33870, 0.161169, 0.254841, -0.00136338, 4.77, 0.143756, 0, 0, 0.148539, -0.149432, 9.49522e-07, -0.000921726, 3.1485e-05
33881, 0.16058, 0.254102, -0.00116476, 4.78, 0.143756, 0, 0, 0.151666, -0.149515, 9.49522e-07, 0.00222076, 3.1485e-05
33891, 0.160516, 0.253896, -0.000976932, 4.79, 0.143756, 0, 0, 0.151666, -0.149593, 9.49522e-07, 0.00213999, 3.1485e-05
33901, 0.160951, 0.254195, -0.000799298, 4.8, 0.143756, 0, 0, 0.151666, -0.149667, 9.49522e-07, 0.0020636, 3.1485e-05
33910, 0.161854, 0.254971, -0.000631356, 4.81, 0.143756, 0, 0, 0.151666, -0.149737, 9.49522e-07, 0.00199138, 3.1485e-05
33921, 0.440896, 0.256199, -0.000472534, 4.82, 0.143756, -0.347118, 0, 0.151666, -0.149803, 9.49522e-07, 0.00192307, 3.1485e-05
33931, 0.210372, 0.257853, -0.000322366, 4.83, 0.143756, 0, 0, 0.151666, -0.149866, 9.49522e-07, 0.00185849, 3.1485e-05
33941, -0.0679623, 0.25991, -0.000180352, 4.84, 0.143756, 0.350624, 0, 0.151666, -0.149925, 9.49522e-07, 0.00179742, 3.1485e-05
33951, 0.170673, 0.26376, 1.4019e-05, 4.85, 0.143756, 0, 0, 0.152471, -0.150006, 9.49522e-07, 0.00254387, 3.1485e-05
33960, 0.169456, 0.262583, -3.8445e-05, 4.86, 0.143756, 0, 0, 0.149308, -0.149984, 9.49522e-07, -0.000698075, 3.1485e-05
33971, 0.450067, 0.265403, 8.81195e-05, 4.87, 0.143756, -0.347118, 0, 0.151666, -0.150037, 9.49522e-07, 0.00168195, 3.1485e-05
33981, 0.198576, 0.246815, -0.00071826, 4.88, 0.143756, 0, 0, 0.13927, -0.149701, 9.49522e-07, -0.0107659, 3.1485e-05
33991, -0.0808057, 0.247809, -0.000554717, 4.89, 0.143756, 0.350624, 0, 0.151666, -0.149769, 9.49522e-07, 0.00195841, 3.1485e-05
34000, 0.155382, 0.520976, -0.000400078, 4.9, 0.14025, 0, -0.350624, 0.151666, -0.149833, 9.49522e-07, 0.00189191, 3.1485e-05
34011, 0.437841, 0.296952, -0.000253844, 4.91, 0.14025, -0.350624, 0, 0.151666, -0.149894, 9.49522e-07, 0.00182903, 3.1485e-05
34021, 0.205549, 0.0274591, -0.000115585, 4.92, 0.143756, 0, 0.350624, 0.151666, -0.149952, 9.49522e-07, 0.00176956, 3.1485e-05
34031, -0.0722383, 0.255944, 1.51992e-05, 4.93, 0.143756, 0.350624, 0, 0.151666, -0.150006, 9.49522e-07, 0.00171332, 3.1485e-05
34040, 0.159794, 0.253422, -9.47714e-05, 4.94, 0.143756, 0, 0, 0.148539, -0.149961, 9.49522e-07, -0.0014673, 3.1485e-05
34051, 0.162561, 0.256091, 3.48687e-05, 4.95, 0.143756, 0, 0, 0.151666, -0.150015, 9.49522e-07, 0.00170486, 3.1485e-05
34061, 0.443365, 0.259108, 0.000157464, 4.96, 0.143756, -0.347118, 0, 0.151666, -0.150066, 9.49522e-07, 0.00165214, 3.1485e-05
34071, 0.214508, 0.262455, 0.000273371, 4.97, 0.143756, 0, 0, 0.151666, -0.150114, 9.49522e-07, 0.00160229, 3.1485e-05
34081, -0.0622496, 0.53513, 0.000383019, 4.98, 0.14025, 0.350624, -0.347118, 0.151666, -0.15016, 9.49522e-07, 0.00155514, 3.1485e-05
34091, 0.449841, 0.31133, 0.000310457, 4.99, 0.14025, -0.347118, 0, 0.149308, -0.150129, 9.49522e-07, -0.000848129, 3.1485e-05
34101, 0.221389, 0.0433542, 0.000418067, 5, 0.143756, 0, 0.350624, 0.151666, -0.150174, 9.49522e-07, 0.00154006, 3.1485e-05
