QGPIORecord, QRC v6.1.0, 16-12-2021 @ 19:42:35, Windows 10 Version 2009, 10.0.19042, x86_64
Time, VoltageA, eA, desired_velocity, time, PositionB, SpeedA, SpeedB, GetFrontDistance, xhat, Phat, nu, S
18471, 0, 0, 0, 0, -3.1451, 0, 0, 0.251411, -0.251388, 3.02058e-05, 0.00231206, 0.00311121
18481, 5.76703, 5.58681, 0.23789, 0.01, -3.1451, 0, 0, 0.249098, -0.249121, 3.02058e-05, -0.00228961, 0.00311121
18491, 6.57661, 6.40056, 0.23239, 0.02, -3.1451, 0, 0, 0.24683, -0.246829, 3.02058e-05, 8.81851e-05, 0.00311121
18501, 5.23585, 5.14134, 0.243223, 0.03, -3.11705, 3.15562, 3.14159, 0.251411, -0.251343, 3.02058e-05, 0.0069053, 0.00311121
18511, 2.58497, 2.86682, 0.237832, 0.04, -3.05043, 6.99495, 6.6268, 0.249098, -0.249097, 3.02058e-05, 0.00018765, 0.00311121
18521, -0.35966, 0.302358, 0.162314, 0.05, -2.97329, 8.42199, 7.74529, 0.217343, -0.217631, 3.02058e-05, -0.0293755, 0.00311121
18531, 0.297795, 1.0352, 0.161591, 0.06, -2.90667, 7.00547, 6.30072, 0.217343, -0.21733, 3.02058e-05, 0.00133511, 0.00311121
18541, 5.21167, 5.33289, 0.237051, 0.07, -2.87862, 2.80499, 2.80499, 0.249098, -0.248771, 3.02058e-05, 0.0333846, 0.00311121
18551, 7.07368, 6.88288, 0.232382, 0.08, -2.8646, 1.05187, 1.4025, 0.24683, -0.246826, 3.02058e-05, 0.000429586, 0.00311121
18561, 5.3316, 4.90484, 0.232338, 0.09, -2.81902, 4.20749, 4.90523, 0.24683, -0.246807, 3.02058e-05, 0.00232804, 0.00311121
18571, 2.75575, 3.14229, 0.237728, 0.1, -2.74188, 8.05384, 7.70321, 0.249098, -0.249053, 3.02058e-05, 0.00461446, 0.00311121
18581, 1.79591, 2.79558, 0.237779, 0.11, -2.65773, 9.11623, 8.06786, 0.249098, -0.249075, 3.02058e-05, 0.00242251, 0.00311121
18591, 2.66799, 3.77787, 0.23778, 0.12, -2.59111, 7.71373, 6.65485, 0.249098, -0.249075, 3.02058e-05, 0.00240155, 0.00311121
18600, 4.565, 4.92867, 0.23778, 0.13, -2.53852, 5.25936, 5.26287, 0.249098, -0.249075, 3.02058e-05, 0.00240134, 0.00311121
18611, 5.15285, 4.9649, 0.216817, 0.14, -2.48943, 4.20749, 4.90874, 0.240277, -0.24034, 3.02058e-05, -0.00641967, 0.00311121
18621, 4.06295, 4.3759, 0.216616, 0.15, -2.42983, 5.95009, 5.94308, 0.240277, -0.240257, 3.02058e-05, 0.00210522, 0.00311121
18631, 3.13069, 3.73706, 0.221708, 0.16, -2.3597, 7.37012, 7.02651, 0.242421, -0.242378, 3.02058e-05, 0.00433023, 0.00311121
18640, 2.45125, 3.12657, 0.197198, 0.17, -2.28958, 7.37012, 7.0195, 0.232086, -0.232166, 3.02058e-05, -0.00807482, 0.00311121
18651, 1.15633, 1.37425, 0.127702, 0.18, -2.22296, 6.65485, 6.99846, 0.202942, -0.203209, 3.02058e-05, -0.0272517, 0.00311121
18661, 3.41126, 3.49423, 0.201033, 0.19, -2.15984, 5.60297, 5.9571, 0.234079, -0.233764, 3.02058e-05, 0.0321467, 0.00311121
18671, 4.09496, 4.11496, 0.192349, 0.2, -2.11076, 4.56513, 4.91575, 0.230129, -0.230145, 3.02058e-05, -0.001624, 0.00311121
18681, 3.54071, 3.80906, 0.196917, 0.21, -2.05466, 5.60297, 5.60297, 0.232086, -0.232049, 3.02058e-05, 0.00386469, 0.00311121
18691, 2.02245, 2.07344, 0.178837, 0.22, -1.98453, 7.01248, 7.3561, 0.22446, -0.224515, 3.02058e-05, -0.005619, 0.00311121
18701, 1.81548, 1.81061, 0.178664, 0.23, -1.9109, 7.00547, 7.36311, 0.22446, -0.224443, 3.02058e-05, 0.00173329, 0.00311121
18711, 2.71806, 2.90887, 0.178663, 0.24, -1.8513, 5.617, 5.617, 0.22446, -0.224443, 3.02058e-05, 0.00180364, 0.00311121
18721, 2.75539, 2.9442, 0.157694, 0.25, -1.80571, 4.90173, 4.90173, 0.215637, -0.215706, 3.02058e-05, -0.00701922, 0.00311121
18731, 2.82428, 3.28217, 0.161547, 0.26, -1.75663, 4.91224, 4.56162, 0.217343, -0.217311, 3.02058e-05, 0.00321399, 0.00311121
18741, 2.45541, 2.42987, 0.15753, 0.27, -1.70403, 5.24884, 5.59596, 0.215637, -0.215637, 3.02058e-05, -5.89043e-05, 0.00311121
18751, 1.71761, 1.93951, 0.141924, 0.28, -1.64443, 5.62051, 5.617, 0.209086, -0.209135, 3.02058e-05, -0.00497586, 0.00311121
18761, 0.537647, 0.514322, 0.0883383, 0.29, -1.58833, 5.25586, 5.60999, 0.186601, -0.186808, 3.02058e-05, -0.0211152, 0.00311121
18770, 2.05274, 1.92792, 0.141262, 0.3, -1.54275, 4.54409, 4.89471, 0.209086, -0.208859, 3.02058e-05, 0.023162, 0.00311121
18781, 2.85803, 3.20458, 0.141769, 0.31, -1.50768, 3.50975, 3.15912, 0.209086, -0.20907, 3.02058e-05, 0.00163971, 0.00311121
18791, 2.33492, 2.74689, 0.127172, 0.32, -1.47613, 3.84985, 3.49923, 0.202942, -0.202988, 3.02058e-05, -0.00471058, 0.00311121
18801, 1.76262, 1.69217, 0.127032, 0.33, -1.42704, 4.56162, 4.91575, 0.202942, -0.20293, 3.02058e-05, 0.00122552, 0.00311121
18811, 1.75867, 1.64182, 0.130595, 0.34, -1.37445, 4.55811, 4.90874, 0.204442, -0.204415, 3.02058e-05, 0.00278242, 0.00311121
18821, 1.8722, 1.97522, 0.127065, 0.35, -1.33237, 4.211, 4.211, 0.202942, -0.202944, 3.02058e-05, -0.000166848, 0.00311121
18831, 1.78044, 2.15659, 0.113307, 0.36, -1.29731, 3.84985, 3.49923, 0.197167, -0.197211, 3.02058e-05, -0.00450575, 0.00311121
18841, 2.07616, 2.48995, 0.116529, 0.37, -1.26575, 3.50975, 3.15562, 0.198578, -0.198554, 3.02058e-05, 0.00249977, 0.00311121
18851, 2.28173, 2.1866, 0.113206, 0.38, -1.23069, 3.15562, 3.50975, 0.197167, -0.197169, 3.02058e-05, -0.000221089, 0.00311121
18861, 2.12612, 1.99337, 0.116528, 0.39, -1.19212, 3.49572, 3.84635, 0.198578, -0.198553, 3.02058e-05, 0.0025408, 0.00311121
18871, 1.8398, 1.67029, 0.116559, 0.4, -1.15355, 3.86037, 4.211, 0.198578, -0.198566, 3.02058e-05, 0.00119019, 0.00311121
18881, 1.71839, 2.04894, 0.113207, 0.41, -1.11498, 3.85687, 3.50624, 0.197167, -0.197169, 3.02058e-05, -0.00023362, 0.00311121
18891, 0.509705, 1.19115, 0.0656488, 0.42, -1.08343, 3.85687, 3.15912, 0.177169, -0.177354, 3.02058e-05, -0.0188687, 0.00311121
18900, 1.65428, 1.57382, 0.0997974, 0.43, -1.05187, 3.15562, 3.50274, 0.19173, -0.191582, 3.02058e-05, 0.0150324, 0.00311121
18911, 2.21442, 2.07052, 0.100124, 0.44, -1.02032, 2.44385, 2.79097, 0.19173, -0.191718, 3.02058e-05, 0.00114536, 0.00311121
18921, 2.05727, 1.86986, 0.0909203, 0.45, -0.992266, 2.45788, 2.81201, 0.187855, -0.187883, 3.02058e-05, -0.00286177, 0.00311121
18931, 1.25533, 1.32232, 0.0908322, 0.46, -0.957204, 3.50624, 3.50624, 0.187855, -0.187847, 3.02058e-05, 0.00088115, 0.00311121
18940, 0.879026, 1.22372, 0.0908314, 0.47, -0.925648, 3.85336, 3.50624, 0.187855, -0.187846, 3.02058e-05, 0.000916958, 0.00311121
18951, 1.21813, 1.59856, 0.0878494, 0.48, -0.894092, 3.15912, 2.80499, 0.186601, -0.186604, 3.02058e-05, -0.000337481, 0.00311121
18961, 1.71903, 1.85365, 0.0878209, 0.49, -0.869548, 2.45086, 2.45086, 0.186601, -0.186592, 3.02058e-05, 0.00087519, 0.00311121
18971, 2.09653, 1.67674, 0.0908025, 0.5, -0.845004, 2.10374, 2.80499, 0.187855, -0.187834, 3.02058e-05, 0.00214158, 0.00311121
18981, 1.54998, 1.32993, 0.0763326, 0.51, -0.813448, 2.45437, 2.80499, 0.181755, -0.181805, 3.02058e-05, -0.00517182, 0.00311121
18991, 1.03549, 1.32855, 0.0790133, 0.52, -0.785398, 3.15562, 2.80499, 0.182941, -0.182922, 3.02058e-05, 0.0018989, 0.00311121
19001, -0.107023, 0.536219, 0.0358763, 0.53, -0.760854, 3.15211, 2.45086, 0.164778, -0.164948, 3.02058e-05, -0.0173538, 0.00311121
19011, 1.14909, 1.2929, 0.075807, 0.54, -0.736311, 2.45437, 2.45437, 0.181755, -0.181586, 3.02058e-05, 0.0171648, 0.00311121
19021, 2.05044, 1.8937, 0.0790083, 0.55, -0.71878, 1.39899, 1.74961, 0.182941, -0.18292, 3.02058e-05, 0.00211264, 0.00311121
19031, 1.84601, 1.65387, 0.0653216, 0.56, -0.701248, 1.4025, 1.75312, 0.177169, -0.177217, 3.02058e-05, -0.00496134, 0.00311121
19041, 0.799106, 0.867908, 0.0651906, 0.57, -0.676705, 2.80149, 2.80149, 0.177169, -0.177163, 3.02058e-05, 0.00060457, 0.00311121
19051, 0.475245, 0.822525, 0.0678587, 0.58, -0.645149, 3.15211, 2.80149, 0.178292, -0.178274, 3.02058e-05, 0.00178108, 0.00311121
19061, 1.10652, 1.47273, 0.0652149, 0.59, -0.627617, 2.10374, 1.75663, 0.177169, -0.177173, 3.02058e-05, -0.000427186, 0.00311121
19070, 1.71493, 1.838, 0.0678589, 0.6, -0.613592, 1.4025, 1.4025, 0.178292, -0.178275, 3.02058e-05, 0.0017712, 0.00311121
19081, 1.80387, 1.38608, 0.0678842, 0.61, -0.596061, 1.39899, 2.09673, 0.178292, -0.178285, 3.02058e-05, 0.000695944, 0.00311121
19091, 1.07242, 1.12967, 0.0574179, 0.62, -0.571517, 2.10374, 2.10374, 0.173888, -0.173924, 3.02058e-05, -0.00371857, 0.00311121
19101, 0.461407, 1.07973, 0.0573178, 0.63, -0.55048, 2.80499, 2.10374, 0.173888, -0.173882, 3.02058e-05, 0.000537723, 0.00311121
19110, 0.882676, 1.30346, 0.0573168, 0.64, -0.532949, 2.10374, 1.75312, 0.173888, -0.173882, 3.02058e-05, 0.000578448, 0.00311121
19121, 1.39849, 1.30405, 0.0573168, 0.65, -0.515418, 1.39899, 1.74961, 0.173888, -0.173882, 3.02058e-05, 0.000578851, 0.00311121
19131, 0.498318, 0.387523, 0.0183615, 0.66, -0.497886, 1.39899, 1.74961, 0.157496, -0.157651, 3.02058e-05, -0.0158132, 0.00311121
19141, 1.04014, 0.863105, 0.056944, 0.67, -0.480355, 1.75312, 2.10374, 0.173888, -0.173727, 3.02058e-05, 0.0164206, 0.00311121
19151, 1.32598, 1.3685, 0.0573132, 0.68, -0.462824, 1.4025, 1.39899, 0.173888, -0.173881, 3.02058e-05, 0.00073044, 0.00311121
19161, 1.3726, 1.68449, 0.0573168, 0.69, -0.452305, 1.39899, 1.04837, 0.173888, -0.173882, 3.02058e-05, 0.000580296, 0.00311121
19171, 0.892766, 0.995166, 0.047387, 0.7, -0.434774, 1.75312, 1.75312, 0.169709, -0.169745, 3.02058e-05, -0.00359951, 0.00311121
19181, 0.287981, 0.679718, 0.047292, 0.71, -0.413737, 2.45437, 2.10374, 0.169709, -0.169705, 3.02058e-05, 0.000438586, 0.00311121
19191, 0.93761, 0.809983, 0.0448877, 0.72, -0.396205, 1.4025, 1.74961, 0.168698, -0.168703, 3.02058e-05, -0.000534102, 0.00311121
19201, 1.27309, 1.35571, 0.0472681, 0.73, -0.385687, 1.04837, 1.05187, 0.169709, -0.169695, 3.02058e-05, 0.00145498, 0.00311121
19211, 1.32387, 1.13699, 0.0472909, 0.74, -0.371662, 1.04837, 1.39899, 0.169709, -0.169705, 3.02058e-05, 0.00048694, 0.00311121
19221, 1.09089, 1.13874, 0.0472911, 0.75, -0.357637, 1.4025, 1.4025, 0.169709, -0.169705, 3.02058e-05, 0.000477672, 0.00311121
19231, 0.59571, 1.20262, 0.0497255, 0.76, -0.343612, 2.10024, 1.39899, 0.170734, -0.170719, 3.02058e-05, 0.00150196, 0.00311121
19240, 0.118956, 0.0148636, 0.0102356, 0.77, -0.329587, 1.4025, 1.75312, 0.154107, -0.154265, 3.02058e-05, -0.0161149, 0.00311121
19251, 0.637112, 1.00997, 0.0375032, 0.78, -0.315562, 1.4025, 1.05187, 0.16574, -0.165626, 3.02058e-05, 0.0115774, 0.00311121
19261, 1.17244, 1.30161, 0.0377641, 0.79, -0.308549, 0.697742, 0.697742, 0.16574, -0.165735, 3.02058e-05, 0.000488549, 0.00311121
19271, 1.50862, 1.08564, 0.0377666, 0.8, -0.298031, 0.350624, 1.05187, 0.16574, -0.165736, 3.02058e-05, 0.000382423, 0.00311121
19280, 0.773757, 0.82873, 0.0377667, 0.81, -0.284006, 1.39899, 1.39899, 0.16574, -0.165736, 3.02058e-05, 0.000381425, 0.00311121
19291, 0.457158, 0.520985, 0.0377667, 0.82, -0.266474, 1.75312, 1.75312, 0.16574, -0.165736, 3.02058e-05, 0.00038141, 0.00311121
19301, 0.380348, 0.987554, 0.0377667, 0.83, -0.255956, 1.74961, 1.04837, 0.16574, -0.165736, 3.02058e-05, 0.00038141, 0.00311121
19311, 1.13988, 0.997404, 0.0377667, 0.84, -0.245437, 0.701248, 1.05187, 0.16574, -0.165736, 3.02058e-05, 0.00038141, 0.00311121
19321, 1.19785, 1.28125, 0.0377667, 0.85, -0.238424, 0.701248, 0.701248, 0.16574, -0.165736, 3.02058e-05, 0.00038141, 0.00311121
19331, 0.97813, 0.798466, 0.0377667, 0.86, -0.224399, 1.04837, 1.39899, 0.16574, -0.165736, 3.02058e-05, 0.00038141, 0.00311121
19341, 0.710198, 1.03691, 0.0377667, 0.87, -0.213881, 1.39899, 1.04837, 0.16574, -0.165736, 3.02058e-05, 0.00038141, 0.00311121
19351, 0.674098, 1.04675, 0.0377667, 0.88, -0.203362, 1.4025, 1.05187, 0.16574, -0.165736, 3.02058e-05, 0.00038141, 0.00311121
19361, 0.110049, 0.273406, 0.00432136, 0.89, -0.192843, 1.05187, 1.05187, 0.151666, -0.151801, 3.02058e-05, -0.0136921, 0.00311121
19371, -0.239338, -0.068827, -0.00523771, 0.9, -0.182325, 1.04837, 1.04837, 0.147779, -0.147818, 3.02058e-05, -0.00397874, 0.00311121
19381, 0.975993, 0.831856, 0.028382, 0.91, -0.175312, 0.350624, 0.701248, 0.161964, -0.161826, 3.02058e-05, 0.014094, 0.00311121
19391, 1.33093, 1.13192, 0.0287037, 0.92, -0.171806, 0, 0.350624, 0.161964, -0.16196, 3.02058e-05, 0.000422016, 0.00311121
19401, 0.606078, 0.930884, 0.0287068, 0.93, -0.164793, 1.04837, 0.697742, 0.161964, -0.161961, 3.02058e-05, 0.000291184, 0.00311121
19410, 0.299432, 0.678952, 0.0287068, 0.94, -0.154275, 1.4025, 1.05187, 0.161964, -0.161961, 3.02058e-05, 0.000289932, 0.00311121
19421, 0.232573, 0.386134, 0.0287068, 0.95, -0.14025, 1.39899, 1.39899, 0.161964, -0.161961, 3.02058e-05, 0.000289917, 0.00311121
19431, 1.28256, 1.12941, 0.0287068, 0.96, -0.136743, 0, 0.350624, 0.161964, -0.161961, 3.02058e-05, 0.000289917, 0.00311121
19441, 1.11585, 0.928319, 0.0287068, 0.97, -0.129731, 0.350624, 0.697742, 0.161964, -0.161961, 3.02058e-05, 0.000289917, 0.00311121
19450, 0.906073, 1.22257, 0.0287068, 0.98, -0.126225, 0.697742, 0.347118, 0.161964, -0.161961, 3.02058e-05, 0.000289917, 0.00311121
19461, 0.367593, 0.747484, 0.0287068, 0.99, -0.115706, 1.39899, 1.04837, 0.161964, -0.161961, 3.02058e-05, 0.000289917, 0.00311121
19471, 0.629465, 0.773138, 0.0309088, 1, -0.105187, 1.05187, 1.05187, 0.162891, -0.162879, 3.02058e-05, 0.0012165, 0.00311121
19481, 0.634848, 0.777882, 0.0201821, 1.01, -0.0981748, 0.701248, 0.701248, 0.158368, -0.158409, 3.02058e-05, -0.00420159, 0.00311121
19491, 0.90113, 0.763742, 0.0200794, 1.02, -0.0911623, 0.350624, 0.701248, 0.158368, -0.158366, 3.02058e-05, 0.00016062, 0.00311121
19501, 0.654333, 0.751583, 0.0200784, 1.03, -0.0841498, 0.701248, 0.701248, 0.158368, -0.158366, 3.02058e-05, 0.000202373, 0.00311121
19511, 0.364499, 0.742161, 0.0200784, 1.04, -0.0771373, 1.04837, 0.697742, 0.158368, -0.158366, 3.02058e-05, 0.00020276, 0.00311121
19521, 0.304151, 0.456029, 0.0200784, 1.05, -0.0666186, 1.05187, 1.05187, 0.158368, -0.158366, 3.02058e-05, 0.00020276, 0.00311121
19531, 0.807149, 0.669761, 0.0200784, 1.06, -0.0596061, 0.350624, 0.701248, 0.158368, -0.158366, 3.02058e-05, 0.00020276, 0.00311121
19540, 0.840871, 0.657622, 0.0200784, 1.07, -0.0525936, 0.350624, 0.701248, 0.158368, -0.158366, 3.02058e-05, 0.00020276, 0.00311121
19551, 0.596898, 0.648199, 0.0200784, 1.08, -0.0455811, 0.697742, 0.697742, 0.158368, -0.158366, 3.02058e-05, 0.00020276, 0.00311121
19561, 0.304718, 0.908252, 0.0200784, 1.09, -0.0420749, 1.04837, 0.347118, 0.158368, -0.158366, 3.02058e-05, 0.00020276, 0.00311121
19571, 0.52487, 0.667982, 0.0200784, 1.1, -0.0350624, 0.701248, 0.701248, 0.158368, -0.158366, 3.02058e-05, 0.00020276, 0.00311121
19580, 0.844091, 0.705115, 0.0221765, 1.11, -0.0280499, 0.350624, 0.701248, 0.159251, -0.15924, 3.02058e-05, 0.00108561, 0.00311121
19591, 0.555254, 0.652489, 0.0200985, 1.12, -0.0210375, 0.701248, 0.701248, 0.158368, -0.158374, 3.02058e-05, -0.000650451, 0.00311121
19601, -0.193095, -0.0728507, -0.0103891, 1.13, -0.014025, 0.697742, 0.697742, 0.145547, -0.145671, 3.02058e-05, -0.012626, 0.00311121
19611, 0.403196, 0.772401, 0.0197869, 1.14, -0.0105187, 0.701248, 0.350624, 0.158368, -0.158245, 3.02058e-05, 0.0125929, 0.00311121
19621, 0.680206, 0.814467, 0.0200757, 1.15, -0.00701248, 0.347118, 0.347118, 0.158368, -0.158365, 3.02058e-05, 0.000321344, 0.00311121
19631, 0.711637, 0.57425, 0.0200784, 1.16, 0, 0.350624, 0.701248, 0.158368, -0.158366, 3.02058e-05, 0.000203907, 0.00311121
19641, 0.467666, 0.562111, 0.0200784, 1.17, 0.00701248, 0.697742, 0.701248, 0.158368, -0.158366, 3.02058e-05, 0.000202775, 0.00311121
19651, 0.455985, 0.552689, 0.0200784, 1.18, 0.014025, 0.697742, 0.697742, 0.158368, -0.158366, 3.02058e-05, 0.00020276, 0.00311121
19661, 0.441499, 0.810024, 0.0200784, 1.19, 0.0175312, 0.701248, 0.350624, 0.158368, -0.158366, 3.02058e-05, 0.00020276, 0.00311121
19671, 0.512323, 0.652384, 0.0119301, 1.2, 0.0210375, 0.350624, 0.350624, 0.154939, -0.154971, 3.02058e-05, -0.003226, 0.00311121
19681, 0.514662, 0.38296, 0.0118521, 1.21, 0.0280499, 0.347118, 0.697742, 0.154939, -0.154938, 3.02058e-05, 8.76635e-05, 0.00311121
19691, 0.513413, 0.607672, 0.0118514, 1.22, 0.0315562, 0.350624, 0.350624, 0.154939, -0.154938, 3.02058e-05, 0.000119388, 0.00311121
19701, 0.517331, 0.611502, 0.0118514, 1.23, 0.0350624, 0.347118, 0.347118, 0.154939, -0.154938, 3.02058e-05, 0.000119686, 0.00311121
19710, 0.284115, 0.657357, 0.0138527, 1.24, 0.0385687, 0.701248, 0.350624, 0.155781, -0.155772, 3.02058e-05, 0.000961825, 0.00311121
19721, 0.482551, 0.622569, 0.0118705, 1.25, 0.0420749, 0.347118, 0.347118, 0.154939, -0.154946, 3.02058e-05, -0.000694185, 0.00311121
19731, -0.265314, -0.373607, -0.0189311, 1.26, 0.0490874, 0.350624, 0.701248, 0.141986, -0.142112, 3.02058e-05, -0.0128412, 0.00311121
19741, 0.355695, 0.447371, 0.0115568, 1.27, 0.0525936, 0.347118, 0.350624, 0.154939, -0.154815, 3.02058e-05, 0.0126379, 0.00311121
19750, 0.640866, 0.725902, 0.0118485, 1.28, 0.0525936, 0, 0, 0.154939, -0.154937, 3.02058e-05, 0.000239491, 0.00311121
19761, 0.407397, 0.772931, 0.0118513, 1.29, 0.0525936, 0.350624, 0, 0.154939, -0.154938, 3.02058e-05, 0.000120834, 0.00311121
19771, 0.411316, 0.279156, 0.0118514, 1.3, 0.0596061, 0.347118, 0.697742, 0.154939, -0.154938, 3.02058e-05, 0.000119701, 0.00311121
19781, 0.410082, 0.503882, 0.0118514, 1.31, 0.0631124, 0.350624, 0.350624, 0.154939, -0.154938, 3.02058e-05, 0.000119686, 0.00311121
19790, 0.414, 0.776729, 0.0118514, 1.32, 0.0631124, 0.347118, 0, 0.154939, -0.154938, 3.02058e-05, 0.000119686, 0.00311121
19801, 0.693266, 0.551969, 0.0118514, 1.33, 0.0666186, 0, 0.350624, 0.154939, -0.154938, 3.02058e-05, 0.000119686, 0.00311121
19811, 0.462546, 0.5558, 0.0118514, 1.34, 0.0701248, 0.347118, 0.347118, 0.154939, -0.154938, 3.02058e-05, 0.000119686, 0.00311121
19821, 0.461312, 0.554654, 0.0118514, 1.35, 0.0736311, 0.350624, 0.350624, 0.154939, -0.154938, 3.02058e-05, 0.000119686, 0.00311121
19831, 0.462425, 0.555766, 0.0118514, 1.36, 0.0771373, 0.350624, 0.350624, 0.154939, -0.154938, 3.02058e-05, 0.000119686, 0.00311121
19841, -0.239743, 0.144592, -0.0172747, 1.37, 0.0771373, 0.347118, 0, 0.142683, -0.142802, 3.02058e-05, -0.0121363, 0.00311121
19851, 0.345713, 0.481864, 0.0115727, 1.38, 0.0806436, 0.347118, 0.350624, 0.154939, -0.154822, 3.02058e-05, 0.0119643, 0.00311121
19861, 0.630566, 0.760089, 0.0118487, 1.39, 0.0806436, 0, 0, 0.154939, -0.154937, 3.02058e-05, 0.000233024, 0.00311121
19871, 0.677595, 0.535381, 0.0118514, 1.4, 0.0841498, 0, 0.350624, 0.154939, -0.154938, 3.02058e-05, 0.000120774, 0.00311121
19880, 0.396113, 0.492753, 0.00987314, 1.41, 0.087656, 0.350624, 0.347118, 0.154107, -0.154114, 3.02058e-05, -0.000712737, 0.00311121
19891, 0.159189, 0.532497, 0.0118324, 1.42, 0.0911623, 0.697742, 0.347118, 0.154939, -0.15493, 3.02058e-05, 0.00092417, 0.00311121
19901, 0.673472, 0.531717, 0.0118512, 1.43, 0.0946685, 0, 0.350624, 0.154939, -0.154938, 3.02058e-05, 0.00012739, 0.00311121
19911, 0.442755, 0.804567, 0.0118514, 1.44, 0.0946685, 0.347118, 0, 0.154939, -0.154938, 3.02058e-05, 0.000119761, 0.00311121
19920, 0.441522, 0.579807, 0.0118514, 1.45, 0.0981748, 0.350624, 0.350624, 0.154939, -0.154938, 3.02058e-05, 0.000119686, 0.00311121
19931, 0.723134, 0.58092, 0.0118514, 1.46, 0.101681, 0, 0.350624, 0.154939, -0.154938, 3.02058e-05, 0.000119686, 0.00311121
19941, 0.538126, 0.631751, 0.0138527, 1.47, 0.105187, 0.350624, 0.347118, 0.155781, -0.155772, 3.02058e-05, 0.000961825, 0.00311121
19951, 0.267137, 0.638988, 0.0138718, 1.48, 0.108693, 0.701248, 0.350624, 0.155781, -0.15578, 3.02058e-05, 0.000147954, 0.00311121
19961, 0.465188, 0.60383, 0.0118707, 1.49, 0.1122, 0.347118, 0.347118, 0.154939, -0.154946, 3.02058e-05, -0.000701979, 0.00311121
19971, 0.744066, 0.602311, 0.0118515, 1.5, 0.115706, 0, 0.350624, 0.154939, -0.154938, 3.02058e-05, 0.000111818, 0.00311121
19981, 0.324785, 0.423473, 0.00407338, 1.51, 0.119212, 0.347118, 0.347118, 0.151666, -0.151697, 3.02058e-05, -0.00315331, 0.00311121
19991, 0.290919, 0.38975, 0.00399896, 1.52, 0.122718, 0.350624, 0.350624, 0.151666, -0.151666, 3.02058e-05, 9.81987e-06, 0.00311121
20001, 0.26089, 0.631456, 0.00399824, 1.53, 0.122718, 0.350624, 0, 0.151666, -0.151666, 3.02058e-05, 4.00841e-05, 0.00311121
20011, 0.23368, 0.378286, 0.00399821, 1.54, 0.126225, 0.347118, 0.347118, 0.151666, -0.151666, 3.02058e-05, 4.03672e-05, 0.00311121
20021, 0.481819, 0.346013, 0.00399821, 1.55, 0.129731, 0, 0.350624, 0.151666, -0.151666, 3.02058e-05, 4.03821e-05, 0.00311121
20031, 0.497666, 0.587733, 0.00399821, 1.56, 0.129731, 0, 0, 0.151666, -0.151666, 3.02058e-05, 4.03821e-05, 0.00311121
20041, 0.233014, 0.334564, 0.00399821, 1.57, 0.133237, 0.350624, 0.347118, 0.151666, -0.151666, 3.02058e-05, 4.03821e-05, 0.00311121
20050, 0.249332, 0.618908, 0.00590937, 1.58, 0.133237, 0.350624, 0, 0.152471, -0.152462, 3.02058e-05, 0.000844583, 0.00311121
20061, 0.461504, 0.597877, 0.00401652, 1.59, 0.133237, 0, 0, 0.151666, -0.151674, 3.02058e-05, -0.000736818, 0.00311121
20071, -0.198677, -0.31291, -0.0238727, 1.6, 0.136743, 0, 0.350624, 0.139938, -0.140053, 3.02058e-05, -0.011695, 0.00311121
20081, 0.375893, 0.46662, 0.00373153, 1.61, 0.136743, 0, 0, 0.151666, -0.151555, 3.02058e-05, 0.0113745, 0.00311121
20090, 0.397087, 0.487614, 0.00399567, 1.62, 0.136743, 0, 0, 0.151666, -0.151665, 3.02058e-05, 0.000148833, 0.00311121
20101, 0.412986, 0.503511, 0.00399821, 1.63, 0.136743, 0, 0, 0.151666, -0.151666, 3.02058e-05, 4.14103e-05, 0.00311121
20111, 0.428833, 0.519358, 0.00399821, 1.64, 0.136743, 0, 0, 0.151666, -0.151666, 3.02058e-05, 4.03821e-05, 0.00311121
20121, 0.444681, 0.535206, 0.00399821, 1.65, 0.136743, 0, 0, 0.151666, -0.151666, 3.02058e-05, 4.03821e-05, 0.00311121
20130, 0.182834, 0.551053, 0.00399821, 1.66, 0.136743, 0.347118, 0, 0.151666, -0.151666, 3.02058e-05, 4.03821e-05, 0.00311121
20141, 0.430973, 0.5669, 0.00399821, 1.67, 0.136743, 0, 0, 0.151666, -0.151666, 3.02058e-05, 4.03821e-05, 0.00311121
20151, 0.44682, 0.313732, 0.00399821, 1.68, 0.14025, 0, 0.347118, 0.151666, -0.151666, 3.02058e-05, 4.03821e-05, 0.00311121
20161, 0.182168, 0.553192, 0.00399821, 1.69, 0.14025, 0.350624, 0, 0.151666, -0.151666, 3.02058e-05, 4.03821e-05, 0.00311121
20170, 0.432653, 0.56904, 0.00399821, 1.7, 0.14025, 0, 0, 0.151666, -0.151666, 3.02058e-05, 4.03821e-05, 0.00311121
20180, 0.217138, 0.360754, 0.00590937, 1.71, 0.143756, 0.347118, 0.347118, 0.152471, -0.152462, 3.02058e-05, 0.000844583, 0.00311121
20191, 0.426964, 0.563337, 0.00401652, 1.72, 0.143756, 0, 0, 0.151666, -0.151674, 3.02058e-05, -0.000736818, 0.00311121
20201, 0.442445, 0.578831, 0.00399839, 1.73, 0.143756, 0, 0, 0.151666, -0.151666, 3.02058e-05, 3.29316e-05, 0.00311121
20211, 0.458288, 0.322941, 0.00399821, 1.74, 0.147262, 0, 0.350624, 0.151666, -0.151666, 3.02058e-05, 4.03076e-05, 0.00311121
20220, 0.196442, 0.564661, 0.00399821, 1.75, 0.147262, 0.347118, 0, 0.151666, -0.151666, 3.02058e-05, 4.03821e-05, 0.00311121
20231, 0.44458, 0.580508, 0.00399821, 1.76, 0.147262, 0, 0, 0.151666, -0.151666, 3.02058e-05, 4.03821e-05, 0.00311121
20241, 0.460428, 0.327339, 0.00399821, 1.77, 0.150768, 0, 0.347118, 0.151666, -0.151666, 3.02058e-05, 4.03821e-05, 0.00311121
20251, 0.476275, 0.5668, 0.00399821, 1.78, 0.150768, 0, 0, 0.151666, -0.151666, 3.02058e-05, 4.03821e-05, 0.00311121
20260, 0.211623, 0.582648, 0.00399821, 1.79, 0.150768, 0.350624, 0, 0.151666, -0.151666, 3.02058e-05, 4.03821e-05, 0.00311121
20271, 0.181609, 0.598495, 0.00399821, 1.8, 0.150768, 0.350624, 0, 0.151666, -0.151666, 3.02058e-05, 4.03821e-05, 0.00311121
20281, 0.432094, 0.342609, 0.00399821, 1.81, 0.154275, 0, 0.350624, 0.151666, -0.151666, 3.02058e-05, 4.03821e-05, 0.00311121
20291, 0.447942, 0.312595, 0.00399821, 1.82, 0.157781, 0, 0.350624, 0.151666, -0.151666, 3.02058e-05, 4.03821e-05, 0.00311121
20300, 0.463789, 0.554314, 0.00399821, 1.83, 0.157781, 0, 0, 0.151666, -0.151666, 3.02058e-05, 4.03821e-05, 0.00311121
20311, -0.476525, -0.0843858, -0.0238728, 1.84, 0.157781, 0.350624, 0, 0.139938, -0.140053, 3.02058e-05, -0.0116875, 0.00311121
20321, 0.332687, 0.469275, 0.00373153, 1.85, 0.157781, 0, 0, 0.151666, -0.151555, 3.02058e-05, 0.0113746, 0.00311121
20331, 0.35388, 0.490269, 0.00399567, 1.86, 0.157781, 0, 0, 0.151666, -0.151665, 3.02058e-05, 0.000148833, 0.00311121
20341, 0.650279, 0.506166, 0.00399821, 1.87, 0.157781, -0.350624, 0, 0.151666, -0.151666, 3.02058e-05, 4.14103e-05, 0.00311121
20350, 0.150989, 0.522014, 0.00399821, 1.88, 0.157781, 0.350624, 0, 0.151666, -0.151666, 3.02058e-05, 4.03821e-05, 0.00311121
20361, 0.401474, 0.537861, 0.00399821, 1.89, 0.157781, 0, 0, 0.151666, -0.151666, 3.02058e-05, 4.03821e-05, 0.00311121
20371, 0.136822, 0.284692, 0.00399821, 1.9, 0.161287, 0.350624, 0.347118, 0.151666, -0.151666, 3.02058e-05, 4.03821e-05, 0.00311121
20381, 0.387308, 0.524153, 0.00399821, 1.91, 0.161287, 0, 0, 0.151666, -0.151666, 3.02058e-05, 4.03821e-05, 0.00311121
20390, 0.403155, 0.54, 0.00399821, 1.92, 0.161287, 0, 0, 0.151666, -0.151666, 3.02058e-05, 4.03821e-05, 0.00311121
20401, 0.419002, 0.555848, 0.00399821, 1.93, 0.161287, 0, 0, 0.151666, -0.151666, 3.02058e-05, 4.03821e-05, 0.00311121
20411, 0.43485, 0.302679, 0.00399821, 1.94, 0.164793, 0, 0.347118, 0.151666, -0.151666, 3.02058e-05, 4.03821e-05, 0.00311121
20421, 0.216529, 0.587023, 0.00590937, 1.95, 0.164793, 0.350624, 0, 0.152471, -0.152462, 3.02058e-05, 0.000844583, 0.00311121
20430, 0.428702, 0.565992, 0.00401652, 1.96, 0.164793, 0, 0, 0.151666, -0.151674, 3.02058e-05, -0.000736818, 0.00311121
20441, -0.231479, -0.344795, -0.0238727, 1.97, 0.1683, 0, 0.350624, 0.139938, -0.140053, 3.02058e-05, -0.011695, 0.00311121
20451, 0.343091, 0.434735, 0.00373153, 1.98, 0.1683, 0, 0, 0.151666, -0.151555, 3.02058e-05, 0.0113745, 0.00311121
20461, 0.0837853, 0.455729, 0.00399567, 1.99, 0.1683, 0.350624, 0, 0.151666, -0.151665, 3.02058e-05, 0.000148833, 0.00311121
20470, 0.334322, 0.471626, 0.00399821, 2, 0.1683, 0, 0, 0.151666, -0.151666, 3.02058e-05, 4.14103e-05, 0.00311121
20481, 0.350169, 0.487473, 0.00399821, 2.01, 0.1683, 0, 0, 0.151666, -0.151666, 3.02058e-05, 4.03821e-05, 0.00311121
20491, 0.366017, 0.503321, 0.00399821, 2.02, 0.1683, 0, 0, 0.151666, -0.151666, 3.02058e-05, 4.03821e-05, 0.00311121
20501, 0.381864, 0.519168, 0.00399821, 2.03, 0.1683, 0, 0, 0.151666, -0.151666, 3.02058e-05, 4.03821e-05, 0.00311121
20511, 0.397712, 0.535016, 0.00399821, 2.04, 0.1683, 0, 0, 0.151666, -0.151666, 3.02058e-05, 4.03821e-05, 0.00311121
20520, 0.413559, 0.279129, 0.00399821, 2.05, 0.171806, 0, 0.350624, 0.151666, -0.151666, 3.02058e-05, 4.03821e-05, 0.00311121
20531, 0.151712, 0.520849, 0.00399821, 2.06, 0.171806, 0.347118, 0, 0.151666, -0.151666, 3.02058e-05, 4.03821e-05, 0.00311121
20541, 0.399851, 0.536696, 0.00399821, 2.07, 0.171806, 0, 0, 0.151666, -0.151666, 3.02058e-05, 4.03821e-05, 0.00311121
20551, -0.259963, -0.102003, -0.0238728, 2.08, 0.171806, 0, 0, 0.139938, -0.140053, 3.02058e-05, -0.0116875, 0.00311121
20560, 0.31461, 0.451658, 0.00373153, 2.09, 0.171806, 0, 0, 0.151666, -0.151555, 3.02058e-05, 0.0113746, 0.00311121
20571, 0.335804, 0.472651, 0.00399567, 2.1, 0.171806, 0, 0, 0.151666, -0.151665, 3.02058e-05, 0.000148833, 0.00311121
20581, 0.351703, 0.488548, 0.00399821, 2.11, 0.171806, 0, 0, 0.151666, -0.151666, 3.02058e-05, 4.14103e-05, 0.00311121
20591, 0.36755, 0.504396, 0.00399821, 2.12, 0.171806, 0, 0, 0.151666, -0.151666, 3.02058e-05, 4.03821e-05, 0.00311121
20600, 0.383398, 0.251227, 0.00399821, 2.13, 0.175312, 0, 0.347118, 0.151666, -0.151666, 3.02058e-05, 4.03821e-05, 0.00311121
20611, 0.399245, 0.490688, 0.00399821, 2.14, 0.175312, 0, 0, 0.151666, -0.151666, 3.02058e-05, 4.03821e-05, 0.00311121
20621, 0.137398, 0.506535, 0.00399821, 2.15, 0.175312, 0.347118, 0, 0.151666, -0.151666, 3.02058e-05, 4.03821e-05, 0.00311121
20631, 0.385537, 0.522383, 0.00399821, 2.16, 0.175312, 0, 0, 0.151666, -0.151666, 3.02058e-05, 4.03821e-05, 0.00311121
20640, 0.401385, 0.53823, 0.00399821, 2.17, 0.175312, 0, 0, 0.151666, -0.151666, 3.02058e-05, 4.03821e-05, 0.00311121
20651, 0.463563, 0.598961, 0.00590937, 2.18, 0.175312, 0, 0, 0.152471, -0.152462, 3.02058e-05, 0.000844583, 0.00311121
20661, 0.441099, 0.57793, 0.00401652, 2.19, 0.175312, 0, 0, 0.151666, -0.151674, 3.02058e-05, -0.000736818, 0.00311121
20671, 0.456579, 0.321691, 0.00399839, 2.2, 0.178818, 0, 0.350624, 0.151666, -0.151666, 3.02058e-05, 3.29316e-05, 0.00311121
20681, -0.522248, -0.128447, -0.0254614, 2.21, 0.178818, 0.350624, 0, 0.13927, -0.139391, 3.02058e-05, -0.0123561, 0.00311121
20690, 0.318808, 0.455867, 0.00371633, 2.22, 0.178818, 0, 0, 0.151666, -0.151548, 3.02058e-05, 0.0120206, 0.00311121
20701, 0.340307, 0.477154, 0.00399553, 2.23, 0.178818, 0, 0, 0.151666, -0.151665, 3.02058e-05, 0.000155017, 0.00311121
20711, 0.636708, 0.493054, 0.00399821, 2.24, 0.178818, -0.350624, 0, 0.151666, -0.151666, 3.02058e-05, 4.14699e-05, 0.00311121
20721, 0.417918, 0.508901, 0.00399821, 2.25, 0.178818, 0, 0, 0.151666, -0.151666, 3.02058e-05, 4.03821e-05, 0.00311121
20730, 0.156071, 0.524749, 0.00399821, 2.26, 0.178818, 0.347118, 0, 0.151666, -0.151666, 3.02058e-05, 4.03821e-05, 0.00311121
20741, 0.12371, 0.540596, 0.00399821, 2.27, 0.178818, 0.350624, 0, 0.151666, -0.151666, 3.02058e-05, 4.03821e-05, 0.00311121
20751, 0.374195, 0.28471, 0.00399821, 2.28, 0.182325, 0, 0.350624, 0.151666, -0.151666, 3.02058e-05, 4.03821e-05, 0.00311121
20761, 0.670542, 0.52643, 0.00399821, 2.29, 0.182325, -0.350624, 0, 0.151666, -0.151666, 3.02058e-05, 4.03821e-05, 0.00311121
20770, 0.171253, 0.542277, 0.00399821, 2.3, 0.182325, 0.350624, 0, 0.151666, -0.151666, 3.02058e-05, 4.03821e-05, 0.00311121
20781, 0.18757, 0.603008, 0.00590937, 2.31, 0.182325, 0.350624, 0, 0.152471, -0.152462, 3.02058e-05, 0.000844583, 0.00311121
20791, -0.275919, -0.344304, -0.0238545, 2.32, 0.185831, 0, 0.350624, 0.139938, -0.140061, 3.02058e-05, -0.0124647, 0.00311121
20801, 0.298287, 0.434876, 0.0037317, 2.33, 0.185831, 0, 0, 0.151666, -0.151555, 3.02058e-05, 0.0113672, 0.00311121
20810, 0.319478, 0.455866, 0.00399567, 2.34, 0.185831, 0, 0, 0.151666, -0.151665, 3.02058e-05, 0.000148758, 0.00311121
20820, 0.335377, 0.471763, 0.00399821, 2.35, 0.185831, 0, 0, 0.151666, -0.151666, 3.02058e-05, 4.14103e-05, 0.00311121
20831, 0.351224, 0.487611, 0.00399821, 2.36, 0.185831, 0, 0, 0.151666, -0.151666, 3.02058e-05, 4.03821e-05, 0.00311121
20841, 0.367072, 0.234442, 0.00399821, 2.37, 0.189337, 0, 0.347118, 0.151666, -0.151666, 3.02058e-05, 4.03821e-05, 0.00311121
20851, 0.382919, 0.473903, 0.00399821, 2.38, 0.189337, 0, 0, 0.151666, -0.151666, 3.02058e-05, 4.03821e-05, 0.00311121
20860, 0.398766, 0.761484, 0.00399821, 2.39, 0.185831, 0, -0.350624, 0.151666, -0.151666, 3.02058e-05, 4.03821e-05, 0.00311121
20871, 0.414614, 0.551459, 0.00399821, 2.4, 0.185831, 0, 0, 0.151666, -0.151666, 3.02058e-05, 4.03821e-05, 0.00311121
20881, 0.430461, 0.29829, 0.00399821, 2.41, 0.189337, 0, 0.347118, 0.151666, -0.151666, 3.02058e-05, 4.03821e-05, 0.00311121
20891, 0.212141, 0.313618, 0.00590937, 2.42, 0.192843, 0.350624, 0.347118, 0.152471, -0.152462, 3.02058e-05, 0.000844583, 0.00311121
20900, 0.424314, 0.516201, 0.00401652, 2.43, 0.192843, 0, 0, 0.151666, -0.151674, 3.02058e-05, -0.000736818, 0.00311121
20911, 0.439794, 0.531695, 0.00399839, 2.44, 0.192843, 0, 0, 0.151666, -0.151666, 3.02058e-05, 3.29316e-05, 0.00311121
20921, -0.497718, -0.107008, -0.0238728, 2.45, 0.192843, 0.347118, 0, 0.139938, -0.140053, 3.02058e-05, -0.0116876, 0.00311121
20931, 0.309147, 0.446653, 0.00373153, 2.46, 0.192843, 0, 0, 0.151666, -0.151555, 3.02058e-05, 0.0113746, 0.00311121
20940, 0.33034, 0.467646, 0.00399567, 2.47, 0.192843, 0, 0, 0.151666, -0.151665, 3.02058e-05, 0.000148833, 0.00311121
20951, 0.626739, 0.483544, 0.00399821, 2.48, 0.192843, -0.350624, 0, 0.151666, -0.151666, 3.02058e-05, 4.14103e-05, 0.00311121
20961, 0.130254, 0.499391, 0.00399821, 2.49, 0.192843, 0.347118, 0, 0.151666, -0.151666, 3.02058e-05, 4.03821e-05, 0.00311121
20971, 0.378393, 0.515238, 0.00399821, 2.5, 0.192843, 0, 0, 0.151666, -0.151666, 3.02058e-05, 4.03821e-05, 0.00311121
20981, 0.39424, 0.262069, 0.00399821, 2.51, 0.19635, 0, 0.347118, 0.151666, -0.151666, 3.02058e-05, 4.03821e-05, 0.00311121
20990, 0.132393, 0.50153, 0.00399821, 2.52, 0.19635, 0.347118, 0, 0.151666, -0.151666, 3.02058e-05, 4.03821e-05, 0.00311121
21001, 0.380532, 0.517378, 0.00399821, 2.53, 0.19635, 0, 0, 0.151666, -0.151666, 3.02058e-05, 4.03821e-05, 0.00311121
21011, 0.39638, 0.533225, 0.00399821, 2.54, 0.19635, 0, 0, 0.151666, -0.151666, 3.02058e-05, 4.03821e-05, 0.00311121
21021, 0.458558, 0.593956, 0.00590937, 2.55, 0.19635, 0, 0, 0.152471, -0.152462, 3.02058e-05, 0.000844583, 0.00311121
21030, 0.436094, 0.301191, 0.00401652, 2.56, 0.199856, 0, 0.350624, 0.151666, -0.151674, 3.02058e-05, -0.000736818, 0.00311121
21041, 0.171075, 0.542558, 0.00399839, 2.57, 0.199856, 0.350624, 0, 0.151666, -0.151666, 3.02058e-05, 3.29316e-05, 0.00311121
21051, 0.421556, 0.558402, 0.00399821, 2.58, 0.199856, 0, 0, 0.151666, -0.151666, 3.02058e-05, 4.03076e-05, 0.00311121
21061, 0.437404, 0.574249, 0.00399821, 2.59, 0.199856, 0, 0, 0.151666, -0.151666, 3.02058e-05, 4.03821e-05, 0.00311121
21070, 0.453251, 0.590097, 0.00399821, 2.6, 0.199856, 0, 0, 0.151666, -0.151666, 3.02058e-05, 4.03821e-05, 0.00311121
21081, 0.469099, 0.336928, 0.00399821, 2.61, 0.203362, 0, 0.347118, 0.151666, -0.151666, 3.02058e-05, 4.03821e-05, 0.00311121
21091, 0.207252, 0.576388, 0.00399821, 2.62, 0.203362, 0.347118, 0, 0.151666, -0.151666, 3.02058e-05, 4.03821e-05, 0.00311121
21101, 0.45539, 0.592236, 0.00399821, 2.63, 0.203362, 0, 0, 0.151666, -0.151666, 3.02058e-05, 4.03821e-05, 0.00311121
21111, 0.471238, 0.608083, 0.00399821, 2.64, 0.203362, 0, 0, 0.151666, -0.151666, 3.02058e-05, 4.03821e-05, 0.00311121
21121, 0.487085, 0.352197, 0.00399821, 2.65, 0.206868, 0, 0.350624, 0.151666, -0.151666, 3.02058e-05, 4.03821e-05, 0.00311121
21131, 0.27157, 0.6388, 0.00590937, 2.66, 0.206868, 0.347118, 0, 0.152471, -0.152462, 3.02058e-05, 0.000844583, 0.00311121
21141, 0.481396, 0.617769, 0.00401652, 2.67, 0.206868, 0, 0, 0.151666, -0.151674, 3.02058e-05, -0.000736818, 0.00311121
21151, -0.178785, -0.293018, -0.0238727, 2.68, 0.210375, 0, 0.350624, 0.139938, -0.140053, 3.02058e-05, -0.011695, 0.00311121
21160, -0.749014, -0.350778, -0.0319208, 2.69, 0.210375, 0.350624, 0, 0.136664, -0.1367, 3.02058e-05, -0.0036277, 0.00311121
21171, 0.221533, 0.358181, 0.00365449, 2.7, 0.210375, 0, 0, 0.151666, -0.151523, 3.02058e-05, 0.0146475, 0.00311121
21181, 0.52477, 0.38066, 0.00399492, 2.71, 0.210375, -0.350624, 0, 0.151666, -0.151665, 3.02058e-05, 0.000180155, 0.00311121
21191, 0.406369, 0.49376, -0.00343409, 2.72, 0.206868, -0.350624, -0.350624, 0.148539, -0.148569, 3.02058e-05, -0.00308572, 0.00311121
21200, 0.156397, -0.0191266, -0.00350515, 2.73, 0.210375, 0, 0.350624, 0.148539, -0.14854, 3.02058e-05, -6.45965e-05, 0.00311121
21211, 0.0421643, 0.367382, 0.00392643, 2.74, 0.210375, 0.350624, 0, 0.151666, -0.151636, 3.02058e-05, 0.00309175, 0.00311121
21221, 0.113913, 0.481803, -0.00343473, 2.75, 0.206868, 0, -0.350624, 0.148539, -0.148569, 3.02058e-05, -0.00305787, 0.00311121
21231, 0.0985906, 0.240662, -0.00350518, 2.76, 0.206868, 0, 0, 0.148539, -0.14854, 3.02058e-05, -6.43283e-05, 0.00311121
21240, 0.545357, 0.401299, 0.00392643, 2.77, 0.206868, -0.350624, 0, 0.151666, -0.151636, 3.02058e-05, 0.00309177, 0.00311121
21251, 0.14783, 0.243986, -0.00343473, 2.78, 0.206868, 0, 0, 0.148539, -0.148569, 3.02058e-05, -0.00305787, 0.00311121
21261, -0.103703, 0.271622, -0.00167828, 2.79, 0.206868, 0.350624, 0, 0.149308, -0.149301, 3.02058e-05, 0.000704423, 0.00311121
21271, 0.260578, 0.397006, 0.00394388, 2.8, 0.206868, 0, 0, 0.151666, -0.151643, 3.02058e-05, 0.00234883, 0.00311121
21280, 0.277515, 0.413902, 0.00399771, 2.81, 0.206868, 0, 0, 0.151666, -0.151666, 3.02058e-05, 6.24806e-05, 0.00311121
21291, 0.293372, 0.429759, 0.00399821, 2.82, 0.206868, 0, 0, 0.151666, -0.151666, 3.02058e-05, 4.05908e-05, 0.00311121
21301, 0.30922, 0.445607, 0.00399821, 2.83, 0.206868, 0, 0, 0.151666, -0.151666, 3.02058e-05, 4.03821e-05, 0.00311121
21311, 0.325067, 0.461454, 0.00399821, 2.84, 0.206868, 0, 0, 0.151666, -0.151666, 3.02058e-05, 4.03821e-05, 0.00311121
21321, 0.340915, 0.477302, 0.00399821, 2.85, 0.206868, 0, 0, 0.151666, -0.151666, 3.02058e-05, 4.03821e-05, 0.00311121
21330, 0.356762, 0.493149, 0.00399821, 2.86, 0.206868, 0, 0, 0.151666, -0.151666, 3.02058e-05, 4.03821e-05, 0.00311121
21341, 0.192433, 0.334451, -0.00343405, 2.87, 0.206868, 0, 0, 0.148539, -0.148569, 3.02058e-05, -0.00308706, 0.00311121
21351, 0.357275, 0.493715, 0.00392711, 2.88, 0.206868, 0, 0, 0.151666, -0.151636, 3.02058e-05, 0.00306283, 0.00311121
21361, 0.420878, 0.555818, 0.00590869, 2.89, 0.206868, 0, 0, 0.152471, -0.152462, 3.02058e-05, 0.000873491, 0.00311121
21370, 0.444758, 0.579683, 0.00592765, 2.9, 0.206868, 0, 0, 0.152471, -0.15247, 3.02058e-05, 6.76513e-05, 0.00311121
21381, 0.421927, 0.5583, 0.0040167, 2.91, 0.206868, 0, 0, 0.151666, -0.151674, 3.02058e-05, -0.000744253, 0.00311121
21391, -0.238258, -0.349773, -0.0238727, 2.92, 0.210375, 0, 0.347118, 0.139938, -0.140053, 3.02058e-05, -0.0116951, 0.00311121
21401, 0.336312, 0.427498, 0.00373153, 2.93, 0.210375, 0, 0, 0.151666, -0.151555, 3.02058e-05, 0.0113745, 0.00311121
21410, 0.357506, 0.720225, 0.00399567, 2.94, 0.206868, 0, -0.350624, 0.151666, -0.151665, 3.02058e-05, 0.000148833, 0.00311121
21421, 0.0957102, 0.241234, 0.00399821, 2.95, 0.210375, 0.347118, 0.347118, 0.151666, -0.151666, 3.02058e-05, 4.14103e-05, 0.00311121
21431, 0.163673, 0.306149, -0.00343405, 2.96, 0.210375, 0, 0, 0.148539, -0.148569, 3.02058e-05, -0.00308706, 0.00311121
21441, 0.148338, 0.290868, -0.00350515, 2.97, 0.210375, 0, 0, 0.148539, -0.14854, 3.02058e-05, -6.46114e-05, 0.00311121
21450, 0.314604, 0.451505, 0.00392643, 2.98, 0.210375, 0, 0, 0.151666, -0.151636, 3.02058e-05, 0.00309175, 0.00311121
21460, 0.61239, 0.468737, 0.00399753, 2.99, 0.210375, -0.350624, 0, 0.151666, -0.151666, 3.02058e-05, 6.95735e-05, 0.00311121
21471, 0.393614, 0.484598, 0.00399821, 3, 0.210375, 0, 0, 0.151666, -0.151666, 3.02058e-05, 4.06653e-05, 0.00311121
21481, -0.051214, 0.3259, -0.00343405, 3.01, 0.210375, 0.350624, 0, 0.148539, -0.148569, 3.02058e-05, -0.00308706, 0.00311121
21491, 0.212377, 0.353524, -0.00167824, 3.02, 0.210375, 0, 0, 0.149308, -0.149301, 3.02058e-05, 0.000704139, 0.00311121
21500, 0.530577, 0.661572, 0.0117219, 3.03, 0.210375, 0, 0, 0.154939, -0.154884, 3.02058e-05, 0.00562173, 0.00311121
21511, 0.211414, 0.353834, -0.00336013, 3.04, 0.210375, 0, 0, 0.148539, -0.1486, 3.02058e-05, -0.00622803, 0.00311121
21521, 0.194596, 0.337126, -0.00350447, 3.05, 0.210375, 0, 0, 0.148539, -0.14854, 3.02058e-05, -9.46671e-05, 0.00311121
21531, 0.180673, 0.323204, -0.00350583, 3.06, 0.210375, 0, 0, 0.148539, -0.148539, 3.02058e-05, -3.59714e-05, 0.00311121
21540, 0.166776, 0.309307, -0.00350586, 3.07, 0.210375, 0, 0, 0.148539, -0.148539, 3.02058e-05, -3.54201e-05, 0.00311121
21551, 0.15288, 0.295411, -0.00350586, 3.08, 0.210375, 0, 0, 0.148539, -0.148539, 3.02058e-05, -3.54052e-05, 0.00311121
21561, 0.138984, 0.281515, -0.00350586, 3.09, 0.210375, 0, 0, 0.148539, -0.148539, 3.02058e-05, -3.54052e-05, 0.00311121
21571, 0.125088, 0.267619, -0.00350586, 3.1, 0.210375, 0, 0, 0.148539, -0.148539, 3.02058e-05, -3.54052e-05, 0.00311121
21580, 0.291368, 0.428269, 0.0039264, 3.11, 0.210375, 0, 0, 0.151666, -0.151636, 3.02058e-05, 0.00309204, 0.00311121
21591, 0.308656, 0.445502, 0.00399753, 3.12, 0.210375, 0, 0, 0.151666, -0.151666, 3.02058e-05, 6.95884e-05, 0.00311121
21601, 0.370848, 0.506246, 0.00590937, 3.13, 0.210375, 0, 0, 0.152471, -0.152462, 3.02058e-05, 0.000844866, 0.00311121
21611, 0.168207, 0.31067, -0.00341574, 3.14, 0.210375, 0, 0, 0.148539, -0.148577, 3.02058e-05, -0.00386426, 0.00311121
21621, 0.152505, 0.295035, -0.003505, 3.15, 0.210375, 0, 0, 0.148539, -0.14854, 3.02058e-05, -7.20471e-05, 0.00311121
21630, -0.356894, -0.198879, -0.0239446, 3.16, 0.210375, 0, 0, 0.139938, -0.140023, 3.02058e-05, -0.00863624, 0.00311121
21641, 0.0389421, 0.181621, -0.00370145, 3.17, 0.210375, 0, 0, 0.148539, -0.148458, 3.02058e-05, 0.00827636, 0.00311121
21651, 0.309467, 0.171499, -0.00350772, 3.18, 0.210375, -0.350624, 0, 0.148539, -0.148538, 3.02058e-05, 4.41372e-05, 0.00311121
21661, 0.0609707, 0.15764, -0.00350586, 3.19, 0.210375, 0, 0, 0.148539, -0.148539, 3.02058e-05, -3.46452e-05, 0.00311121
21670, 0.227251, 0.590023, 0.0039264, 3.2, 0.206868, 0, -0.350624, 0.151666, -0.151636, 3.02058e-05, 0.00309204, 0.00311121
21681, 0.244538, 0.381384, 0.00399753, 3.21, 0.206868, 0, 0, 0.151666, -0.151666, 3.02058e-05, 6.95884e-05, 0.00311121
21691, 0.260399, 0.397245, 0.00399821, 3.22, 0.206868, 0, 0, 0.151666, -0.151666, 3.02058e-05, 4.06653e-05, 0.00311121
21701, 0.276247, 0.413092, 0.00399821, 3.23, 0.206868, 0, 0, 0.151666, -0.151666, 3.02058e-05, 4.03821e-05, 0.00311121
21710, 0.111918, 0.254394, -0.00343405, 3.24, 0.206868, 0, 0, 0.148539, -0.148569, 3.02058e-05, -0.00308706, 0.00311121
21721, 0.0965831, 0.239113, -0.00350515, 3.25, 0.206868, 0, 0, 0.148539, -0.14854, 3.02058e-05, -6.46114e-05, 0.00311121
21731, 0.126962, 0.268109, -0.00167892, 3.26, 0.206868, 0, 0, 0.149308, -0.1493, 3.02058e-05, 0.000733063, 0.00311121
21741, 0.256618, 0.393505, 0.00394388, 3.27, 0.206868, 0, 0, 0.151666, -0.151643, 3.02058e-05, 0.00234908, 0.00311121
21750, 0.273555, 0.410401, 0.00399771, 3.28, 0.206868, 0, 0, 0.151666, -0.151666, 3.02058e-05, 6.24806e-05, 0.00311121
21761, 0.335744, 0.471142, 0.00590937, 3.29, 0.206868, 0, 0, 0.152471, -0.152462, 3.02058e-05, 0.000844792, 0.00311121
21771, 0.313279, 0.450111, 0.00401652, 3.3, 0.206868, 0, 0, 0.151666, -0.151674, 3.02058e-05, -0.000736818, 0.00311121
21781, 0.328759, 0.465605, 0.00399839, 3.31, 0.206868, 0, 0, 0.151666, -0.151666, 3.02058e-05, 3.29316e-05, 0.00311121
21791, 0.344603, 0.481449, 0.00399821, 3.32, 0.206868, 0, 0, 0.151666, -0.151666, 3.02058e-05, 4.03076e-05, 0.00311121
21800, 0.180275, 0.322751, -0.00343405, 3.33, 0.206868, 0, 0, 0.148539, -0.148569, 3.02058e-05, -0.00308706, 0.00311121
21811, 0.16494, 0.30747, -0.00350515, 3.34, 0.206868, 0, 0, 0.148539, -0.14854, 3.02058e-05, -6.46114e-05, 0.00311121
21821, 0.331206, 0.468106, 0.00392643, 3.35, 0.206868, 0, 0, 0.151666, -0.151636, 3.02058e-05, 0.00309175, 0.00311121
21831, 0.348493, 0.485339, 0.00399753, 3.36, 0.206868, 0, 0, 0.151666, -0.151666, 3.02058e-05, 6.95735e-05, 0.00311121
21840, 0.410685, 0.546083, 0.00590937, 3.37, 0.206868, 0, 0, 0.152471, -0.152462, 3.02058e-05, 0.000844866, 0.00311121
21851, 0.342413, 0.480676, 0.00212696, 3.38, 0.206868, 0, 0, 0.150871, -0.150886, 3.02058e-05, -0.00153193, 0.00311121
21861, 0.442105, 0.3085, 0.00589149, 3.39, 0.210375, 0, 0.347118, 0.152471, -0.152455, 3.02058e-05, 0.00160556, 0.00311121
21871, -0.294173, -0.180426, -0.0254432, 3.4, 0.210375, 0, 0, 0.13927, -0.139399, 3.02058e-05, -0.0131259, 0.00311121
21880, 0.0313818, 0.403537, 0.00371647, 3.41, 0.210375, 0.350624, 0, 0.151666, -0.151549, 3.02058e-05, 0.0120132, 0.00311121
21891, 0.568015, 0.424822, 0.00399553, 3.42, 0.210375, -0.350624, 0, 0.151666, -0.151665, 3.02058e-05, 0.000154957, 0.00311121
21901, 0.169103, 0.266176, -0.00343405, 3.43, 0.210375, 0, 0, 0.148539, -0.148569, 3.02058e-05, -0.00308597, 0.00311121
21911, -0.126731, 0.250895, -0.00350515, 3.44, 0.210375, 0.350624, 0, 0.148539, -0.14854, 3.02058e-05, -6.46114e-05, 0.00311121
21920, 0.274173, 0.411531, 0.00392643, 3.45, 0.210375, 0, 0, 0.151666, -0.151636, 3.02058e-05, 0.00309175, 0.00311121
21931, 0.291459, 0.428764, 0.00399753, 3.46, 0.210375, 0, 0, 0.151666, -0.151666, 3.02058e-05, 6.95735e-05, 0.00311121
21941, 0.585015, 0.444625, 0.00399821, 3.47, 0.210375, -0.347118, 0, 0.151666, -0.151666, 3.02058e-05, 4.06653e-05, 0.00311121
21951, 0.368571, 0.460472, 0.00399821, 3.48, 0.210375, 0, 0, 0.151666, -0.151666, 3.02058e-05, 4.03821e-05, 0.00311121
21961, -0.0762571, 0.301774, -0.00343405, 3.49, 0.210375, 0.350624, 0, 0.148539, -0.148569, 3.02058e-05, -0.00308706, 0.00311121
21970, 0.187334, 0.329398, -0.00167824, 3.5, 0.210375, 0, 0, 0.149308, -0.149301, 3.02058e-05, 0.000704139, 0.00311121
21981, 0.1368, 0.280235, -0.00348837, 3.51, 0.210375, 0, 0, 0.148539, -0.148547, 3.02058e-05, -0.00077863, 0.00311121
21991, -0.561569, -0.396742, -0.0317257, 3.52, 0.210375, 0, 0, 0.136664, -0.136781, 3.02058e-05, -0.0119173, 0.00311121
22001, 0.0345426, 0.176811, -0.001949, 3.53, 0.210375, 0, 0, 0.149308, -0.149188, 3.02058e-05, 0.0122094, 0.00311121
22010, 0.450112, 0.576435, 0.00394131, 3.54, 0.206868, -0.350624, -0.347118, 0.151666, -0.151642, 3.02058e-05, 0.00245892, 0.00311121
22021, 0.232463, 0.369768, 0.00399767, 3.55, 0.206868, 0, 0, 0.151666, -0.151666, 3.02058e-05, 6.35237e-05, 0.00311121
22031, 0.0681451, 0.21108, -0.00343405, 3.56, 0.206868, 0, 0, 0.148539, -0.148569, 3.02058e-05, -0.00308684, 0.00311121
22041, 0.33331, 0.195799, -0.00350515, 3.57, 0.206868, -0.350624, 0, 0.148539, -0.14854, 3.02058e-05, -6.46114e-05, 0.00311121
22050, 0.264938, 0.356435, 0.00392643, 3.58, 0.206868, 0, 0, 0.151666, -0.151636, 3.02058e-05, 0.00309175, 0.00311121
22061, 0.282225, 0.645402, 0.00399753, 3.59, 0.203362, 0, -0.350624, 0.151666, -0.151666, 3.02058e-05, 6.95735e-05, 0.00311121
22071, 0.298086, 0.43539, 0.00399821, 3.6, 0.203362, 0, 0, 0.151666, -0.151666, 3.02058e-05, 4.06653e-05, 0.00311121
22081, 0.313933, 0.179504, 0.00399821, 3.61, 0.206868, 0, 0.350624, 0.151666, -0.151666, 3.02058e-05, 4.03821e-05, 0.00311121
22090, 0.329781, 0.421223, 0.00399821, 3.62, 0.206868, 0, 0, 0.151666, -0.151666, 3.02058e-05, 4.03821e-05, 0.00311121
22100, 0.11146, 0.481954, 0.00590937, 3.63, 0.206868, 0.350624, 0, 0.152471, -0.152462, 3.02058e-05, 0.000844583, 0.00311121
22111, 0.323633, 0.460924, 0.00401652, 3.64, 0.206868, 0, 0, 0.151666, -0.151674, 3.02058e-05, -0.000736818, 0.00311121
22121, 0.339114, 0.476418, 0.00399839, 3.65, 0.206868, 0, 0, 0.151666, -0.151666, 3.02058e-05, 3.29316e-05, 0.00311121
22131, 0.174781, 0.317716, -0.00343405, 3.66, 0.206868, 0, 0, 0.148539, -0.148569, 3.02058e-05, -0.00308713, 0.00311121
22140, 0.159447, 0.302435, -0.00350515, 3.67, 0.206868, 0, 0, 0.148539, -0.14854, 3.02058e-05, -6.46114e-05, 0.00311121
22151, 0.145536, 0.288525, -0.00350586, 3.68, 0.206868, 0, 0, 0.148539, -0.148539, 3.02058e-05, -3.56883e-05, 0.00311121
22161, 0.311816, 0.449175, 0.0039264, 3.69, 0.206868, 0, 0, 0.151666, -0.151636, 3.02058e-05, 0.00309204, 0.00311121
22171, 0.329103, 0.466408, 0.00399753, 3.7, 0.206868, 0, 0, 0.151666, -0.151666, 3.02058e-05, 6.95884e-05, 0.00311121
22180, 0.344965, 0.482269, 0.00399821, 3.71, 0.206868, 0, 0, 0.151666, -0.151666, 3.02058e-05, 4.06653e-05, 0.00311121
22191, 0.180636, 0.323571, -0.00343405, 3.72, 0.206868, 0, 0, 0.148539, -0.148569, 3.02058e-05, -0.00308706, 0.00311121
22201, 0.20959, 0.351194, -0.00167824, 3.73, 0.206868, 0, 0, 0.149308, -0.149301, 3.02058e-05, 0.000704139, 0.00311121
22211, 0.203345, 0.344937, -0.00166143, 3.74, 0.206868, 0, 0, 0.149308, -0.149308, 3.02058e-05, -9.87947e-06, 0.00311121
22220, 0.152475, 0.295451, -0.0034882, 3.75, 0.206868, 0, 0, 0.148539, -0.148547, 3.02058e-05, -0.00078547, 0.00311121
22231, -0.508941, -0.345728, -0.0302013, 3.76, 0.206868, 0, 0, 0.137306, -0.137416, 3.02058e-05, -0.0112759, 0.00311121
22241, 0.0123209, 0.155504, -0.00376132, 3.77, 0.206868, 0, 0, 0.148539, -0.148433, 3.02058e-05, 0.0108207, 0.00311121
22251, 0.284046, 0.146537, -0.00350829, 3.78, 0.206868, -0.350624, 0, 0.148539, -0.148538, 3.02058e-05, 6.84857e-05, 0.00311121
22260, 0.215737, 0.307234, 0.0039264, 3.79, 0.206868, 0, 0, 0.151666, -0.151636, 3.02058e-05, 0.00309303, 0.00311121
22270, 0.233024, 0.593484, 0.00399753, 3.8, 0.203362, 0, -0.347118, 0.151666, -0.151666, 3.02058e-05, 6.95884e-05, 0.00311121
22281, 0.248886, 0.385731, 0.00399821, 3.81, 0.203362, 0, 0, 0.151666, -0.151666, 3.02058e-05, 4.06653e-05, 0.00311121
22291, 0.264733, 0.401579, 0.00399821, 3.82, 0.203362, 0, 0, 0.151666, -0.151666, 3.02058e-05, 4.03821e-05, 0.00311121
22301, 0.56108, 0.417426, 0.00399821, 3.83, 0.203362, -0.350624, 0, 0.151666, -0.151666, 3.02058e-05, 4.03821e-05, 0.00311121
22310, 0.34229, 0.433274, 0.00399821, 3.84, 0.203362, 0, 0, 0.151666, -0.151666, 3.02058e-05, 4.03821e-05, 0.00311121
22321, 0.0776377, 0.449121, 0.00399821, 3.85, 0.203362, 0.350624, 0, 0.151666, -0.151666, 3.02058e-05, 4.03821e-05, 0.00311121
22331, 0.328123, 0.464969, 0.00399821, 3.86, 0.203362, 0, 0, 0.151666, -0.151666, 3.02058e-05, 4.03821e-05, 0.00311121
22341, 0.390302, 0.253966, 0.00590937, 3.87, 0.206868, 0, 0.350624, 0.152471, -0.152462, 3.02058e-05, 0.000844583, 0.00311121
22350, 0.187661, 0.284262, -0.00341574, 3.88, 0.206868, 0, 0, 0.148539, -0.148577, 3.02058e-05, -0.00386426, 0.00311121
22361, -0.108541, 0.268626, -0.003505, 3.89, 0.206868, 0.350624, 0, 0.148539, -0.14854, 3.02058e-05, -7.20471e-05, 0.00311121
22371, 0.29236, 0.42926, 0.00392643, 3.9, 0.206868, 0, 0, 0.151666, -0.151636, 3.02058e-05, 0.00309169, 0.00311121
22381, 0.309646, 0.446493, 0.00399753, 3.91, 0.206868, 0, 0, 0.151666, -0.151666, 3.02058e-05, 6.95735e-05, 0.00311121
22390, 0.325508, 0.462353, 0.00399821, 3.92, 0.206868, 0, 0, 0.151666, -0.151666, 3.02058e-05, 4.06653e-05, 0.00311121
22401, 0.161179, 0.303655, -0.00343405, 3.93, 0.206868, 0, 0, 0.148539, -0.148569, 3.02058e-05, -0.00308706, 0.00311121
22411, 0.145844, 0.288374, -0.00350515, 3.94, 0.206868, 0, 0, 0.148539, -0.14854, 3.02058e-05, -6.46114e-05, 0.00311121
22421, 0.312111, 0.449011, 0.00392643, 3.95, 0.206868, 0, 0, 0.151666, -0.151636, 3.02058e-05, 0.00309175, 0.00311121
22431, 0.329397, 0.466243, 0.00399753, 3.96, 0.206868, 0, 0, 0.151666, -0.151666, 3.02058e-05, 6.95735e-05, 0.00311121
22440, 0.345258, 0.482104, 0.00399821, 3.97, 0.206868, 0, 0, 0.151666, -0.151666, 3.02058e-05, 4.06653e-05, 0.00311121
22451, 0.361106, 0.497952, 0.00399821, 3.98, 0.206868, 0, 0, 0.151666, -0.151666, 3.02058e-05, 4.03821e-05, 0.00311121
22461, 0.376953, 0.513799, 0.00399821, 3.99, 0.206868, 0, 0, 0.151666, -0.151666, 3.02058e-05, 4.03821e-05, 0.00311121
22471, -0.282861, -0.124901, -0.0238728, 4, 0.206868, 0, 0, 0.139938, -0.140053, 3.02058e-05, -0.0116875, 0.00311121
22480, 0.291712, 0.42876, 0.00373153, 4.01, 0.206868, 0, 0, 0.151666, -0.151555, 3.02058e-05, 0.0113746, 0.00311121
22491, 0.312906, 0.449754, 0.00399567, 4.02, 0.206868, 0, 0, 0.151666, -0.151665, 3.02058e-05, 0.000148833, 0.00311121
22501, 0.328805, 0.465651, 0.00399821, 4.03, 0.206868, 0, 0, 0.151666, -0.151666, 3.02058e-05, 4.14103e-05, 0.00311121
22511, 0.344653, 0.481498, 0.00399821, 4.04, 0.206868, 0, 0, 0.151666, -0.151666, 3.02058e-05, 4.03821e-05, 0.00311121
22520, 0.3605, 0.497346, 0.00399821, 4.05, 0.206868, 0, 0, 0.151666, -0.151666, 3.02058e-05, 4.03821e-05, 0.00311121
22531, 0.196172, 0.338648, -0.00343405, 4.06, 0.206868, 0, 0, 0.148539, -0.148569, 3.02058e-05, -0.00308706, 0.00311121
22541, 0.180837, 0.323367, -0.00350515, 4.07, 0.206868, 0, 0, 0.148539, -0.14854, 3.02058e-05, -6.46114e-05, 0.00311121
22551, 0.347103, 0.484003, 0.00392643, 4.08, 0.206868, 0, 0, 0.151666, -0.151636, 3.02058e-05, 0.00309175, 0.00311121
22560, 0.36439, 0.501236, 0.00399753, 4.09, 0.206868, 0, 0, 0.151666, -0.151666, 3.02058e-05, 6.95735e-05, 0.00311121
22571, 0.426582, 0.292964, 0.00590937, 4.1, 0.210375, 0, 0.347118, 0.152471, -0.152462, 3.02058e-05, 0.000844866, 0.00311121
22581, -0.271545, -0.159001, -0.0238545, 4.11, 0.210375, 0, 0, 0.139938, -0.140061, 3.02058e-05, -0.0124647, 0.00311121
22591, 0.122485, 0.21976, -0.00370059, 4.12, 0.210375, 0, 0, 0.148539, -0.148458, 3.02058e-05, 0.00823972, 0.00311121
22601, 0.112493, 0.481356, -0.00350772, 4.13, 0.206868, 0, -0.350624, 0.148539, -0.148538, 3.02058e-05, 4.37945e-05, 0.00311121
22610, 0.278811, 0.416169, 0.0039264, 4.14, 0.206868, 0, 0, 0.151666, -0.151636, 3.02058e-05, 0.0030928, 0.00311121
22621, 0.296098, 0.433403, 0.00399753, 4.15, 0.206868, 0, 0, 0.151666, -0.151666, 3.02058e-05, 6.95884e-05, 0.00311121
22631, 0.311959, 0.17753, 0.00399821, 4.16, 0.210375, 0, 0.350624, 0.151666, -0.151666, 3.02058e-05, 4.06653e-05, 0.00311121
22641, 0.147631, 0.244704, -0.00343405, 4.17, 0.210375, 0, 0, 0.148539, -0.148569, 3.02058e-05, -0.00308706, 0.00311121
22650, 0.132296, 0.501157, -0.00350515, 4.18, 0.206868, 0, -0.350624, 0.148539, -0.14854, 3.02058e-05, -6.46114e-05, 0.00311121
22661, 0.118385, 0.261375, -0.00350586, 4.19, 0.206868, 0, 0, 0.148539, -0.148539, 3.02058e-05, -3.56883e-05, 0.00311121
22671, 0.284665, 0.422024, 0.0039264, 4.2, 0.206868, 0, 0, 0.151666, -0.151636, 3.02058e-05, 0.00309204, 0.00311121
22681, 0.348284, 0.484141, 0.00590869, 4.21, 0.206868, 0, 0, 0.152471, -0.152462, 3.02058e-05, 0.000873789, 0.00311121
22690, 0.145656, 0.288577, -0.00341578, 4.22, 0.206868, 0, 0, 0.148539, -0.148577, 3.02058e-05, -0.00386399, 0.00311121
22701, -0.517211, -0.353999, -0.0302006, 4.23, 0.206868, 0, 0, 0.137306, -0.137416, 3.02058e-05, -0.0113053, 0.00311121
22711, -0.529959, -0.370089, -0.0257886, 4.24, 0.206868, 0, 0, 0.13927, -0.139255, 3.02058e-05, 0.00155152, 0.00311121
22721, 0.363519, 0.22054, 0.00371318, 4.25, 0.206868, -0.350624, 0, 0.151666, -0.151547, 3.02058e-05, 0.0121537, 0.00311121
22731, 0.430942, 0.513621, 0.00399549, 4.26, 0.203362, -0.350624, -0.350624, 0.151666, -0.151665, 3.02058e-05, 0.000156298, 0.00311121
22740, 0.212207, 0.30365, 0.00399821, 4.27, 0.203362, 0, 0, 0.151666, -0.151666, 3.02058e-05, 4.14848e-05, 0.00311121
22751, 0.228054, 0.319497, 0.00399821, 4.28, 0.203362, 0, 0, 0.151666, -0.151666, 3.02058e-05, 4.03821e-05, 0.00311121
22761, 0.243902, 0.335345, 0.00399821, 4.29, 0.203362, 0, 0, 0.151666, -0.151666, 3.02058e-05, 4.03821e-05, 0.00311121
22771, 0.259749, 0.351192, 0.00399821, 4.3, 0.203362, 0, 0, 0.151666, -0.151666, 3.02058e-05, 4.03821e-05, 0.00311121
22780, 0.275597, 0.367039, 0.00399821, 4.31, 0.203362, 0, 0, 0.151666, -0.151666, 3.02058e-05, 4.03821e-05, 0.00311121
22791, 0.291444, 0.382887, 0.00399821, 4.32, 0.203362, 0, 0, 0.151666, -0.151666, 3.02058e-05, 4.03821e-05, 0.00311121
22801, 0.307292, 0.398734, 0.00399821, 4.33, 0.203362, 0, 0, 0.151666, -0.151666, 3.02058e-05, 4.03821e-05, 0.00311121
22811, 0.36947, 0.459465, 0.00590937, 4.34, 0.203362, 0, 0, 0.152471, -0.152462, 3.02058e-05, 0.000844583, 0.00311121
22820, 0.347006, 0.438434, 0.00401652, 4.35, 0.203362, 0, 0, 0.151666, -0.151674, 3.02058e-05, -0.000736818, 0.00311121
22831, 0.362486, 0.453929, 0.00399839, 4.36, 0.203362, 0, 0, 0.151666, -0.151666, 3.02058e-05, 3.29316e-05, 0.00311121
22841, 0.37833, 0.469773, 0.00399821, 4.37, 0.203362, 0, 0, 0.151666, -0.151666, 3.02058e-05, 4.03076e-05, 0.00311121
22851, 0.113678, 0.48562, 0.00399821, 4.38, 0.203362, 0.350624, 0, 0.151666, -0.151666, 3.02058e-05, 4.03821e-05, 0.00311121
22860, 0.364163, 0.501467, 0.00399821, 4.39, 0.203362, 0, 0, 0.151666, -0.151666, 3.02058e-05, 4.03821e-05, 0.00311121
22871, 0.38001, 0.517315, 0.00399821, 4.4, 0.203362, 0, 0, 0.151666, -0.151666, 3.02058e-05, 4.03821e-05, 0.00311121
22881, 0.395858, 0.264146, 0.00399821, 4.41, 0.206868, 0, 0.347118, 0.151666, -0.151666, 3.02058e-05, 4.03821e-05, 0.00311121
22891, 0.411705, 0.503607, 0.00399821, 4.42, 0.206868, 0, 0, 0.151666, -0.151666, 3.02058e-05, 4.03821e-05, 0.00311121
22901, 0.149858, 0.519454, 0.00399821, 4.43, 0.206868, 0.347118, 0, 0.151666, -0.151666, 3.02058e-05, 4.03821e-05, 0.00311121
22910, 0.397997, 0.535302, 0.00399821, 4.44, 0.206868, 0, 0, 0.151666, -0.151666, 3.02058e-05, 4.03821e-05, 0.00311121
22921, 0.460176, 0.596032, 0.00590937, 4.45, 0.206868, 0, 0, 0.152471, -0.152462, 3.02058e-05, 0.000844583, 0.00311121
22931, 0.437711, 0.305985, 0.00401652, 4.46, 0.210375, 0, 0.347118, 0.151666, -0.151674, 3.02058e-05, -0.000736818, 0.00311121
22941, -0.22247, -0.109455, -0.0238727, 4.47, 0.210375, 0, 0, 0.139938, -0.140053, 3.02058e-05, -0.011695, 0.00311121
22950, 0.0744053, 0.444203, 0.00373153, 4.48, 0.210375, 0.347118, 0, 0.151666, -0.151555, 3.02058e-05, 0.0113745, 0.00311121
22961, 0.327891, 0.465197, 0.00399567, 4.49, 0.210375, 0, 0, 0.151666, -0.151665, 3.02058e-05, 0.000148833, 0.00311121
22971, 0.34379, 0.481094, 0.00399821, 4.5, 0.210375, 0, 0, 0.151666, -0.151666, 3.02058e-05, 4.14103e-05, 0.00311121
22981, 0.359637, 0.496941, 0.00399821, 4.51, 0.210375, 0, 0, 0.151666, -0.151666, 3.02058e-05, 4.03821e-05, 0.00311121
22990, 0.375484, 0.512789, 0.00399821, 4.52, 0.210375, 0, 0, 0.151666, -0.151666, 3.02058e-05, 4.03821e-05, 0.00311121
23001, 0.391332, 0.528636, 0.00399821, 4.53, 0.210375, 0, 0, 0.151666, -0.151666, 3.02058e-05, 4.03821e-05, 0.00311121
23011, 0.227003, 0.369938, -0.00343405, 4.54, 0.210375, 0, 0, 0.148539, -0.148569, 3.02058e-05, -0.00308706, 0.00311121
23021, 0.211668, 0.0829235, -0.00350515, 4.55, 0.213881, 0, 0.350624, 0.148539, -0.14854, 3.02058e-05, -6.46114e-05, 0.00311121
23030, 0.197758, 0.294886, -0.00350586, 4.56, 0.213881, 0, 0, 0.148539, -0.148539, 3.02058e-05, -3.56883e-05, 0.00311121
23041, 0.183862, 0.28099, -0.00350586, 4.57, 0.213881, 0, 0, 0.148539, -0.148539, 3.02058e-05, -3.54052e-05, 0.00311121
23051, 0.396473, 0.755539, 0.00583756, 4.58, 0.210375, 0, -0.347118, 0.152471, -0.152432, 3.02058e-05, 0.00389624, 0.00311121
23061, 0.195271, 0.337734, -0.00341645, 4.59, 0.210375, 0, 0, 0.148539, -0.148576, 3.02058e-05, -0.00383505, 0.00311121
23071, -0.467582, -0.576562, -0.0302006, 4.6, 0.213881, 0, 0.350624, 0.137306, -0.137416, 3.02058e-05, -0.0113051, 0.00311121
23080, 0.233842, 0.325074, 0.00367094, 4.61, 0.213881, 0, 0, 0.151666, -0.15153, 3.02058e-05, 0.0139479, 0.00311121
23091, 0.25625, 0.616253, 0.0039951, 4.62, 0.210375, 0, -0.347118, 0.151666, -0.151665, 3.02058e-05, 0.000173479, 0.00311121
23101, 0.55266, 0.677564, 0.00399821, 4.63, 0.206868, -0.350624, -0.347118, 0.151666, -0.151666, 3.02058e-05, 4.16487e-05, 0.00311121
23111, 0.33387, 0.198065, 0.00399821, 4.64, 0.210375, 0, 0.350624, 0.151666, -0.151666, 3.02058e-05, 4.03821e-05, 0.00311121
23120, 0.0692179, 0.439784, 0.00399821, 4.65, 0.210375, 0.350624, 0, 0.151666, -0.151666, 3.02058e-05, 4.03821e-05, 0.00311121
23131, 0.139527, 0.281086, -0.00343405, 4.66, 0.210375, 0, 0, 0.148539, -0.148569, 3.02058e-05, -0.00308706, 0.00311121
23141, 0.124192, 0.265805, -0.00350515, 4.67, 0.210375, 0, 0, 0.148539, -0.14854, 3.02058e-05, -6.46114e-05, 0.00311121
23151, 0.110282, 0.251895, -0.00350586, 4.68, 0.210375, 0, 0, 0.148539, -0.148539, 3.02058e-05, -3.56883e-05, 0.00311121
23160, 0.276562, 0.412545, 0.0039264, 4.69, 0.210375, 0, 0, 0.151666, -0.151636, 3.02058e-05, 0.00309204, 0.00311121
23171, 0.293849, 0.429778, 0.00399753, 4.7, 0.210375, 0, 0, 0.151666, -0.151666, 3.02058e-05, 6.95884e-05, 0.00311121
23181, -0.365952, -0.208909, -0.0238728, 4.71, 0.210375, 0, 0, 0.139938, -0.140053, 3.02058e-05, -0.0116873, 0.00311121
23191, 0.208622, 0.344752, 0.00373153, 4.72, 0.210375, 0, 0, 0.151666, -0.151555, 3.02058e-05, 0.0113746, 0.00311121
23201, 0.50751, 0.365746, 0.00399567, 4.73, 0.210375, -0.347118, 0, 0.151666, -0.151665, 3.02058e-05, 0.000148833, 0.00311121
23211, 0.291118, 0.381643, 0.00399821, 4.74, 0.210375, 0, 0, 0.151666, -0.151666, 3.02058e-05, 4.14103e-05, 0.00311121
23221, 0.126789, 0.222945, -0.00343405, 4.75, 0.210375, 0, 0, 0.148539, -0.148569, 3.02058e-05, -0.00308706, 0.00311121
23231, -0.169045, 0.207664, -0.00350515, 4.76, 0.210375, 0.350624, 0, 0.148539, -0.14854, 3.02058e-05, -6.46114e-05, 0.00311121
23241, 0.0516823, 0.193754, -0.00350586, 4.77, 0.210375, 0, 0, 0.148539, -0.148539, 3.02058e-05, -3.56883e-05, 0.00311121
23250, 0.318286, 0.179858, -0.00350586, 4.78, 0.210375, -0.350624, 0, 0.148539, -0.148539, 3.02058e-05, -3.54052e-05, 0.00311121
23261, 0.069752, 0.437696, -0.00350586, 4.79, 0.206868, 0, -0.350624, 0.148539, -0.148539, 3.02058e-05, -3.54052e-05, 0.00311121
23271, 0.0558561, 0.197928, -0.00350586, 4.8, 0.206868, 0, 0, 0.148539, -0.148539, 3.02058e-05, -3.54052e-05, 0.00311121
23281, 0.0862487, 0.226937, -0.00167896, 4.81, 0.206868, 0, 0, 0.149308, -0.1493, 3.02058e-05, 0.000733346, 0.00311121
23290, 0.262236, 0.397217, 0.00585505, 4.82, 0.206868, 0, 0, 0.152471, -0.15244, 3.02058e-05, 0.00315329, 0.00311121
23301, 0.24086, 0.377234, 0.00401598, 4.83, 0.206868, 0, 0, 0.151666, -0.151673, 3.02058e-05, -0.000714734, 0.00311121
23311, -0.45782, -0.299115, -0.0254612, 4.84, 0.206868, 0, 0, 0.13927, -0.139391, 3.02058e-05, -0.0123632, 0.00311121
23321, 0.148595, 0.285196, 0.00371633, 4.85, 0.206868, 0, 0, 0.151666, -0.151548, 3.02058e-05, 0.0120205, 0.00311121
23330, 0.450593, 0.306483, 0.00399553, 4.86, 0.206868, -0.350624, 0, 0.151666, -0.151665, 3.02058e-05, 0.000155017, 0.00311121
23341, 0.231857, 0.322383, 0.00399821, 4.87, 0.206868, 0, 0, 0.151666, -0.151666, 3.02058e-05, 4.14699e-05, 0.00311121
23351, 0.247705, 0.33823, 0.00399821, 4.88, 0.206868, 0, 0, 0.151666, -0.151666, 3.02058e-05, 4.03821e-05, 0.00311121
23361, 0.263552, 0.354078, 0.00399821, 4.89, 0.206868, 0, 0, 0.151666, -0.151666, 3.02058e-05, 4.03821e-05, 0.00311121
23370, 0.279399, 0.369925, 0.00399821, 4.9, 0.206868, 0, 0, 0.151666, -0.151666, 3.02058e-05, 4.03821e-05, 0.00311121
23380, 0.115071, 0.211227, -0.00343405, 4.91, 0.206868, 0, 0, 0.148539, -0.148569, 3.02058e-05, -0.00308706, 0.00311121
23391, 0.099736, 0.195946, -0.00350515, 4.92, 0.206868, 0, 0, 0.148539, -0.14854, 3.02058e-05, -6.46114e-05, 0.00311121
23401, 0.266002, 0.356582, 0.00392643, 4.93, 0.206868, 0, 0, 0.151666, -0.151636, 3.02058e-05, 0.00309175, 0.00311121
23411, 0.32962, 0.418698, 0.00590869, 4.94, 0.206868, 0, 0, 0.152471, -0.152462, 3.02058e-05, 0.000873774, 0.00311121
23420, -0.368494, -0.256867, -0.0238546, 4.95, 0.206868, 0, 0, 0.139938, -0.140061, 3.02058e-05, -0.0124645, 0.00311121
23431, 0.205714, 0.296441, 0.0037317, 4.96, 0.206868, 0, 0, 0.151666, -0.151555, 3.02058e-05, 0.0113672, 0.00311121
23441, 0.226904, 0.589165, 0.00399567, 4.97, 0.203362, 0, -0.350624, 0.151666, -0.151665, 3.02058e-05, 0.000148758, 0.00311121
23451, 0.242803, 0.37919, 0.00399821, 4.98, 0.203362, 0, 0, 0.151666, -0.151666, 3.02058e-05, 4.14103e-05, 0.00311121
23460, 0.25865, 0.123304, 0.00399821, 4.99, 0.206868, 0, 0.350624, 0.151666, -0.151666, 3.02058e-05, 4.03821e-05, 0.00311121
23471, 0.274498, 0.365024, 0.00399821, 5, 0.206868, 0, 0, 0.151666, -0.151666, 3.02058e-05, 4.03821e-05, 0.00311121
