QGPIORecord, QRC v6.1.0, 16-12-2021 @ 20:46:25, Windows 10 Version 2009, 10.0.19042, x86_64
Time, VoltageA, eA, desired_velocity, time, PositionB, SpeedA, SpeedB, GetFrontDistance, xhat, Phat, nu, S
16701, 0, 0, 0, 0, -3.17666, 0, 0, 0.261127, -0.255859, 8.24112e-06, 0.00721797, 4.17966e-05
16711, 6.08915, 5.89887, 0.251178, 0.01, -3.17666, 0, 0, 0.251411, -0.254657, 8.24112e-06, -0.00444835, 4.17966e-05
16720, 6.85504, 6.67193, 0.241703, 0.02, -3.17666, 0, 0, 0.24683, -0.25071, 8.24112e-06, -0.00531538, 4.17966e-05
16731, 4.38658, 4.05512, 0.215835, 0.03, -3.14159, 3.49923, 3.82882, 0.217343, -0.239931, 8.24112e-06, -0.0309497, 4.17966e-05
16741, 1.33445, 2.13289, 0.224175, 0.04, -3.06796, 8.06436, 7.0195, 0.258625, -0.243406, 8.24112e-06, 0.0208522, 4.17966e-05
16751, 0.60146, 1.55971, 0.223939, 0.05, -2.99082, 8.7656, 7.71373, 0.249098, -0.243308, 8.24112e-06, 0.0079339, 4.17966e-05
16761, 2.30195, 3.33927, 0.223771, 0.06, -2.93823, 6.31124, 5.25586, 0.249098, -0.243238, 8.24112e-06, 0.00802989, 4.17966e-05
16771, 4.78002, 5.33368, 0.219321, 0.07, -2.91018, 3.15562, 2.80499, 0.242421, -0.241384, 8.24112e-06, 0.00142069, 4.17966e-05
16781, 5.86485, 5.63225, 0.221981, 0.08, -2.87862, 2.45086, 3.14861, 0.251411, -0.242492, 8.24112e-06, 0.01222, 4.17966e-05
16791, 4.74229, 4.74001, 0.222376, 0.09, -2.82954, 4.56513, 4.91575, 0.249098, -0.242657, 8.24112e-06, 0.0088262, 4.17966e-05
16801, 2.79503, 3.08835, 0.222657, 0.1, -2.75941, 7.36311, 7.36311, 0.249098, -0.242774, 8.24112e-06, 0.0086655, 4.17966e-05
16811, 1.94223, 3.07488, 0.224357, 0.11, -2.68228, 8.37992, 7.32805, 0.251411, -0.243482, 8.24112e-06, 0.0108633, 4.17966e-05
16821, 3.08603, 3.77331, 0.224069, 0.12, -2.62267, 6.6829, 6.32877, 0.249098, -0.243362, 8.24112e-06, 0.00785983, 4.17966e-05
16831, 4.52279, 5.2065, 0.223863, 0.13, -2.57358, 4.89822, 4.5511, 0.249098, -0.243276, 8.24112e-06, 0.00797713, 4.17966e-05
16841, 4.64969, 4.56734, 0.219387, 0.14, -2.51748, 4.91224, 5.617, 0.242421, -0.241411, 8.24112e-06, 0.00138311, 4.17966e-05
16850, 3.64656, 3.78492, 0.214809, 0.15, -2.45086, 6.31124, 6.66186, 0.240277, -0.239504, 8.24112e-06, 0.00105989, 4.17966e-05
16861, 2.27007, 2.68628, 0.191325, 0.16, -2.38074, 7.35259, 7.34207, 0.209086, -0.229719, 8.24112e-06, -0.0282695, 4.17966e-05
16871, 2.4235, 3.0908, 0.194819, 0.17, -2.31412, 7.01248, 6.66537, 0.240277, -0.231175, 8.24112e-06, 0.0124721, 4.17966e-05
16881, 3.04315, 3.73467, 0.191998, 0.18, -2.25451, 5.97113, 5.62051, 0.232086, -0.229999, 8.24112e-06, 0.00285992, 4.17966e-05
16890, 3.54944, 3.46061, 0.189988, 0.19, -2.19491, 5.25235, 5.94659, 0.232086, -0.229162, 8.24112e-06, 0.00400728, 4.17966e-05
16901, 3.01416, 3.11418, 0.188557, 0.2, -2.13179, 5.96061, 6.31825, 0.232086, -0.228565, 8.24112e-06, 0.00482458, 4.17966e-05
16911, 2.39897, 2.48401, 0.187537, 0.21, -2.06167, 6.65835, 6.99846, 0.232086, -0.22814, 8.24112e-06, 0.00540675, 4.17966e-05
16921, 1.85621, 2.43963, 0.181866, 0.22, -1.99856, 7.00547, 6.66186, 0.22446, -0.225777, 8.24112e-06, -0.00180461, 4.17966e-05
16931, 2.3987, 3.00944, 0.177826, 0.23, -1.93895, 5.96061, 5.60999, 0.22446, -0.224094, 8.24112e-06, 0.000501573, 4.17966e-05
16941, 3.12763, 3.21564, 0.176153, 0.24, -1.88636, 4.90523, 5.25586, 0.226317, -0.223397, 8.24112e-06, 0.00400111, 4.17966e-05
16951, 2.98465, 2.7613, 0.168036, 0.25, -1.83376, 4.90874, 5.60999, 0.215637, -0.220015, 8.24112e-06, -0.0059986, 4.17966e-05
16961, 2.02134, 2.28874, 0.162254, 0.26, -1.77416, 5.96762, 5.9571, 0.215637, -0.217606, 8.24112e-06, -0.00269768, 4.17966e-05
16971, 1.4279, 1.96636, 0.142634, 0.27, -1.71455, 5.94308, 5.60297, 0.19173, -0.209431, 8.24112e-06, -0.0242536, 4.17966e-05
16980, 1.69408, 2.27023, 0.139912, 0.28, -1.66546, 5.26287, 4.91224, 0.209086, -0.208297, 8.24112e-06, 0.00108168, 4.17966e-05
16991, 2.38268, 2.4328, 0.13901, 0.29, -1.61988, 4.20749, 4.56162, 0.210684, -0.207921, 8.24112e-06, 0.00378661, 4.17966e-05
17001, 2.34261, 2.35856, 0.13733, 0.3, -1.57781, 4.20749, 4.5476, 0.209086, -0.207221, 8.24112e-06, 0.0025557, 4.17966e-05
17011, 1.93053, 2.17283, 0.132151, 0.31, -1.52872, 4.55811, 4.56513, 0.202942, -0.205063, 8.24112e-06, -0.00290577, 4.17966e-05
17020, 1.79225, 2.04656, 0.129433, 0.32, -1.48314, 4.55811, 4.5511, 0.204442, -0.203931, 8.24112e-06, 0.000700831, 4.17966e-05
17031, 1.64418, 1.89057, 0.126525, 0.33, -1.43756, 4.5511, 4.55811, 0.202942, -0.202719, 8.24112e-06, 0.000305742, 4.17966e-05
17041, 1.77507, 2.01895, 0.124454, 0.34, -1.39548, 4.20749, 4.20749, 0.202942, -0.201856, 8.24112e-06, 0.0014884, 4.17966e-05
17051, 2.27243, 2.22726, 0.123951, 0.35, -1.35692, 3.49923, 3.84985, 0.204442, -0.201646, 8.24112e-06, 0.00383091, 4.17966e-05
17061, 2.17738, 2.3621, 0.118875, 0.36, -1.32185, 3.50624, 3.50624, 0.197167, -0.199531, 8.24112e-06, -0.00323938, 4.17966e-05
17071, 1.84118, 2.03679, 0.116175, 0.37, -1.28328, 3.86037, 3.86037, 0.198578, -0.198406, 8.24112e-06, 0.000235409, 4.17966e-05
17081, 1.4752, 1.95259, 0.114251, 0.38, -1.24472, 4.20398, 3.85336, 0.198578, -0.197605, 8.24112e-06, 0.00133356, 4.17966e-05
17091, 1.60327, 1.84776, 0.111966, 0.39, -1.20615, 3.85336, 3.85336, 0.197167, -0.196653, 8.24112e-06, 0.000704929, 4.17966e-05
17101, 1.77848, 2.01561, 0.110339, 0.4, -1.17108, 3.50975, 3.50975, 0.197167, -0.195975, 8.24112e-06, 0.00163415, 4.17966e-05
17111, 1.92928, 1.88929, 0.105654, 0.41, -1.13602, 3.15211, 3.50274, 0.19173, -0.194022, 8.24112e-06, -0.00314149, 4.17966e-05
17121, 1.87295, 1.78905, 0.103179, 0.42, -1.10096, 3.15562, 3.50624, 0.193059, -0.192991, 8.24112e-06, 9.31472e-05, 4.17966e-05
17131, 1.52501, 1.68046, 0.100553, 0.43, -1.0694, 3.50624, 3.50274, 0.19173, -0.191897, 8.24112e-06, -0.000229642, 4.17966e-05
17141, 1.42243, 1.84596, 0.0986834, 0.44, -1.03434, 3.50274, 3.15562, 0.19173, -0.191118, 8.24112e-06, 0.000837922, 4.17966e-05
17150, 1.34121, 1.81603, 0.0982133, 0.45, -1.00279, 3.50624, 3.15211, 0.193059, -0.190922, 8.24112e-06, 0.0029278, 4.17966e-05
17161, 1.72605, 1.68409, 0.093691, 0.46, -0.971229, 2.80149, 3.15562, 0.186601, -0.189038, 8.24112e-06, -0.00333947, 4.17966e-05
17171, 1.65007, 1.56704, 0.0904696, 0.47, -0.939673, 2.80499, 3.15562, 0.186601, -0.187696, 8.24112e-06, -0.00150038, 4.17966e-05
17181, 1.33097, 1.48081, 0.0889884, 0.48, -0.908117, 3.14861, 3.15211, 0.187855, -0.187079, 8.24112e-06, 0.00106443, 4.17966e-05
17190, 1.21814, 1.64636, 0.0871198, 0.49, -0.880067, 3.15912, 2.80499, 0.186601, -0.1863, 8.24112e-06, 0.000411972, 4.17966e-05
17201, 1.42099, 1.61263, 0.0866023, 0.5, -0.852017, 2.80499, 2.80499, 0.187855, -0.186084, 8.24112e-06, 0.00242665, 4.17966e-05
17211, 1.29127, 1.2172, 0.0706554, 0.51, -0.823967, 2.45437, 2.80149, 0.163829, -0.17944, 8.24112e-06, -0.0213897, 4.17966e-05
17221, 0.97617, 1.13428, 0.0709186, 0.52, -0.795917, 2.80499, 2.80499, 0.181755, -0.179549, 8.24112e-06, 0.00302136, 4.17966e-05
17230, 1.19406, 1.34269, 0.0718753, 0.53, -0.771373, 2.45437, 2.45437, 0.182941, -0.179948, 8.24112e-06, 0.00410059, 4.17966e-05
17241, 1.1586, 1.3072, 0.0717876, 0.54, -0.74683, 2.45086, 2.45086, 0.181755, -0.179911, 8.24112e-06, 0.00252527, 4.17966e-05
17251, 1.41739, 1.55678, 0.0724942, 0.55, -0.725792, 2.10374, 2.10374, 0.182941, -0.180206, 8.24112e-06, 0.00374721, 4.17966e-05
17261, 1.08819, 1.23825, 0.0699834, 0.56, -0.701248, 2.45437, 2.45437, 0.178292, -0.17916, 8.24112e-06, -0.00118908, 4.17966e-05
17271, 0.983538, 1.40995, 0.0674666, 0.57, -0.680211, 2.45437, 2.10024, 0.177169, -0.178111, 8.24112e-06, -0.00129125, 4.17966e-05
17281, 1.18461, 1.1032, 0.0664021, 0.58, -0.659173, 2.10374, 2.45437, 0.178292, -0.177668, 8.24112e-06, 0.000855491, 4.17966e-05
17291, 1.15706, 1.57374, 0.0656438, 0.59, -0.638136, 2.10024, 1.74961, 0.178292, -0.177352, 8.24112e-06, 0.0012884, 4.17966e-05
17301, 1.38948, 1.30084, 0.0643754, 0.6, -0.617099, 1.75312, 2.10374, 0.177169, -0.176823, 8.24112e-06, 0.000473529, 4.17966e-05
17311, 1.13058, 1.27671, 0.0642001, 0.61, -0.599567, 2.10374, 2.10374, 0.178292, -0.17675, 8.24112e-06, 0.0021126, 4.17966e-05
17320, 1.0892, 1.50771, 0.063347, 0.62, -0.57853, 2.10374, 1.75312, 0.177169, -0.176395, 8.24112e-06, 0.00106063, 4.17966e-05
17331, 1.05319, 1.2462, 0.0627393, 0.63, -0.557492, 2.10024, 2.10024, 0.177169, -0.176141, 8.24112e-06, 0.00140756, 4.17966e-05
17341, 0.979243, 1.17375, 0.0608788, 0.64, -0.536455, 2.10374, 2.10374, 0.174967, -0.175366, 8.24112e-06, -0.000547126, 4.17966e-05
17351, 1.17959, 1.09504, 0.0588538, 0.65, -0.515418, 1.74961, 2.10024, 0.173888, -0.174522, 8.24112e-06, -0.000869706, 4.17966e-05
17360, 0.865741, 1.28875, 0.0574114, 0.66, -0.497886, 2.10374, 1.75312, 0.173888, -0.173921, 8.24112e-06, -4.62085e-05, 4.17966e-05
17371, 1.05978, 1.24937, 0.0556933, 0.67, -0.480355, 1.74961, 1.74961, 0.172823, -0.173206, 8.24112e-06, -0.000524685, 4.17966e-05
17381, 0.970273, 1.1624, 0.0524509, 0.68, -0.462824, 1.75312, 1.75312, 0.169709, -0.171855, 8.24112e-06, -0.00293931, 4.17966e-05
17391, 0.895674, 0.81773, 0.0501413, 0.69, -0.445293, 1.74961, 2.10024, 0.169709, -0.170892, 8.24112e-06, -0.00162074, 4.17966e-05
17401, 0.822877, 0.972139, 0.048496, 0.7, -0.424255, 1.75312, 1.75312, 0.169709, -0.170207, 8.24112e-06, -0.000681475, 4.17966e-05
17411, 1.03788, 1.17926, 0.0473241, 0.71, -0.41023, 1.4025, 1.4025, 0.169709, -0.169718, 8.24112e-06, -1.24127e-05, 4.17966e-05
17421, 1.02177, 1.16379, 0.0464893, 0.72, -0.396205, 1.4025, 1.4025, 0.169709, -0.169371, 8.24112e-06, 0.000464186, 4.17966e-05
17431, 0.727674, 0.878906, 0.0458946, 0.73, -0.378674, 1.75312, 1.75312, 0.169709, -0.169123, 8.24112e-06, 0.000803664, 4.17966e-05
17441, 0.672812, 0.826994, 0.045471, 0.74, -0.364649, 1.74961, 1.74611, 0.169709, -0.168946, 8.24112e-06, 0.0010455, 4.17966e-05
17451, 0.894572, 1.03805, 0.0451693, 0.75, -0.347118, 1.4025, 1.4025, 0.169709, -0.168821, 8.24112e-06, 0.00121775, 4.17966e-05
17461, 1.16825, 1.30304, 0.0449543, 0.76, -0.336599, 1.04837, 1.04837, 0.169709, -0.168731, 8.24112e-06, 0.00134046, 4.17966e-05
17471, 0.859901, 1.0056, 0.0422275, 0.77, -0.322574, 1.4025, 1.4025, 0.16574, -0.167595, 8.24112e-06, -0.00254159, 4.17966e-05
17481, 0.796742, 0.6749, 0.0402852, 0.78, -0.308549, 1.4025, 1.74961, 0.16574, -0.166785, 8.24112e-06, -0.00143269, 4.17966e-05
17490, 0.461734, 0.842248, 0.0389015, 0.79, -0.291018, 1.74961, 1.4025, 0.16574, -0.166209, 8.24112e-06, -0.000642791, 4.17966e-05
17501, 0.643682, 1.0643, 0.037916, 0.8, -0.280499, 1.39899, 1.04837, 0.16574, -0.165798, 8.24112e-06, -8.01235e-05, 4.17966e-05
17511, 0.871654, 1.06097, 0.0372139, 0.81, -0.269981, 1.05187, 1.04837, 0.16574, -0.165506, 8.24112e-06, 0.000320688, 4.17966e-05
17521, 0.869448, 1.05688, 0.0367138, 0.82, -0.259462, 1.05187, 1.05187, 0.16574, -0.165297, 8.24112e-06, 0.000606194, 4.17966e-05
17530, 1.14925, 0.784718, 0.0363576, 0.83, -0.245437, 0.701248, 1.4025, 0.16574, -0.165149, 8.24112e-06, 0.000809565, 4.17966e-05
17541, 0.637286, 0.742138, 0.0361038, 0.84, -0.231412, 1.39899, 1.39899, 0.16574, -0.165043, 8.24112e-06, 0.000954434, 4.17966e-05
17551, 0.605518, 0.98185, 0.0365544, 0.85, -0.220893, 1.4025, 1.05187, 0.166713, -0.165231, 8.24112e-06, 0.00203127, 4.17966e-05
17561, 0.500087, 1.1961, 0.0337959, 0.86, -0.213881, 1.4025, 0.701248, 0.161964, -0.164082, 8.24112e-06, -0.00290142, 4.17966e-05
17571, 0.463295, 0.707171, 0.0226334, 0.87, -0.203362, 1.04837, 1.04837, 0.147779, -0.159431, 8.24112e-06, -0.015965, 4.17966e-05
17581, 0.723784, 0.41457, 0.0238796, 0.88, -0.189337, 0.701248, 1.4025, 0.161964, -0.15995, 8.24112e-06, 0.00275975, 4.17966e-05
17591, 0.736647, 0.607134, 0.0241738, 0.89, -0.178818, 0.697742, 1.04837, 0.161049, -0.160072, 8.24112e-06, 0.00133763, 4.17966e-05
17601, 0.757861, 0.853699, 0.0249768, 0.9, -0.171806, 0.701248, 0.701248, 0.161964, -0.160407, 8.24112e-06, 0.00213335, 4.17966e-05
17611, 0.498504, 0.874408, 0.0255488, 0.91, -0.164793, 1.05187, 0.701248, 0.161964, -0.160645, 8.24112e-06, 0.0018068, 4.17966e-05
17620, 0.472064, 0.624505, 0.0259563, 0.92, -0.154275, 1.05187, 1.04837, 0.161964, -0.160815, 8.24112e-06, 0.00157417, 4.17966e-05
17631, 0.447202, 0.597076, 0.0262466, 0.93, -0.143756, 1.04837, 1.04837, 0.161964, -0.160936, 8.24112e-06, 0.00140846, 4.17966e-05
17641, 0.696814, 0.56612, 0.0264533, 0.94, -0.136743, 0.701248, 1.05187, 0.161964, -0.161022, 8.24112e-06, 0.00129043, 4.17966e-05
17651, 0.713512, 1.08031, 0.0266006, 0.95, -0.129731, 0.701248, 0.350624, 0.161964, -0.161084, 8.24112e-06, 0.00120635, 4.17966e-05
17660, 1.01027, 0.870616, 0.0267055, 0.96, -0.122718, 0.350624, 0.701248, 0.161964, -0.161127, 8.24112e-06, 0.00114645, 4.17966e-05
17671, 0.457351, 0.562726, 0.0244487, 0.97, -0.115706, 1.04837, 1.04837, 0.158368, -0.160187, 8.24112e-06, -0.00249223, 4.17966e-05
17681, 0.165204, 0.550185, 0.0140567, 0.98, -0.105187, 1.04837, 0.697742, 0.14482, -0.155857, 8.24112e-06, -0.0151227, 4.17966e-05
17691, 0.100776, 0.531088, 0.014873, 0.99, -0.0981748, 1.05187, 0.701248, 0.157496, -0.156197, 8.24112e-06, 0.0017792, 4.17966e-05
17700, 0.610949, 0.796988, 0.01602, 1, -0.0946685, 0.350624, 0.350624, 0.158368, -0.156675, 8.24112e-06, 0.00231966, 4.17966e-05
17711, 0.928892, 0.562079, 0.0168371, 1.01, -0.087656, 0, 0.701248, 0.158368, -0.157015, 8.24112e-06, 0.0018532, 4.17966e-05
17721, 0.437831, 0.542912, 0.0168535, 1.02, -0.0806436, 0.697742, 0.694236, 0.157496, -0.157022, 8.24112e-06, 0.000648513, 4.17966e-05
17731, 0.424558, 0.52703, 0.0174308, 1.03, -0.0736311, 0.701248, 0.701248, 0.158368, -0.157263, 8.24112e-06, 0.00151426, 4.17966e-05
17741, 0.411893, 0.516771, 0.017842, 1.04, -0.0666186, 0.701248, 0.697742, 0.158368, -0.157434, 8.24112e-06, 0.00127949, 4.17966e-05
17751, 0.400796, 0.772122, 0.018135, 1.05, -0.0631124, 0.697742, 0.350624, 0.158368, -0.157556, 8.24112e-06, 0.00111225, 4.17966e-05
17761, 0.38647, 0.534025, 0.0183436, 1.06, -0.0560999, 0.697742, 0.697742, 0.158368, -0.157643, 8.24112e-06, 0.000993118, 4.17966e-05
17771, 0.649212, 0.787975, 0.0184923, 1.07, -0.0525936, 0.350624, 0.350624, 0.158368, -0.157705, 8.24112e-06, 0.000908256, 4.17966e-05
17781, 0.695895, 0.559606, 0.0191706, 1.08, -0.0455811, 0.347118, 0.701248, 0.159251, -0.157988, 8.24112e-06, 0.00173065, 4.17966e-05
17790, 0.443814, 0.816223, 0.0190813, 1.09, -0.0420749, 0.697742, 0.347118, 0.158368, -0.157951, 8.24112e-06, 0.000571966, 4.17966e-05
17801, 0.423836, 0.570508, 0.0190178, 1.1, -0.0350624, 0.701248, 0.701248, 0.158368, -0.157924, 8.24112e-06, 0.00060825, 4.17966e-05
17811, 0.196245, 0.621253, 0.0101881, 1.11, -0.0315562, 0.697742, 0.347118, 0.14482, -0.154245, 8.24112e-06, -0.0129142, 4.17966e-05
17821, 0.483536, 0.397653, 0.0126829, 1.12, -0.0245437, 0.350624, 0.704755, 0.158368, -0.155285, 8.24112e-06, 0.00422482, 4.17966e-05
17830, 0.811525, 0.671927, 0.01446, 1.13, -0.0210375, 0, 0.350624, 0.158368, -0.156025, 8.24112e-06, 0.00321028, 4.17966e-05
17841, 0.621832, 0.715825, 0.0157259, 1.14, -0.0175312, 0.347118, 0.347118, 0.158368, -0.156552, 8.24112e-06, 0.0024876, 4.17966e-05
17851, 0.0996222, 0.482197, 0.0166276, 1.15, -0.0105187, 1.04837, 0.697742, 0.158368, -0.156928, 8.24112e-06, 0.00197281, 4.17966e-05
17861, 0.321667, 0.740939, 0.0172699, 1.16, -0.00701248, 0.701248, 0.350624, 0.158368, -0.157196, 8.24112e-06, 0.00160612, 4.17966e-05
17870, 0.538897, 0.724781, 0.0155043, 1.17, -0.00350624, 0.347118, 0.347118, 0.154939, -0.15646, 8.24112e-06, -0.00208384, 4.17966e-05
17881, 0.802152, 0.436844, 0.0142466, 1.18, 0.00350624, 0, 0.701248, 0.154939, -0.155936, 8.24112e-06, -0.00136583, 4.17966e-05
17891, 0.559208, 0.655, 0.0133507, 1.19, 0.00701248, 0.347118, 0.347118, 0.154939, -0.155563, 8.24112e-06, -0.000854373, 4.17966e-05
17901, 0.267947, 0.64481, 0.0127126, 1.2, 0.0105187, 0.701248, 0.350624, 0.154939, -0.155297, 8.24112e-06, -0.00049004, 4.17966e-05
17911, 0.228829, 0.379751, 0.012804, 1.21, 0.0175312, 0.701248, 0.701248, 0.155781, -0.155335, 8.24112e-06, 0.000611603, 4.17966e-05
17921, 0.253098, 0.401981, 0.00392464, 1.22, 0.0210375, 0.350624, 0.350624, 0.141986, -0.151635, 8.24112e-06, -0.0132208, 4.17966e-05
17931, 0.553557, 0.42037, 0.0059981, 1.23, 0.0245437, 0, 0.350624, 0.154939, -0.152499, 8.24112e-06, 0.00334322, 4.17966e-05
17941, 0.332638, 0.435687, 0.0074751, 1.24, 0.0280499, 0.350624, 0.347118, 0.154939, -0.153115, 8.24112e-06, 0.00250001, 4.17966e-05
17951, 0.62241, 0.713638, 0.00852721, 1.25, 0.0280499, 0, 0, 0.154939, -0.153553, 8.24112e-06, 0.00189936, 4.17966e-05
17960, 0.113378, 0.49602, 0.00927662, 1.26, 0.0315562, 0.701248, 0.347118, 0.154939, -0.153865, 8.24112e-06, 0.00147152, 4.17966e-05
17971, 0.35467, 0.499924, 0.00981048, 1.27, 0.0350624, 0.347118, 0.347118, 0.154939, -0.154088, 8.24112e-06, 0.00116675, 4.17966e-05
17981, 0.635065, 0.499619, 0.0101907, 1.28, 0.0385687, 0, 0.350624, 0.154939, -0.154246, 8.24112e-06, 0.000949651, 4.17966e-05
17991, 0.401525, 0.772245, 0.0104616, 1.29, 0.0385687, 0.350624, 0, 0.154939, -0.154359, 8.24112e-06, 0.000795007, 4.17966e-05
18000, 0.682306, 0.818242, 0.0106546, 1.3, 0.0385687, 0, 0, 0.154939, -0.154439, 8.24112e-06, 0.000684857, 4.17966e-05
18011, 0.44737, 0.594685, 0.010792, 1.31, 0.0420749, 0.350624, 0.347118, 0.154939, -0.154497, 8.24112e-06, 0.000606388, 4.17966e-05
18021, 0.4627, 0.335447, 0.011436, 1.32, 0.0490874, 0.347118, 0.697742, 0.155781, -0.154765, 8.24112e-06, 0.00139262, 4.17966e-05
18031, 0.457703, 0.828209, 0.0113486, 1.33, 0.0490874, 0.350624, 0, 0.154939, -0.154729, 8.24112e-06, 0.000288621, 4.17966e-05
18041, 0.455315, 0.599996, 0.0112864, 1.34, 0.0525936, 0.350624, 0.350624, 0.154939, -0.154703, 8.24112e-06, 0.00032413, 4.17966e-05
18051, 0.453114, 0.597829, 0.0112421, 1.35, 0.0560999, 0.350624, 0.350624, 0.154939, -0.154684, 8.24112e-06, 0.000349432, 4.17966e-05
18061, 0.453852, 0.598504, 0.0112106, 1.36, 0.0596061, 0.347118, 0.347118, 0.154939, -0.154671, 8.24112e-06, 0.000367448, 4.17966e-05
18071, 0.449534, 0.59429, 0.0111881, 1.37, 0.0631124, 0.350624, 0.350624, 0.154939, -0.154662, 8.24112e-06, 0.000380278, 4.17966e-05
18081, 0.728128, 0.864131, 0.011172, 1.38, 0.0631124, 0, 0, 0.154939, -0.154655, 8.24112e-06, 0.000389427, 4.17966e-05
18091, 0.491634, 0.639128, 0.0111606, 1.39, 0.0666186, 0.350624, 0.347118, 0.154939, -0.15465, 8.24112e-06, 0.000395939, 4.17966e-05
18101, 0.492617, 0.637771, 0.0111525, 1.4, 0.0701248, 0.347118, 0.347118, 0.154939, -0.154647, 8.24112e-06, 0.000400588, 4.17966e-05
18111, 0.488474, 0.63372, 0.0111467, 1.41, 0.0736311, 0.350624, 0.350624, 0.154939, -0.154644, 8.24112e-06, 0.000403881, 4.17966e-05
18121, 0.486694, 0.631943, 0.0111426, 1.42, 0.0771373, 0.350624, 0.350624, 0.154939, -0.154643, 8.24112e-06, 0.000406235, 4.17966e-05
18130, 0.484926, 0.630178, 0.0111397, 1.43, 0.0806436, 0.350624, 0.350624, 0.154939, -0.154642, 8.24112e-06, 0.000407919, 4.17966e-05
18141, 0.485972, 0.631137, 0.0111376, 1.44, 0.0841498, 0.347118, 0.347118, 0.154939, -0.154641, 8.24112e-06, 0.000409111, 4.17966e-05
18151, 0.289231, 0.440505, 0.00318958, 1.45, 0.087656, 0.350624, 0.350624, 0.142683, -0.151329, 8.24112e-06, -0.0118461, 4.17966e-05
18161, 0.311404, 0.460948, 0.00547453, 1.46, 0.0911623, 0.350624, 0.350624, 0.154939, -0.152281, 8.24112e-06, 0.00364214, 4.17966e-05
18170, 0.607198, 0.746743, 0.00710213, 1.47, 0.0911623, 0, 0, 0.154939, -0.152959, 8.24112e-06, 0.00271294, 4.17966e-05
18181, 0.38576, 0.533105, 0.00826153, 1.48, 0.0946685, 0.347118, 0.347118, 0.154939, -0.153442, 8.24112e-06, 0.00205104, 4.17966e-05
18191, 0.338875, 0.487288, 0.0069653, 1.49, 0.0981748, 0.350624, 0.350624, 0.151666, -0.152902, 8.24112e-06, -0.00169337, 4.17966e-05
18201, 0.578737, 0.719084, 0.00604198, 1.5, 0.0981748, 0, 0, 0.151666, -0.152517, 8.24112e-06, -0.00116624, 4.17966e-05
18210, 0.638185, 0.50569, 0.00750636, 1.51, 0.101681, 0, 0.350624, 0.154939, -0.153128, 8.24112e-06, 0.00248218, 4.17966e-05
18221, 0.415531, 0.785812, 0.00854949, 1.52, 0.101681, 0.347118, 0, 0.154939, -0.153562, 8.24112e-06, 0.00188665, 4.17966e-05
18231, 0.419223, 0.837149, 0.00929253, 1.53, 0.101681, 0.350624, 0, 0.154939, -0.153872, 8.24112e-06, 0.00146244, 4.17966e-05
18241, 0.374385, 0.567558, 0.00769973, 1.54, 0.105187, 0.347118, 0.347118, 0.151666, -0.153208, 8.24112e-06, -0.00211264, 4.17966e-05
18251, 0.60969, 0.248859, 0.00656512, 1.55, 0.1122, 0, 0.704755, 0.151666, -0.152735, 8.24112e-06, -0.0014649, 4.17966e-05
18260, 0.151278, 0.531323, -0.00184718, 1.56, 0.1122, 0.350624, 0, 0.139938, -0.14923, 8.24112e-06, -0.0127314, 4.17966e-05
18271, 0.417668, 0.561854, -0.000235391, 1.57, 0.1122, 0, 0, 0.151666, -0.149902, 8.24112e-06, 0.0024175, 4.17966e-05
18281, -0.0616566, 0.100197, -0.00839843, 1.58, 0.115706, 0.350624, 0.347118, 0.137306, -0.146501, 8.24112e-06, -0.0125987, 4.17966e-05
18291, 0.224454, 0.372634, -0.00490204, 1.59, 0.115706, 0, 0, 0.151666, -0.147957, 8.24112e-06, 0.00508168, 4.17966e-05
18300, -0.0122925, 0.142679, -0.00241145, 1.6, 0.119212, 0.347118, 0.347118, 0.151666, -0.148995, 8.24112e-06, 0.00365981, 4.17966e-05
18311, 0.253449, 0.398398, -0.000637364, 1.61, 0.119212, 0, 0, 0.151666, -0.149734, 8.24112e-06, 0.00264698, 4.17966e-05
18321, 0.281559, 0.694567, 0.000626385, 1.62, 0.115706, 0, -0.347118, 0.151666, -0.150261, 8.24112e-06, 0.00192551, 4.17966e-05
18331, 0.586365, 0.494578, 0.00152661, 1.63, 0.115706, -0.350624, 0, 0.151666, -0.150636, 8.24112e-06, 0.00141159, 4.17966e-05
18340, 0.373323, 0.243955, 0.00216787, 1.64, 0.119212, 0, 0.350624, 0.151666, -0.150903, 8.24112e-06, 0.0010455, 4.17966e-05
18351, 0.11249, 0.489147, 0.00262463, 1.65, 0.119212, 0.350624, 0, 0.151666, -0.151094, 8.24112e-06, 0.000784725, 4.17966e-05
18361, 0.378059, 0.519437, 0.00347142, 1.66, 0.119212, 0, 0, 0.152471, -0.151446, 8.24112e-06, 0.00140317, 4.17966e-05
18371, 0.3938, 0.535116, 0.00355318, 1.67, 0.119212, 0, 0, 0.151666, -0.15148, 8.24112e-06, 0.000254616, 4.17966e-05
18380, 0.409296, 0.550568, 0.00361143, 1.68, 0.119212, 0, 0, 0.151666, -0.151505, 8.24112e-06, 0.000221357, 4.17966e-05
18391, 0.424616, 0.565857, 0.00365292, 1.69, 0.119212, 0, 0, 0.151666, -0.151522, 8.24112e-06, 0.000197679, 4.17966e-05
18401, 0.162118, 0.312014, 0.00368249, 1.7, 0.122718, 0.347118, 0.347118, 0.151666, -0.151534, 8.24112e-06, 0.000180796, 4.17966e-05
18411, 0.409516, 0.550718, 0.00370356, 1.71, 0.122718, 0, 0, 0.151666, -0.151543, 8.24112e-06, 0.000168771, 4.17966e-05
18421, 0.424559, 0.565749, 0.00371854, 1.72, 0.122718, 0, 0, 0.151666, -0.151549, 8.24112e-06, 0.000160202, 4.17966e-05
18430, 0.439557, 0.580739, 0.00372924, 1.73, 0.122718, 0, 0, 0.151666, -0.151554, 8.24112e-06, 0.000154108, 4.17966e-05
18441, 0.176827, 0.326682, 0.00373682, 1.74, 0.126225, 0.347118, 0.347118, 0.151666, -0.151557, 8.24112e-06, 0.000149772, 4.17966e-05
18451, 0.411564, 0.553127, 0.0032267, 1.75, 0.126225, 0, 0, 0.150871, -0.151344, 8.24112e-06, -0.000648424, 4.17966e-05
18461, 0.428042, 0.56949, 0.00337887, 1.76, 0.126225, 0, 0, 0.151666, -0.151408, 8.24112e-06, 0.000354126, 4.17966e-05
18470, 0.444062, 0.585428, 0.00348727, 1.77, 0.126225, 0, 0, 0.151666, -0.151453, 8.24112e-06, 0.000292256, 4.17966e-05
18481, 0.179257, 0.332048, 0.00356448, 1.78, 0.129731, 0.350624, 0.347118, 0.151666, -0.151485, 8.24112e-06, 0.000248164, 4.17966e-05
18491, 0.454783, 0.595713, 0.00466833, 1.79, 0.129731, 0, 0, 0.153284, -0.151945, 8.24112e-06, 0.00183441, 4.17966e-05
18501, 0.272074, 0.419291, -0.00363171, 1.8, 0.129731, 0, 0, 0.13927, -0.148487, 8.24112e-06, -0.0126285, 4.17966e-05
18510, 0.0286979, 0.185789, -0.00150658, 1.81, 0.133237, 0.350624, 0.347118, 0.151666, -0.149372, 8.24112e-06, 0.00314322, 4.17966e-05
18521, 0.294062, 0.438982, 7.22408e-06, 1.82, 0.133237, 0, 0, 0.151666, -0.150003, 8.24112e-06, 0.002279, 4.17966e-05
18531, 0.320232, 0.464335, 0.00108554, 1.83, 0.133237, 0, 0, 0.151666, -0.150452, 8.24112e-06, 0.00166339, 4.17966e-05
18541, 0.343157, 0.486677, 0.00185369, 1.84, 0.133237, 0, 0, 0.151666, -0.150772, 8.24112e-06, 0.00122486, 4.17966e-05
18550, 0.363768, 0.506874, 0.00240083, 1.85, 0.133237, 0, 0, 0.151666, -0.151, 8.24112e-06, 0.000912488, 4.17966e-05
18561, 0.382732, 0.525543, 0.00279057, 1.86, 0.133237, 0, 0, 0.151666, -0.151163, 8.24112e-06, 0.000689983, 4.17966e-05
18571, 0.400523, 0.543124, 0.0030682, 1.87, 0.133237, 0, 0, 0.151666, -0.151278, 8.24112e-06, 0.000531495, 4.17966e-05
18581, 0.417479, 0.55993, 0.00326597, 1.88, 0.133237, 0, 0, 0.151666, -0.151361, 8.24112e-06, 0.000418589, 4.17966e-05
18591, 0.433839, 0.576183, 0.00340683, 1.89, 0.133237, 0, 0, 0.151666, -0.15142, 8.24112e-06, 0.000338167, 4.17966e-05
18600, 0.462416, 0.604289, 0.00402861, 1.9, 0.133237, 0, 0, 0.152471, -0.151679, 8.24112e-06, 0.00108507, 4.17966e-05
18611, 0.198785, 0.349396, 0.00395007, 1.91, 0.136743, 0.347118, 0.347118, 0.151666, -0.151646, 8.24112e-06, 2.80291e-05, 4.17966e-05
18621, -0.0194638, 0.408771, -0.00370996, 1.92, 0.136743, 0.350624, 0, 0.139938, -0.148454, 8.24112e-06, -0.011668, 4.17966e-05
18631, 0.252534, 0.444504, -0.0015623, 1.93, 0.136743, 0, 0, 0.151666, -0.149349, 8.24112e-06, 0.00317504, 4.17966e-05
18640, 0.27093, 0.193116, -0.000547993, 1.94, 0.14025, 0, 0.347118, 0.150871, -0.149772, 8.24112e-06, 0.00150655, 4.17966e-05
18651, 0.298771, 0.443632, 0.000690043, 1.95, 0.14025, 0, 0, 0.151666, -0.150288, 8.24112e-06, 0.00188917, 4.17966e-05
18661, 0.322886, 0.467079, 0.00157195, 1.96, 0.14025, 0, 0, 0.151666, -0.150655, 8.24112e-06, 0.0013857, 4.17966e-05
18671, 0.344346, 0.488063, 0.00220016, 1.97, 0.14025, 0, 0, 0.151666, -0.150917, 8.24112e-06, 0.00102706, 4.17966e-05
18680, 0.363914, 0.507292, 0.00264763, 1.98, 0.14025, 0, 0, 0.151666, -0.151103, 8.24112e-06, 0.000771597, 4.17966e-05
18691, 0.382136, 0.525272, 0.00296638, 1.99, 0.14025, 0, 0, 0.151666, -0.151236, 8.24112e-06, 0.000589624, 4.17966e-05
18701, 0.399398, 0.542362, 0.00319344, 2, 0.14025, 0, 0, 0.151666, -0.151331, 8.24112e-06, 0.000459999, 4.17966e-05
18711, 0.415977, 0.558819, 0.00335519, 2.01, 0.14025, 0, 0, 0.151666, -0.151398, 8.24112e-06, 0.000367656, 4.17966e-05
18720, 0.432068, 0.574823, 0.00347039, 2.02, 0.14025, 0, 0, 0.151666, -0.151446, 8.24112e-06, 0.000301883, 4.17966e-05
18731, 0.179954, 0.333735, 0.00407388, 2.03, 0.143756, 0.350624, 0.347118, 0.152471, -0.151697, 8.24112e-06, 0.00105923, 4.17966e-05
18741, 0.42852, 0.571346, 0.00398233, 2.04, 0.143756, 0, 0, 0.151666, -0.151659, 8.24112e-06, 9.61125e-06, 4.17966e-05
18751, 0.442724, 0.585599, 0.00391713, 2.05, 0.143756, 0, 0, 0.151666, -0.151632, 8.24112e-06, 4.68343e-05, 4.17966e-05
18761, 0.17943, 0.331018, 0.00387068, 2.06, 0.147262, 0.347118, 0.347118, 0.151666, -0.151613, 8.24112e-06, 7.33584e-05, 4.17966e-05
18770, 0.426261, 0.569196, 0.0038376, 2.07, 0.147262, 0, 0, 0.151666, -0.151599, 8.24112e-06, 9.22531e-05, 4.17966e-05
18781, 0.440901, 0.583853, 0.00381403, 2.08, 0.147262, 0, 0, 0.151666, -0.151589, 8.24112e-06, 0.000105694, 4.17966e-05
18791, 0.175111, 0.32956, 0.00379722, 2.09, 0.150768, 0.350624, 0.347118, 0.151666, -0.151582, 8.24112e-06, 0.00011529, 4.17966e-05
18801, 0.42451, 0.567943, 0.00378528, 2.1, 0.150768, 0, 0, 0.151666, -0.151577, 8.24112e-06, 0.000122115, 4.17966e-05
18810, 0.439307, 0.582747, 0.00377676, 2.11, 0.150768, 0, 0, 0.151666, -0.151574, 8.24112e-06, 0.000126973, 4.17966e-05
18821, 0.17363, 0.328557, 0.00377069, 2.12, 0.154275, 0.350624, 0.347118, 0.151666, -0.151571, 8.24112e-06, 0.000130445, 4.17966e-05
18831, 0.43575, 0.579261, 0.00428782, 2.13, 0.154275, 0, 0, 0.152471, -0.151787, 8.24112e-06, 0.000937104, 4.17966e-05
18841, 0.461674, 0.604906, 0.00465614, 2.14, 0.154275, 0, 0, 0.152471, -0.15194, 8.24112e-06, 0.000726819, 4.17966e-05
18851, 0.196155, 0.348261, 0.00439707, 2.15, 0.157781, 0.347118, 0.347118, 0.151666, -0.151832, 8.24112e-06, -0.000227168, 4.17966e-05
18861, 0.441401, 0.584969, 0.00421253, 2.16, 0.157781, 0, 0, 0.151666, -0.151755, 8.24112e-06, -0.000121817, 4.17966e-05
18871, 0.454912, 0.598579, 0.00408111, 2.17, 0.157781, 0, 0, 0.151666, -0.1517, 8.24112e-06, -4.67747e-05, 4.17966e-05
18881, 0.468818, 0.340823, 0.00398748, 2.18, 0.161287, 0, 0.350624, 0.151666, -0.151661, 8.24112e-06, 6.67572e-06, 4.17966e-05
18891, 0.202507, 0.580934, 0.00392078, 2.19, 0.161287, 0.350624, 0, 0.151666, -0.151634, 8.24112e-06, 4.47482e-05, 4.17966e-05
18900, 0.451534, 0.595359, 0.00387329, 2.2, 0.161287, 0, 0, 0.151666, -0.151614, 8.24112e-06, 7.18683e-05, 4.17966e-05
18911, 0.188371, 0.3409, 0.00383946, 2.21, 0.164793, 0.347118, 0.347118, 0.151666, -0.1516, 8.24112e-06, 9.11802e-05, 4.17966e-05
18921, 0.435297, 0.579166, 0.00381535, 2.22, 0.164793, 0, 0, 0.151666, -0.15159, 8.24112e-06, 0.000104949, 4.17966e-05
18931, 0.450003, 0.593885, 0.00379819, 2.23, 0.164793, 0, 0, 0.151666, -0.151583, 8.24112e-06, 0.000114739, 4.17966e-05
18940, 0.464761, 0.336919, 0.00378596, 2.24, 0.1683, 0, 0.350624, 0.151666, -0.151577, 8.24112e-06, 0.000121728, 4.17966e-05
18951, 0.199057, 0.577592, 0.00377723, 2.25, 0.1683, 0.350624, 0, 0.151666, -0.151574, 8.24112e-06, 0.000126705, 4.17966e-05
18961, 0.170821, 0.592418, 0.00377101, 2.26, 0.1683, 0.347118, 0, 0.151666, -0.151571, 8.24112e-06, 0.000130251, 4.17966e-05
18971, 0.223103, 0.418501, -0.0042709, 2.27, 0.1683, 0, 0, 0.13927, -0.14822, 8.24112e-06, -0.0122636, 4.17966e-05
18980, 0.262152, 0.184067, -0.00196188, 2.28, 0.171806, 0, 0.350624, 0.151666, -0.149183, 8.24112e-06, 0.00340316, 4.17966e-05
18991, 0.294249, 0.44079, -0.000317073, 2.29, 0.171806, 0, 0, 0.151666, -0.149868, 8.24112e-06, 0.00246415, 4.17966e-05
19001, 0.321396, 0.467049, 0.000854552, 2.3, 0.171806, 0, 0, 0.151666, -0.150356, 8.24112e-06, 0.00179526, 4.17966e-05
19011, 0.345015, 0.490037, 0.00168915, 2.31, 0.171806, 0, 0, 0.151666, -0.150704, 8.24112e-06, 0.0013188, 4.17966e-05
19020, 0.366122, 0.510693, 0.00228363, 2.32, 0.171806, 0, 0, 0.151666, -0.150952, 8.24112e-06, 0.000979409, 4.17966e-05
19031, 0.38544, 0.52969, 0.0027071, 2.33, 0.171806, 0, 0, 0.151666, -0.151128, 8.24112e-06, 0.000737652, 4.17966e-05
19041, 0.403482, 0.547503, 0.00300872, 2.34, 0.171806, 0, 0, 0.151666, -0.151254, 8.24112e-06, 0.000565439, 4.17966e-05
19051, 0.420616, 0.564475, 0.00322359, 2.35, 0.171806, 0, 0, 0.151666, -0.151343, 8.24112e-06, 0.000442773, 4.17966e-05
19061, 0.437104, 0.31183, 0.00337665, 2.36, 0.175312, 0, 0.347118, 0.151666, -0.151407, 8.24112e-06, 0.000355393, 4.17966e-05
19070, 0.185272, 0.563634, 0.00400711, 2.37, 0.175312, 0.350624, 0, 0.152471, -0.15167, 8.24112e-06, 0.00109735, 4.17966e-05
19081, 0.434039, 0.577817, 0.00393477, 2.38, 0.175312, 0, 0, 0.151666, -0.151639, 8.24112e-06, 3.67612e-05, 4.17966e-05
19091, 0.448385, 0.592203, 0.00388323, 2.39, 0.175312, 0, 0, 0.151666, -0.151618, 8.24112e-06, 6.6191e-05, 4.17966e-05
19101, -0.00195351, 0.159135, -0.00375756, 2.4, 0.178818, 0.350624, 0.347118, 0.139938, -0.148434, 8.24112e-06, -0.0116408, 4.17966e-05
19110, 0.270187, 0.418614, -0.0015962, 2.41, 0.178818, 0, 0, 0.151666, -0.149335, 8.24112e-06, 0.00319439, 4.17966e-05
19121, 0.301184, 0.448445, -5.66125e-05, 2.42, 0.178818, 0, 0, 0.151666, -0.149976, 8.24112e-06, 0.00231545, 4.17966e-05
19131, 0.327546, 0.473976, 0.00104009, 2.43, 0.178818, 0, 0, 0.151666, -0.150433, 8.24112e-06, 0.00168934, 4.17966e-05
19141, 0.350607, 0.496445, 0.00182129, 2.44, 0.178818, 0, 0, 0.151666, -0.150759, 8.24112e-06, 0.00124335, 4.17966e-05
19150, 0.371316, 0.244999, 0.00237776, 2.45, 0.182325, 0, 0.350624, 0.151666, -0.150991, 8.24112e-06, 0.00092566, 4.17966e-05
19161, 0.109851, 0.489605, 0.00277416, 2.46, 0.182325, 0.350624, 0, 0.151666, -0.151156, 8.24112e-06, 0.000699371, 4.17966e-05
19171, 0.362329, 0.507231, 0.0030565, 2.47, 0.182325, 0, 0, 0.151666, -0.151274, 8.24112e-06, 0.00053817, 4.17966e-05
19181, 0.37932, 0.52407, 0.00325763, 2.48, 0.182325, 0, 0, 0.151666, -0.151357, 8.24112e-06, 0.000423342, 4.17966e-05
19190, 0.395705, 0.540346, 0.0034009, 2.49, 0.182325, 0, 0, 0.151666, -0.151417, 8.24112e-06, 0.00034155, 4.17966e-05
19201, 0.227317, 0.377642, -0.00410113, 2.5, 0.182325, 0, 0, 0.139938, -0.148291, 8.24112e-06, -0.0114446, 4.17966e-05
19211, 0.0606077, -0.0560994, -0.0103074, 2.51, 0.185831, 0, 0.350624, 0.138608, -0.145705, 8.24112e-06, -0.00972378, 4.17966e-05
19221, 0.117827, 0.223927, -0.00626181, 2.52, 0.185831, 0, 0, 0.151666, -0.147391, 8.24112e-06, 0.00585799, 4.17966e-05
19231, 0.162868, 0.266785, -0.00338008, 2.53, 0.185831, 0, 0, 0.151666, -0.148592, 8.24112e-06, 0.0042128, 4.17966e-05
19240, 0.199234, 0.570612, -0.00132734, 2.54, 0.182325, 0, -0.347118, 0.151666, -0.149447, 8.24112e-06, 0.00304089, 4.17966e-05
19251, 0.229421, 0.376078, 0.000134897, 2.55, 0.182325, 0, 0, 0.151666, -0.150056, 8.24112e-06, 0.0022061, 4.17966e-05
19261, 0.255206, 0.129341, 0.00117649, 2.56, 0.185831, 0, 0.350624, 0.151666, -0.15049, 8.24112e-06, 0.00161147, 4.17966e-05
19271, 0.277856, 0.3773, 0.00191842, 2.57, 0.185831, 0, 0, 0.151666, -0.150799, 8.24112e-06, 0.00118789, 4.17966e-05
19280, 0.298273, 0.666333, 0.00244696, 2.58, 0.182325, 0, -0.347118, 0.151666, -0.15102, 8.24112e-06, 0.000886157, 4.17966e-05
19291, 0.317098, 0.46126, 0.00282344, 2.59, 0.182325, 0, 0, 0.151666, -0.151176, 8.24112e-06, 0.000671223, 4.17966e-05
19301, 0.334791, 0.209733, 0.00309162, 2.6, 0.185831, 0, 0.347118, 0.151666, -0.151288, 8.24112e-06, 0.000518128, 4.17966e-05
19311, 0.364316, 0.462332, 0.00380405, 2.61, 0.185831, 0, 0, 0.152471, -0.151585, 8.24112e-06, 0.00121327, 4.17966e-05
19320, 0.101362, 0.477083, 0.00379014, 2.62, 0.185831, 0.347118, 0, 0.151666, -0.151579, 8.24112e-06, 0.000119343, 4.17966e-05
19331, 0.164093, 0.313291, -0.0038239, 2.63, 0.185831, 0, 0, 0.139938, -0.148407, 8.24112e-06, -0.0116029, 4.17966e-05
19341, 0.152638, 0.30172, -0.00367123, 2.64, 0.185831, 0, 0, 0.148539, -0.14847, 8.24112e-06, 9.39369e-05, 4.17966e-05
19351, 0.189881, 0.337344, -0.00153472, 2.65, 0.185831, 0, 0, 0.151666, -0.149361, 8.24112e-06, 0.00315928, 4.17966e-05
19360, 0.220692, 0.367002, -1.28388e-05, 2.66, 0.185831, 0, 0, 0.151666, -0.149995, 8.24112e-06, 0.00229044, 4.17966e-05
19371, 0.246922, 0.392412, 0.00107127, 2.67, 0.185831, 0, 0, 0.151666, -0.150446, 8.24112e-06, 0.00167154, 4.17966e-05
19381, 0.269889, 0.414793, 0.0018435, 2.68, 0.185831, 0, 0, 0.151666, -0.150768, 8.24112e-06, 0.00123067, 4.17966e-05
19391, 0.290531, 0.435019, 0.00239357, 2.69, 0.185831, 0, 0, 0.151666, -0.150997, 8.24112e-06, 0.00091663, 4.17966e-05
19401, 0.309518, 0.453708, 0.00278542, 2.7, 0.185831, 0, 0, 0.151666, -0.151161, 8.24112e-06, 0.000692934, 4.17966e-05
19410, 0.327325, 0.471304, 0.00306455, 2.71, 0.185831, 0, 0, 0.151666, -0.151277, 8.24112e-06, 0.000533581, 4.17966e-05
19421, 0.344291, 0.48812, 0.00326335, 2.72, 0.185831, 0, 0, 0.151666, -0.15136, 8.24112e-06, 0.000420079, 4.17966e-05
19431, 0.360659, 0.50438, 0.00340498, 2.73, 0.185831, 0, 0, 0.151666, -0.151419, 8.24112e-06, 0.000339225, 4.17966e-05
19441, 0.192259, 0.341665, -0.00409824, 2.74, 0.185831, 0, 0, 0.139938, -0.148292, 8.24112e-06, -0.0114463, 4.17966e-05
19450, 0.230787, 0.106748, -0.00183889, 2.75, 0.189337, 0, 0.350624, 0.151666, -0.149234, 8.24112e-06, 0.00333294, 4.17966e-05
19461, 0.262514, 0.363127, -0.00022949, 2.76, 0.189337, 0, 0, 0.151666, -0.149904, 8.24112e-06, 0.00241414, 4.17966e-05
19471, 0.289397, 0.658158, 0.000916922, 2.77, 0.185831, 0, -0.347118, 0.151666, -0.150382, 8.24112e-06, 0.00175965, 4.17966e-05
19481, 0.312828, 0.457357, 0.00173357, 2.78, 0.185831, 0, 0, 0.151666, -0.150722, 8.24112e-06, 0.00129344, 4.17966e-05
19490, 0.333802, 0.208874, 0.00231528, 2.79, 0.189337, 0, 0.347118, 0.151666, -0.150965, 8.24112e-06, 0.000961334, 4.17966e-05
19501, 0.353024, 0.451395, 0.00272963, 2.8, 0.189337, 0, 0, 0.151666, -0.151137, 8.24112e-06, 0.000724778, 4.17966e-05
19511, 0.370998, 0.469146, 0.00302478, 2.81, 0.189337, 0, 0, 0.151666, -0.15126, 8.24112e-06, 0.000556275, 4.17966e-05
19521, 0.388084, 0.486073, 0.00323503, 2.82, 0.189337, 0, 0, 0.151666, -0.151348, 8.24112e-06, 0.000436246, 4.17966e-05
19531, 0.126843, 0.502412, 0.0033848, 2.83, 0.189337, 0.347118, 0, 0.151666, -0.15141, 8.24112e-06, 0.000350744, 4.17966e-05
19540, 0.387777, 0.530579, 0.00401291, 2.84, 0.189337, 0, 0, 0.152471, -0.151672, 8.24112e-06, 0.00109404, 4.17966e-05
19551, 0.41453, 0.556993, 0.00446033, 2.85, 0.189337, 0, 0, 0.152471, -0.151858, 8.24112e-06, 0.000838608, 4.17966e-05
19561, 0.427295, 0.298178, 0.00425763, 2.86, 0.192843, 0, 0.350624, 0.151666, -0.151774, 8.24112e-06, -0.000147551, 4.17966e-05
19571, -0.0241705, 0.358954, -0.00349084, 2.87, 0.192843, 0.350624, 0, 0.139938, -0.148545, 8.24112e-06, -0.011793, 4.17966e-05
19580, 0.18606, 0.334877, -0.0039269, 2.88, 0.192843, 0, 0, 0.147779, -0.148364, 8.24112e-06, -0.000801787, 4.17966e-05
19591, 0.174914, 0.323593, -0.00374461, 2.89, 0.192843, 0, 0, 0.148539, -0.14844, 8.24112e-06, 0.000135824, 4.17966e-05
19601, 0.212378, 0.359422, -0.00158697, 2.9, 0.192843, 0, 0, 0.151666, -0.149339, 8.24112e-06, 0.00318913, 4.17966e-05
19611, 0.194189, 0.341606, -0.00207778, 2.91, 0.192843, 0, 0, 0.148539, -0.149134, 8.24112e-06, -0.000815749, 4.17966e-05
19620, 0.177477, 0.325159, -0.00242744, 2.92, 0.192843, 0, 0, 0.148539, -0.148989, 8.24112e-06, -0.000616148, 4.17966e-05
19631, 0.161818, 0.309688, -0.00267649, 2.93, 0.192843, 0, 0, 0.148539, -0.148885, 8.24112e-06, -0.000473961, 4.17966e-05
19641, 0.196067, 0.342535, -0.00082612, 2.94, 0.192843, 0, 0, 0.151666, -0.149656, 8.24112e-06, 0.00275476, 4.17966e-05
19651, 0.224745, 0.370215, 0.000491917, 2.95, 0.192843, 0, 0, 0.151666, -0.150205, 8.24112e-06, 0.00200228, 4.17966e-05
19660, 0.200298, 0.346592, -0.000596952, 2.96, 0.192843, 0, 0, 0.148539, -0.149751, 8.24112e-06, -0.00166117, 4.17966e-05
19671, 0.179129, 0.326011, -0.00137258, 2.97, 0.192843, 0, 0, 0.148539, -0.149428, 8.24112e-06, -0.00121836, 4.17966e-05
19681, 0.0251104, 0.176636, -0.00750142, 2.98, 0.192843, 0, 0, 0.139938, -0.146874, 8.24112e-06, -0.00950342, 4.17966e-05
19691, 0.0247256, 0.175334, -0.00629082, 2.99, 0.192843, 0, 0, 0.148539, -0.147379, 8.24112e-06, 0.00158946, 4.17966e-05
19700, 0.0206964, 0.170651, -0.00542847, 3, 0.192843, 0, 0, 0.148539, -0.147738, 8.24112e-06, 0.00109714, 4.17966e-05
19710, 0.0632287, 0.211182, -0.00278646, 3.01, 0.192843, 0, 0, 0.151666, -0.148839, 8.24112e-06, 0.0038739, 4.17966e-05
19721, 0.0486504, 0.46573, -0.00293223, 3.02, 0.189337, 0, -0.347118, 0.148539, -0.148778, 8.24112e-06, -0.00032796, 4.17966e-05
19731, 0.0345113, 0.228057, -0.00303605, 3.03, 0.189337, 0, 0, 0.148539, -0.148735, 8.24112e-06, -0.000268683, 4.17966e-05
19741, 0.350342, 0.261907, -0.00108225, 3.04, 0.189337, -0.350624, 0, 0.151666, -0.149549, 8.24112e-06, 0.00290099, 4.17966e-05
19750, 0.145153, 0.290303, 0.000309491, 3.05, 0.189337, 0, 0, 0.151666, -0.150129, 8.24112e-06, 0.00210644, 4.17966e-05
19761, 0.170413, 0.314811, 0.00130084, 3.06, 0.189337, 0, 0, 0.151666, -0.150542, 8.24112e-06, 0.00154047, 4.17966e-05
19771, 0.143531, 0.28893, -2.07424e-05, 3.07, 0.189337, 0, 0, 0.148539, -0.149991, 8.24112e-06, -0.00199012, 4.17966e-05
19781, 0.13271, 0.278445, -0.0004637, 3.08, 0.189337, 0, 0, 0.149308, -0.149807, 8.24112e-06, -0.000683933, 4.17966e-05
19790, 0.160297, 0.305113, 0.000750089, 3.09, 0.189337, 0, 0, 0.151666, -0.150313, 8.24112e-06, 0.0018549, 4.17966e-05
19801, 0.184231, 0.328391, 0.00161473, 3.1, 0.189337, 0, 0, 0.151666, -0.150673, 8.24112e-06, 0.00136128, 4.17966e-05
19811, 0.205562, 0.349255, 0.0022306, 3.11, 0.189337, 0, 0, 0.151666, -0.150929, 8.24112e-06, 0.00100967, 4.17966e-05
19821, 0.225038, 0.368399, 0.0026693, 3.12, 0.189337, 0, 0, 0.151666, -0.151112, 8.24112e-06, 0.000759214, 4.17966e-05
19830, 0.243195, 0.386319, 0.00298183, 3.13, 0.189337, 0, 0, 0.151666, -0.151242, 8.24112e-06, 0.000580803, 4.17966e-05
19841, 0.260411, 0.403366, 0.00320445, 3.14, 0.189337, 0, 0, 0.151666, -0.151335, 8.24112e-06, 0.000453711, 4.17966e-05
19851, 0.215848, 0.360593, 0.000842321, 3.15, 0.189337, 0, 0, 0.147779, -0.150351, 8.24112e-06, -0.00352454, 4.17966e-05
19861, 0.190347, 0.335993, -0.000347328, 3.16, 0.189337, 0, 0, 0.148539, -0.149855, 8.24112e-06, -0.00180367, 4.17966e-05
19871, 0.217584, 0.362336, 0.000832987, 3.17, 0.189337, 0, 0, 0.151666, -0.150347, 8.24112e-06, 0.00180757, 4.17966e-05
19880, 0.241268, 0.385383, 0.00167377, 3.18, 0.189337, 0, 0, 0.151666, -0.150697, 8.24112e-06, 0.00132757, 4.17966e-05
19891, 0.262421, 0.406083, 0.00227269, 3.19, 0.189337, 0, 0, 0.151666, -0.150947, 8.24112e-06, 0.000985652, 4.17966e-05
19901, 0.281772, 0.42511, 0.0026993, 3.2, 0.189337, 0, 0, 0.151666, -0.151125, 8.24112e-06, 0.000742093, 4.17966e-05
19911, 0.115497, 0.264365, -0.00460088, 3.21, 0.189337, 0, 0, 0.139938, -0.148083, 8.24112e-06, -0.0111593, 4.17966e-05
19920, -0.0393101, 0.113827, -0.0102344, 3.22, 0.189337, 0, 0, 0.13927, -0.145736, 8.24112e-06, -0.00885902, 4.17966e-05
19931, 0.0176896, 0.167777, -0.00620985, 3.23, 0.189337, 0, 0, 0.151666, -0.147413, 8.24112e-06, 0.00582832, 4.17966e-05
19941, 0.0625737, 0.21049, -0.00334307, 3.24, 0.189337, 0, 0, 0.151666, -0.148607, 8.24112e-06, 0.00419167, 4.17966e-05
19951, 0.0988283, 0.245197, -0.00130098, 3.25, 0.189337, 0, 0, 0.151666, -0.149458, 8.24112e-06, 0.00302584, 4.17966e-05
19960, 0.128936, 0.274203, 0.000153673, 3.26, 0.189337, 0, 0, 0.151666, -0.150064, 8.24112e-06, 0.00219539, 4.17966e-05
19971, 0.154665, 0.299147, 0.00118986, 3.27, 0.189337, 0, 0, 0.151666, -0.150496, 8.24112e-06, 0.00160383, 4.17966e-05
19981, 0.177275, 0.321197, 0.00192797, 3.28, 0.189337, 0, 0, 0.151666, -0.150803, 8.24112e-06, 0.00118245, 4.17966e-05
19991, 0.197663, 0.341187, 0.00245376, 3.29, 0.189337, 0, 0, 0.151666, -0.151022, 8.24112e-06, 0.000882283, 4.17966e-05
20000, 0.16731, 0.312087, 0.000800514, 3.3, 0.189337, 0, 0, 0.148539, -0.150334, 8.24112e-06, -0.00245897, 4.17966e-05
20011, 0.141934, 0.287603, -0.000377119, 3.31, 0.189337, 0, 0, 0.148539, -0.149843, 8.24112e-06, -0.00178666, 4.17966e-05
20021, 0.132187, 0.278114, -0.000717545, 3.32, 0.189337, 0, 0, 0.149308, -0.149701, 8.24112e-06, -0.000539005, 4.17966e-05
20031, 0.160538, 0.30549, 0.000569272, 3.33, 0.189337, 0, 0, 0.151666, -0.150237, 8.24112e-06, 0.00195812, 4.17966e-05
20041, 0.185016, 0.329274, 0.00148591, 3.34, 0.189337, 0, 0, 0.151666, -0.150619, 8.24112e-06, 0.00143482, 4.17966e-05
20050, 0.206735, 0.350498, 0.00213887, 3.35, 0.189337, 0, 0, 0.151666, -0.150891, 8.24112e-06, 0.00106205, 4.17966e-05
20061, 0.226488, 0.369899, 0.002604, 3.36, 0.189337, 0, 0, 0.151666, -0.151085, 8.24112e-06, 0.000796512, 4.17966e-05
20071, 0.244841, 0.388001, 0.0029353, 3.37, 0.189337, 0, 0, 0.151666, -0.151223, 8.24112e-06, 0.000607371, 4.17966e-05
20081, 0.262197, 0.405178, 0.0031713, 3.38, 0.189337, 0, 0, 0.151666, -0.151321, 8.24112e-06, 0.000472635, 4.17966e-05
20090, 0.278843, 0.421696, 0.00333942, 3.39, 0.189337, 0, 0, 0.151666, -0.151391, 8.24112e-06, 0.000376657, 4.17966e-05
20101, 0.294981, 0.437744, 0.00345916, 3.4, 0.189337, 0, 0, 0.151666, -0.151441, 8.24112e-06, 0.00030829, 4.17966e-05
20111, 0.31076, 0.453458, 0.00354445, 3.41, 0.189337, 0, 0, 0.151666, -0.151477, 8.24112e-06, 0.000259593, 4.17966e-05
20121, 0.338922, 0.48118, 0.00412663, 3.42, 0.189337, 0, 0, 0.152471, -0.151719, 8.24112e-06, 0.00102912, 4.17966e-05
20130, 0.365332, 0.507275, 0.00454134, 3.43, 0.189337, 0, 0, 0.152471, -0.151892, 8.24112e-06, 0.000792354, 4.17966e-05
20141, 0.377853, 0.519967, 0.00431532, 3.44, 0.189337, 0, 0, 0.151666, -0.151798, 8.24112e-06, -0.000180483, 4.17966e-05
20151, 0.206713, 0.0856932, -0.00344979, 3.45, 0.192843, 0, 0.347118, 0.139938, -0.148563, 8.24112e-06, -0.0118165, 4.17966e-05
20161, -0.086368, 0.296691, -0.00340472, 3.46, 0.192843, 0.350624, 0, 0.148539, -0.148581, 8.24112e-06, -5.82039e-05, 4.17966e-05
20170, 0.135552, 0.283949, -0.00337265, 3.47, 0.192843, 0, 0, 0.148539, -0.148595, 8.24112e-06, -7.65324e-05, 4.17966e-05
20180, 0.122738, 0.271118, -0.00334979, 3.48, 0.192843, 0, 0, 0.148539, -0.148604, 8.24112e-06, -8.95709e-05, 4.17966e-05
20191, 0.159014, 0.305845, -0.00130574, 3.49, 0.192843, 0, 0, 0.151666, -0.149456, 8.24112e-06, 0.00302857, 4.17966e-05
20201, 0.189136, 0.334864, 0.000150275, 3.5, 0.192843, 0, 0, 0.151666, -0.150063, 8.24112e-06, 0.00219733, 4.17966e-05
20211, 0.165717, 0.312196, -0.000840318, 3.51, 0.192843, 0, 0, 0.148539, -0.14965, 8.24112e-06, -0.00152223, 4.17966e-05
20220, 0.194438, 0.339915, 0.000481832, 3.52, 0.192843, 0, 0, 0.151666, -0.150201, 8.24112e-06, 0.00200805, 4.17966e-05
20231, 0.496874, 0.363944, 0.00142365, 3.53, 0.192843, -0.347118, 0, 0.151666, -0.150593, 8.24112e-06, 0.00147037, 4.17966e-05
20241, 0.286489, 0.385342, 0.00209452, 3.54, 0.192843, 0, 0, 0.151666, -0.150873, 8.24112e-06, 0.00108737, 4.17966e-05
20251, 0.0258765, 0.404866, 0.00257238, 3.55, 0.192843, 0.350624, 0, 0.151666, -0.151072, 8.24112e-06, 0.000814557, 4.17966e-05
20260, 0.241888, 0.387141, 0.00138348, 3.56, 0.192843, 0, 0, 0.149308, -0.150576, 8.24112e-06, -0.00173847, 4.17966e-05
20271, 0.263916, 0.408651, 0.00206591, 3.57, 0.192843, 0, 0, 0.151666, -0.150861, 8.24112e-06, 0.0011037, 4.17966e-05
20281, 0.283889, 0.428256, 0.00255203, 3.58, 0.192843, 0, 0, 0.151666, -0.151063, 8.24112e-06, 0.00082618, 4.17966e-05
20291, 0.253241, 0.398882, 0.000870538, 3.59, 0.192843, 0, 0, 0.148539, -0.150363, 8.24112e-06, -0.00249894, 4.17966e-05
20300, 0.227655, 0.374203, -0.000327229, 3.6, 0.192843, 0, 0, 0.148539, -0.149864, 8.24112e-06, -0.00181514, 4.17966e-05
20311, 0.254832, 0.40049, 0.000847328, 3.61, 0.192843, 0, 0, 0.151666, -0.150353, 8.24112e-06, 0.00179939, 4.17966e-05
20321, 0.229315, 0.375876, -0.000343788, 3.62, 0.192843, 0, 0, 0.148539, -0.149857, 8.24112e-06, -0.00180569, 4.17966e-05
20331, 0.207384, 0.354588, -0.00119222, 3.63, 0.192843, 0, 0, 0.148539, -0.149503, 8.24112e-06, -0.00132132, 4.17966e-05
20341, 0.237164, 0.38329, 0.000231135, 3.64, 0.192843, 0, 0, 0.151666, -0.150096, 8.24112e-06, 0.00215116, 4.17966e-05
20350, 0.26266, 0.408017, 0.00124505, 3.65, 0.192843, 0, 0, 0.151666, -0.150519, 8.24112e-06, 0.00157233, 4.17966e-05
20361, 0.285103, 0.429914, 0.00196728, 3.66, 0.192843, 0, 0, 0.151666, -0.15082, 8.24112e-06, 0.00116001, 4.17966e-05
20371, 0.305373, 0.449794, 0.00248176, 3.67, 0.192843, 0, 0, 0.151666, -0.151034, 8.24112e-06, 0.000866294, 4.17966e-05
20381, 0.324095, 0.468238, 0.00284826, 3.68, 0.192843, 0, 0, 0.151666, -0.151187, 8.24112e-06, 0.000657067, 4.17966e-05
20390, 0.146864, 0.296899, -0.00492818, 3.69, 0.192843, 0, 0, 0.13927, -0.147947, 8.24112e-06, -0.0118883, 4.17966e-05
20401, 0.187891, 0.336033, -0.00243008, 3.7, 0.192843, 0, 0, 0.151666, -0.148987, 8.24112e-06, 0.00367045, 4.17966e-05
20411, 0.221398, 0.368192, -0.000650597, 3.71, 0.192843, 0, 0, 0.151666, -0.149729, 8.24112e-06, 0.00265455, 4.17966e-05
20421, 0.249548, 0.395382, 0.00061698, 3.72, 0.192843, 0, 0, 0.151666, -0.150257, 8.24112e-06, 0.00193089, 4.17966e-05
20430, 0.224725, 0.37141, -0.000507867, 3.73, 0.192843, 0, 0, 0.148539, -0.149788, 8.24112e-06, -0.00171202, 4.17966e-05
20441, 0.203287, 0.35058, -0.00130913, 3.74, 0.192843, 0, 0, 0.148539, -0.149455, 8.24112e-06, -0.00125459, 4.17966e-05
20451, 0.184262, 0.331987, -0.00187987, 3.75, 0.192843, 0, 0, 0.148539, -0.149217, 8.24112e-06, -0.000928745, 4.17966e-05
20461, 0.166955, 0.314988, -0.00228642, 3.76, 0.192843, 0, 0, 0.148539, -0.149047, 8.24112e-06, -0.000696644, 4.17966e-05
20470, 0.20003, 0.346746, -0.000548279, 3.77, 0.192843, 0, 0, 0.151666, -0.149772, 8.24112e-06, 0.00259614, 4.17966e-05
20481, 0.227872, 0.37365, 0.000689864, 3.78, 0.192843, 0, 0, 0.151666, -0.150287, 8.24112e-06, 0.00188929, 4.17966e-05
20491, 0.264627, 0.409342, 0.00209323, 3.79, 0.192843, 0, 0, 0.152471, -0.150872, 8.24112e-06, 0.00218998, 4.17966e-05
20501, 0.23536, 0.381249, 0.000543702, 3.8, 0.192843, 0, 0, 0.148539, -0.150227, 8.24112e-06, -0.00231236, 4.17966e-05
20511, 0.210757, 0.357482, -0.000560045, 3.81, 0.192843, 0, 0, 0.148539, -0.149767, 8.24112e-06, -0.00168222, 4.17966e-05
20520, 0.238635, 0.384419, 0.00068146, 3.82, 0.192843, 0, 0, 0.151666, -0.150284, 8.24112e-06, 0.00189407, 4.17966e-05
20531, 0.213618, 0.360268, -0.000461912, 3.83, 0.192843, 0, 0, 0.148539, -0.149808, 8.24112e-06, -0.00173825, 4.17966e-05
20541, 0.192042, 0.33931, -0.00127637, 3.84, 0.192843, 0, 0, 0.148539, -0.149468, 8.24112e-06, -0.00127327, 4.17966e-05
20551, 0.222077, 0.368248, 0.000171232, 3.85, 0.192843, 0, 0, 0.151666, -0.150071, 8.24112e-06, 0.00218537, 4.17966e-05
20560, 0.198595, 0.345521, -0.000825369, 3.86, 0.192843, 0, 0, 0.148539, -0.149656, 8.24112e-06, -0.00153075, 4.17966e-05
20571, 0.178113, 0.325577, -0.0015353, 3.87, 0.192843, 0, 0, 0.148539, -0.14936, 8.24112e-06, -0.00112547, 4.17966e-05
20581, 0.208927, 0.355237, -1.32322e-05, 3.88, 0.192843, 0, 0, 0.151666, -0.149994, 8.24112e-06, 0.00229068, 4.17966e-05
20591, 0.235158, 0.380648, 0.00107099, 3.89, 0.192843, 0, 0, 0.151666, -0.150446, 8.24112e-06, 0.0016717, 4.17966e-05
20600, 0.221051, 0.367114, 0.000313962, 3.9, 0.192843, 0, 0, 0.149308, -0.150131, 8.24112e-06, -0.0011279, 4.17966e-05
20611, 0.197139, 0.343988, -0.000723732, 3.91, 0.192843, 0, 0, 0.148539, -0.149698, 8.24112e-06, -0.00158879, 4.17966e-05
20621, -0.0002146, 0.152712, -0.00874626, 3.92, 0.192843, 0, 0, 0.137306, -0.146356, 8.24112e-06, -0.0124001, 4.17966e-05
20631, 0.052306, 0.202508, -0.00514977, 3.93, 0.192843, 0, 0, 0.151666, -0.147854, 8.24112e-06, 0.00522313, 4.17966e-05
20640, 0.094, 0.242261, -0.0025879, 3.94, 0.192843, 0, 0, 0.151666, -0.148922, 8.24112e-06, 0.00376056, 4.17966e-05
20651, 0.127982, 0.274861, -0.000763035, 3.95, 0.192843, 0, 0, 0.151666, -0.149682, 8.24112e-06, 0.00271873, 4.17966e-05
20661, 0.15647, 0.302364, 0.000536871, 3.96, 0.192843, 0, 0, 0.151666, -0.150224, 8.24112e-06, 0.00197662, 4.17966e-05
20671, 0.181046, 0.326238, 0.00146284, 3.97, 0.192843, 0, 0, 0.151666, -0.15061, 8.24112e-06, 0.00144799, 4.17966e-05
20681, 0.202834, 0.347527, 0.00212241, 3.98, 0.192843, 0, 0, 0.151666, -0.150884, 8.24112e-06, 0.00107144, 4.17966e-05
20690, 0.222637, 0.366973, 0.00259227, 3.99, 0.192843, 0, 0, 0.151666, -0.15108, 8.24112e-06, 0.000803202, 4.17966e-05
20701, 0.241025, 0.385108, 0.00292693, 4, 0.192843, 0, 0, 0.151666, -0.15122, 8.24112e-06, 0.00061214, 4.17966e-05
20711, 0.209248, 0.354686, 0.00113758, 4.01, 0.192843, 0, 0, 0.148539, -0.150474, 8.24112e-06, -0.00265141, 4.17966e-05
20721, 0.182857, 0.329262, -0.000137007, 4.02, 0.192843, 0, 0, 0.148539, -0.149943, 8.24112e-06, -0.00192374, 4.17966e-05
20730, 0.172387, 0.319102, -0.000546491, 4.03, 0.192843, 0, 0, 0.149308, -0.149772, 8.24112e-06, -0.000636652, 4.17966e-05
20741, 0.200224, 0.346001, 0.000691116, 4.04, 0.192843, 0, 0, 0.151666, -0.150288, 8.24112e-06, 0.00188856, 4.17966e-05
20751, 0.224335, 0.369444, 0.0015727, 4.05, 0.192843, 0, 0, 0.151666, -0.150655, 8.24112e-06, 0.00138527, 4.17966e-05
20761, 0.245793, 0.390426, 0.0022007, 4.06, 0.192843, 0, 0, 0.151666, -0.150917, 8.24112e-06, 0.00102675, 4.17966e-05
20770, 0.26536, 0.409654, 0.00264802, 4.07, 0.192843, 0, 0, 0.151666, -0.151103, 8.24112e-06, 0.000771374, 4.17966e-05
20781, 0.28358, 0.427634, 0.00296667, 4.08, 0.192843, 0, 0, 0.151666, -0.151236, 8.24112e-06, 0.00058946, 4.17966e-05
20791, 0.300842, 0.444723, 0.00319365, 4.09, 0.192843, 0, 0, 0.151666, -0.151331, 8.24112e-06, 0.00045988, 4.17966e-05
20801, 0.31742, 0.461179, 0.00335534, 4.1, 0.192843, 0, 0, 0.151666, -0.151398, 8.24112e-06, 0.000367567, 4.17966e-05
20810, 0.333511, 0.477183, 0.00347049, 4.11, 0.192843, 0, 0, 0.151666, -0.151446, 8.24112e-06, 0.000301823, 4.17966e-05
20820, 0.349256, 0.492865, 0.00355253, 4.12, 0.192843, 0, 0, 0.151666, -0.15148, 8.24112e-06, 0.000254989, 4.17966e-05
20831, 0.364753, 0.508318, 0.00361097, 4.13, 0.192843, 0, 0, 0.151666, -0.151505, 8.24112e-06, 0.000221625, 4.17966e-05
20841, 0.380075, 0.523609, 0.0036526, 4.14, 0.192843, 0, 0, 0.151666, -0.151522, 8.24112e-06, 0.000197858, 4.17966e-05
20851, 0.395271, 0.267049, 0.00368224, 4.15, 0.19635, 0, 0.350624, 0.151666, -0.151534, 8.24112e-06, 0.00018093, 4.17966e-05
20860, 0.21553, 0.319252, -0.00433413, 4.16, 0.19635, 0, 0, 0.13927, -0.148194, 8.24112e-06, -0.0122275, 4.17966e-05
20871, -0.0748882, 0.309107, -0.00403465, 4.17, 0.19635, 0.350624, 0, 0.148539, -0.148319, 8.24112e-06, 0.000301421, 4.17966e-05
20881, 0.148929, 0.298125, -0.00382133, 4.18, 0.19635, 0, 0, 0.148539, -0.148408, 8.24112e-06, 0.000179633, 4.17966e-05
20891, 0.186623, 0.334168, -0.00164165, 4.19, 0.19635, 0, 0, 0.151666, -0.149316, 8.24112e-06, 0.00322033, 4.17966e-05
20900, 0.168599, 0.316504, -0.00211673, 4.2, 0.19635, 0, 0, 0.148539, -0.149118, 8.24112e-06, -0.000793517, 4.17966e-05
20911, 0.152005, 0.300166, -0.00245515, 4.21, 0.19635, 0, 0, 0.148539, -0.148977, 8.24112e-06, -0.000600323, 4.17966e-05
20921, 0.414124, 0.284773, -0.00269623, 4.22, 0.19635, -0.347118, 0, 0.148539, -0.148877, 8.24112e-06, -0.000462696, 4.17966e-05
20931, 0.166983, 0.270053, -0.00286796, 4.23, 0.19635, 0, 0, 0.148539, -0.148805, 8.24112e-06, -0.000364646, 4.17966e-05
20940, 0.15265, 0.255813, -0.00299027, 4.24, 0.19635, 0, 0, 0.148539, -0.148754, 8.24112e-06, -0.000294819, 4.17966e-05
20951, 0.187843, 0.289536, -0.00104964, 4.25, 0.19635, 0, 0, 0.151666, -0.149563, 8.24112e-06, 0.00288236, 4.17966e-05
20961, 0.229835, 0.330085, 0.000854123, 4.26, 0.19635, 0, 0, 0.152471, -0.150356, 8.24112e-06, 0.00289738, 4.17966e-05
20971, 0.0691135, 0.174493, -0.00591527, 4.27, 0.19635, 0, 0, 0.139938, -0.147535, 8.24112e-06, -0.010409, 4.17966e-05
20980, 0.0639538, 0.168761, -0.00516096, 4.28, 0.19635, 0, 0, 0.148539, -0.14785, 8.24112e-06, 0.000944421, 4.17966e-05
20990, 0.0565231, 0.432657, -0.00462366, 4.29, 0.192843, 0, -0.350624, 0.148539, -0.148073, 8.24112e-06, 0.00063768, 4.17966e-05
21001, 0.0966334, 0.245069, -0.00221314, 4.3, 0.192843, 0, 0, 0.151666, -0.149078, 8.24112e-06, 0.00354661, 4.17966e-05
21011, 0.129487, 0.276622, -0.000496101, 4.31, 0.192843, 0, 0, 0.151666, -0.149793, 8.24112e-06, 0.00256634, 4.17966e-05
21021, 0.108014, 0.255759, -0.00130073, 4.32, 0.192843, 0, 0, 0.148539, -0.149458, 8.24112e-06, -0.00125937, 4.17966e-05
21030, 0.125624, 0.272657, -0.000361669, 4.33, 0.192843, 0, 0, 0.150871, -0.149849, 8.24112e-06, 0.00140017, 4.17966e-05
21041, 0.152904, 0.29904, 0.000822794, 4.34, 0.192843, 0, 0, 0.151666, -0.150343, 8.24112e-06, 0.0018134, 4.17966e-05
21051, 0.176619, 0.322116, 0.00166651, 4.35, 0.192843, 0, 0, 0.151666, -0.150694, 8.24112e-06, 0.00133172, 4.17966e-05
21061, 0.197794, 0.342836, 0.0022675, 4.36, 0.192843, 0, 0, 0.151666, -0.150945, 8.24112e-06, 0.000988603, 4.17966e-05
21070, 0.2298, 0.374122, 0.00321701, 4.37, 0.192843, 0, 0, 0.152471, -0.15134, 8.24112e-06, 0.00154841, 4.17966e-05
21081, 0.19715, 0.342891, 0.00134422, 4.38, 0.192843, 0, 0, 0.148539, -0.15056, 8.24112e-06, -0.00276937, 4.17966e-05
21091, 0.170137, 0.316889, 1.01566e-05, 4.39, 0.192843, 0, 0, 0.148539, -0.150004, 8.24112e-06, -0.00200777, 4.17966e-05
21101, -0.0593719, 0.0945532, -0.00945876, 4.4, 0.192843, 0, 0, 0.1354, -0.146059, 8.24112e-06, -0.0146037, 4.17966e-05
21110, -0.0047068, 0.146338, -0.00565732, 4.41, 0.192843, 0, 0, 0.151666, -0.147643, 8.24112e-06, 0.00551288, 4.17966e-05
21121, 0.0385145, 0.187508, -0.00294946, 4.42, 0.192843, 0, 0, 0.151666, -0.148771, 8.24112e-06, 0.00396696, 4.17966e-05
21131, 0.0244267, 0.173496, -0.00304835, 4.43, 0.192843, 0, 0, 0.148539, -0.14873, 8.24112e-06, -0.000261664, 4.17966e-05
21141, 0.0597947, 0.207381, -0.00109102, 4.44, 0.192843, 0, 0, 0.151666, -0.149545, 8.24112e-06, 0.00290598, 4.17966e-05
21151, 0.0892702, 0.2358, 0.000303233, 4.45, 0.192843, 0, 0, 0.151666, -0.150126, 8.24112e-06, 0.00211, 4.17966e-05
21160, 0.114549, 0.529343, 0.0012964, 4.46, 0.189337, 0, -0.347118, 0.151666, -0.15054, 8.24112e-06, 0.001543, 4.17966e-05
21171, 0.414532, 0.327482, 0.00200386, 4.47, 0.189337, -0.347118, 0, 0.151666, -0.150835, 8.24112e-06, 0.00113912, 4.17966e-05
21181, 0.2024, 0.0755259, 0.00250779, 4.48, 0.192843, 0, 0.350624, 0.151666, -0.151045, 8.24112e-06, 0.000851423, 4.17966e-05
21191, 0.221043, 0.319769, 0.00286678, 4.49, 0.192843, 0, 0, 0.151666, -0.151194, 8.24112e-06, 0.000646487, 4.17966e-05
21200, -0.0264492, 0.349382, 0.00364391, 4.5, 0.192843, 0.347118, 0, 0.152471, -0.151518, 8.24112e-06, 0.0013047, 4.17966e-05
21211, 0.171907, 0.316959, 0.00164831, 4.51, 0.192843, 0, 0, 0.148539, -0.150687, 8.24112e-06, -0.00294298, 4.17966e-05
21221, 0.143979, 0.290108, 0.000226772, 4.52, 0.192843, 0, 0, 0.148539, -0.150094, 8.24112e-06, -0.00213143, 4.17966e-05
21231, 0.169488, 0.314848, 0.00124193, 4.53, 0.192843, 0, 0, 0.151666, -0.150517, 8.24112e-06, 0.0015741, 4.17966e-05
21240, 0.142783, 0.289131, -6.26922e-05, 4.54, 0.192843, 0, 0, 0.148539, -0.149974, 8.24112e-06, -0.00196618, 4.17966e-05
21251, 0.400505, 0.267058, -0.000992024, 4.55, 0.192843, -0.350624, 0, 0.148539, -0.149587, 8.24112e-06, -0.00143562, 4.17966e-05
21261, 0.195045, 0.295201, 0.000373757, 4.56, 0.192843, 0, 0, 0.151666, -0.150156, 8.24112e-06, 0.00206974, 4.17966e-05
21271, -0.060388, 0.31953, 0.00134665, 4.57, 0.192843, 0.350624, 0, 0.151666, -0.150561, 8.24112e-06, 0.00151433, 4.17966e-05
21280, 0.196388, 0.341143, 0.00203966, 4.58, 0.192843, 0, 0, 0.151666, -0.15085, 8.24112e-06, 0.00111869, 4.17966e-05
21291, 0.216439, 0.360821, 0.00253329, 4.59, 0.192843, 0, 0, 0.151666, -0.151056, 8.24112e-06, 0.000836864, 4.17966e-05
21301, 0.235005, 0.37912, 0.00288495, 4.6, 0.192843, 0, 0, 0.151666, -0.151202, 8.24112e-06, 0.000636116, 4.17966e-05
21311, 0.265153, 0.408683, 0.00365685, 4.61, 0.192843, 0, 0, 0.152471, -0.151524, 8.24112e-06, 0.00129731, 4.17966e-05
21321, 0.280336, 0.423845, 0.00368528, 4.62, 0.192843, 0, 0, 0.151666, -0.151536, 8.24112e-06, 0.000179201, 4.17966e-05
21330, 0.111092, 0.260347, -0.00389857, 4.63, 0.192843, 0, 0, 0.139938, -0.148376, 8.24112e-06, -0.0115603, 4.17966e-05
21341, 0.14902, 0.296606, -0.00169666, 4.64, 0.192843, 0, 0, 0.151666, -0.149293, 8.24112e-06, 0.00325175, 4.17966e-05
21351, 0.180319, 0.326716, -0.000128174, 4.65, 0.192843, 0, 0, 0.151666, -0.149947, 8.24112e-06, 0.00235629, 4.17966e-05
21361, 0.206896, 0.352447, 0.000989091, 4.66, 0.192843, 0, 0, 0.151666, -0.150412, 8.24112e-06, 0.00171845, 4.17966e-05
21370, 0.180952, 0.327437, -0.000242794, 4.67, 0.192843, 0, 0, 0.148539, -0.149899, 8.24112e-06, -0.00186335, 4.17966e-05
21381, 0.158717, 0.305866, -0.00112031, 4.68, 0.192843, 0, 0, 0.148539, -0.149533, 8.24112e-06, -0.00136238, 4.17966e-05
21391, 0.139123, 0.286746, -0.00174537, 4.69, 0.192843, 0, 0, 0.148539, -0.149273, 8.24112e-06, -0.00100553, 4.17966e-05
21401, 0.170569, 0.316993, -0.000162864, 4.7, 0.192843, 0, 0, 0.151666, -0.149932, 8.24112e-06, 0.00237611, 4.17966e-05
21410, 0.197251, 0.342821, 0.000964379, 4.71, 0.192843, 0, 0, 0.151666, -0.150402, 8.24112e-06, 0.00173256, 4.17966e-05
21421, 0.171382, 0.31788, -0.000260389, 4.72, 0.192843, 0, 0, 0.148539, -0.149892, 8.24112e-06, -0.0018533, 4.17966e-05
21431, 0.1492, 0.296359, -0.00113282, 4.73, 0.192843, 0, 0, 0.148539, -0.149528, 8.24112e-06, -0.00135523, 4.17966e-05
21441, 0.141727, 0.28898, -0.00125585, 4.74, 0.192843, 0, 0, 0.149308, -0.149477, 8.24112e-06, -0.000231683, 4.17966e-05
21450, 0.122542, 0.270238, -0.00184193, 4.75, 0.192843, 0, 0, 0.148539, -0.149233, 8.24112e-06, -0.000950411, 4.17966e-05
21460, 0.10512, 0.253132, -0.00225942, 4.76, 0.192843, 0, 0, 0.148539, -0.149059, 8.24112e-06, -0.000712067, 4.17966e-05
21471, 0.138113, 0.284815, -0.000529039, 4.77, 0.192843, 0, 0, 0.151666, -0.14978, 8.24112e-06, 0.00258516, 4.17966e-05
21481, 0.165897, 0.311665, 0.000703561, 4.78, 0.192843, 0, 0, 0.151666, -0.150293, 8.24112e-06, 0.00188147, 4.17966e-05
21491, 0.189971, 0.335074, 0.00158157, 4.79, 0.192843, 0, 0, 0.151666, -0.150659, 8.24112e-06, 0.00138021, 4.17966e-05
21500, 0.211402, 0.35603, 0.00220699, 4.8, 0.192843, 0, 0, 0.151666, -0.15092, 8.24112e-06, 0.00102314, 4.17966e-05
21511, 0.230949, 0.375241, 0.00265249, 4.81, 0.192843, 0, 0, 0.151666, -0.151105, 8.24112e-06, 0.000768811, 4.17966e-05
21521, 0.249156, 0.393207, 0.00296985, 4.82, 0.192843, 0, 0, 0.151666, -0.151237, 8.24112e-06, 0.000587642, 4.17966e-05
21531, 0.266408, 0.410287, 0.00319591, 4.83, 0.192843, 0, 0, 0.151666, -0.151332, 8.24112e-06, 0.000458583, 4.17966e-05
21540, 0.29562, 0.438982, 0.00387837, 4.84, 0.192843, 0, 0, 0.152471, -0.151616, 8.24112e-06, 0.00117086, 4.17966e-05
21551, 0.273062, 0.41761, 0.00231375, 4.85, 0.192843, 0, 0, 0.149308, -0.150964, 8.24112e-06, -0.00226957, 4.17966e-05
21561, 0.292288, 0.436522, 0.00272852, 4.86, 0.192843, 0, 0, 0.151666, -0.151137, 8.24112e-06, 0.000725403, 4.17966e-05
21571, 0.125924, 0.275695, -0.0045801, 4.87, 0.192843, 0, 0, 0.139938, -0.148092, 8.24112e-06, -0.0111712, 4.17966e-05
21580, 0.165903, 0.313857, -0.00218214, 4.88, 0.192843, 0, 0, 0.151666, -0.149091, 8.24112e-06, 0.00352889, 4.17966e-05
21591, 0.198663, 0.345323, -0.000474, 4.89, 0.192843, 0, 0, 0.151666, -0.149803, 8.24112e-06, 0.00255373, 4.17966e-05
21601, 0.226281, 0.372019, 0.000742757, 4.9, 0.192843, 0, 0, 0.151666, -0.150309, 8.24112e-06, 0.00185908, 4.17966e-05
21611, 0.250237, 0.395319, 0.0016095, 4.91, 0.192843, 0, 0, 0.151666, -0.150671, 8.24112e-06, 0.00136426, 4.17966e-05
21620, 0.271584, 0.416198, 0.00222691, 4.92, 0.192843, 0, 0, 0.151666, -0.150928, 8.24112e-06, 0.00101179, 4.17966e-05
21630, 0.241915, 0.387731, 0.000638938, 4.93, 0.192843, 0, 0, 0.148539, -0.150266, 8.24112e-06, -0.00236674, 4.17966e-05
21641, 0.217025, 0.363698, -0.000492239, 4.94, 0.192843, 0, 0, 0.148539, -0.149795, 8.24112e-06, -0.00172095, 4.17966e-05
21651, 0.19554, 0.342824, -0.00129801, 4.95, 0.192843, 0, 0, 0.148539, -0.149459, 8.24112e-06, -0.00126094, 4.17966e-05
21661, 0.225638, 0.371821, 0.000155783, 4.96, 0.192843, 0, 0, 0.151666, -0.150065, 8.24112e-06, 0.00219418, 4.17966e-05
21670, 0.264001, 0.409005, 0.00171279, 4.97, 0.192843, 0, 0, 0.152471, -0.150714, 8.24112e-06, 0.00240718, 4.17966e-05
21681, 0.059313, 0.210925, -0.00701065, 4.98, 0.192843, 0, 0, 0.137306, -0.147079, 8.24112e-06, -0.013391, 4.17966e-05
21691, 0.106608, 0.255874, -0.00391349, 4.99, 0.192843, 0, 0, 0.151666, -0.148369, 8.24112e-06, 0.00451732, 4.17966e-05
21701, 0.14458, 0.292174, -0.00170728, 5, 0.192843, 0, 0, 0.151666, -0.149289, 8.24112e-06, 0.00325781, 4.17966e-05
