QGPIORecord, QRC v6.1.0, 16-12-2021 @ 20:43:09, Windows 10 Version 2009, 10.0.19042, x86_64
Time, VoltageA, eA, desired_velocity, time, PositionB, SpeedA, SpeedB, GetFrontDistance, xhat, Phat, nu, S
18031, 0, 0, 0, 0, -3.16263, 0, 0, 0.249098, -0.249099, 3.02058e-05, -2.2456e-05, 0.00311121
18040, 5.89894, 5.7146, 0.243331, 0.01, -3.16263, 0, 0, 0.251411, -0.251388, 3.02058e-05, 0.00231206, 0.00311121
18051, 6.73012, 6.54994, 0.237833, 0.02, -3.16263, 0, 0, 0.249098, -0.249097, 3.02058e-05, 0.000143707, 0.00311121
18061, 4.74147, 4.9355, 0.23239, 0.03, -3.13107, 3.49923, 3.13458, 0.24683, -0.246829, 3.02058e-05, 0.00011149, 0.00311121
18071, 2.65287, 3.23793, 0.266314, 0.04, -3.06095, 7.71724, 7.01248, 0.261127, -0.260964, 3.02058e-05, 0.0166219, 0.00311121
18081, 1.1696, 1.89192, 0.238053, 0.05, -2.98031, 8.77262, 8.07137, 0.249098, -0.249189, 3.02058e-05, -0.00920253, 0.00311121
18091, 0.265682, 1.10432, 0.162316, 0.06, -2.91719, 7.35259, 6.64783, 0.217343, -0.217632, 3.02058e-05, -0.0294653, 0.00311121
18101, 3.99201, 4.79372, 0.237058, 0.07, -2.87512, 4.56162, 3.86037, 0.249098, -0.248774, 3.02058e-05, 0.0330899, 0.00311121
18111, 6.60191, 6.61473, 0.237773, 0.08, -2.85408, 1.74961, 2.09323, 0.249098, -0.249072, 3.02058e-05, 0.00269502, 0.00311121
18121, 5.62426, 5.63139, 0.23778, 0.09, -2.81551, 3.86388, 4.22502, 0.249098, -0.249075, 3.02058e-05, 0.00240415, 0.00311121
18130, 3.41458, 4.00609, 0.232389, 0.1, -2.74539, 7.00898, 6.66186, 0.24683, -0.246829, 3.02058e-05, 0.000133112, 0.00311121
18141, 2.14584, 2.83069, 0.237728, 0.11, -2.66474, 8.7621, 8.40446, 0.249098, -0.249053, 3.02058e-05, 0.00459346, 0.00311121
18151, 2.22657, 3.48191, 0.237779, 0.12, -2.58761, 8.40797, 7.36311, 0.249098, -0.249075, 3.02058e-05, 0.00242232, 0.00311121
18161, 3.23568, 4.32493, 0.216817, 0.13, -2.53151, 6.31474, 5.61349, 0.240277, -0.24034, 3.02058e-05, -0.00641946, 0.00311121
18170, 4.79022, 4.83944, 0.22171, 0.14, -2.48242, 4.56162, 5.25936, 0.242421, -0.242379, 3.02058e-05, 0.00424865, 0.00311121
18181, 4.27618, 4.5226, 0.211663, 0.15, -2.42281, 5.25235, 5.60999, 0.238173, -0.238193, 3.02058e-05, -0.00198875, 0.00311121
18191, 3.41941, 3.92774, 0.216567, 0.16, -2.35619, 6.66186, 6.66186, 0.240277, -0.240236, 3.02058e-05, 0.0042012, 0.00311121
18201, 1.05241, 1.63974, 0.142489, 0.17, -2.28607, 7.3596, 7.35259, 0.209086, -0.20937, 3.02058e-05, -0.0289842, 0.00311121
18211, 2.52063, 3.03698, 0.196439, 0.18, -2.21594, 6.66186, 6.67238, 0.232086, -0.23185, 3.02058e-05, 0.0241409, 0.00311121
18221, 3.84289, 3.77832, 0.196956, 0.19, -2.16335, 4.90874, 5.60999, 0.232086, -0.232065, 3.02058e-05, 0.0022011, 0.00311121
18231, 3.70952, 4.37693, 0.196961, 0.2, -2.11076, 5.24884, 4.89822, 0.232086, -0.232067, 3.02058e-05, 0.00199114, 0.00311121
18241, 2.50598, 2.99079, 0.178838, 0.21, -2.04765, 6.32175, 6.31825, 0.22446, -0.224516, 3.02058e-05, -0.00563693, 0.00311121
18251, 1.83676, 2.06208, 0.178664, 0.22, -1.97401, 7.00547, 7.3596, 0.22446, -0.224443, 3.02058e-05, 0.00173311, 0.00311121
18260, 2.18676, 2.0793, 0.178663, 0.23, -1.90389, 6.30773, 7.00898, 0.22446, -0.224443, 3.02058e-05, 0.00180364, 0.00311121
18271, 2.91416, 2.96033, 0.178663, 0.24, -1.84779, 5.25235, 5.60297, 0.22446, -0.224443, 3.02058e-05, 0.00180431, 0.00311121
18281, 2.51684, 3.34814, 0.161748, 0.25, -1.80221, 5.26287, 4.55811, 0.217343, -0.217395, 3.02058e-05, -0.00531334, 0.00311121
18291, 2.36736, 3.01687, 0.157532, 0.26, -1.75312, 5.26287, 4.91575, 0.215637, -0.215638, 3.02058e-05, -0.000140503, 0.00311121
18300, 2.12859, 2.28822, 0.161545, 0.27, -1.69351, 5.60297, 5.9536, 0.217343, -0.217311, 3.02058e-05, 0.00327983, 0.00311121
18311, 2.20875, 1.77365, 0.14576, 0.28, -1.63391, 4.90874, 5.96061, 0.210684, -0.210733, 3.02058e-05, -0.00501083, 0.00311121
18321, 1.771, 1.75346, 0.141812, 0.29, -1.57781, 5.25586, 5.60648, 0.209086, -0.209088, 3.02058e-05, -0.000189558, 0.00311121
18331, 2.01447, 2.75474, 0.145571, 0.3, -1.53573, 4.90874, 4.20749, 0.210684, -0.210655, 3.02058e-05, 0.00301428, 0.00311121
18341, 2.41921, 2.96478, 0.14181, 0.31, -1.49717, 4.20749, 3.85687, 0.209086, -0.209087, 3.02058e-05, -0.000112772, 0.00311121
18351, 2.52775, 2.5727, 0.145571, 0.32, -1.45509, 4.20048, 4.5511, 0.210684, -0.210655, 3.02058e-05, 0.00301503, 0.00311121
18361, 1.91607, 1.93513, 0.130773, 0.33, -1.4025, 4.5511, 4.90173, 0.204442, -0.204489, 3.02058e-05, -0.00475702, 0.00311121
18371, 1.73804, 1.7144, 0.127066, 0.34, -1.35341, 4.56513, 4.91575, 0.202942, -0.202944, 3.02058e-05, -0.000239, 0.00311121
18381, 1.73855, 2.20957, 0.130596, 0.35, -1.31133, 4.55461, 4.20398, 0.204442, -0.204415, 3.02058e-05, 0.00276841, 0.00311121
18391, 1.80034, 2.04384, 0.113341, 0.36, -1.27627, 3.85687, 3.85336, 0.197167, -0.197225, 3.02058e-05, -0.00594175, 0.00311121
18401, 1.7439, 2.2542, 0.113176, 0.37, -1.2377, 3.85336, 3.50624, 0.197167, -0.197157, 3.02058e-05, 0.00107515, 0.00311121
18411, 2.05022, 1.78484, 0.116527, 0.38, -1.19563, 3.50274, 4.20048, 0.198578, -0.198553, 3.02058e-05, 0.00255318, 0.00311121
18421, 1.69573, 1.88832, 0.113206, 0.39, -1.15706, 3.84985, 3.85336, 0.197167, -0.197169, 3.02058e-05, -0.000220582, 0.00311121
18430, 2.076, 1.98823, 0.119932, 0.4, -1.11849, 3.50975, 3.85687, 0.20001, -0.199972, 3.02058e-05, 0.00397322, 0.00311121
18441, 0.249825, 0.714983, 0.0553849, 0.41, -1.08343, 3.85687, 3.50624, 0.172823, -0.173077, 3.02058e-05, -0.0259496, 0.00311121
18451, 1.04196, 1.52204, 0.0996991, 0.42, -1.05187, 3.85336, 3.49923, 0.19173, -0.191541, 3.02058e-05, 0.0192064, 0.00311121
18461, 2.13918, 2.35072, 0.103283, 0.43, -1.02382, 2.45437, 2.45788, 0.193059, -0.193034, 3.02058e-05, 0.00251472, 0.00311121
18470, 2.15176, 2.36793, 0.100158, 0.44, -0.999279, 2.45437, 2.45437, 0.19173, -0.191732, 3.02058e-05, -0.000271916, 0.00311121
18481, 1.38549, 1.62798, 0.100128, 0.45, -0.964217, 3.50624, 3.50624, 0.19173, -0.19172, 3.02058e-05, 0.000998914, 0.00311121
18491, 1.10334, 1.08099, 0.0909203, 0.46, -0.925648, 3.50274, 3.85336, 0.187855, -0.187883, 3.02058e-05, -0.00286317, 0.00311121
18501, 1.20883, 1.67772, 0.0878503, 0.47, -0.897598, 3.15562, 2.80499, 0.186601, -0.186604, 3.02058e-05, -0.000373647, 0.00311121
18511, 1.77686, 2.00011, 0.0908028, 0.48, -0.873054, 2.45437, 2.45437, 0.187855, -0.187835, 3.02058e-05, 0.00212961, 0.00311121
18521, 1.81923, 2.04237, 0.0908311, 0.49, -0.848511, 2.45086, 2.45086, 0.187855, -0.187846, 3.02058e-05, 0.000928909, 0.00311121
18531, 1.5044, 1.46688, 0.0763329, 0.5, -0.820461, 2.45437, 2.80499, 0.181755, -0.181805, 3.02058e-05, -0.00518343, 0.00311121
18541, 0.989904, 1.19376, 0.0790133, 0.51, -0.788904, 3.15562, 3.15562, 0.182941, -0.182922, 3.02058e-05, 0.00189878, 0.00311121
18551, 1.10591, 1.30575, 0.0762198, 0.52, -0.760854, 2.80149, 2.79798, 0.181755, -0.181758, 3.02058e-05, -0.000377536, 0.00311121
18561, 1.38697, 1.57376, 0.0790122, 0.53, -0.736311, 2.45437, 2.45437, 0.182941, -0.182922, 3.02058e-05, 0.00194478, 0.00311121
18571, 1.37977, 1.83826, 0.0790389, 0.54, -0.715273, 2.45437, 2.10374, 0.182941, -0.182933, 3.02058e-05, 0.000809193, 0.00311121
18581, 1.31998, 1.28522, 0.0653219, 0.55, -0.69073, 2.10374, 2.45086, 0.177169, -0.177217, 3.02058e-05, -0.00497383, 0.00311121
18591, 1.08475, 1.00871, 0.0678599, 0.56, -0.66268, 2.45437, 2.80499, 0.178292, -0.178275, 3.02058e-05, 0.00172769, 0.00311121
18600, 0.971376, 1.12584, 0.0652149, 0.57, -0.638136, 2.45086, 2.44736, 0.177169, -0.177173, 3.02058e-05, -0.000427693, 0.00311121
18611, 0.908678, 1.32992, 0.0651896, 0.58, -0.617099, 2.45086, 2.10374, 0.177169, -0.177162, 3.02058e-05, 0.000647962, 0.00311121
18621, 1.18889, 1.37582, 0.0678587, 0.59, -0.596061, 2.10374, 2.10374, 0.178292, -0.178274, 3.02058e-05, 0.00178148, 0.00311121
18631, 1.3991, 1.30753, 0.0652149, 0.6, -0.575024, 1.75312, 2.10374, 0.177169, -0.177173, 3.02058e-05, -0.000427186, 0.00311121
18640, 1.21188, 1.35294, 0.0678589, 0.61, -0.553986, 2.10374, 2.10374, 0.178292, -0.178275, 3.02058e-05, 0.0017712, 0.00311121
18651, 0.952553, 1.10153, 0.0574177, 0.62, -0.532949, 2.10374, 2.10374, 0.173888, -0.173924, 3.02058e-05, -0.00370829, 0.00311121
18661, 0.905349, 1.32604, 0.0573178, 0.63, -0.515418, 2.10024, 1.74961, 0.173888, -0.173882, 3.02058e-05, 0.000537813, 0.00311121
18671, -0.089374, 0.406783, 0.0183615, 0.64, -0.497886, 2.10374, 1.75312, 0.157496, -0.157651, 3.02058e-05, -0.0158136, 0.00311121
18681, 0.865511, 1.09963, 0.0544129, 0.65, -0.480355, 1.74961, 1.74961, 0.172823, -0.172672, 3.02058e-05, 0.0153556, 0.00311121
18691, 1.76075, 1.42302, 0.057289, 0.66, -0.46633, 0.701248, 1.4025, 0.173888, -0.17387, 3.02058e-05, 0.00175977, 0.00311121
18701, 1.33858, 1.47001, 0.0573166, 0.67, -0.452305, 1.39899, 1.39899, 0.173888, -0.173882, 3.02058e-05, 0.000590146, 0.00311121
18711, 0.57825, 0.737539, 0.047387, 0.68, -0.434774, 2.10374, 2.10024, 0.169709, -0.169745, 3.02058e-05, -0.00359944, 0.00311121
18721, 0.210906, 0.917438, 0.047292, 0.69, -0.413737, 2.45086, 1.75312, 0.169709, -0.169705, 3.02058e-05, 0.000438586, 0.00311121
18731, 0.916453, 1.14729, 0.0472911, 0.7, -0.399712, 1.4025, 1.4025, 0.169709, -0.169705, 3.02058e-05, 0.000477225, 0.00311121
18741, 1.14269, 1.09756, 0.0448877, 0.71, -0.389193, 1.05187, 1.39899, 0.168698, -0.168703, 3.02058e-05, -0.00053373, 0.00311121
18751, 1.52123, 1.14568, 0.0472681, 0.72, -0.371662, 0.701248, 1.4025, 0.169709, -0.169695, 3.02058e-05, 0.00145498, 0.00311121
18761, 1.05922, 1.15012, 0.0472909, 0.73, -0.357637, 1.39899, 1.4025, 0.169709, -0.169705, 3.02058e-05, 0.00048694, 0.00311121
18770, 0.502678, 1.15684, 0.0472911, 0.74, -0.343612, 2.10024, 1.39899, 0.169709, -0.169705, 3.02058e-05, 0.000477672, 0.00311121
18781, 0.474426, 0.949452, 0.0497255, 0.75, -0.329587, 2.10024, 1.74611, 0.170734, -0.170719, 3.02058e-05, 0.00150196, 0.00311121
18791, 0.95117, 0.906291, 0.0378811, 0.76, -0.315562, 1.04837, 1.4025, 0.16574, -0.165784, 3.02058e-05, -0.00448185, 0.00311121
18801, -0.0323326, 0.18206, -0.00310979, 0.77, -0.301537, 1.05187, 1.05187, 0.148539, -0.148704, 3.02058e-05, -0.0168661, 0.00311121
18811, 0.799217, 0.711206, 0.0373755, 0.78, -0.287512, 1.05187, 1.4025, 0.16574, -0.165573, 3.02058e-05, 0.0170045, 0.00311121
18821, 0.821972, 1.22847, 0.0377629, 0.79, -0.280499, 1.04837, 0.701248, 0.16574, -0.165735, 3.02058e-05, 0.00054048, 0.00311121
18831, 1.11511, 1.01478, 0.0377666, 0.8, -0.269981, 0.697742, 1.05187, 0.16574, -0.165736, 3.02058e-05, 0.00038293, 0.00311121
18841, 0.609739, 0.755152, 0.0377667, 0.81, -0.255956, 1.4025, 1.4025, 0.16574, -0.165736, 3.02058e-05, 0.000381425, 0.00311121
18851, 0.575986, 0.449665, 0.0377667, 0.82, -0.238424, 1.4025, 1.75312, 0.16574, -0.165736, 3.02058e-05, 0.00038141, 0.00311121
18861, 0.542233, 1.18525, 0.0377667, 0.83, -0.231412, 1.4025, 0.701248, 0.16574, -0.165736, 3.02058e-05, 0.00038141, 0.00311121
18871, 0.791784, 1.24594, 0.0377667, 0.84, -0.224399, 1.04837, 0.697742, 0.16574, -0.165736, 3.02058e-05, 0.00038141, 0.00311121
18881, 1.08205, 1.02992, 0.0377667, 0.85, -0.213881, 0.701248, 1.05187, 0.16574, -0.165736, 3.02058e-05, 0.00038141, 0.00311121
18891, 0.862321, 0.773008, 0.0377667, 0.86, -0.199856, 1.04837, 1.39899, 0.16574, -0.165736, 3.02058e-05, 0.00038141, 0.00311121
18900, 0.324124, 0.749628, 0.0266182, 0.87, -0.189337, 1.39899, 1.04837, 0.161049, -0.161091, 3.02058e-05, -0.00430976, 0.00311121
18911, -0.196152, 0.289051, -0.00321758, 0.88, -0.182325, 1.04837, 0.697742, 0.148539, -0.148659, 3.02058e-05, -0.0122859, 0.00311121
18921, 0.417682, 0.65043, 0.0284013, 0.89, -0.171806, 1.05187, 1.05538, 0.161964, -0.161834, 3.02058e-05, 0.0132725, 0.00311121
18931, 0.963808, 1.17825, 0.0287039, 0.9, -0.1683, 0.347118, 0.350624, 0.161964, -0.16196, 3.02058e-05, 0.000414148, 0.00311121
18940, 1.02944, 0.974494, 0.0287068, 0.91, -0.161287, 0.350624, 0.701248, 0.161964, -0.161961, 3.02058e-05, 0.000291109, 0.00311121
18951, 0.816866, 0.453087, 0.0287068, 0.92, -0.147262, 0.701248, 1.4025, 0.161964, -0.161961, 3.02058e-05, 0.000289932, 0.00311121
18961, 0.280732, 0.657875, 0.0287068, 0.93, -0.136743, 1.39899, 1.04837, 0.161964, -0.161961, 3.02058e-05, 0.000289917, 0.00311121
18971, 0.155989, 0.852463, 0.0265316, 0.94, -0.129731, 1.4025, 0.701248, 0.161049, -0.161055, 3.02058e-05, -0.000625432, 0.00311121
18980, 0.690932, 0.916498, 0.028686, 0.95, -0.122718, 0.701248, 0.701248, 0.161964, -0.161953, 3.02058e-05, 0.00117452, 0.00311121
18991, 0.996714, 0.941677, 0.0287066, 0.96, -0.115706, 0.347118, 0.697742, 0.161964, -0.161961, 3.02058e-05, 0.000298381, 0.00311121
19001, 0.781794, 0.689749, 0.0287068, 0.97, -0.105187, 0.701248, 1.05187, 0.161964, -0.161961, 3.02058e-05, 0.000289991, 0.00311121
19011, 0.857236, 0.989395, 0.0309088, 0.98, -0.0981748, 0.701248, 0.701248, 0.162891, -0.162879, 3.02058e-05, 0.0012165, 0.00311121
19021, 0.381577, 0.801296, 0.0331591, 0.99, -0.087656, 1.4025, 1.05187, 0.163829, -0.163816, 3.02058e-05, 0.00125903, 0.00311121
19031, 0.295988, 0.765335, 0.0202036, 1, -0.0806436, 1.05187, 0.697742, 0.158368, -0.158418, 3.02058e-05, -0.00511669, 0.00311121
19041, 0.518781, 0.751238, 0.0200796, 1.01, -0.0736311, 0.697742, 0.697742, 0.158368, -0.158367, 3.02058e-05, 0.000151858, 0.00311121
19051, 0.504271, 0.465083, 0.0200784, 1.02, -0.0631124, 0.701248, 1.05187, 0.158368, -0.158366, 3.02058e-05, 0.000202283, 0.00311121
19061, 0.772631, 0.407082, 0.0200784, 1.03, -0.0525936, 0.350624, 1.05187, 0.158368, -0.158366, 3.02058e-05, 0.00020276, 0.00311121
19070, 0.525854, 0.620815, 0.0200784, 1.04, -0.0455811, 0.701248, 0.701248, 0.158368, -0.158366, 3.02058e-05, 0.00020276, 0.00311121
19081, 0.516519, 0.883126, 0.0200784, 1.05, -0.0420749, 0.697742, 0.347118, 0.158368, -0.158366, 3.02058e-05, 0.00020276, 0.00311121
19091, 0.221534, 0.645573, 0.0200784, 1.06, -0.0350624, 1.05187, 0.697742, 0.158368, -0.158366, 3.02058e-05, 0.00020276, 0.00311121
19101, 0.727336, 0.362158, 0.0200784, 1.07, -0.0245437, 0.347118, 1.04837, 0.158368, -0.158366, 3.02058e-05, 0.00020276, 0.00311121
19110, 0.478213, 0.301898, 0.0200784, 1.08, -0.014025, 0.701248, 1.05187, 0.158368, -0.158366, 3.02058e-05, 0.00020276, 0.00311121
19121, 0.746572, 0.787364, 0.0200784, 1.09, -0.0105187, 0.350624, 0.350624, 0.158368, -0.158366, 3.02058e-05, 0.00020276, 0.00311121
19131, 0.17184, 0.775114, 0.0180052, 1.1, -0.00701248, 1.04837, 0.347118, 0.157496, -0.157502, 3.02058e-05, -0.000669643, 0.00311121
19141, 0.535892, 0.673989, 0.02428, 1.11, 0, 0.701248, 0.701248, 0.160144, -0.160117, 3.02058e-05, 0.00282224, 0.00311121
19151, -0.338206, -0.172651, -0.0120784, 1.12, 0.00701248, 0.697742, 0.697742, 0.14482, -0.144967, 3.02058e-05, -0.0150541, 0.00311121
19161, 0.572449, 0.433464, 0.0197707, 1.13, 0.014025, 0.350624, 0.701248, 0.158368, -0.158238, 3.02058e-05, 0.0132799, 0.00311121
19171, 0.892839, 0.698995, 0.0200755, 1.14, 0.0175312, 0, 0.350624, 0.158368, -0.158365, 3.02058e-05, 0.000327915, 0.00311121
19181, 0.44649, 0.497671, 0.00995185, 1.15, 0.0210375, 0.350624, 0.347118, 0.154107, -0.154147, 3.02058e-05, -0.00405721, 0.00311121
19191, -0.0725115, 0.535897, 0.0118332, 1.16, 0.0245437, 1.04837, 0.347118, 0.154939, -0.154931, 3.02058e-05, 0.000892162, 0.00311121
19201, 0.115395, 0.263367, 0.0118512, 1.17, 0.0315562, 0.701248, 0.701248, 0.154939, -0.154938, 3.02058e-05, 0.000127077, 0.00311121
19211, 0.0254981, 0.446615, 0.00987314, 1.18, 0.0350624, 0.697742, 0.347118, 0.154107, -0.154114, 3.02058e-05, -0.000712663, 0.00311121
19221, 0.579059, 0.483642, 0.0118324, 1.19, 0.0385687, 0, 0.350624, 0.154939, -0.15493, 3.02058e-05, 0.00092417, 0.00311121
19231, 0.626413, 0.487837, 0.0118512, 1.2, 0.0385687, 0, 0.347118, 0.154939, -0.154938, 3.02058e-05, 0.00012739, 0.00311121
19240, 0.392891, 0.758429, 0.0118514, 1.21, 0.0420749, 0.350624, 0, 0.154939, -0.154938, 3.02058e-05, 0.000119761, 0.00311121
19251, 0.445326, 0.311654, 0.0138527, 1.22, 0.0490874, 0.347118, 0.697742, 0.155781, -0.155772, 3.02058e-05, 0.000961825, 0.00311121
19261, 0.123474, 0.497762, 0.0118705, 1.23, 0.0525936, 0.701248, 0.350624, 0.154939, -0.154946, 3.02058e-05, -0.000694185, 0.00311121
19271, 0.35884, 0.770238, 0.0118515, 1.24, 0.0525936, 0.350624, 0, 0.154939, -0.154938, 3.02058e-05, 0.000111893, 0.00311121
19280, 0.359949, 0.548193, 0.0118514, 1.25, 0.0560999, 0.350624, 0.347118, 0.154939, -0.154938, 3.02058e-05, 0.000119612, 0.00311121
19291, 0.641561, 0.547047, 0.0118514, 1.26, 0.0596061, 0, 0.350624, 0.154939, -0.154938, 3.02058e-05, 0.000119686, 0.00311121
19301, 0.408036, 0.550877, 0.0118514, 1.27, 0.0631124, 0.350624, 0.347118, 0.154939, -0.154938, 3.02058e-05, 0.000119686, 0.00311121
19311, 0.409149, 0.549731, 0.0118514, 1.28, 0.0666186, 0.350624, 0.350624, 0.154939, -0.154938, 3.02058e-05, 0.000119686, 0.00311121
19321, 0.129763, 0.550844, 0.0118514, 1.29, 0.0701248, 0.701248, 0.350624, 0.154939, -0.154938, 3.02058e-05, 0.000119686, 0.00311121
19331, 0.368318, 0.554674, 0.0118514, 1.3, 0.0736311, 0.347118, 0.347118, 0.154939, -0.154938, 3.02058e-05, 0.000119686, 0.00311121
19341, 0.647584, 0.553528, 0.0118514, 1.31, 0.0771373, 0, 0.350624, 0.154939, -0.154938, 3.02058e-05, 0.000119686, 0.00311121
19351, 0.414059, 0.557359, 0.0118514, 1.32, 0.0806436, 0.350624, 0.347118, 0.154939, -0.154938, 3.02058e-05, 0.000119686, 0.00311121
19361, 0.417977, 0.55893, 0.0118514, 1.33, 0.0841498, 0.347118, 0.347118, 0.154939, -0.154938, 3.02058e-05, 0.000119686, 0.00311121
19371, 0.419548, 0.560501, 0.0118514, 1.34, 0.087656, 0.347118, 0.347118, 0.154939, -0.154938, 3.02058e-05, 0.000119686, 0.00311121
19381, -0.287771, -0.124665, -0.0172747, 1.35, 0.0911623, 0.350624, 0.350624, 0.142683, -0.142802, 3.02058e-05, -0.0121363, 0.00311121
19391, 0.297226, 0.438478, 0.0115727, 1.36, 0.0946685, 0.350624, 0.350624, 0.154939, -0.154822, 3.02058e-05, 0.0119643, 0.00311121
19401, 0.303927, 0.716703, 0.0118487, 1.37, 0.0946685, 0.350624, 0, 0.154939, -0.154937, 3.02058e-05, 0.000233024, 0.00311121
19410, 0.585592, 0.763729, 0.0118514, 1.38, 0.0946685, 0, 0, 0.154939, -0.154938, 3.02058e-05, 0.000120774, 0.00311121
19421, 0.632567, 0.267236, 0.0118514, 1.39, 0.101681, 0, 0.701248, 0.154939, -0.154938, 3.02058e-05, 0.000119686, 0.00311121
19431, 0.399042, 0.496939, 0.0118514, 1.4, 0.105187, 0.350624, 0.347118, 0.154939, -0.154938, 3.02058e-05, 0.000119686, 0.00311121
19441, 0.119656, 0.767526, 0.0118514, 1.41, 0.105187, 0.701248, 0, 0.154939, -0.154938, 3.02058e-05, 0.000119686, 0.00311121
19450, 0.355406, 0.542767, 0.0118514, 1.42, 0.108693, 0.350624, 0.350624, 0.154939, -0.154938, 3.02058e-05, 0.000119686, 0.00311121
19461, 0.637018, 0.815614, 0.0118514, 1.43, 0.108693, 0, 0, 0.154939, -0.154938, 3.02058e-05, 0.000119686, 0.00311121
19471, 0.683993, 0.321838, 0.0118514, 1.44, 0.115706, 0, 0.697742, 0.154939, -0.154938, 3.02058e-05, 0.000119686, 0.00311121
19481, 0.450468, 0.549282, 0.0118514, 1.45, 0.119212, 0.350624, 0.347118, 0.154939, -0.154938, 3.02058e-05, 0.000119686, 0.00311121
19490, -0.535004, 0.135849, -0.0172747, 1.46, 0.119212, 0.701248, 0, 0.142683, -0.142802, 3.02058e-05, -0.0121363, 0.00311121
19501, 0.0960727, 0.290455, 0.00379465, 1.47, 0.122718, 0.350624, 0.350624, 0.151666, -0.151581, 3.02058e-05, 0.00869136, 0.00311121
19511, 0.350639, 0.536102, 0.00399628, 1.48, 0.122718, 0, 0, 0.151666, -0.151665, 3.02058e-05, 0.000123173, 0.00311121
19521, 0.555083, 0.462919, 0.0117762, 1.49, 0.126225, 0, 0.350624, 0.154939, -0.154907, 3.02058e-05, 0.00331409, 0.00311121
19531, 0.415007, 0.554551, 0.00407267, 1.5, 0.126225, 0, 0, 0.151666, -0.151697, 3.02058e-05, -0.00312266, 0.00311121
19540, 0.429362, 0.297228, 0.00399892, 1.51, 0.129731, 0, 0.350624, 0.151666, -0.151666, 3.02058e-05, 1.0103e-05, 0.00311121
19551, -0.112998, 0.269918, 0.00399824, 1.52, 0.133237, 0.697742, 0.347118, 0.151666, -0.151666, 3.02058e-05, 4.0099e-05, 0.00311121
19561, 0.0892785, 0.509378, 0.00399821, 1.53, 0.133237, 0.350624, 0, 0.151666, -0.151666, 3.02058e-05, 4.03672e-05, 0.00311121
19571, 0.339764, 0.525226, 0.00399821, 1.54, 0.133237, 0, 0, 0.151666, -0.151666, 3.02058e-05, 4.03821e-05, 0.00311121
19580, 0.355611, 0.541073, 0.00399821, 1.55, 0.133237, 0, 0, 0.151666, -0.151666, 3.02058e-05, 4.03821e-05, 0.00311121
19591, 0.41779, 0.33007, 0.00590937, 1.56, 0.136743, 0, 0.350624, 0.152471, -0.152462, 3.02058e-05, 0.000844583, 0.00311121
19601, 0.395325, 0.534912, 0.00401652, 1.57, 0.136743, 0, 0, 0.151666, -0.151674, 3.02058e-05, -0.000736818, 0.00311121
19611, 0.130306, 0.550406, 0.00399839, 1.58, 0.136743, 0.350624, 0, 0.151666, -0.151666, 3.02058e-05, 3.29316e-05, 0.00311121
19620, 0.427119, 0.611133, 0.00590937, 1.59, 0.136743, 0, 0, 0.152471, -0.152462, 3.02058e-05, 0.000844508, 0.00311121
19631, 0.404654, 0.318369, 0.00401652, 1.6, 0.14025, 0, 0.350624, 0.151666, -0.151674, 3.02058e-05, -0.000736818, 0.00311121
19641, 0.420135, 0.290719, 0.00399839, 1.61, 0.143756, 0, 0.347118, 0.151666, -0.151666, 3.02058e-05, 3.29316e-05, 0.00311121
19651, 0.155479, 0.530176, 0.00399821, 1.62, 0.143756, 0.350624, 0, 0.151666, -0.151666, 3.02058e-05, 4.03076e-05, 0.00311121
19660, 0.125465, 0.546023, 0.00399821, 1.63, 0.143756, 0.350624, 0, 0.151666, -0.151666, 3.02058e-05, 4.03821e-05, 0.00311121
19671, 0.37595, 0.561871, 0.00399821, 1.64, 0.143756, 0, 0, 0.151666, -0.151666, 3.02058e-05, 4.03821e-05, 0.00311121
19681, 0.391797, 0.308702, 0.00399821, 1.65, 0.147262, 0, 0.347118, 0.151666, -0.151666, 3.02058e-05, 4.03821e-05, 0.00311121
19691, 0.407645, 0.548163, 0.00399821, 1.66, 0.147262, 0, 0, 0.151666, -0.151666, 3.02058e-05, 4.03821e-05, 0.00311121
19701, 0.142993, 0.56401, 0.00399821, 1.67, 0.147262, 0.350624, 0, 0.151666, -0.151666, 3.02058e-05, 4.03821e-05, 0.00311121
19710, 0.393478, 0.579858, 0.00399821, 1.68, 0.147262, 0, 0, 0.151666, -0.151666, 3.02058e-05, 4.03821e-05, 0.00311121
19721, 0.455657, 0.371572, 0.00590937, 1.69, 0.150768, 0, 0.347118, 0.152471, -0.152462, 3.02058e-05, 0.000844583, 0.00311121
19731, -0.522969, -0.0803927, -0.0238545, 1.7, 0.150768, 0.350624, 0, 0.139938, -0.140061, 3.02058e-05, -0.0124647, 0.00311121
19741, 0.285875, 0.472915, 0.0037317, 1.71, 0.150768, 0, 0, 0.151666, -0.151555, 3.02058e-05, 0.0113672, 0.00311121
19750, 0.307065, 0.493905, 0.00399567, 1.72, 0.150768, 0, 0, 0.151666, -0.151665, 3.02058e-05, 0.000148758, 0.00311121
19761, 0.322964, 0.238069, 0.00399821, 1.73, 0.154275, 0, 0.350624, 0.151666, -0.151666, 3.02058e-05, 4.14103e-05, 0.00311121
19771, 0.338812, 0.479788, 0.00399821, 1.74, 0.154275, 0, 0, 0.151666, -0.151666, 3.02058e-05, 4.03821e-05, 0.00311121
19781, 0.354659, 0.495636, 0.00399821, 1.75, 0.154275, 0, 0, 0.151666, -0.151666, 3.02058e-05, 4.03821e-05, 0.00311121
19790, 0.370507, 0.511483, 0.00399821, 1.76, 0.154275, 0, 0, 0.151666, -0.151666, 3.02058e-05, 4.03821e-05, 0.00311121
19801, 0.105855, 0.527331, 0.00399821, 1.77, 0.154275, 0.350624, 0, 0.151666, -0.151666, 3.02058e-05, 4.03821e-05, 0.00311121
19811, 0.35634, 0.271444, 0.00399821, 1.78, 0.157781, 0, 0.350624, 0.151666, -0.151666, 3.02058e-05, 4.03821e-05, 0.00311121
19821, 0.372187, 0.513164, 0.00399821, 1.79, 0.157781, 0, 0, 0.151666, -0.151666, 3.02058e-05, 4.03821e-05, 0.00311121
19830, 0.434366, 0.573895, 0.00590937, 1.8, 0.157781, 0, 0, 0.152471, -0.152462, 3.02058e-05, 0.000844583, 0.00311121
19841, 0.0855944, 0.508488, 0.00212696, 1.81, 0.157781, 0.350624, 0, 0.150871, -0.150886, 3.02058e-05, -0.00153193, 0.00311121
19851, -0.340579, -0.13141, -0.0254793, 1.82, 0.157781, 0, 0, 0.13927, -0.139384, 3.02058e-05, -0.011595, 0.00311121
19861, 0.266198, 0.181516, 0.00371615, 1.83, 0.161287, 0, 0.350624, 0.151666, -0.151548, 3.02058e-05, 0.0120279, 0.00311121
19871, 0.2877, 0.428679, 0.00399553, 1.84, 0.161287, 0, 0, 0.151666, -0.151665, 3.02058e-05, 0.000155091, 0.00311121
19880, 0.303602, 0.444579, 0.00399821, 1.85, 0.161287, 0, 0, 0.151666, -0.151666, 3.02058e-05, 4.14699e-05, 0.00311121
19891, 0.319449, 0.460426, 0.00399821, 1.86, 0.161287, 0, 0, 0.151666, -0.151666, 3.02058e-05, 4.03821e-05, 0.00311121
19901, 0.335297, 0.476273, 0.00399821, 1.87, 0.161287, 0, 0, 0.151666, -0.151666, 3.02058e-05, 4.03821e-05, 0.00311121
19911, 0.0734499, 0.492121, 0.00399821, 1.88, 0.161287, 0.347118, 0, 0.151666, -0.151666, 3.02058e-05, 4.03821e-05, 0.00311121
19920, 0.321589, 0.507968, 0.00399821, 1.89, 0.161287, 0, 0, 0.151666, -0.151666, 3.02058e-05, 4.03821e-05, 0.00311121
19931, 0.337436, 0.523816, 0.00399821, 1.9, 0.161287, 0, 0, 0.151666, -0.151666, 3.02058e-05, 4.03821e-05, 0.00311121
19941, 0.353284, 0.270647, 0.00399821, 1.91, 0.164793, 0, 0.347118, 0.151666, -0.151666, 3.02058e-05, 4.03821e-05, 0.00311121
19951, 0.369131, 0.510108, 0.00399821, 1.92, 0.164793, 0, 0, 0.151666, -0.151666, 3.02058e-05, 4.03821e-05, 0.00311121
19960, 0.107284, 0.525955, 0.00399821, 1.93, 0.164793, 0.347118, 0, 0.151666, -0.151666, 3.02058e-05, 4.03821e-05, 0.00311121
19971, 0.355423, 0.541803, 0.00399821, 1.94, 0.164793, 0, 0, 0.151666, -0.151666, 3.02058e-05, 4.03821e-05, 0.00311121
19981, 0.37127, 0.55765, 0.00399821, 1.95, 0.164793, 0, 0, 0.151666, -0.151666, 3.02058e-05, 4.03821e-05, 0.00311121
19991, 0.387118, 0.301764, 0.00399821, 1.96, 0.1683, 0, 0.350624, 0.151666, -0.151666, 3.02058e-05, 4.03821e-05, 0.00311121
20000, 0.402965, 0.543483, 0.00399821, 1.97, 0.1683, 0, 0, 0.151666, -0.151666, 3.02058e-05, 4.03821e-05, 0.00311121
20011, 0.141118, 0.559331, 0.00399821, 1.98, 0.1683, 0.347118, 0, 0.151666, -0.151666, 3.02058e-05, 4.03821e-05, 0.00311121
20021, 0.389257, 0.303444, 0.00399821, 1.99, 0.171806, 0, 0.350624, 0.151666, -0.151666, 3.02058e-05, 4.03821e-05, 0.00311121
20031, 0.405105, 0.545164, 0.00399821, 2, 0.171806, 0, 0, 0.151666, -0.151666, 3.02058e-05, 4.03821e-05, 0.00311121
20041, 0.140453, 0.561011, 0.00399821, 2.01, 0.171806, 0.350624, 0, 0.151666, -0.151666, 3.02058e-05, 4.03821e-05, 0.00311121
20050, 0.390938, 0.305125, 0.00399821, 2.02, 0.175312, 0, 0.350624, 0.151666, -0.151666, 3.02058e-05, 4.03821e-05, 0.00311121
20061, 0.453116, 0.591728, 0.00590937, 2.03, 0.175312, 0, 0, 0.152471, -0.152462, 3.02058e-05, 0.000844583, 0.00311121
20071, 0.196484, 0.615581, 0.00592768, 2.04, 0.175312, 0.350624, 0, 0.152471, -0.15247, 3.02058e-05, 6.73831e-05, 0.00311121
20081, 0.40829, 0.322463, 0.0040167, 2.05, 0.178818, 0, 0.350624, 0.151666, -0.151674, 3.02058e-05, -0.000744268, 0.00311121
20090, 0.423766, 0.563826, 0.00399839, 2.06, 0.178818, 0, 0, 0.151666, -0.151666, 3.02058e-05, 3.2872e-05, 0.00311121
20101, 0.159111, 0.57967, 0.00399821, 2.07, 0.178818, 0.350624, 0, 0.151666, -0.151666, 3.02058e-05, 4.03076e-05, 0.00311121
20111, 0.409596, 0.323783, 0.00399821, 2.08, 0.178818, 0, 0.350624, 0.151666, -0.151666, 3.02058e-05, 4.03821e-05, 0.00311121
20121, 0.425444, 0.565503, 0.00399821, 2.09, 0.182325, 0, 0, 0.151666, -0.151666, 3.02058e-05, 4.03821e-05, 0.00311121
20130, 0.441291, 0.58135, 0.00399821, 2.1, 0.182325, 0, 0, 0.151666, -0.151666, 3.02058e-05, 4.03821e-05, 0.00311121
20141, 0.176639, 0.328182, 0.00399821, 2.11, 0.185831, 0.350624, 0.347118, 0.151666, -0.151666, 3.02058e-05, 4.03821e-05, 0.00311121
20151, 0.14943, 0.567642, 0.00399821, 2.12, 0.185831, 0.347118, 0, 0.151666, -0.151666, 3.02058e-05, 4.03821e-05, 0.00311121
20161, 0.397569, 0.58349, 0.00399821, 2.13, 0.185831, 0, 0, 0.151666, -0.151666, 3.02058e-05, 4.03821e-05, 0.00311121
20171, 0.413416, 0.330321, 0.00399821, 2.14, 0.189337, 0, 0.347118, 0.151666, -0.151666, 3.02058e-05, 4.03821e-05, 0.00311121
20180, 0.429264, 0.569782, 0.00399821, 2.15, 0.189337, 0, 0, 0.151666, -0.151666, 3.02058e-05, 4.03821e-05, 0.00311121
20191, 0.167417, 0.585629, 0.00399821, 2.16, 0.189337, 0.347118, 0, 0.151666, -0.151666, 3.02058e-05, 4.03821e-05, 0.00311121
20201, -0.260106, -0.0530708, -0.0238728, 2.17, 0.189337, 0, 0, 0.139938, -0.140053, 3.02058e-05, -0.0116875, 0.00311121
20211, 0.314467, 0.228857, 0.00373153, 2.18, 0.192843, 0, 0.350624, 0.151666, -0.151555, 3.02058e-05, 0.0113746, 0.00311121
20220, 0.335661, 0.475722, 0.00399567, 2.19, 0.192843, 0, 0, 0.151666, -0.151665, 3.02058e-05, 0.000148833, 0.00311121
20231, 0.35156, 0.491619, 0.00399821, 2.2, 0.192843, 0, 0, 0.151666, -0.151666, 3.02058e-05, 4.14103e-05, 0.00311121
20241, 0.367407, 0.507467, 0.00399821, 2.21, 0.192843, 0, 0, 0.151666, -0.151666, 3.02058e-05, 4.03821e-05, 0.00311121
20251, 0.383255, 0.523314, 0.00399821, 2.22, 0.192843, 0, 0, 0.151666, -0.151666, 3.02058e-05, 4.03821e-05, 0.00311121
20260, 0.121408, 0.270145, 0.00399821, 2.23, 0.19635, 0.347118, 0.347118, 0.151666, -0.151666, 3.02058e-05, 4.03821e-05, 0.00311121
20271, 0.369547, 0.509606, 0.00399821, 2.24, 0.19635, 0, 0, 0.151666, -0.151666, 3.02058e-05, 4.03821e-05, 0.00311121
20281, 0.385394, 0.525454, 0.00399821, 2.25, 0.19635, 0, 0, 0.151666, -0.151666, 3.02058e-05, 4.03821e-05, 0.00311121
20291, 0.401242, 0.541301, 0.00399821, 2.26, 0.19635, 0, 0, 0.151666, -0.151666, 3.02058e-05, 4.03821e-05, 0.00311121
20300, 0.46342, 0.602032, 0.00590937, 2.27, 0.19635, 0, 0, 0.152471, -0.152462, 3.02058e-05, 0.000844583, 0.00311121
20311, 0.160456, 0.581001, 0.00401652, 2.28, 0.19635, 0.350624, 0, 0.151666, -0.151674, 3.02058e-05, -0.000736818, 0.00311121
20321, 0.410574, 0.324762, 0.00399839, 2.29, 0.199856, 0, 0.350624, 0.151666, -0.151666, 3.02058e-05, 3.29316e-05, 0.00311121
20331, 0.472749, 0.611361, 0.00590937, 2.3, 0.199856, 0, 0, 0.152471, -0.152462, 3.02058e-05, 0.000844508, 0.00311121
20341, 0.450285, 0.59033, 0.00401652, 2.31, 0.199856, 0, 0, 0.151666, -0.151674, 3.02058e-05, -0.000736818, 0.00311121
20350, 0.185266, 0.336808, 0.00399839, 2.32, 0.203362, 0.350624, 0.347118, 0.151666, -0.151666, 3.02058e-05, 3.29316e-05, 0.00311121
20361, 0.158053, 0.576265, 0.00399821, 2.33, 0.203362, 0.347118, 0, 0.151666, -0.151666, 3.02058e-05, 4.03076e-05, 0.00311121
20371, 0.406192, 0.320379, 0.00399821, 2.34, 0.206868, 0, 0.350624, 0.151666, -0.151666, 3.02058e-05, 4.03821e-05, 0.00311121
20381, 0.422039, 0.562099, 0.00399821, 2.35, 0.206868, 0, 0, 0.151666, -0.151666, 3.02058e-05, 4.03821e-05, 0.00311121
20390, 0.437887, 0.577946, 0.00399821, 2.36, 0.206868, 0, 0, 0.151666, -0.151666, 3.02058e-05, 4.03821e-05, 0.00311121
20401, 0.173235, 0.593794, 0.00399821, 2.37, 0.206868, 0.350624, 0, 0.151666, -0.151666, 3.02058e-05, 4.03821e-05, 0.00311121
20411, 0.470051, 0.382791, 0.00590937, 2.38, 0.210375, 0, 0.350624, 0.152471, -0.152462, 3.02058e-05, 0.000844583, 0.00311121
20421, 0.447586, 0.587632, 0.00401652, 2.39, 0.210375, 0, 0, 0.151666, -0.151674, 3.02058e-05, -0.000736818, 0.00311121
20430, 0.228899, 0.64801, 0.00590955, 2.4, 0.210375, 0.350624, 0, 0.152471, -0.152462, 3.02058e-05, 0.000837132, 0.00311121
20441, -0.423232, -0.210315, -0.0316358, 2.41, 0.210375, 0, 0, 0.136664, -0.136818, 3.02058e-05, -0.0157391, 0.00311121
20451, 0.126789, 0.046865, -0.00377505, 2.42, 0.213881, 0, 0.350624, 0.148539, -0.148427, 3.02058e-05, 0.0114041, 0.00311121
20461, 0.118289, 0.264036, -0.00350844, 2.43, 0.213881, 0, 0, 0.148539, -0.148538, 3.02058e-05, 7.40737e-05, 0.00311121
20470, 0.104445, 0.25019, -0.00350586, 2.44, 0.213881, 0, 0, 0.148539, -0.148539, 3.02058e-05, -3.43472e-05, 0.00311121
20481, 0.0905492, 0.236294, -0.00350586, 2.45, 0.213881, 0, 0, 0.148539, -0.148539, 3.02058e-05, -3.54052e-05, 0.00311121
20491, 0.0766533, 0.222398, -0.00350586, 2.46, 0.213881, 0, 0, 0.148539, -0.148539, 3.02058e-05, -3.54052e-05, 0.00311121
20501, 0.0627573, 0.208502, -0.00350586, 2.47, 0.213881, 0, 0, 0.148539, -0.148539, 3.02058e-05, -3.54052e-05, 0.00311121
20511, 0.0488614, 0.46634, -0.00350586, 2.48, 0.210375, 0, -0.350624, 0.148539, -0.148539, 3.02058e-05, -3.54052e-05, 0.00311121
20520, 0.492836, 0.401117, 0.0039264, 2.49, 0.210375, -0.347118, 0, 0.151666, -0.151636, 3.02058e-05, 0.00309204, 0.00311121
20531, 0.277832, 0.41835, 0.00399753, 2.5, 0.210375, 0, 0, 0.151666, -0.151666, 3.02058e-05, 6.95884e-05, 0.00311121
20541, 0.340024, 0.479095, 0.00590937, 2.51, 0.210375, 0, 0, 0.152471, -0.152462, 3.02058e-05, 0.000844866, 0.00311121
20551, 0.317559, 0.458064, 0.00401652, 2.52, 0.210375, 0, 0, 0.151666, -0.151674, 3.02058e-05, -0.000736818, 0.00311121
20560, -0.381131, -0.218295, -0.0254612, 2.53, 0.210375, 0, 0, 0.13927, -0.139391, 3.02058e-05, -0.0123634, 0.00311121
20571, 0.0451063, 0.191469, -0.00371597, 2.54, 0.210375, 0, 0, 0.148539, -0.148452, 3.02058e-05, 0.00889309, 0.00311121
20581, 0.0354225, 0.181627, -0.00350786, 2.55, 0.210375, 0, 0, 0.148539, -0.148538, 3.02058e-05, 5.00381e-05, 0.00311121
20591, 0.302067, 0.16777, -0.00350586, 2.56, 0.210375, -0.350624, 0, 0.148539, -0.148539, 3.02058e-05, -3.45856e-05, 0.00311121
20600, 0.233709, 0.600154, 0.0039264, 2.57, 0.206868, 0, -0.350624, 0.151666, -0.151636, 3.02058e-05, 0.00309204, 0.00311121
20611, -0.0295033, 0.391515, 0.00399753, 2.58, 0.206868, 0.350624, 0, 0.151666, -0.151666, 3.02058e-05, 6.95884e-05, 0.00311121
20621, 0.501495, 0.407376, 0.00399821, 2.59, 0.206868, -0.350624, 0, 0.151666, -0.151666, 3.02058e-05, 4.06653e-05, 0.00311121
20631, 0.282705, 0.423223, 0.00399821, 2.6, 0.206868, 0, 0, 0.151666, -0.151666, 3.02058e-05, 4.03821e-05, 0.00311121
20641, 0.0180528, 0.43907, 0.00399821, 2.61, 0.206868, 0.350624, 0, 0.151666, -0.151666, 3.02058e-05, 4.03821e-05, 0.00311121
20651, 0.268538, 0.454918, 0.00399821, 2.62, 0.206868, 0, 0, 0.151666, -0.151666, 3.02058e-05, 4.03821e-05, 0.00311121
20661, 0.284385, 0.201749, 0.00399821, 2.63, 0.210375, 0, 0.347118, 0.151666, -0.151666, 3.02058e-05, 4.03821e-05, 0.00311121
20671, -0.375429, -0.213338, -0.0238728, 2.64, 0.210375, 0, 0, 0.139938, -0.140053, 3.02058e-05, -0.0116875, 0.00311121
20681, 0.199145, 0.340323, 0.00373153, 2.65, 0.210375, 0, 0, 0.151666, -0.151555, 3.02058e-05, 0.0113746, 0.00311121
20690, 0.220338, 0.361317, 0.00399567, 2.66, 0.210375, 0, 0, 0.151666, -0.151665, 3.02058e-05, 0.000148833, 0.00311121
20701, 0.236237, 0.646231, 0.00399821, 2.67, 0.206868, 0, -0.347118, 0.151666, -0.151666, 3.02058e-05, 4.14103e-05, 0.00311121
20711, 0.532584, 0.438465, 0.00399821, 2.68, 0.206868, -0.350624, 0, 0.151666, -0.151666, 3.02058e-05, 4.03821e-05, 0.00311121
20721, 0.313794, 0.182578, 0.00399821, 2.69, 0.210375, 0, 0.350624, 0.151666, -0.151666, 3.02058e-05, 4.03821e-05, 0.00311121
20730, 0.049142, 0.424298, 0.00399821, 2.7, 0.210375, 0.350624, 0, 0.151666, -0.151666, 3.02058e-05, 4.03821e-05, 0.00311121
20741, 0.119451, 0.537334, -0.00343405, 2.71, 0.206868, 0, -0.350624, 0.148539, -0.148569, 3.02058e-05, -0.00308706, 0.00311121
20751, 0.104116, 0.0271641, -0.00350515, 2.72, 0.210375, 0, 0.347118, 0.148539, -0.14854, 3.02058e-05, -6.46114e-05, 0.00311121
20761, 0.270383, 0.411414, 0.00392643, 2.73, 0.210375, 0, 0, 0.151666, -0.151636, 3.02058e-05, 0.00309175, 0.00311121
20770, 0.334, 0.47353, 0.00590869, 2.74, 0.210375, 0, 0, 0.152471, -0.152462, 3.02058e-05, 0.000873774, 0.00311121
20781, 0.35788, 0.497395, 0.00592765, 2.75, 0.210375, 0, 0, 0.152471, -0.15247, 3.02058e-05, 6.76513e-05, 0.00311121
20791, 0.111072, 0.259034, -0.00522233, 2.76, 0.210375, 0, 0, 0.147779, -0.147824, 3.02058e-05, -0.00463197, 0.00311121
20801, 0.131586, 0.278261, -0.00352228, 2.77, 0.210375, 0, 0, 0.148539, -0.148532, 3.02058e-05, 0.000662625, 0.00311121
20810, 0.11802, 0.264682, -0.00350601, 2.78, 0.210375, 0, 0, 0.148539, -0.148539, 3.02058e-05, -2.87294e-05, 0.00311121
20820, 0.104127, 0.250789, -0.00350586, 2.79, 0.210375, 0, 0, 0.148539, -0.148539, 3.02058e-05, -3.53456e-05, 0.00311121
20831, 0.270407, 0.411438, 0.0039264, 2.8, 0.210375, 0, 0, 0.151666, -0.151636, 3.02058e-05, 0.00309204, 0.00311121
20841, 0.287694, 0.428671, 0.00399753, 2.81, 0.210375, 0, 0, 0.151666, -0.151666, 3.02058e-05, 6.95884e-05, 0.00311121
20851, 0.303555, 0.444532, 0.00399821, 2.82, 0.210375, 0, 0, 0.151666, -0.151666, 3.02058e-05, 4.06653e-05, 0.00311121
20860, 0.319403, 0.46038, 0.00399821, 2.83, 0.210375, 0, 0, 0.151666, -0.151666, 3.02058e-05, 4.03821e-05, 0.00311121
20871, 0.155074, 0.301681, -0.00343405, 2.84, 0.210375, 0, 0, 0.148539, -0.148569, 3.02058e-05, -0.00308706, 0.00311121
20881, 0.139739, 0.2864, -0.00350515, 2.85, 0.210375, 0, 0, 0.148539, -0.14854, 3.02058e-05, -6.46114e-05, 0.00311121
20891, 0.125829, 0.272491, -0.00350586, 2.86, 0.210375, 0, 0, 0.148539, -0.148539, 3.02058e-05, -3.56883e-05, 0.00311121
20900, 0.111933, 0.258595, -0.00350586, 2.87, 0.210375, 0, 0, 0.148539, -0.148539, 3.02058e-05, -3.54052e-05, 0.00311121
20911, -0.586086, -0.418045, -0.0317259, 2.88, 0.210375, 0, 0, 0.136664, -0.136781, 3.02058e-05, -0.0119102, 0.00311121
20921, 0.145916, 0.287152, 0.00365635, 2.89, 0.210375, 0, 0, 0.151666, -0.151523, 3.02058e-05, 0.0145682, 0.00311121
20931, 0.449117, 0.578613, 0.00399495, 2.9, 0.206868, -0.350624, -0.347118, 0.151666, -0.151665, 3.02058e-05, 0.00017941, 0.00311121
20940, 0.230392, 0.370911, 0.00399821, 2.91, 0.206868, 0, 0, 0.151666, -0.151666, 3.02058e-05, 4.17084e-05, 0.00311121
20951, 0.24624, 0.386758, 0.00399821, 2.92, 0.206868, 0, 0, 0.151666, -0.151666, 3.02058e-05, 4.03821e-05, 0.00311121
20961, 0.262087, 0.402606, 0.00399821, 2.93, 0.206868, 0, 0, 0.151666, -0.151666, 3.02058e-05, 4.03821e-05, 0.00311121
20971, 0.277935, 0.418453, 0.00399821, 2.94, 0.206868, 0, 0, 0.151666, -0.151666, 3.02058e-05, 4.03821e-05, 0.00311121
20981, 0.293782, 0.4343, 0.00399821, 2.95, 0.206868, 0, 0, 0.151666, -0.151666, 3.02058e-05, 4.03821e-05, 0.00311121
20990, 0.30963, 0.450148, 0.00399821, 2.96, 0.206868, 0, 0, 0.151666, -0.151666, 3.02058e-05, 4.03821e-05, 0.00311121
21001, 0.325477, 0.465995, 0.00399821, 2.97, 0.206868, 0, 0, 0.151666, -0.151666, 3.02058e-05, 4.03821e-05, 0.00311121
21011, 0.0608251, 0.481843, 0.00399821, 2.98, 0.206868, 0.350624, 0, 0.151666, -0.151666, 3.02058e-05, 4.03821e-05, 0.00311121
21021, 0.131134, 0.0514111, -0.00343405, 2.99, 0.210375, 0, 0.350624, 0.148539, -0.148569, 3.02058e-05, -0.00308706, 0.00311121
21030, 0.115799, 0.262002, -0.00350515, 3, 0.210375, 0, 0, 0.148539, -0.14854, 3.02058e-05, -6.46114e-05, 0.00311121
21041, 0.282066, 0.422638, 0.00392643, 3.01, 0.210375, 0, 0, 0.151666, -0.151636, 3.02058e-05, 0.00309175, 0.00311121
21051, 0.299352, 0.439871, 0.00399753, 3.02, 0.210375, 0, 0, 0.151666, -0.151666, 3.02058e-05, 6.95735e-05, 0.00311121
21061, 0.315214, 0.455732, 0.00399821, 3.03, 0.210375, 0, 0, 0.151666, -0.151666, 3.02058e-05, 4.06653e-05, 0.00311121
21070, 0.331061, 0.471579, 0.00399821, 3.04, 0.210375, 0, 0, 0.151666, -0.151666, 3.02058e-05, 4.03821e-05, 0.00311121
21081, 0.346908, 0.487427, 0.00399821, 3.05, 0.210375, 0, 0, 0.151666, -0.151666, 3.02058e-05, 4.03821e-05, 0.00311121
21091, 0.362756, 0.503274, 0.00399821, 3.06, 0.210375, 0, 0, 0.151666, -0.151666, 3.02058e-05, 4.03821e-05, 0.00311121
21101, 0.378603, 0.519122, 0.00399821, 3.07, 0.210375, 0, 0, 0.151666, -0.151666, 3.02058e-05, 4.03821e-05, 0.00311121
21110, 0.394451, 0.534969, 0.00399821, 3.08, 0.210375, 0, 0, 0.151666, -0.151666, 3.02058e-05, 4.03821e-05, 0.00311121
21121, 0.129799, 0.550816, 0.00399821, 3.09, 0.210375, 0.350624, 0, 0.151666, -0.151666, 3.02058e-05, 4.03821e-05, 0.00311121
21131, 0.380284, 0.29493, 0.00399821, 3.1, 0.210375, 0, 0.350624, 0.151666, -0.151666, 3.02058e-05, 4.03821e-05, 0.00311121
21141, -0.27953, -0.117898, -0.0238728, 3.11, 0.213881, 0, 0, 0.139938, -0.140053, 3.02058e-05, -0.0116875, 0.00311121
21151, -0.569256, -0.401527, -0.0319208, 3.12, 0.213881, 0, 0, 0.136664, -0.1367, 3.02058e-05, -0.00362763, 0.00311121
21160, -0.0135229, 0.132886, -0.00377777, 3.13, 0.213881, 0, 0, 0.148539, -0.148426, 3.02058e-05, 0.01152, 0.00311121
21171, -0.0219674, 0.124238, -0.00350844, 3.14, 0.213881, 0, 0, 0.148539, -0.148538, 3.02058e-05, 7.51764e-05, 0.00311121
21181, 0.424864, 0.553954, 0.0039264, 3.15, 0.210375, -0.350624, -0.347118, 0.151666, -0.151636, 3.02058e-05, 0.00309309, 0.00311121
21191, 0.207514, 0.347574, 0.00399753, 3.16, 0.210375, 0, 0, 0.151666, -0.151666, 3.02058e-05, 6.95884e-05, 0.00311121
21200, 0.223375, 0.363435, 0.00399821, 3.17, 0.210375, 0, 0, 0.151666, -0.151666, 3.02058e-05, 4.06653e-05, 0.00311121
21211, 0.239222, 0.379282, 0.00399821, 3.18, 0.210375, 0, 0, 0.151666, -0.151666, 3.02058e-05, 4.03821e-05, 0.00311121
21221, 0.25507, 0.39513, 0.00399821, 3.19, 0.210375, 0, 0, 0.151666, -0.151666, 3.02058e-05, 4.03821e-05, 0.00311121
21231, 0.270917, 0.410977, 0.00399821, 3.2, 0.210375, 0, 0, 0.151666, -0.151666, 3.02058e-05, 4.03821e-05, 0.00311121
21240, 0.286765, 0.426824, 0.00399821, 3.21, 0.210375, 0, 0, 0.151666, -0.151666, 3.02058e-05, 4.03821e-05, 0.00311121
21251, 0.348943, 0.487555, 0.00590937, 3.22, 0.210375, 0, 0, 0.152471, -0.152462, 3.02058e-05, 0.000844583, 0.00311121
21261, 0.146303, 0.291979, -0.00341574, 3.23, 0.210375, 0, 0, 0.148539, -0.148577, 3.02058e-05, -0.00386426, 0.00311121
21271, -0.870606, -0.421841, -0.0332341, 3.24, 0.210375, 0.350624, 0, 0.136029, -0.136152, 3.02058e-05, -0.0125819, 0.00311121
21280, 0.126269, 0.312461, 0.00364194, 3.25, 0.210375, 0, 0, 0.151666, -0.151517, 3.02058e-05, 0.0151815, 0.00311121
21291, 0.710258, 0.335183, 0.00399481, 3.26, 0.210375, -0.701248, 0, 0.151666, -0.151665, 3.02058e-05, 0.000185266, 0.00311121
21301, 0.534593, 0.351097, 0.00399821, 3.27, 0.210375, -0.347118, 0, 0.151666, -0.151666, 3.02058e-05, 4.1768e-05, 0.00311121
21311, 0.0376499, 0.366944, 0.00399821, 3.28, 0.210375, 0.350624, 0, 0.151666, -0.151666, 3.02058e-05, 4.03821e-05, 0.00311121
21321, 0.0076357, 0.382792, 0.00399821, 3.29, 0.210375, 0.350624, 0, 0.151666, -0.151666, 3.02058e-05, 4.03821e-05, 0.00311121
21330, 0.258121, 0.398639, 0.00399821, 3.3, 0.210375, 0, 0, 0.151666, -0.151666, 3.02058e-05, 4.03821e-05, 0.00311121
21341, 0.273968, 0.414487, 0.00399821, 3.31, 0.210375, 0, 0, 0.151666, -0.151666, 3.02058e-05, 4.03821e-05, 0.00311121
21351, 0.289816, 0.430334, 0.00399821, 3.32, 0.210375, 0, 0, 0.151666, -0.151666, 3.02058e-05, 4.03821e-05, 0.00311121
21361, 0.125487, 0.271636, -0.00343405, 3.33, 0.210375, 0, 0, 0.148539, -0.148569, 3.02058e-05, -0.00308706, 0.00311121
21370, 0.110152, 0.256355, -0.00350515, 3.34, 0.210375, 0, 0, 0.148539, -0.14854, 3.02058e-05, -6.46114e-05, 0.00311121
21381, -0.550923, -0.384496, -0.0302014, 3.35, 0.210375, 0, 0, 0.137306, -0.137416, 3.02058e-05, -0.011269, 0.00311121
21391, 0.150518, 0.291284, 0.00367094, 3.36, 0.210375, 0, 0, 0.151666, -0.15153, 3.02058e-05, 0.0139482, 0.00311121
21401, 0.172926, 0.585181, 0.0039951, 3.37, 0.206868, 0, -0.350624, 0.151666, -0.151665, 3.02058e-05, 0.000173479, 0.00311121
21410, 0.469336, 0.375217, 0.00399821, 3.38, 0.206868, -0.350624, 0, 0.151666, -0.151666, 3.02058e-05, 4.16487e-05, 0.00311121
21421, 0.250546, 0.11933, 0.00399821, 3.39, 0.210375, 0, 0.350624, 0.151666, -0.151666, 3.02058e-05, 4.03821e-05, 0.00311121
21431, 0.266393, 0.630066, 0.00399821, 3.4, 0.206868, 0, -0.347118, 0.151666, -0.151666, 3.02058e-05, 4.03821e-05, 0.00311121
21441, 0.282241, 0.4223, 0.00399821, 3.41, 0.206868, 0, 0, 0.151666, -0.151666, 3.02058e-05, 4.03821e-05, 0.00311121
21450, 0.298088, 0.438148, 0.00399821, 3.42, 0.206868, 0, 0, 0.151666, -0.151666, 3.02058e-05, 4.03821e-05, 0.00311121
21460, 0.313936, 0.453995, 0.00399821, 3.43, 0.206868, 0, 0, 0.151666, -0.151666, 3.02058e-05, 4.03821e-05, 0.00311121
21471, 0.0520887, 0.200826, 0.00399821, 3.44, 0.210375, 0.347118, 0.347118, 0.151666, -0.151666, 3.02058e-05, 4.03821e-05, 0.00311121
21481, 0.346559, 0.485171, 0.00590937, 3.45, 0.210375, 0, 0, 0.152471, -0.152462, 3.02058e-05, 0.000844583, 0.00311121
21491, 0.324094, 0.46414, 0.00401652, 3.46, 0.210375, 0, 0, 0.151666, -0.151674, 3.02058e-05, -0.000736818, 0.00311121
21500, 0.339574, 0.479634, 0.00399839, 3.47, 0.210375, 0, 0, 0.151666, -0.151666, 3.02058e-05, 3.29316e-05, 0.00311121
21511, 0.355418, 0.495478, 0.00399821, 3.48, 0.210375, 0, 0, 0.151666, -0.151666, 3.02058e-05, 4.03076e-05, 0.00311121
21521, 0.371266, 0.511325, 0.00399821, 3.49, 0.210375, 0, 0, 0.151666, -0.151666, 3.02058e-05, 4.03821e-05, 0.00311121
21531, 0.106614, 0.527173, 0.00399821, 3.5, 0.210375, 0.350624, 0, 0.151666, -0.151666, 3.02058e-05, 4.03821e-05, 0.00311121
21540, 0.357099, 0.54302, 0.00399821, 3.51, 0.210375, 0, 0, 0.151666, -0.151666, 3.02058e-05, 4.03821e-05, 0.00311121
21551, 0.19277, 0.115306, -0.00343405, 3.52, 0.213881, 0, 0.347118, 0.148539, -0.148569, 3.02058e-05, -0.00308706, 0.00311121
21561, 0.177435, 0.323638, -0.00350515, 3.53, 0.213881, 0, 0, 0.148539, -0.14854, 3.02058e-05, -6.46114e-05, 0.00311121
21571, 0.343702, 0.484275, 0.00392643, 3.54, 0.213881, 0, 0, 0.151666, -0.151636, 3.02058e-05, 0.00309175, 0.00311121
21580, 0.315181, 0.457131, 0.00210797, 3.55, 0.213881, 0, 0, 0.150871, -0.150878, 3.02058e-05, -0.000725538, 0.00311121
21591, 0.415253, 0.554337, 0.00589128, 3.56, 0.213881, 0, 0, 0.152471, -0.152455, 3.02058e-05, 0.00161329, 0.00311121
21601, 0.39315, 0.533655, 0.00401634, 3.57, 0.213881, 0, 0, 0.151666, -0.151673, 3.02058e-05, -0.000729457, 0.00311121
21611, 0.128135, 0.549153, 0.00399839, 3.58, 0.213881, 0.350624, 0, 0.151666, -0.151666, 3.02058e-05, 3.30061e-05, 0.00311121
21621, -0.448724, -0.508224, -0.0301296, 3.59, 0.217387, 0, 0.350624, 0.137306, -0.137446, 3.02058e-05, -0.0143204, 0.00311121
21630, 0.251277, 0.392042, 0.00367162, 3.6, 0.217387, 0, 0, 0.151666, -0.15153, 3.02058e-05, 0.013919, 0.00311121
21641, 0.554171, 0.683209, 0.0039951, 3.61, 0.213881, -0.350624, -0.347118, 0.151666, -0.151665, 3.02058e-05, 0.000173196, 0.00311121
21651, 0.155267, 0.300957, -0.00343409, 3.62, 0.213881, 0, 0, 0.148539, -0.148569, 3.02058e-05, -0.00308579, 0.00311121
21661, 0.0396093, 0.191206, 0.00392711, 3.63, 0.217387, 0.350624, 0.347118, 0.151666, -0.151636, 3.02058e-05, 0.00306284, 0.00311121
21670, 0.29152, 0.432039, 0.00399753, 3.64, 0.217387, 0, 0, 0.151666, -0.151666, 3.02058e-05, 6.92904e-05, 0.00311121
21681, 0.127205, 0.273354, -0.00343405, 3.65, 0.217387, 0, 0, 0.148539, -0.148569, 3.02058e-05, -0.00308678, 0.00311121
21691, 0.11187, 0.527089, -0.00350515, 3.66, 0.213881, 0, -0.347118, 0.148539, -0.14854, 3.02058e-05, -6.46114e-05, 0.00311121
21701, 0.0979596, 0.289566, -0.00350586, 3.67, 0.213881, 0, 0, 0.148539, -0.148539, 3.02058e-05, -3.56883e-05, 0.00311121
21710, 0.0840636, 0.00665352, -0.00350586, 3.68, 0.217387, 0, 0.347118, 0.148539, -0.148539, 3.02058e-05, -3.54052e-05, 0.00311121
21721, 0.114456, 0.259276, -0.00167896, 3.69, 0.217387, 0, 0, 0.149308, -0.1493, 3.02058e-05, 0.000733346, 0.00311121
21731, 0.244113, 0.384672, 0.00394388, 3.7, 0.217387, 0, 0, 0.151666, -0.151643, 3.02058e-05, 0.00234909, 0.00311121
21741, 0.26105, 0.673302, 0.00399771, 3.71, 0.213881, 0, -0.350624, 0.151666, -0.151666, 3.02058e-05, 6.24806e-05, 0.00311121
21750, 0.0967314, 0.288742, -0.00343405, 3.72, 0.213881, 0, 0, 0.148539, -0.148569, 3.02058e-05, -0.00308685, 0.00311121
21761, 0.496264, 0.134614, 0.00203755, 3.73, 0.217387, -0.350624, 0.347118, 0.150871, -0.150849, 3.02058e-05, 0.00226772, 0.00311121
21771, 0.316779, 0.411909, 0.00397947, 3.74, 0.217387, 0, 0, 0.151666, -0.151658, 3.02058e-05, 0.000837713, 0.00311121
21781, 0.0525032, 0.697134, 0.00399803, 3.75, 0.213881, 0.350624, -0.347118, 0.151666, -0.151666, 3.02058e-05, 4.80115e-05, 0.00311121
21791, 0.302992, 0.489372, 0.00399821, 3.76, 0.213881, 0, 0, 0.151666, -0.151666, 3.02058e-05, 4.04567e-05, 0.00311121
21800, 0.318839, 0.236203, 0.00399821, 3.77, 0.217387, 0, 0.347118, 0.151666, -0.151666, 3.02058e-05, 4.03821e-05, 0.00311121
21811, 0.154511, 0.301118, -0.00343405, 3.78, 0.217387, 0, 0, 0.148539, -0.148569, 3.02058e-05, -0.00308706, 0.00311121
21821, 0.139176, 0.285837, -0.00350515, 3.79, 0.217387, 0, 0, 0.148539, -0.14854, 3.02058e-05, -6.46114e-05, 0.00311121
21831, -0.110944, 0.314833, -0.00167892, 3.8, 0.217387, 0.350624, 0, 0.149308, -0.1493, 3.02058e-05, 0.000733063, 0.00311121
21840, 0.253349, 0.440229, 0.00394388, 3.81, 0.217387, 0, 0, 0.151666, -0.151643, 3.02058e-05, 0.00234908, 0.00311121
21851, -0.405376, -0.197422, -0.0238733, 3.82, 0.217387, 0, 0, 0.139938, -0.140053, 3.02058e-05, -0.0116654, 0.00311121
21861, -0.695091, -0.481041, -0.0319208, 3.83, 0.217387, 0, 0, 0.136664, -0.1367, 3.02058e-05, -0.00362742, 0.00311121
21871, 0.141141, 0.0533716, -0.00377777, 3.84, 0.217387, -0.350624, 0, 0.148539, -0.148426, 3.02058e-05, 0.01152, 0.00311121
21881, 0.459058, 0.316457, -0.00350844, 3.85, 0.213881, -0.701248, -0.350624, 0.148539, -0.148538, 3.02058e-05, 7.51764e-05, 0.00311121
21891, 0.253633, 0.345755, -0.00350586, 3.86, 0.210375, -0.347118, -0.347118, 0.148539, -0.148539, 3.02058e-05, -3.43472e-05, 0.00311121
21901, -0.270249, 0.108246, -0.00350586, 3.87, 0.210375, 0.347118, 0, 0.148539, -0.148539, 3.02058e-05, -3.54052e-05, 0.00311121
21911, 0.128323, 0.268896, 0.0039264, 3.88, 0.210375, 0, 0, 0.151666, -0.151636, 3.02058e-05, 0.00309204, 0.00311121
21920, 0.14561, 0.286129, 0.00399753, 3.89, 0.210375, 0, 0, 0.151666, -0.151666, 3.02058e-05, 6.95884e-05, 0.00311121
21931, 0.161471, 0.573723, 0.00399821, 3.9, 0.206868, 0, -0.350624, 0.151666, -0.151666, 3.02058e-05, 4.06653e-05, 0.00311121
21941, 0.455013, 0.363699, 0.00399821, 3.91, 0.206868, -0.347118, 0, 0.151666, -0.151666, 3.02058e-05, 4.03821e-05, 0.00311121
21951, 0.238569, 0.379546, 0.00399821, 3.92, 0.206868, 0, 0, 0.151666, -0.151666, 3.02058e-05, 4.03821e-05, 0.00311121
21961, 0.0202485, 0.171261, 0.00590937, 3.93, 0.210375, 0.350624, 0.347118, 0.152471, -0.152462, 3.02058e-05, 0.000844583, 0.00311121
21970, 0.232421, 0.373843, 0.00401652, 3.94, 0.210375, 0, 0, 0.151666, -0.151674, 3.02058e-05, -0.000736818, 0.00311121
21981, -0.466269, -0.0334996, -0.0254612, 3.95, 0.206868, 0, -0.347118, 0.13927, -0.139391, 3.02058e-05, -0.0123634, 0.00311121
21991, 0.140145, 0.0554637, 0.00371633, 3.96, 0.210375, 0, 0.350624, 0.151666, -0.151548, 3.02058e-05, 0.0120205, 0.00311121
22001, 0.439338, 0.302623, 0.00399553, 3.97, 0.210375, -0.347118, 0, 0.151666, -0.151665, 3.02058e-05, 0.000155017, 0.00311121
22010, 0.222949, 0.590256, 0.00399821, 3.98, 0.206868, 0, -0.350624, 0.151666, -0.151666, 3.02058e-05, 4.14699e-05, 0.00311121
22021, 0.238796, 0.380232, 0.00399821, 3.99, 0.206868, 0, 0, 0.151666, -0.151666, 3.02058e-05, 4.03821e-05, 0.00311121
22031, 0.254644, 0.396079, 0.00399821, 4, 0.206868, 0, 0, 0.151666, -0.151666, 3.02058e-05, 4.03821e-05, 0.00311121
22041, 0.090315, -0.0343526, -0.00343405, 4.01, 0.210375, 0, 0.350624, 0.148539, -0.148569, 3.02058e-05, -0.00308706, 0.00311121
22050, 0.255156, 0.350784, 0.00392711, 4.02, 0.210375, 0, 0, 0.151666, -0.151636, 3.02058e-05, 0.00306283, 0.00311121
22061, 0.272429, 0.63702, 0.00399753, 4.03, 0.206868, 0, -0.347118, 0.151666, -0.151666, 3.02058e-05, 6.92904e-05, 0.00311121
22071, 0.0105957, 0.429267, 0.00399821, 4.04, 0.206868, 0.347118, 0, 0.151666, -0.151666, 3.02058e-05, 4.06653e-05, 0.00311121
22081, 0.258734, 0.173381, 0.00399821, 4.05, 0.210375, 0, 0.350624, 0.151666, -0.151666, 3.02058e-05, 4.03821e-05, 0.00311121
22090, -0.40108, -0.239447, -0.0238728, 4.06, 0.210375, 0, 0, 0.139938, -0.140053, 3.02058e-05, -0.0116875, 0.00311121
22100, 0.173494, 0.314214, 0.00373153, 4.07, 0.210375, 0, 0, 0.151666, -0.151555, 3.02058e-05, 0.0113746, 0.00311121
22111, 0.472382, 0.604224, 0.00399567, 4.08, 0.206868, -0.347118, -0.347118, 0.151666, -0.151665, 3.02058e-05, 0.000148833, 0.00311121
22121, 0.255989, 0.396508, 0.00399821, 4.09, 0.206868, 0, 0, 0.151666, -0.151666, 3.02058e-05, 4.14103e-05, 0.00311121
22131, -0.188838, -0.0312066, -0.00343405, 4.1, 0.210375, 0.350624, 0.347118, 0.148539, -0.148569, 3.02058e-05, -0.00308706, 0.00311121
22140, 0.0304644, 0.177126, -0.00350515, 4.11, 0.210375, 0, 0, 0.148539, -0.14854, 3.02058e-05, -6.46114e-05, 0.00311121
22151, 0.196731, 0.337762, 0.00392643, 4.12, 0.210375, 0, 0, 0.151666, -0.151636, 3.02058e-05, 0.00309175, 0.00311121
22161, 0.214017, 0.624011, 0.00399753, 4.13, 0.206868, 0, -0.347118, 0.151666, -0.151666, 3.02058e-05, 6.95735e-05, 0.00311121
22171, 0.229879, 0.416258, 0.00399821, 4.14, 0.206868, 0, 0, 0.151666, -0.151666, 3.02058e-05, 4.06653e-05, 0.00311121
22180, 0.245726, 0.163089, 0.00399821, 4.15, 0.210375, 0, 0.347118, 0.151666, -0.151666, 3.02058e-05, 4.03821e-05, 0.00311121
22191, 0.307905, 0.447434, 0.00590937, 4.16, 0.210375, 0, 0, 0.152471, -0.152462, 3.02058e-05, 0.000844583, 0.00311121
22201, 0.28544, 0.426403, 0.00401652, 4.17, 0.210375, 0, 0, 0.151666, -0.151674, 3.02058e-05, -0.000736818, 0.00311121
22211, 0.30092, 0.441897, 0.00399839, 4.18, 0.210375, 0, 0, 0.151666, -0.151666, 3.02058e-05, 3.29316e-05, 0.00311121
22220, 0.316764, 0.457741, 0.00399821, 4.19, 0.210375, 0, 0, 0.151666, -0.151666, 3.02058e-05, 4.03076e-05, 0.00311121
22231, 0.332612, 0.473588, 0.00399821, 4.2, 0.210375, 0, 0, 0.151666, -0.151666, 3.02058e-05, 4.03821e-05, 0.00311121
22241, 0.348459, 0.489436, 0.00399821, 4.21, 0.210375, 0, 0, 0.151666, -0.151666, 3.02058e-05, 4.03821e-05, 0.00311121
22251, 0.0838071, 0.505283, 0.00399821, 4.22, 0.210375, 0.350624, 0, 0.151666, -0.151666, 3.02058e-05, 4.03821e-05, 0.00311121
22261, 0.334292, 0.521131, 0.00399821, 4.23, 0.210375, 0, 0, 0.151666, -0.151666, 3.02058e-05, 4.03821e-05, 0.00311121
22270, 0.35014, 0.265245, 0.00399821, 4.24, 0.213881, 0, 0.350624, 0.151666, -0.151666, 3.02058e-05, 4.03821e-05, 0.00311121
22281, 0.365987, 0.506964, 0.00399821, 4.25, 0.213881, 0, 0, 0.151666, -0.151666, 3.02058e-05, 4.03821e-05, 0.00311121
22291, 0.201659, 0.348266, -0.00343405, 4.26, 0.213881, 0, 0, 0.148539, -0.148569, 3.02058e-05, -0.00308706, 0.00311121
22301, -0.0913706, 0.332985, -0.00350515, 4.27, 0.213881, 0.347118, 0, 0.148539, -0.14854, 3.02058e-05, -6.46114e-05, 0.00311121
22310, 0.12701, 0.319075, -0.00350586, 4.28, 0.213881, 0, 0, 0.148539, -0.148539, 3.02058e-05, -3.56883e-05, 0.00311121
22321, 0.113114, 0.305179, -0.00350586, 4.29, 0.213881, 0, 0, 0.148539, -0.148539, 3.02058e-05, -3.54052e-05, 0.00311121
22331, -0.584904, -0.371461, -0.0317259, 4.3, 0.213881, 0, 0, 0.136664, -0.136781, 3.02058e-05, -0.0119102, 0.00311121
22341, 0.147098, 0.333737, 0.00365635, 4.31, 0.213881, 0, 0, 0.151666, -0.151523, 3.02058e-05, 0.0145682, 0.00311121
22350, 0.450298, 0.356181, 0.00399495, 4.32, 0.213881, -0.350624, 0, 0.151666, -0.151665, 3.02058e-05, 0.00017941, 0.00311121
22361, 0.329091, 0.197546, -0.00343409, 4.33, 0.213881, -0.347118, 0, 0.148539, -0.148569, 3.02058e-05, -0.00308573, 0.00311121
22371, 0.0814658, 0.182266, -0.00350515, 4.34, 0.213881, 0, 0, 0.148539, -0.14854, 3.02058e-05, -6.45965e-05, 0.00311121
22381, -0.212944, 0.437372, -0.00350586, 4.35, 0.210375, 0.350624, -0.347118, 0.148539, -0.148539, 3.02058e-05, -3.56883e-05, 0.00311121
22390, 0.187974, 0.374408, 0.0039264, 4.36, 0.210375, 0, 0, 0.151666, -0.151636, 3.02058e-05, 0.00309204, 0.00311121
22401, 0.205261, 0.391641, 0.00399753, 4.37, 0.210375, 0, 0, 0.151666, -0.151666, 3.02058e-05, 6.95884e-05, 0.00311121
22411, 0.318641, 0.232957, -0.00343405, 4.38, 0.210375, -0.347118, 0, 0.148539, -0.148569, 3.02058e-05, -0.00308678, 0.00311121
22421, 0.25119, 0.392221, 0.00392711, 4.39, 0.210375, 0, 0, 0.151666, -0.151636, 3.02058e-05, 0.00306283, 0.00311121
22431, 0.314794, 0.454324, 0.00590869, 4.4, 0.210375, 0, 0, 0.152471, -0.152462, 3.02058e-05, 0.000873491, 0.00311121
22440, 0.246536, 0.38893, 0.00212696, 4.41, 0.210375, 0, 0, 0.150871, -0.150886, 3.02058e-05, -0.00153166, 0.00311121
22451, 0.299896, 0.440887, 0.00398033, 4.42, 0.210375, 0, 0, 0.151666, -0.151658, 3.02058e-05, 0.000801355, 0.00311121
22461, 0.316103, 0.45708, 0.00399807, 4.43, 0.210375, 0, 0, 0.151666, -0.151666, 3.02058e-05, 4.76539e-05, 0.00311121
22471, 0.331953, 0.47293, 0.00399821, 4.44, 0.210375, 0, 0, 0.151666, -0.151666, 3.02058e-05, 4.04418e-05, 0.00311121
22480, 0.0673015, 0.488778, 0.00399821, 4.45, 0.210375, 0.350624, 0, 0.151666, -0.151666, 3.02058e-05, 4.03821e-05, 0.00311121
22491, 0.137611, 0.33008, -0.00343405, 4.46, 0.210375, 0, 0, 0.148539, -0.148569, 3.02058e-05, -0.00308706, 0.00311121
22501, 0.256644, 0.173234, 0.00203755, 4.47, 0.213881, 0, 0.350624, 0.150871, -0.150849, 3.02058e-05, 0.00226772, 0.00311121
22511, 0.311797, 0.452788, 0.00397947, 4.48, 0.213881, 0, 0, 0.151666, -0.151658, 3.02058e-05, 0.000837713, 0.00311121
22520, 0.147844, 0.294452, -0.00343423, 4.49, 0.213881, 0, 0, 0.148539, -0.148569, 3.02058e-05, -0.00307943, 0.00311121
22531, 0.132512, 0.279173, -0.00350518, 4.5, 0.213881, 0, 0, 0.148539, -0.14854, 3.02058e-05, -6.45369e-05, 0.00311121
22541, 0.298779, 0.43981, 0.00392643, 4.51, 0.213881, 0, 0, 0.151666, -0.151636, 3.02058e-05, 0.00309177, 0.00311121
22551, 0.13589, 0.282498, -0.00343473, 4.52, 0.213881, 0, 0, 0.148539, -0.148569, 3.02058e-05, -0.00305787, 0.00311121
22560, -0.526597, -0.359712, -0.0302007, 4.53, 0.213881, 0, 0, 0.137306, -0.137416, 3.02058e-05, -0.0112976, 0.00311121
22571, -0.539341, -0.375799, -0.0257886, 4.54, 0.213881, 0, 0, 0.13927, -0.139255, 3.02058e-05, 0.0015516, 0.00311121
22581, 0.351331, 0.483846, 0.00371318, 4.55, 0.210375, -0.347118, -0.347118, 0.151666, -0.151547, 3.02058e-05, 0.0121537, 0.00311121
22591, 0.421101, 0.281581, 0.00399549, 4.56, 0.210375, -0.350624, 0, 0.151666, -0.151665, 3.02058e-05, 0.000156298, 0.00311121
22601, 0.202366, 0.297481, 0.00399821, 4.57, 0.210375, 0, 0, 0.151666, -0.151666, 3.02058e-05, 4.14848e-05, 0.00311121
22610, 0.218213, 0.313329, 0.00399821, 4.58, 0.210375, 0, 0, 0.151666, -0.151666, 3.02058e-05, 4.03821e-05, 0.00311121
22621, 0.234061, 0.598192, 0.00399821, 4.59, 0.206868, 0, -0.347118, 0.151666, -0.151666, 3.02058e-05, 4.03821e-05, 0.00311121
22631, 0.249908, 0.390426, 0.00399821, 4.6, 0.206868, 0, 0, 0.151666, -0.151666, 3.02058e-05, 4.03821e-05, 0.00311121
22641, 0.265756, 0.406274, 0.00399821, 4.61, 0.206868, 0, 0, 0.151666, -0.151666, 3.02058e-05, 4.03821e-05, 0.00311121
22650, 0.101427, 0.247576, -0.00343405, 4.62, 0.206868, 0, 0, 0.148539, -0.148569, 3.02058e-05, -0.00308706, 0.00311121
22661, 0.266268, 0.40684, 0.00392711, 4.63, 0.206868, 0, 0, 0.151666, -0.151636, 3.02058e-05, 0.00306283, 0.00311121
22671, 0.329872, 0.468943, 0.00590869, 4.64, 0.206868, 0, 0, 0.152471, -0.152462, 3.02058e-05, 0.000873491, 0.00311121
22681, 0.307421, 0.447926, 0.00401652, 4.65, 0.206868, 0, 0, 0.151666, -0.151674, 3.02058e-05, -0.000736549, 0.00311121
22690, -0.429382, -0.537089, -0.0270333, 4.66, 0.210375, 0, 0.350624, 0.138608, -0.138736, 3.02058e-05, -0.013025, 0.00311121
22701, -0.0256196, 0.348314, 0.00561243, 4.67, 0.210375, 0.350624, 0, 0.152471, -0.152339, 3.02058e-05, 0.0134641, 0.00311121
22711, 0.473005, 0.604746, 0.00401366, 4.68, 0.206868, -0.350624, -0.350624, 0.151666, -0.151672, 3.02058e-05, -0.000616074, 0.00311121
22721, 0.253906, 0.394424, 0.00399839, 4.69, 0.206868, 0, 0, 0.151666, -0.151666, 3.02058e-05, 3.41088e-05, 0.00311121
22730, 0.26975, 0.410268, 0.00399821, 4.7, 0.206868, 0, 0, 0.151666, -0.151666, 3.02058e-05, 4.03076e-05, 0.00311121
22740, 0.285597, 0.426115, 0.00399821, 4.71, 0.206868, 0, 0, 0.151666, -0.151666, 3.02058e-05, 4.03821e-05, 0.00311121
22751, 0.301444, 0.441963, 0.00399821, 4.72, 0.206868, 0, 0, 0.151666, -0.151666, 3.02058e-05, 4.03821e-05, 0.00311121
22761, 0.0367926, 0.45781, 0.00399821, 4.73, 0.206868, 0.350624, 0, 0.151666, -0.151666, 3.02058e-05, 4.03821e-05, 0.00311121
22771, 0.333609, 0.246807, 0.00590937, 4.74, 0.210375, 0, 0.350624, 0.152471, -0.152462, 3.02058e-05, 0.000844583, 0.00311121
22780, 0.311144, 0.451649, 0.00401652, 4.75, 0.210375, 0, 0, 0.151666, -0.151674, 3.02058e-05, -0.000736818, 0.00311121
22791, 0.280818, 0.422768, 0.00210886, 4.76, 0.210375, 0, 0, 0.150871, -0.150879, 3.02058e-05, -0.000762179, 0.00311121
22801, -0.341121, -0.179474, -0.0238909, 4.77, 0.210375, 0, 0, 0.139938, -0.140045, 3.02058e-05, -0.0109192, 0.00311121
22811, 0.233815, 0.374535, 0.00373135, 4.78, 0.210375, 0, 0, 0.151666, -0.151555, 3.02058e-05, 0.011382, 0.00311121
22820, 0.255012, 0.395533, 0.00399567, 4.79, 0.210375, 0, 0, 0.151666, -0.151665, 3.02058e-05, 0.000148907, 0.00311121
22831, 0.0907354, 0.236884, -0.00343405, 4.8, 0.210375, 0, 0, 0.148539, -0.148569, 3.02058e-05, -0.00308603, 0.00311121
22841, 0.255576, 0.396149, 0.00392711, 4.81, 0.210375, 0, 0, 0.151666, -0.151636, 3.02058e-05, 0.00306283, 0.00311121
22851, 0.272849, 0.413368, 0.00399753, 4.82, 0.210375, 0, 0, 0.151666, -0.151666, 3.02058e-05, 6.92904e-05, 0.00311121
22860, 0.28871, 0.429229, 0.00399821, 4.83, 0.210375, 0, 0, 0.151666, -0.151666, 3.02058e-05, 4.06653e-05, 0.00311121
22871, 0.304558, 0.445076, 0.00399821, 4.84, 0.210375, 0, 0, 0.151666, -0.151666, 3.02058e-05, 4.03821e-05, 0.00311121
22881, 0.320405, 0.460924, 0.00399821, 4.85, 0.210375, 0, 0, 0.151666, -0.151666, 3.02058e-05, 4.03821e-05, 0.00311121
22891, 0.156077, 0.302226, -0.00343405, 4.86, 0.210375, 0, 0, 0.148539, -0.148569, 3.02058e-05, -0.00308706, 0.00311121
22900, 0.18503, 0.329849, -0.00167824, 4.87, 0.210375, 0, 0, 0.149308, -0.149301, 3.02058e-05, 0.000704139, 0.00311121
22910, 0.223572, 0.366979, 0.000186002, 4.88, 0.210375, 0, 0, 0.150085, -0.150078, 3.02058e-05, 0.000767514, 0.00311121
22921, 0.315842, 0.456388, 0.00396173, 4.89, 0.210375, 0, 0, 0.151666, -0.151651, 3.02058e-05, 0.00159068, 0.00311121
22931, 0.332422, 0.47294, 0.00399789, 4.9, 0.210375, 0, 0, 0.151666, -0.151666, 3.02058e-05, 5.52237e-05, 0.00311121
22941, -0.109595, 0.314249, -0.00343405, 4.91, 0.210375, 0.347118, 0, 0.148539, -0.148569, 3.02058e-05, -0.00308692, 0.00311121
22950, 0.107362, 0.298968, -0.00350515, 4.92, 0.210375, 0, 0, 0.148539, -0.14854, 3.02058e-05, -6.46114e-05, 0.00311121
22961, 0.273628, 0.459604, 0.00392643, 4.93, 0.210375, 0, 0, 0.151666, -0.151636, 3.02058e-05, 0.00309175, 0.00311121
22971, 0.290915, 0.476837, 0.00399753, 4.94, 0.210375, 0, 0, 0.151666, -0.151666, 3.02058e-05, 6.95735e-05, 0.00311121
22981, 0.306776, 0.492697, 0.00399821, 4.95, 0.210375, 0, 0, 0.151666, -0.151666, 3.02058e-05, 4.06653e-05, 0.00311121
22990, 0.322623, 0.239528, 0.00399821, 4.96, 0.213881, 0, 0.347118, 0.151666, -0.151666, 3.02058e-05, 4.03821e-05, 0.00311121
23001, 0.338471, 0.478989, 0.00399821, 4.97, 0.213881, 0, 0, 0.151666, -0.151666, 3.02058e-05, 4.03821e-05, 0.00311121
23011, 0.400649, 0.53972, 0.00590937, 4.98, 0.213881, 0, 0, 0.152471, -0.152462, 3.02058e-05, 0.000844583, 0.00311121
23021, 0.378185, 0.518689, 0.00401652, 4.99, 0.213881, 0, 0, 0.151666, -0.151674, 3.02058e-05, -0.000736818, 0.00311121
23030, 0.393665, 0.534183, 0.00399839, 5, 0.213881, 0, 0, 0.151666, -0.151666, 3.02058e-05, 3.29316e-05, 0.00311121
