QGPIORecord, QRC v6.1.0, 15-12-2021 @ 23:05:00, Windows 10 Version 2009, 10.0.19042, x86_64
Time, VoltageA, eA, desired_velocity, time, PositionB, SpeedA, SpeedB, GetFrontDistance, xhat, Phat, nu, S
136541, 0, 0, 0, 0, -2.85759, 0, 0, 0.261127, -0.253502, 9.49522e-07, 0.00787038, 3.1485e-05
136551, 5.02977, 4.87259, 0.207478, 0.01, -2.85759, 0, 0, 0.261127, -0.253739, 9.49522e-07, 0.0076254, 3.1485e-05
136561, 5.75835, 5.6041, 0.203609, 0.02, -2.85759, 0, 0, 0.256173, -0.251805, 9.49522e-07, 0.00450847, 3.1485e-05
136570, 4.23603, 3.89371, 0.200088, 0.03, -2.82603, 2.80499, 3.14159, 0.258625, -0.250044, 9.49522e-07, 0.00885662, 3.1485e-05
136581, 2.0451, 1.73239, 0.196152, 0.04, -2.76292, 5.9571, 6.30422, 0.249098, -0.248076, 9.49522e-07, 0.00105515, 3.1485e-05
136591, 1.1141, 1.05403, 0.192415, 0.05, -2.69279, 7.00547, 7.00547, 0.249098, -0.246207, 9.49522e-07, 0.00298382, 3.1485e-05
136601, 2.48861, 2.11178, 0.186375, 0.06, -2.6402, 4.91224, 5.25936, 0.209086, -0.243188, 9.49522e-07, -0.035197, 3.1485e-05
136611, 4.2004, 4.26843, 0.183132, 0.07, -2.61566, 2.79447, 2.44385, 0.249098, -0.241566, 9.49522e-07, 0.0077744, 3.1485e-05
136621, 4.75257, 4.58601, 0.180052, 0.08, -2.59111, 2.46138, 2.46489, 0.249098, -0.240026, 9.49522e-07, 0.00936373, 3.1485e-05
136631, 3.40442, 3.29178, 0.177128, 0.09, -2.54553, 4.5476, 4.5511, 0.249098, -0.238564, 9.49522e-07, 0.0108728, 3.1485e-05
136641, 2.58884, 2.51001, 0.174352, 0.1, -2.48943, 5.617, 5.61349, 0.249098, -0.237176, 9.49522e-07, 0.0123056, 3.1485e-05
136651, 2.21762, 2.41307, 0.171715, 0.11, -2.43333, 5.94659, 5.60297, 0.249098, -0.235858, 9.49522e-07, 0.0136661, 3.1485e-05
136660, 2.88722, 2.83734, 0.169212, 0.12, -2.38424, 4.91224, 4.91224, 0.249098, -0.234606, 9.49522e-07, 0.0149579, 3.1485e-05
136671, 3.42719, 3.36132, 0.166836, 0.13, -2.34217, 4.20048, 4.20048, 0.249098, -0.233418, 9.49522e-07, 0.0161844, 3.1485e-05
136681, 3.1793, 3.1274, 0.16403, 0.14, -2.29659, 4.56513, 4.56162, 0.240277, -0.232015, 9.49522e-07, 0.00852798, 3.1485e-05
136691, 2.33186, 2.57486, 0.161366, 0.15, -2.24399, 5.60999, 5.26287, 0.240277, -0.230683, 9.49522e-07, 0.00990282, 3.1485e-05
136700, 2.18239, 2.20621, 0.158969, 0.16, -2.18789, 5.60648, 5.60297, 0.242421, -0.229485, 9.49522e-07, 0.0133517, 3.1485e-05
136711, 2.59622, 2.33805, 0.156694, 0.17, -2.1353, 4.89121, 5.23131, 0.242421, -0.228347, 9.49522e-07, 0.0145258, 3.1485e-05
136721, 2.76763, 2.71446, 0.153891, 0.18, -2.08972, 4.56863, 4.57915, 0.232086, -0.226945, 9.49522e-07, 0.00530621, 3.1485e-05
136731, 2.3907, 2.62821, 0.149055, 0.19, -2.04414, 4.90874, 4.55811, 0.197167, -0.224528, 9.49522e-07, -0.0282393, 3.1485e-05
136741, 2.27802, 2.29157, 0.146637, 0.2, -1.99505, 4.91224, 4.91224, 0.232086, -0.223319, 9.49522e-07, 0.0090495, 3.1485e-05
136751, 2.16948, 1.91277, 0.144342, 0.21, -1.94246, 4.90173, 5.25235, 0.232086, -0.222171, 9.49522e-07, 0.0102342, 3.1485e-05
136761, 2.042, 2.01299, 0.142162, 0.22, -1.89688, 4.90874, 4.90874, 0.232086, -0.221081, 9.49522e-07, 0.0113591, 3.1485e-05
136771, 2.18223, 2.41812, 0.139618, 0.23, -1.8513, 4.55811, 4.20749, 0.22446, -0.219809, 9.49522e-07, 0.00480105, 3.1485e-05
136781, 2.08647, 2.36716, 0.137202, 0.24, -1.81273, 4.5511, 4.20398, 0.22446, -0.218601, 9.49522e-07, 0.00604779, 3.1485e-05
136791, 2.25709, 2.30722, 0.134908, 0.25, -1.76715, 4.20398, 4.20398, 0.22446, -0.217454, 9.49522e-07, 0.00723156, 3.1485e-05
136801, 2.17021, 1.95357, 0.132181, 0.26, -1.72507, 4.211, 4.55811, 0.215637, -0.21609, 9.49522e-07, -0.000467986, 3.1485e-05
136811, 2.08055, 1.81503, 0.129591, 0.27, -1.67598, 4.211, 4.56513, 0.215637, -0.214796, 9.49522e-07, 0.000868395, 3.1485e-05
136821, 1.9894, 1.95371, 0.127132, 0.28, -1.63391, 4.20398, 4.20398, 0.215637, -0.213566, 9.49522e-07, 0.00213727, 3.1485e-05
136830, 1.89221, 2.12713, 0.124904, 0.29, -1.59534, 4.20048, 3.85336, 0.217343, -0.212452, 9.49522e-07, 0.00504795, 3.1485e-05
136841, 1.78376, 2.34023, 0.122788, 0.3, -1.56028, 4.20398, 3.50274, 0.217343, -0.211394, 9.49522e-07, 0.00613986, 3.1485e-05
136851, 2.2148, 1.76332, 0.120265, 0.31, -1.52171, 3.50975, 4.20749, 0.209086, -0.210133, 9.49522e-07, -0.00107983, 3.1485e-05
136861, 1.8582, 1.86247, 0.116168, 0.32, -1.47963, 3.85336, 3.86037, 0.181755, -0.208084, 9.49522e-07, -0.0271753, 3.1485e-05
136870, 1.75876, 1.49756, 0.113979, 0.33, -1.44107, 3.85687, 4.20749, 0.209086, -0.20699, 9.49522e-07, 0.00216399, 3.1485e-05
136881, 1.65568, 1.89366, 0.111901, 0.34, -1.4025, 3.85687, 3.50624, 0.209086, -0.205951, 9.49522e-07, 0.00323643, 3.1485e-05
136891, 1.83021, 2.10669, 0.109928, 0.35, -1.37094, 3.50274, 3.15211, 0.209086, -0.204964, 9.49522e-07, 0.0042547, 3.1485e-05
136901, 1.75307, 1.80811, 0.107672, 0.36, -1.33938, 3.50274, 3.49923, 0.202942, -0.203836, 9.49522e-07, -0.000922814, 3.1485e-05
136911, 1.66922, 1.72092, 0.105623, 0.37, -1.30082, 3.50624, 3.50975, 0.204442, -0.202812, 9.49522e-07, 0.00168271, 3.1485e-05
136921, 1.86033, 1.63534, 0.103585, 0.38, -1.26575, 3.15562, 3.50624, 0.202942, -0.201792, 9.49522e-07, 0.00118649, 3.1485e-05
136931, 1.53633, 1.54727, 0.101649, 0.39, -1.23069, 3.49923, 3.49923, 0.202942, -0.200825, 9.49522e-07, 0.00218542, 3.1485e-05
136941, 1.71133, 1.71508, 0.0999046, 0.4, -1.19913, 3.15912, 3.15912, 0.204442, -0.199952, 9.49522e-07, 0.00463398, 3.1485e-05
136951, 1.65449, 1.65948, 0.0981548, 0.41, -1.16758, 3.15562, 3.15562, 0.202942, -0.199077, 9.49522e-07, 0.0039887, 3.1485e-05
136961, 1.31001, 1.59675, 0.0964934, 0.42, -1.13602, 3.50624, 3.15562, 0.202942, -0.198247, 9.49522e-07, 0.0048461, 3.1485e-05
136971, 1.47513, 1.52847, 0.0946442, 0.43, -1.10447, 3.14861, 3.14861, 0.198578, -0.197322, 9.49522e-07, 0.00129631, 3.1485e-05
136981, 1.66582, 1.44032, 0.0928006, 0.44, -1.07642, 2.8085, 3.15912, 0.197167, -0.1964, 9.49522e-07, 0.00079152, 3.1485e-05
136991, 1.58958, 1.58963, 0.0894045, 0.45, -1.04486, 2.80149, 2.80499, 0.170734, -0.194702, 9.49522e-07, -0.0247386, 3.1485e-05
137000, 1.53856, 1.54208, 0.0879134, 0.46, -1.01681, 2.80499, 2.80499, 0.198578, -0.193957, 9.49522e-07, 0.00476985, 3.1485e-05
137011, 1.47546, 1.48038, 0.0860712, 0.47, -0.98876, 2.80499, 2.80499, 0.19173, -0.193036, 9.49522e-07, -0.00134793, 3.1485e-05
137021, 1.12963, 1.41628, 0.0843221, 0.48, -0.96071, 3.15211, 2.80149, 0.19173, -0.192161, 9.49522e-07, -0.000445262, 3.1485e-05
137031, 1.28899, 1.33963, 0.0826612, 0.49, -0.93266, 2.80499, 2.8085, 0.19173, -0.191331, 9.49522e-07, 0.000411823, 3.1485e-05
137040, 1.49401, 1.53928, 0.0811671, 0.5, -0.908117, 2.45437, 2.45437, 0.193059, -0.190584, 9.49522e-07, 0.00255503, 3.1485e-05
137051, 1.45829, 1.23297, 0.0796656, 0.51, -0.880067, 2.45437, 2.80499, 0.19173, -0.189833, 9.49522e-07, 0.00195776, 3.1485e-05
137061, 1.41353, 1.41531, 0.0779207, 0.52, -0.855523, 2.45086, 2.45086, 0.186601, -0.18896, 9.49522e-07, -0.00243555, 3.1485e-05
137071, 1.36073, 1.3638, 0.076342, 0.53, -0.830979, 2.45437, 2.45437, 0.187855, -0.188171, 9.49522e-07, -0.000325739, 3.1485e-05
137081, 1.30686, 1.31104, 0.0747649, 0.54, -0.806436, 2.45086, 2.45086, 0.186601, -0.187382, 9.49522e-07, -0.000806972, 3.1485e-05
137091, 0.963028, 1.24892, 0.0732675, 0.55, -0.781892, 2.80499, 2.45437, 0.186601, -0.186634, 9.49522e-07, -3.41982e-05, 3.1485e-05
137101, 1.14008, 1.19218, 0.0719238, 0.56, -0.760854, 2.44736, 2.44736, 0.187855, -0.185962, 9.49522e-07, 0.00195432, 3.1485e-05
137111, 1.34711, 1.39164, 0.0705699, 0.57, -0.736311, 2.10374, 2.10374, 0.186601, -0.185285, 9.49522e-07, 0.00135794, 3.1485e-05
137121, 1.56805, 1.33409, 0.0679258, 0.58, -0.715273, 1.75312, 2.10374, 0.164778, -0.183963, 9.49522e-07, -0.0198009, 3.1485e-05
137131, 1.29224, 1.29673, 0.0664721, 0.59, -0.694236, 2.10374, 2.10024, 0.181755, -0.183236, 9.49522e-07, -0.0015291, 3.1485e-05
137141, 0.969381, 1.25036, 0.0650918, 0.6, -0.673198, 2.45086, 2.10374, 0.181755, -0.182546, 9.49522e-07, -0.000816777, 3.1485e-05
137151, 0.874022, 1.20686, 0.0638551, 0.61, -0.652161, 2.45437, 2.10024, 0.182941, -0.181928, 9.49522e-07, 0.00104584, 3.1485e-05
137161, 1.05633, 1.15322, 0.062607, 0.62, -0.631124, 2.10374, 2.10374, 0.181755, -0.181303, 9.49522e-07, 0.000465542, 3.1485e-05
137170, 1.28389, 1.10109, 0.0614219, 0.63, -0.613592, 1.74961, 2.10024, 0.181755, -0.180711, 9.49522e-07, 0.00107713, 3.1485e-05
137181, 1.2702, 1.31415, 0.0603705, 0.64, -0.592555, 1.75312, 1.75312, 0.182941, -0.180185, 9.49522e-07, 0.00284411, 3.1485e-05
137191, 1.25419, 1.29895, 0.0592983, 0.65, -0.575024, 1.75312, 1.75312, 0.181755, -0.179649, 9.49522e-07, 0.00217301, 3.1485e-05
137201, 0.956527, 1.28251, 0.0583542, 0.66, -0.557492, 2.10374, 1.75312, 0.182941, -0.179177, 9.49522e-07, 0.00388463, 3.1485e-05
137210, 0.886709, 1.25936, 0.0571684, 0.67, -0.539961, 2.10024, 1.74961, 0.178292, -0.178584, 9.49522e-07, -0.000301659, 3.1485e-05
137221, 1.0873, 1.22631, 0.0559725, 0.68, -0.52243, 1.75312, 1.75312, 0.177169, -0.177986, 9.49522e-07, -0.000843823, 3.1485e-05
137231, 1.33451, 1.19383, 0.0549069, 0.69, -0.504899, 1.4025, 1.75312, 0.178292, -0.177453, 9.49522e-07, 0.0008654, 3.1485e-05
137241, 1.06197, 1.15675, 0.0538252, 0.7, -0.487368, 1.75312, 1.75312, 0.177169, -0.176913, 9.49522e-07, 0.000264287, 3.1485e-05
137251, 0.743415, 1.11938, 0.0527982, 0.71, -0.469836, 2.10024, 1.74961, 0.177169, -0.176399, 9.49522e-07, 0.000794306, 3.1485e-05
137261, 1.21253, 1.07418, 0.051823, 0.72, -0.452305, 1.4025, 1.75312, 0.177169, -0.175912, 9.49522e-07, 0.00129756, 3.1485e-05
137271, 0.927789, 1.0249, 0.0506265, 0.73, -0.434774, 1.74961, 1.74961, 0.172823, -0.175313, 9.49522e-07, -0.00257066, 3.1485e-05
137281, 1.15137, 1.24061, 0.0495567, 0.74, -0.420749, 1.4025, 1.4025, 0.173888, -0.174778, 9.49522e-07, -0.000919297, 3.1485e-05
137291, 0.860419, 1.22818, 0.0484747, 0.75, -0.406724, 1.74961, 1.4025, 0.172823, -0.174237, 9.49522e-07, -0.00146019, 3.1485e-05
137300, 1.0781, 0.942561, 0.0475136, 0.76, -0.389193, 1.4025, 1.75312, 0.173888, -0.173757, 9.49522e-07, 0.000135079, 3.1485e-05
137311, 0.783163, 0.882866, 0.0466011, 0.77, -0.371662, 1.74961, 1.74961, 0.173888, -0.173301, 9.49522e-07, 0.000606015, 3.1485e-05
137321, 0.994106, 1.08584, 0.0456683, 0.78, -0.357637, 1.4025, 1.4025, 0.172823, -0.172834, 9.49522e-07, -1.19209e-05, 3.1485e-05
137331, 0.971809, 1.33589, 0.044849, 0.79, -0.347118, 1.4025, 1.05187, 0.173888, -0.172424, 9.49522e-07, 0.0015102, 3.1485e-05
137340, 1.22777, 1.08607, 0.044071, 0.8, -0.333093, 1.05187, 1.4025, 0.173888, -0.172036, 9.49522e-07, 0.00191168, 3.1485e-05
137351, 0.962955, 0.784831, 0.0430722, 0.81, -0.315562, 1.39899, 1.74961, 0.169709, -0.171536, 9.49522e-07, -0.00188547, 3.1485e-05
137361, 0.648746, 0.977664, 0.0421876, 0.82, -0.301537, 1.74961, 1.39899, 0.170734, -0.171094, 9.49522e-07, -0.000371695, 3.1485e-05
137371, 0.841374, 1.20821, 0.041221, 0.83, -0.291018, 1.4025, 1.05187, 0.168698, -0.17061, 9.49522e-07, -0.00197394, 3.1485e-05
137380, 1.08109, 0.942198, 0.0403661, 0.84, -0.276993, 1.05187, 1.4025, 0.169709, -0.170183, 9.49522e-07, -0.000488967, 3.1485e-05
137391, 1.08382, 0.899686, 0.0395544, 0.85, -0.262968, 1.05187, 1.4025, 0.169709, -0.169777, 9.49522e-07, -7.00951e-05, 3.1485e-05
137401, 0.806638, 0.857636, 0.0387837, 0.86, -0.248943, 1.39899, 1.39899, 0.169709, -0.169392, 9.49522e-07, 0.000327632, 3.1485e-05
137411, 0.75683, 1.0802, 0.038052, 0.87, -0.238424, 1.4025, 1.05187, 0.169709, -0.169026, 9.49522e-07, 0.000705272, 3.1485e-05
137421, 0.707364, 0.805392, 0.0373572, 0.88, -0.224399, 1.4025, 1.4025, 0.169709, -0.168679, 9.49522e-07, 0.00106384, 3.1485e-05
137431, 0.936493, 1.02897, 0.0366974, 0.89, -0.213881, 1.05187, 1.04837, 0.169709, -0.168349, 9.49522e-07, 0.0014043, 3.1485e-05
137441, 0.931984, 1.02259, 0.036071, 0.9, -0.203362, 1.04837, 1.04837, 0.169709, -0.168036, 9.49522e-07, 0.00172757, 3.1485e-05
137451, 0.914616, 0.736932, 0.0352291, 0.91, -0.189337, 1.05187, 1.39899, 0.16574, -0.167615, 9.49522e-07, -0.00193496, 3.1485e-05
137461, 0.619593, 0.943823, 0.0344298, 0.92, -0.178818, 1.39899, 1.05187, 0.16574, -0.167215, 9.49522e-07, -0.00152244, 3.1485e-05
137470, 0.832367, 0.924881, 0.0336708, 0.93, -0.1683, 1.05187, 1.05187, 0.16574, -0.166835, 9.49522e-07, -0.00113076, 3.1485e-05
137481, 0.813576, 0.906548, 0.0329502, 0.94, -0.157781, 1.04837, 1.04837, 0.16574, -0.166475, 9.49522e-07, -0.000758857, 3.1485e-05
137491, 0.789129, 0.88266, 0.0323265, 0.95, -0.147262, 1.05187, 1.05187, 0.166713, -0.166163, 9.49522e-07, 0.000567898, 3.1485e-05
137501, 1.01724, 0.831616, 0.0305556, 0.96, -0.136743, 0.701248, 1.05187, 0.147779, -0.165278, 9.49522e-07, -0.0180614, 3.1485e-05
137510, 0.755279, 0.80463, 0.0299923, 0.97, -0.126225, 1.04837, 1.04837, 0.16574, -0.164996, 9.49522e-07, 0.000767604, 3.1485e-05
137521, 0.44076, 1.04284, 0.0294574, 0.98, -0.119212, 1.4025, 0.701248, 0.16574, -0.164729, 9.49522e-07, 0.00104363, 3.1485e-05
137531, 0.643613, 0.785523, 0.0288897, 0.99, -0.108693, 1.04837, 1.04837, 0.164778, -0.164445, 9.49522e-07, 0.000344187, 3.1485e-05
137541, 0.887073, 0.748934, 0.0284105, 1, -0.0981748, 0.701248, 1.05187, 0.16574, -0.164205, 9.49522e-07, 0.00158392, 3.1485e-05
137550, 0.89123, 0.707752, 0.0277204, 1.01, -0.087656, 0.701248, 1.05187, 0.161964, -0.16386, 9.49522e-07, -0.0019571, 3.1485e-05
137561, 0.615802, 0.667371, 0.0270652, 1.02, -0.0771373, 1.04837, 1.04837, 0.161964, -0.163533, 9.49522e-07, -0.00161898, 3.1485e-05
137571, 0.568066, 0.891928, 0.0264431, 1.03, -0.0701248, 1.05187, 0.701248, 0.161964, -0.163222, 9.49522e-07, -0.00129794, 3.1485e-05
137581, 0.522396, 0.61807, 0.0257954, 1.04, -0.0596061, 1.04837, 1.05187, 0.161049, -0.162898, 9.49522e-07, -0.00190845, 3.1485e-05
137591, 0.750299, 0.842738, 0.0251805, 1.05, -0.0525936, 0.701248, 0.697742, 0.161049, -0.16259, 9.49522e-07, -0.00159109, 3.1485e-05
137601, 0.748413, 0.564454, 0.0246536, 1.06, -0.0420749, 0.697742, 1.05187, 0.161964, -0.162327, 9.49522e-07, -0.000374407, 3.1485e-05
137611, 0.739932, 0.784571, 0.0241532, 1.07, -0.0350624, 0.701248, 0.701248, 0.161964, -0.162077, 9.49522e-07, -0.000116214, 3.1485e-05
137621, 0.732427, 0.780143, 0.0236782, 1.08, -0.0280499, 0.701248, 0.697742, 0.161964, -0.161839, 9.49522e-07, 0.00012894, 3.1485e-05
137631, 0.418346, 0.745418, 0.0222051, 1.09, -0.0210375, 1.05187, 0.701248, 0.145547, -0.161103, 9.49522e-07, -0.0160549, 3.1485e-05
137640, 0.641566, 0.734241, 0.0217715, 1.1, -0.014025, 0.697742, 0.697742, 0.161049, -0.160886, 9.49522e-07, 0.00016816, 3.1485e-05
137651, 0.627995, 0.446488, 0.0214167, 1.11, -0.00350624, 0.697742, 1.05187, 0.161964, -0.160708, 9.49522e-07, 0.001296, 3.1485e-05
137661, 0.891147, 0.657614, 0.0210799, 1.12, 0.00350624, 0.350624, 0.701248, 0.161964, -0.16054, 9.49522e-07, 0.00146984, 3.1485e-05
137671, 0.362892, 0.64465, 0.0207601, 1.13, 0.00701248, 1.04837, 0.697742, 0.161964, -0.16038, 9.49522e-07, 0.00163488, 3.1485e-05
137680, 0.578383, 0.897556, 0.0204564, 1.14, 0.014025, 0.701248, 0.350624, 0.161964, -0.160228, 9.49522e-07, 0.0017916, 3.1485e-05
137691, 0.555325, 0.649013, 0.0199442, 1.15, 0.0210375, 0.701248, 0.701248, 0.158368, -0.159972, 9.49522e-07, -0.00165562, 3.1485e-05
137701, 0.533669, 0.355904, 0.0194579, 1.16, 0.0315562, 0.697742, 1.04837, 0.158368, -0.159729, 9.49522e-07, -0.00140466, 3.1485e-05
137711, 0.788833, 0.556791, 0.0189961, 1.17, 0.0385687, 0.347118, 0.697742, 0.158368, -0.159498, 9.49522e-07, -0.00116636, 3.1485e-05
137721, 0.52479, 0.79954, 0.0185577, 1.18, 0.0420749, 0.701248, 0.350624, 0.158368, -0.159279, 9.49522e-07, -0.000940099, 3.1485e-05
137731, 0.497863, 0.818748, 0.0181963, 1.19, 0.0455811, 0.701248, 0.350624, 0.159251, -0.159098, 9.49522e-07, 0.000157595, 3.1485e-05
137741, 0.470102, 0.56537, 0.017744, 1.2, 0.0525936, 0.697742, 0.697742, 0.157496, -0.158872, 9.49522e-07, -0.0014206, 3.1485e-05
137751, 0.717767, 0.261173, 0.0173688, 1.21, 0.0631124, 0.350624, 1.05187, 0.158368, -0.158684, 9.49522e-07, -0.000326544, 3.1485e-05
137761, 0.427941, 0.704601, 0.0160361, 1.22, 0.0666186, 0.701248, 0.350624, 0.142683, -0.158018, 9.49522e-07, -0.0158275, 3.1485e-05
137771, 0.395579, 0.718232, 0.0157471, 1.23, 0.0701248, 0.697742, 0.347118, 0.158368, -0.157874, 9.49522e-07, 0.000510335, 3.1485e-05
137781, 0.360079, 0.457067, 0.0154727, 1.24, 0.0771373, 0.697742, 0.697742, 0.158368, -0.157736, 9.49522e-07, 0.000651926, 3.1485e-05
137791, 0.601522, 0.418296, 0.0152122, 1.25, 0.0841498, 0.350624, 0.701248, 0.158368, -0.157606, 9.49522e-07, 0.000786364, 3.1485e-05
137801, 0.608643, 0.651518, 0.0149106, 1.26, 0.087656, 0.350624, 0.350624, 0.157496, -0.157455, 9.49522e-07, 4.1604e-05, 3.1485e-05
137810, 0.616255, 0.390289, 0.0146785, 1.27, 0.0911623, 0.350624, 0.697742, 0.158368, -0.157339, 9.49522e-07, 0.00106181, 3.1485e-05
137821, 0.345536, 0.621045, 0.0144581, 1.28, 0.0981748, 0.697742, 0.350624, 0.158368, -0.157229, 9.49522e-07, 0.00117555, 3.1485e-05
137831, 0.584199, 0.899309, 0.0142488, 1.29, 0.0981748, 0.350624, 0, 0.158368, -0.157124, 9.49522e-07, 0.00128354, 3.1485e-05
137841, 0.309498, 0.407652, 0.0140501, 1.3, 0.105187, 0.701248, 0.701248, 0.158368, -0.157025, 9.49522e-07, 0.00138608, 3.1485e-05
137850, 0.549391, 0.367188, 0.0138615, 1.31, 0.1122, 0.350624, 0.701248, 0.158368, -0.156931, 9.49522e-07, 0.00148344, 3.1485e-05
137861, 0.556934, 0.600651, 0.0136824, 1.32, 0.115706, 0.347118, 0.347118, 0.158368, -0.156841, 9.49522e-07, 0.00157587, 3.1485e-05
137871, 0.560323, 0.604211, 0.013458, 1.33, 0.119212, 0.347118, 0.347118, 0.157496, -0.156729, 9.49522e-07, 0.000791237, 3.1485e-05
137881, 0.556435, 0.600693, 0.0130858, 1.34, 0.122718, 0.350624, 0.350624, 0.154939, -0.156543, 9.49522e-07, -0.00165518, 3.1485e-05
137891, 0.251754, 0.577454, 0.0118406, 1.35, 0.126225, 0.701248, 0.350624, 0.140614, -0.15592, 9.49522e-07, -0.0157982, 3.1485e-05
137901, 0.480419, 0.302685, 0.0115501, 1.36, 0.133237, 0.350624, 0.697742, 0.154939, -0.155775, 9.49522e-07, -0.000862643, 3.1485e-05
137911, 0.476456, 0.519739, 0.0112742, 1.37, 0.136743, 0.347118, 0.350624, 0.154939, -0.155637, 9.49522e-07, -0.000720292, 3.1485e-05
137921, 0.46939, 0.784147, 0.0110123, 1.38, 0.136743, 0.347118, 0, 0.154939, -0.155506, 9.49522e-07, -0.000585124, 3.1485e-05
137931, 0.458803, 0.550222, 0.0107636, 1.39, 0.14025, 0.350624, 0.350624, 0.154939, -0.155382, 9.49522e-07, -0.000456795, 3.1485e-05
137940, 0.73038, 0.269745, 0.0105275, 1.4, 0.147262, 0, 0.701248, 0.154939, -0.155264, 9.49522e-07, -0.000334948, 3.1485e-05
137951, 0.208478, 0.488935, 0.0103033, 1.41, 0.150768, 0.697742, 0.347118, 0.154939, -0.155152, 9.49522e-07, -0.000219241, 3.1485e-05
137961, 0.430586, 0.748387, 0.0100904, 1.42, 0.150768, 0.350624, 0, 0.154939, -0.155045, 9.49522e-07, -0.000109389, 3.1485e-05
137971, 0.700317, 0.511901, 0.00988829, 1.43, 0.154275, 0, 0.350624, 0.154939, -0.154944, 9.49522e-07, -5.06639e-06, 3.1485e-05
137980, 0.454359, 0.503443, 0.00969636, 1.44, 0.157781, 0.350624, 0.347118, 0.154939, -0.154848, 9.49522e-07, 9.39816e-05, 3.1485e-05
137991, 0.442513, 0.489476, 0.00951415, 1.45, 0.161287, 0.350624, 0.350624, 0.154939, -0.154757, 9.49522e-07, 0.000188023, 3.1485e-05
138001, 0.432972, 0.479979, 0.00934112, 1.46, 0.164793, 0.347118, 0.347118, 0.154939, -0.154671, 9.49522e-07, 0.000277311, 3.1485e-05
138011, 0.417806, 0.465025, 0.00917682, 1.47, 0.1683, 0.350624, 0.350624, 0.154939, -0.154588, 9.49522e-07, 0.000362098, 3.1485e-05
138020, 0.383694, 0.700699, 0.00804538, 1.48, 0.1683, 0.347118, 0, 0.13927, -0.154023, 9.49522e-07, -0.0152267, 3.1485e-05
138031, 0.645478, 0.458533, 0.00794655, 1.49, 0.171806, 0, 0.350624, 0.154939, -0.153973, 9.49522e-07, 0.000997007, 3.1485e-05
138041, 0.394201, 0.444682, 0.0078527, 1.5, 0.175312, 0.350624, 0.347118, 0.154939, -0.153926, 9.49522e-07, 0.00104544, 3.1485e-05
138051, 0.377305, 0.425594, 0.00776359, 1.51, 0.178818, 0.350624, 0.350624, 0.154939, -0.153882, 9.49522e-07, 0.00109142, 3.1485e-05
138060, 0.360164, 0.680251, 0.00767899, 1.52, 0.178818, 0.350624, 0, 0.154939, -0.153839, 9.49522e-07, 0.00113508, 3.1485e-05
138071, 0.345597, 0.439785, 0.00759867, 1.53, 0.182325, 0.347118, 0.347118, 0.154939, -0.153799, 9.49522e-07, 0.00117654, 3.1485e-05
138081, 0.606158, 0.419992, 0.0075224, 1.54, 0.185831, 0, 0.350624, 0.154939, -0.153761, 9.49522e-07, 0.00121589, 3.1485e-05
138091, 0.634218, 0.404963, 0.00744998, 1.55, 0.189337, 0, 0.347118, 0.154939, -0.153725, 9.49522e-07, 0.00125326, 3.1485e-05
138101, 0.38158, 0.65649, 0.0073812, 1.56, 0.189337, 0.350624, 0, 0.154939, -0.153691, 9.49522e-07, 0.00128876, 3.1485e-05
138110, 0.363392, 0.684213, 0.0073159, 1.57, 0.189337, 0.350624, 0, 0.154939, -0.153658, 9.49522e-07, 0.00132245, 3.1485e-05
138121, 0.34783, 0.442738, 0.00725389, 1.58, 0.192843, 0.347118, 0.347118, 0.154939, -0.153627, 9.49522e-07, 0.00135446, 3.1485e-05
138131, 0.608717, 0.423218, 0.00724745, 1.59, 0.19635, 0, 0.350624, 0.155781, -0.153624, 9.49522e-07, 0.00222698, 3.1485e-05
138141, 0.634768, 0.403491, 0.00713709, 1.6, 0.199856, 0, 0.350624, 0.154107, -0.153569, 9.49522e-07, 0.000555575, 3.1485e-05
138150, 0.381273, 0.656407, 0.0070841, 1.61, 0.199856, 0.350624, 0, 0.154939, -0.153542, 9.49522e-07, 0.00144207, 3.1485e-05
138161, 0.363819, 0.682088, 0.006982, 1.62, 0.199856, 0.347118, 0, 0.154107, -0.153491, 9.49522e-07, 0.000635609, 3.1485e-05
138171, 0.344996, 0.439686, 0.00693685, 1.63, 0.203362, 0.347118, 0.347118, 0.154939, -0.153468, 9.49522e-07, 0.00151807, 3.1485e-05
138181, 0.603744, 0.418054, 0.00689399, 1.64, 0.206868, 0, 0.350624, 0.154939, -0.153447, 9.49522e-07, 0.00154018, 3.1485e-05
138190, 0.349583, 0.40128, 0.00685331, 1.65, 0.210375, 0.350624, 0.347118, 0.154939, -0.153427, 9.49522e-07, 0.00156118, 3.1485e-05
138201, 0.610449, 0.65115, 0.00681469, 1.66, 0.210375, 0, 0, 0.154939, -0.153407, 9.49522e-07, 0.00158112, 3.1485e-05
138211, 0.358876, 0.677299, 0.006778, 1.67, 0.210375, 0.347118, 0, 0.154939, -0.153389, 9.49522e-07, 0.00160004, 3.1485e-05
138221, 0.335432, 0.430396, 0.00669134, 1.68, 0.213881, 0.350624, 0.350624, 0.154107, -0.153346, 9.49522e-07, 0.000785604, 3.1485e-05
138231, 0.595855, 0.138608, 0.00666091, 1.69, 0.220893, 0, 0.701248, 0.154939, -0.15333, 9.49522e-07, 0.00166048, 3.1485e-05
138241, 0.336116, 0.611289, 0.00642824, 1.7, 0.220893, 0.350624, 0, 0.151666, -0.153214, 9.49522e-07, -0.00159752, 3.1485e-05
138251, 0.313183, 0.63158, 0.00620732, 1.71, 0.220893, 0.347118, 0, 0.151666, -0.153104, 9.49522e-07, -0.00148351, 3.1485e-05
138261, 0.548312, 0.635098, 0.00530949, 1.72, 0.220893, 0, 0, 0.140614, -0.152655, 9.49522e-07, -0.0124278, 3.1485e-05
138271, 0.287677, 0.114249, 0.00514507, 1.73, 0.224399, 0.347118, 0.694236, 0.151666, -0.152573, 9.49522e-07, -0.000935331, 3.1485e-05
138280, 0.536577, 0.306469, 0.00498897, 1.74, 0.231412, 0, 0.350624, 0.151666, -0.152494, 9.49522e-07, -0.00085476, 3.1485e-05
138291, 0.275064, 0.548635, 0.00484073, 1.75, 0.231412, 0.347118, 0, 0.151666, -0.15242, 9.49522e-07, -0.000778273, 3.1485e-05
138301, 0.24263, 0.564516, 0.00469998, 1.76, 0.231412, 0.350624, 0, 0.151666, -0.15235, 9.49522e-07, -0.00070563, 3.1485e-05
138311, 0.492657, 0.580006, 0.00456634, 1.77, 0.231412, 0, 0, 0.151666, -0.152283, 9.49522e-07, -0.000636667, 3.1485e-05
138320, 0.507681, 0.32611, 0.00443947, 1.78, 0.234918, 0, 0.347118, 0.151666, -0.15222, 9.49522e-07, -0.000571191, 3.1485e-05
138331, 0.241858, 0.295474, 0.00431901, 1.79, 0.238424, 0.350624, 0.347118, 0.151666, -0.15216, 9.49522e-07, -0.000509024, 3.1485e-05
138341, 0.490842, 0.53352, 0.00420463, 1.8, 0.238424, 0, 0, 0.151666, -0.152102, 9.49522e-07, -0.00045, 3.1485e-05
138351, 0.22718, 0.547635, 0.004096, 1.81, 0.238424, 0.347118, 0, 0.151666, -0.152048, 9.49522e-07, -0.000393942, 3.1485e-05
138360, 0.473205, 0.289714, 0.00399286, 1.82, 0.241931, 0, 0.350624, 0.151666, -0.151996, 9.49522e-07, -0.000340715, 3.1485e-05
138371, 0.486658, 0.529112, 0.00389493, 1.83, 0.241931, 0, 0, 0.151666, -0.151947, 9.49522e-07, -0.00029017, 3.1485e-05
138381, 0.222147, 0.542367, 0.00380194, 1.84, 0.241931, 0.347118, 0, 0.151666, -0.151901, 9.49522e-07, -0.000242189, 3.1485e-05
138391, 0.468582, 0.284805, 0.00376374, 1.85, 0.245437, 0, 0.350624, 0.152471, -0.151882, 9.49522e-07, 0.000607565, 3.1485e-05
138400, 0.481406, 0.523567, 0.00367737, 1.86, 0.245437, 0, 0, 0.151666, -0.151839, 9.49522e-07, -0.000177905, 3.1485e-05
138411, 0.195605, 0.247153, 0.00274172, 1.87, 0.248943, 0.347118, 0.347118, 0.137954, -0.151371, 9.49522e-07, -0.0138482, 3.1485e-05
138421, 0.157422, 0.480817, 0.00270697, 1.88, 0.248943, 0.350624, 0, 0.151666, -0.151353, 9.49522e-07, 0.000322878, 3.1485e-05
138431, 0.401989, 0.490772, 0.00267398, 1.89, 0.248943, 0, 0, 0.151666, -0.151337, 9.49522e-07, 0.00033991, 3.1485e-05
138441, 0.41183, 0.228902, 0.00264269, 1.9, 0.252449, 0, 0.350624, 0.151666, -0.151321, 9.49522e-07, 0.000356063, 3.1485e-05
138450, 0.421584, 0.464551, 0.00261298, 1.91, 0.252449, 0, 0, 0.151666, -0.151306, 9.49522e-07, 0.000371397, 3.1485e-05
138461, 0.431256, 0.474245, 0.00258473, 1.92, 0.252449, 0, 0, 0.151666, -0.151292, 9.49522e-07, 0.00038597, 3.1485e-05
138471, 0.160351, 0.48386, 0.0025579, 1.93, 0.252449, 0.350624, 0, 0.151666, -0.151279, 9.49522e-07, 0.000399813, 3.1485e-05
138481, 0.40451, 0.4934, 0.00253245, 1.94, 0.252449, 0, 0, 0.151666, -0.151266, 9.49522e-07, 0.000412956, 3.1485e-05
138490, 0.413963, 0.231137, 0.00250831, 1.95, 0.255956, 0, 0.350624, 0.151666, -0.151254, 9.49522e-07, 0.000425413, 3.1485e-05
138501, 0.423349, 0.466413, 0.00248536, 1.96, 0.255956, 0, 0, 0.151666, -0.151243, 9.49522e-07, 0.000437245, 3.1485e-05
138511, 0.154977, 0.475752, 0.00246358, 1.97, 0.255956, 0.347118, 0, 0.151666, -0.151232, 9.49522e-07, 0.000448495, 3.1485e-05
138521, 0.375837, 0.464983, 0.00158924, 1.98, 0.255956, 0, 0, 0.137954, -0.150795, 9.49522e-07, -0.0132535, 3.1485e-05
138530, 0.382705, 0.200099, 0.00161269, 1.99, 0.259462, 0, 0.350624, 0.151666, -0.150806, 9.49522e-07, 0.000887603, 3.1485e-05
138541, 0.109138, 0.432887, 0.00163499, 2, 0.259462, 0.350624, 0, 0.151666, -0.150817, 9.49522e-07, 0.000876099, 3.1485e-05
138551, 0.350769, 0.439864, 0.00165614, 2.01, 0.259462, 0, 0, 0.151666, -0.150828, 9.49522e-07, 0.000865176, 3.1485e-05
138561, 0.357821, 0.175168, 0.00167626, 2.02, 0.262968, 0, 0.350624, 0.151666, -0.150838, 9.49522e-07, 0.000854805, 3.1485e-05
138570, 0.364928, 0.408132, 0.00169533, 2.03, 0.262968, 0, 0, 0.151666, -0.150848, 9.49522e-07, 0.000844955, 3.1485e-05
138580, 0.372086, 0.415276, 0.00171342, 2.04, 0.262968, 0, 0, 0.151666, -0.150857, 9.49522e-07, 0.000835612, 3.1485e-05
138591, 0.1016, 0.422471, 0.00173062, 2.05, 0.262968, 0.347118, 0, 0.151666, -0.150865, 9.49522e-07, 0.000826746, 3.1485e-05
138601, 0.341147, 0.429715, 0.00174695, 2.06, 0.262968, 0, 0, 0.151666, -0.150873, 9.49522e-07, 0.000818312, 3.1485e-05
138611, 0.348448, 0.437003, 0.00176248, 2.07, 0.262968, 0, 0, 0.151666, -0.150881, 9.49522e-07, 0.00081031, 3.1485e-05
138620, 0.35579, 0.444335, 0.0017772, 2.08, 0.262968, 0, 0, 0.151666, -0.150889, 9.49522e-07, 0.000802711, 3.1485e-05
138631, 0.363173, 0.451707, 0.00179118, 2.09, 0.262968, 0, 0, 0.151666, -0.150896, 9.49522e-07, 0.000795498, 3.1485e-05
138641, 0.370594, 0.459118, 0.00180444, 2.1, 0.262968, 0, 0, 0.151666, -0.150902, 9.49522e-07, 0.000788644, 3.1485e-05
138651, 0.357357, 0.446519, 0.00096339, 2.11, 0.262968, 0, 0, 0.137954, -0.150482, 9.49522e-07, -0.0129305, 3.1485e-05
138660, 0.362511, 0.182614, 0.00101846, 2.12, 0.266474, 0, 0.347118, 0.151666, -0.150509, 9.49522e-07, 0.00119427, 3.1485e-05
138671, 0.367816, 0.411493, 0.00107077, 2.13, 0.266474, 0, 0, 0.151666, -0.150535, 9.49522e-07, 0.00116727, 3.1485e-05
138681, 0.373264, 0.416903, 0.00112042, 2.14, 0.266474, 0, 0, 0.151666, -0.15056, 9.49522e-07, 0.00114165, 3.1485e-05
138691, 0.0983482, 0.422451, 0.00116757, 2.15, 0.266474, 0.350624, 0, 0.151666, -0.150584, 9.49522e-07, 0.00111732, 3.1485e-05
138700, 0.338699, 0.42813, 0.00121233, 2.16, 0.266474, 0, 0, 0.151666, -0.150606, 9.49522e-07, 0.00109422, 3.1485e-05
138711, 0.344534, 0.433933, 0.00125483, 2.17, 0.266474, 0, 0, 0.151666, -0.150627, 9.49522e-07, 0.00107229, 3.1485e-05
138721, 0.350486, 0.439855, 0.00129518, 2.18, 0.266474, 0, 0, 0.151666, -0.150648, 9.49522e-07, 0.00105146, 3.1485e-05
138731, 0.356549, 0.445888, 0.0013335, 2.19, 0.266474, 0, 0, 0.151666, -0.150667, 9.49522e-07, 0.00103168, 3.1485e-05
138741, 0.362717, 0.180295, 0.00136989, 2.2, 0.269981, 0, 0.350624, 0.151666, -0.150685, 9.49522e-07, 0.00101291, 3.1485e-05
138750, 0.368984, 0.412409, 0.00140446, 2.21, 0.269981, 0, 0, 0.151666, -0.150702, 9.49522e-07, 0.00099507, 3.1485e-05
138761, 0.37656, 0.419921, 0.00148731, 2.22, 0.269981, 0, 0, 0.152471, -0.150744, 9.49522e-07, 0.00178234, 3.1485e-05
138771, 0.102649, 0.426488, 0.00151592, 2.23, 0.269981, 0.350624, 0, 0.151666, -0.150758, 9.49522e-07, 0.000937536, 3.1485e-05
138781, 0.32326, 0.413087, 0.000689447, 2.24, 0.269981, 0, 0, 0.137954, -0.150345, 9.49522e-07, -0.0127891, 3.1485e-05
138790, 0.306968, 0.128373, -9.53078e-05, 2.25, 0.273487, 0, 0.347118, 0.137954, -0.149952, 9.49522e-07, -0.0123842, 3.1485e-05
138801, 0.309222, 0.354158, 1.32322e-05, 2.26, 0.273487, 0, 0, 0.151666, -0.150007, 9.49522e-07, 0.00171302, 3.1485e-05
138811, 0.311772, 0.625647, 0.000116289, 2.27, 0.269981, 0, -0.347118, 0.151666, -0.150058, 9.49522e-07, 0.00165984, 3.1485e-05
138821, 0.314606, 0.404793, 0.000214159, 2.28, 0.269981, 0, 0, 0.151666, -0.150107, 9.49522e-07, 0.00160934, 3.1485e-05
138830, 0.317707, 0.136091, 0.000307083, 2.29, 0.273487, 0, 0.350624, 0.151666, -0.150154, 9.49522e-07, 0.00156139, 3.1485e-05
138841, 0.321063, 0.365252, 0.000395298, 2.3, 0.273487, 0, 0, 0.151666, -0.150198, 9.49522e-07, 0.00151585, 3.1485e-05
138851, 0.324661, 0.368786, 0.000479072, 2.31, 0.273487, 0, 0, 0.151666, -0.15024, 9.49522e-07, 0.00147262, 3.1485e-05
138861, 0.328488, 0.372553, 0.000558615, 2.32, 0.273487, 0, 0, 0.151666, -0.150279, 9.49522e-07, 0.00143157, 3.1485e-05
138870, 0.332533, 0.37654, 0.000634134, 2.33, 0.273487, 0, 0, 0.151666, -0.150317, 9.49522e-07, 0.0013926, 3.1485e-05
138881, 0.336785, 0.380738, 0.000705838, 2.34, 0.273487, 0, 0, 0.151666, -0.150353, 9.49522e-07, 0.0013556, 3.1485e-05
138891, 0.341232, 0.385134, 0.000773907, 2.35, 0.273487, 0, 0, 0.151666, -0.150387, 9.49522e-07, 0.00132047, 3.1485e-05
138901, 0.345868, 0.38972, 0.000838578, 2.36, 0.273487, 0, 0, 0.151666, -0.150419, 9.49522e-07, 0.0012871, 3.1485e-05
138911, 0.329984, 0.374437, 4.6283e-05, 2.37, 0.273487, 0, 0, 0.137954, -0.150023, 9.49522e-07, -0.0124572, 3.1485e-05
138920, 0.0342366, 0.356954, -0.000705987, 2.38, 0.273487, 0.347118, 0, 0.137954, -0.149647, 9.49522e-07, -0.012069, 3.1485e-05
138931, 0.265909, 0.356266, -0.000616103, 2.39, 0.273487, 0, 0, 0.150871, -0.149692, 9.49522e-07, 0.00121714, 3.1485e-05
138941, 0.266735, 0.356991, -0.000481278, 2.4, 0.273487, 0, 0, 0.151666, -0.149759, 9.49522e-07, 0.00196822, 3.1485e-05
138951, 0.267931, 0.35809, -0.000353247, 2.41, 0.273487, 0, 0, 0.151666, -0.149823, 9.49522e-07, 0.00190215, 3.1485e-05
138960, 0.269478, 0.359545, -0.000231683, 2.42, 0.273487, 0, 0, 0.151666, -0.149884, 9.49522e-07, 0.00183941, 3.1485e-05
138971, 0.271358, 0.361337, -0.000116259, 2.43, 0.273487, 0, 0, 0.151666, -0.149942, 9.49522e-07, 0.00177985, 3.1485e-05
138981, 0.273554, 0.363451, -6.64592e-06, 2.44, 0.273487, 0, 0, 0.151666, -0.149997, 9.49522e-07, 0.00172329, 3.1485e-05
138991, 0.276051, 0.365868, 9.74238e-05, 2.45, 0.273487, 0, 0, 0.151666, -0.150049, 9.49522e-07, 0.00166959, 3.1485e-05
139000, 0.278833, 0.368575, 0.000196248, 2.46, 0.273487, 0, 0, 0.151666, -0.150098, 9.49522e-07, 0.00161858, 3.1485e-05
139011, 0.281885, 0.371557, 0.000290066, 2.47, 0.273487, 0, 0, 0.151666, -0.150145, 9.49522e-07, 0.00157017, 3.1485e-05
139021, 0.286408, 0.375974, 0.000429213, 2.48, 0.273487, 0, 0, 0.152471, -0.150215, 9.49522e-07, 0.0023284, 3.1485e-05
139031, 0.290098, 0.379602, 0.000511259, 2.49, 0.273487, 0, 0, 0.151666, -0.150256, 9.49522e-07, 0.00145601, 3.1485e-05
139040, 0.294013, 0.383458, 0.000589162, 2.5, 0.273487, 0, 0, 0.151666, -0.150295, 9.49522e-07, 0.0014158, 3.1485e-05
139051, 0.273594, 0.36375, -0.000349462, 2.51, 0.273487, 0, 0, 0.1354, -0.149825, 9.49522e-07, -0.0148883, 3.1485e-05
139061, 0.275152, 0.365216, -0.000228077, 2.52, 0.273487, 0, 0, 0.151666, -0.149886, 9.49522e-07, 0.00183755, 3.1485e-05
139071, 0.277041, 0.367018, -0.000112832, 2.53, 0.273487, 0, 0, 0.151666, -0.149944, 9.49522e-07, 0.00177808, 3.1485e-05
139081, 0.279247, 0.369141, -3.39746e-06, 2.54, 0.273487, 0, 0, 0.151666, -0.149998, 9.49522e-07, 0.00172161, 3.1485e-05
139090, 0.281752, 0.371567, 0.000100493, 2.55, 0.273487, 0, 0, 0.151666, -0.15005, 9.49522e-07, 0.00166799, 3.1485e-05
139101, 0.284543, 0.374283, 0.000199169, 2.56, 0.273487, 0, 0, 0.151666, -0.1501, 9.49522e-07, 0.00161707, 3.1485e-05
139111, 0.287603, 0.377272, 0.000292838, 2.57, 0.273487, 0, 0, 0.151666, -0.150146, 9.49522e-07, 0.00156873, 3.1485e-05
139121, 0.290919, 0.380521, 0.000381768, 2.58, 0.273487, 0, 0, 0.151666, -0.150191, 9.49522e-07, 0.00152284, 3.1485e-05
139130, 0.29448, 0.384018, 0.000466228, 2.59, 0.273487, 0, 0, 0.151666, -0.150233, 9.49522e-07, 0.00147925, 3.1485e-05
139141, 0.298272, 0.387749, 0.000546426, 2.6, 0.273487, 0, 0, 0.151666, -0.150273, 9.49522e-07, 0.00143787, 3.1485e-05
139151, 0.303497, 0.392879, 0.000672609, 2.61, 0.273487, 0, 0, 0.152471, -0.150336, 9.49522e-07, 0.00220278, 3.1485e-05
139161, 0.306654, 0.396021, 0.000692874, 2.62, 0.273487, 0, 0, 0.150871, -0.150346, 9.49522e-07, 0.000541627, 3.1485e-05
139170, 0.311067, 0.400382, 0.000761628, 2.63, 0.273487, 0, 0, 0.151666, -0.150381, 9.49522e-07, 0.00132681, 3.1485e-05
139181, 0.293027, 0.383, -0.00010705, 2.64, 0.273487, 0, 0, 0.136664, -0.149946, 9.49522e-07, -0.0137091, 3.1485e-05
139191, 0.295249, 0.385138, 2.08616e-06, 2.65, 0.273487, 0, 0, 0.151666, -0.150001, 9.49522e-07, 0.00171877, 3.1485e-05
139201, 0.29777, 0.387581, 0.000105739, 2.66, 0.273487, 0, 0, 0.151666, -0.150053, 9.49522e-07, 0.00166529, 3.1485e-05
139211, 0.300575, 0.390311, 0.000204146, 2.67, 0.273487, 0, 0, 0.151666, -0.150102, 9.49522e-07, 0.00161451, 3.1485e-05
139220, 0.303649, 0.393314, 0.000297576, 2.68, 0.273487, 0, 0, 0.151666, -0.150149, 9.49522e-07, 0.00156629, 3.1485e-05
139231, 0.306978, 0.12756, 0.000386268, 2.69, 0.276993, 0, 0.347118, 0.151666, -0.150193, 9.49522e-07, 0.00152051, 3.1485e-05
139241, 0.310551, 0.354683, 0.000470489, 2.7, 0.276993, 0, 0, 0.151666, -0.150235, 9.49522e-07, 0.00147705, 3.1485e-05
139251, 0.314354, 0.358425, 0.000550449, 2.71, 0.276993, 0, 0, 0.151666, -0.150275, 9.49522e-07, 0.00143579, 3.1485e-05
139260, 0.318377, 0.362391, 0.000626385, 2.72, 0.276993, 0, 0, 0.151666, -0.150313, 9.49522e-07, 0.0013966, 3.1485e-05
139271, 0.321408, 0.365405, 0.000649005, 2.73, 0.276993, 0, 0, 0.150871, -0.150325, 9.49522e-07, 0.000564277, 3.1485e-05
139281, 0.326914, 0.370819, 0.000770003, 2.74, 0.276993, 0, 0, 0.152471, -0.150385, 9.49522e-07, 0.00215252, 3.1485e-05
139291, 0.331538, 0.375394, 0.000834852, 2.75, 0.276993, 0, 0, 0.151666, -0.150417, 9.49522e-07, 0.00128902, 3.1485e-05
139300, 0.33634, 0.380149, 0.000896424, 2.76, 0.276993, 0, 0, 0.151666, -0.150448, 9.49522e-07, 0.00125724, 3.1485e-05
139311, 0.318668, 0.363141, 2.09212e-05, 2.77, 0.276993, 0, 0, 0.136664, -0.15001, 9.49522e-07, -0.0137752, 3.1485e-05
139321, 0.32124, 0.365635, 0.00012359, 2.78, 0.276993, 0, 0, 0.151666, -0.150062, 9.49522e-07, 0.00165607, 3.1485e-05
139331, 0.324093, 0.368414, 0.000221074, 2.79, 0.276993, 0, 0, 0.151666, -0.150111, 9.49522e-07, 0.00160576, 3.1485e-05
139340, 0.327214, 0.371464, 0.00031364, 2.8, 0.276993, 0, 0, 0.151666, -0.150157, 9.49522e-07, 0.00155799, 3.1485e-05
139351, 0.330588, 0.374772, 0.000401556, 2.81, 0.276993, 0, 0, 0.151666, -0.150201, 9.49522e-07, 0.00151263, 3.1485e-05
139361, 0.334203, 0.378324, 0.000485033, 2.82, 0.276993, 0, 0, 0.151666, -0.150243, 9.49522e-07, 0.00146955, 3.1485e-05
139371, 0.338047, 0.382108, 0.000564277, 2.83, 0.276993, 0, 0, 0.151666, -0.150282, 9.49522e-07, 0.00142865, 3.1485e-05
139381, 0.342107, 0.386111, 0.000639498, 2.84, 0.276993, 0, 0, 0.151666, -0.15032, 9.49522e-07, 0.00138983, 3.1485e-05
139390, 0.346374, 0.390323, 0.000710934, 2.85, 0.276993, 0, 0, 0.151666, -0.150355, 9.49522e-07, 0.00135297, 3.1485e-05
139401, 0.350836, 0.394734, 0.000778764, 2.86, 0.276993, 0, 0, 0.151666, -0.150389, 9.49522e-07, 0.00131796, 3.1485e-05
139411, 0.355484, 0.399333, 0.000843167, 2.87, 0.276993, 0, 0, 0.151666, -0.150422, 9.49522e-07, 0.00128473, 3.1485e-05
139421, 0.361522, 0.405287, 0.00095439, 2.88, 0.276993, 0, 0, 0.152471, -0.150477, 9.49522e-07, 0.00205737, 3.1485e-05
139430, 0.0861523, 0.410375, 0.00100994, 2.89, 0.276993, 0.350624, 0, 0.151666, -0.150505, 9.49522e-07, 0.00119866, 3.1485e-05
139441, 0.306365, 0.396526, 0.000249773, 2.9, 0.276993, 0, 0, 0.138608, -0.150125, 9.49522e-07, -0.0118864, 3.1485e-05
139451, 0.309563, 0.399655, 0.000340879, 2.91, 0.276993, 0, 0, 0.151666, -0.15017, 9.49522e-07, 0.00154394, 3.1485e-05
139461, 0.313012, 0.403038, 0.000427395, 2.92, 0.276993, 0, 0, 0.151666, -0.150214, 9.49522e-07, 0.0014993, 3.1485e-05
139470, 0.316697, 0.406661, 0.00050953, 2.93, 0.276993, 0, 0, 0.151666, -0.150255, 9.49522e-07, 0.0014569, 3.1485e-05
139481, 0.320607, 0.410512, 0.000587523, 2.94, 0.276993, 0, 0, 0.151666, -0.150294, 9.49522e-07, 0.00141665, 3.1485e-05
139491, 0.324732, 0.41458, 0.000661582, 2.95, 0.276993, 0, 0, 0.151666, -0.150331, 9.49522e-07, 0.00137843, 3.1485e-05
139501, 0.329059, 0.147121, 0.000731915, 2.96, 0.280499, 0, 0.350624, 0.151666, -0.150366, 9.49522e-07, 0.00134215, 3.1485e-05
139510, 0.332379, 0.3763, 0.000749201, 2.97, 0.280499, 0, 0, 0.150871, -0.150375, 9.49522e-07, 0.00051257, 3.1485e-05
139521, 0.336946, 0.380817, 0.000815094, 2.98, 0.280499, 0, 0, 0.151666, -0.150408, 9.49522e-07, 0.00129922, 3.1485e-05
139531, 0.341693, 0.385516, 0.000877649, 2.99, 0.280499, 0, 0, 0.151666, -0.150439, 9.49522e-07, 0.00126693, 3.1485e-05
139541, 0.346612, 0.39039, 0.000937045, 3, 0.280499, 0, 0, 0.151666, -0.150469, 9.49522e-07, 0.00123627, 3.1485e-05
139551, 0.352907, 0.396605, 0.00104353, 3.01, 0.280499, 0, 0, 0.152471, -0.150522, 9.49522e-07, 0.00201137, 3.1485e-05
139560, 0.358281, 0.40194, 0.00109458, 3.02, 0.280499, 0, 0, 0.151666, -0.150547, 9.49522e-07, 0.00115499, 3.1485e-05
139571, 0.339246, 0.383635, 0.000130415, 3.03, 0.280499, 0, 0, 0.1354, -0.150065, 9.49522e-07, -0.0151359, 3.1485e-05
139581, 0.0616179, 0.386433, 0.000227541, 3.04, 0.280499, 0.350624, 0, 0.151666, -0.150114, 9.49522e-07, 0.00160243, 3.1485e-05
139591, 0.299394, 0.389501, 0.000319779, 3.05, 0.280499, 0, 0, 0.151666, -0.15016, 9.49522e-07, 0.00155483, 3.1485e-05
139600, 0.302784, 0.392825, 0.000407338, 3.06, 0.280499, 0, 0, 0.151666, -0.150204, 9.49522e-07, 0.00150964, 3.1485e-05
139611, 0.306415, 0.396393, 0.000490516, 3.07, 0.280499, 0, 0, 0.151666, -0.150245, 9.49522e-07, 0.00146672, 3.1485e-05
139621, 0.310273, 0.400192, 0.000569493, 3.08, 0.280499, 0, 0, 0.151666, -0.150285, 9.49522e-07, 0.00142597, 3.1485e-05
139631, 0.314349, 0.40421, 0.000644475, 3.09, 0.280499, 0, 0, 0.151666, -0.150322, 9.49522e-07, 0.00138727, 3.1485e-05
139640, 0.318628, 0.408436, 0.000715643, 3.1, 0.280499, 0, 0, 0.151666, -0.150358, 9.49522e-07, 0.00135054, 3.1485e-05
139651, 0.323103, 0.141126, 0.000783235, 3.11, 0.284006, 0, 0.350624, 0.151666, -0.150392, 9.49522e-07, 0.00131565, 3.1485e-05
139661, 0.327763, 0.37161, 0.000847399, 3.12, 0.284006, 0, 0, 0.151666, -0.150424, 9.49522e-07, 0.00128254, 3.1485e-05
139671, 0.332599, 0.376399, 0.000908315, 3.13, 0.284006, 0, 0, 0.151666, -0.150454, 9.49522e-07, 0.0012511, 3.1485e-05
139680, 0.338815, 0.382534, 0.00101623, 3.14, 0.284006, 0, 0, 0.152471, -0.150508, 9.49522e-07, 0.00202546, 3.1485e-05
139691, 0.344114, 0.387793, 0.00106865, 3.15, 0.284006, 0, 0, 0.151666, -0.150534, 9.49522e-07, 0.00116837, 3.1485e-05
139701, 0.326915, 0.371264, 0.000184476, 3.16, 0.284006, 0, 0, 0.136664, -0.150092, 9.49522e-07, -0.0138596, 3.1485e-05
139711, 0.329935, 0.374212, 0.00027889, 3.17, 0.284006, 0, 0, 0.151666, -0.150139, 9.49522e-07, 0.00157593, 3.1485e-05
139721, 0.333214, 0.377423, 0.000368536, 3.18, 0.284006, 0, 0, 0.151666, -0.150184, 9.49522e-07, 0.00152966, 3.1485e-05
139730, 0.336739, 0.380883, 0.000453681, 3.19, 0.284006, 0, 0, 0.151666, -0.150227, 9.49522e-07, 0.00148574, 3.1485e-05
139741, 0.340496, 0.38458, 0.000534505, 3.2, 0.284006, 0, 0, 0.151666, -0.150267, 9.49522e-07, 0.00144401, 3.1485e-05
139751, 0.344475, 0.388501, 0.000611246, 3.21, 0.284006, 0, 0, 0.151666, -0.150306, 9.49522e-07, 0.00140442, 3.1485e-05
139761, 0.348664, 0.392635, 0.000684112, 3.22, 0.284006, 0, 0, 0.151666, -0.150342, 9.49522e-07, 0.00136681, 3.1485e-05
139770, 0.353054, 0.396971, 0.000753313, 3.23, 0.284006, 0, 0, 0.151666, -0.150377, 9.49522e-07, 0.00133111, 3.1485e-05
139781, 0.357632, 0.4015, 0.000818998, 3.24, 0.284006, 0, 0, 0.151666, -0.15041, 9.49522e-07, 0.00129721, 3.1485e-05
139791, 0.0846951, 0.40621, 0.000881344, 3.25, 0.284006, 0.347118, 0, 0.151666, -0.150441, 9.49522e-07, 0.00126502, 3.1485e-05
139801, 0.321916, 0.411095, 0.000940591, 3.26, 0.284006, 0, 0, 0.151666, -0.15047, 9.49522e-07, 0.00123446, 3.1485e-05
139810, 0.328221, 0.41732, 0.0010469, 3.27, 0.284006, 0, 0, 0.152471, -0.150523, 9.49522e-07, 0.00200963, 3.1485e-05
139821, 0.333603, 0.422663, 0.00109774, 3.28, 0.284006, 0, 0, 0.151666, -0.150549, 9.49522e-07, 0.00115335, 3.1485e-05
139831, 0.339125, 0.428148, 0.00114602, 3.29, 0.284006, 0, 0, 0.151666, -0.150573, 9.49522e-07, 0.00112844, 3.1485e-05
139841, 0.344779, 0.433768, 0.00119188, 3.3, 0.284006, 0, 0, 0.151666, -0.150596, 9.49522e-07, 0.00110477, 3.1485e-05
139851, 0.349359, 0.438352, 0.00118592, 3.31, 0.284006, 0, 0, 0.150871, -0.150593, 9.49522e-07, 0.00028719, 3.1485e-05
139860, 0.355122, 0.172348, 0.00122976, 3.32, 0.287512, 0, 0.350624, 0.151666, -0.150615, 9.49522e-07, 0.00108522, 3.1485e-05
139871, 0.361006, 0.404073, 0.0012714, 3.33, 0.287512, 0, 0, 0.151666, -0.150636, 9.49522e-07, 0.00106373, 3.1485e-05
139881, 0.367003, 0.41004, 0.00131091, 3.34, 0.287512, 0, 0, 0.151666, -0.150655, 9.49522e-07, 0.00104333, 3.1485e-05
139891, 0.373109, 0.416117, 0.00134844, 3.35, 0.287512, 0, 0, 0.151666, -0.150674, 9.49522e-07, 0.00102398, 3.1485e-05
139900, 0.0988182, 0.422299, 0.00138408, 3.36, 0.287512, 0.350624, 0, 0.151666, -0.150692, 9.49522e-07, 0.00100559, 3.1485e-05
139911, 0.339762, 0.428579, 0.00141791, 3.37, 0.287512, 0, 0, 0.151666, -0.150709, 9.49522e-07, 0.000988126, 3.1485e-05
139921, 0.34616, 0.434953, 0.00145, 3.38, 0.287512, 0, 0, 0.151666, -0.150725, 9.49522e-07, 0.000971556, 3.1485e-05
139931, 0.352647, 0.441417, 0.00148052, 3.39, 0.287512, 0, 0, 0.151666, -0.15074, 9.49522e-07, 0.00095582, 3.1485e-05
139940, 0.360431, 0.449141, 0.00155953, 3.4, 0.287512, 0, 0, 0.152471, -0.15078, 9.49522e-07, 0.00174507, 3.1485e-05
139951, 0.367218, 0.455909, 0.0015845, 3.41, 0.287512, 0, 0, 0.151666, -0.150792, 9.49522e-07, 0.000902161, 3.1485e-05
139961, 0.374073, 0.19373, 0.00160822, 3.42, 0.291018, 0, 0.347118, 0.151666, -0.150804, 9.49522e-07, 0.000889912, 3.1485e-05
139971, 0.380994, 0.424247, 0.00163075, 3.43, 0.291018, 0, 0, 0.151666, -0.150815, 9.49522e-07, 0.000878289, 3.1485e-05
139980, 0.387976, 0.431213, 0.00165215, 3.44, 0.291018, 0, 0, 0.151666, -0.150826, 9.49522e-07, 0.000867248, 3.1485e-05
139991, 0.114517, 0.438238, 0.00167245, 3.45, 0.291018, 0.350624, 0, 0.151666, -0.150836, 9.49522e-07, 0.000856772, 3.1485e-05
140001, 0.356251, 0.44532, 0.00169173, 3.46, 0.291018, 0, 0, 0.151666, -0.150846, 9.49522e-07, 0.000846818, 3.1485e-05
140011, 0.3634, 0.452455, 0.00171003, 3.47, 0.291018, 0, 0, 0.151666, -0.150855, 9.49522e-07, 0.000837371, 3.1485e-05
140021, 0.370599, 0.187907, 0.00172737, 3.48, 0.294524, 0, 0.350624, 0.151666, -0.150864, 9.49522e-07, 0.000828415, 3.1485e-05
140030, 0.377846, 0.421013, 0.00174388, 3.49, 0.294524, 0, 0, 0.151666, -0.150872, 9.49522e-07, 0.000819907, 3.1485e-05
140041, 0.385138, 0.428293, 0.00175956, 3.5, 0.294524, 0, 0, 0.151666, -0.15088, 9.49522e-07, 0.000811815, 3.1485e-05
140051, 0.111973, 0.435617, 0.00177443, 3.51, 0.294524, 0.350624, 0, 0.151666, -0.150887, 9.49522e-07, 0.000804141, 3.1485e-05
140061, 0.353987, 0.442982, 0.00178856, 3.52, 0.294524, 0, 0, 0.151666, -0.150894, 9.49522e-07, 0.000796854, 3.1485e-05
140070, 0.361401, 0.450386, 0.00180197, 3.53, 0.294524, 0, 0, 0.151666, -0.150901, 9.49522e-07, 0.000789925, 3.1485e-05
140081, 0.345253, 0.434966, 0.00084123, 3.54, 0.294524, 0, 0, 0.136029, -0.150421, 9.49522e-07, -0.0148539, 3.1485e-05
140091, 0.350072, 0.170722, 0.000902474, 3.55, 0.298031, 0, 0.347118, 0.151666, -0.150451, 9.49522e-07, 0.00125413, 3.1485e-05
140101, 0.355058, 0.399278, 0.000960618, 3.56, 0.298031, 0, 0, 0.151666, -0.15048, 9.49522e-07, 0.00122412, 3.1485e-05
140110, 0.0797054, 0.404382, 0.00101584, 3.57, 0.298031, 0.350624, 0, 0.151666, -0.150508, 9.49522e-07, 0.00119562, 3.1485e-05
140121, 0.31964, 0.40964, 0.00106826, 3.58, 0.298031, 0, 0, 0.151666, -0.150534, 9.49522e-07, 0.00116856, 3.1485e-05
140131, 0.325081, 0.415043, 0.00111803, 3.59, 0.298031, 0, 0, 0.151666, -0.150559, 9.49522e-07, 0.00114287, 3.1485e-05
140141, 0.330658, 0.148851, 0.0011653, 3.6, 0.301537, 0, 0.350624, 0.151666, -0.150583, 9.49522e-07, 0.00111848, 3.1485e-05
140150, 0.336365, 0.380396, 0.00121018, 3.61, 0.301537, 0, 0, 0.151666, -0.150605, 9.49522e-07, 0.00109532, 3.1485e-05
140161, 0.342195, 0.386193, 0.0012528, 3.62, 0.301537, 0, 0, 0.151666, -0.150626, 9.49522e-07, 0.00107333, 3.1485e-05
140171, 0.348141, 0.392109, 0.00129324, 3.63, 0.301537, 0, 0, 0.151666, -0.150647, 9.49522e-07, 0.00105245, 3.1485e-05
140181, 0.354198, 0.398137, 0.00133166, 3.64, 0.301537, 0, 0, 0.151666, -0.150666, 9.49522e-07, 0.00103264, 3.1485e-05
140191, 0.359161, 0.403109, 0.00131863, 3.65, 0.301537, 0, 0, 0.150871, -0.150659, 9.49522e-07, 0.000218704, 3.1485e-05
140200, 0.0860022, 0.410384, 0.00140584, 3.66, 0.301537, 0.350624, 0, 0.152471, -0.150703, 9.49522e-07, 0.00182439, 3.1485e-05
140211, 0.305333, 0.395729, 0.000544578, 3.67, 0.301537, 0, 0, 0.137306, -0.150272, 9.49522e-07, -0.0133833, 3.1485e-05
140221, 0.30934, 0.399678, 0.000620812, 3.68, 0.301537, 0, 0, 0.151666, -0.15031, 9.49522e-07, 0.00139947, 3.1485e-05
140231, 0.313555, 0.403838, 0.000693172, 3.69, 0.301537, 0, 0, 0.151666, -0.150347, 9.49522e-07, 0.00136213, 3.1485e-05
140240, 0.317968, 0.4082, 0.000761896, 3.7, 0.301537, 0, 0, 0.151666, -0.150381, 9.49522e-07, 0.00132667, 3.1485e-05
140251, 0.32257, 0.412752, 0.000827163, 3.71, 0.301537, 0, 0, 0.151666, -0.150414, 9.49522e-07, 0.00129299, 3.1485e-05
140261, 0.327351, 0.145752, 0.000889122, 3.72, 0.305043, 0, 0.350624, 0.151666, -0.150445, 9.49522e-07, 0.00126101, 3.1485e-05
140271, 0.332301, 0.37653, 0.000947952, 3.73, 0.305043, 0, 0, 0.151666, -0.150474, 9.49522e-07, 0.00123066, 3.1485e-05
140280, 0.337413, 0.381599, 0.0010038, 3.74, 0.305043, 0, 0, 0.151666, -0.150502, 9.49522e-07, 0.00120182, 3.1485e-05
140291, 0.342677, 0.386823, 0.00105682, 3.75, 0.305043, 0, 0, 0.151666, -0.150528, 9.49522e-07, 0.00117446, 3.1485e-05
140301, 0.348086, 0.392195, 0.00110719, 3.76, 0.305043, 0, 0, 0.151666, -0.150554, 9.49522e-07, 0.00114848, 3.1485e-05
140311, 0.353634, 0.397706, 0.00115499, 3.77, 0.305043, 0, 0, 0.151666, -0.150578, 9.49522e-07, 0.0011238, 3.1485e-05
140320, 0.359313, 0.40335, 0.00120041, 3.78, 0.305043, 0, 0, 0.151666, -0.1506, 9.49522e-07, 0.00110038, 3.1485e-05
140331, 0.365115, 0.40912, 0.0012435, 3.79, 0.305043, 0, 0, 0.151666, -0.150622, 9.49522e-07, 0.00107813, 3.1485e-05
140341, 0.349363, 0.394014, 0.00039041, 3.8, 0.305043, 0, 0, 0.137306, -0.150195, 9.49522e-07, -0.0133037, 3.1485e-05
140351, 0.352947, 0.397535, 0.000474423, 3.81, 0.305043, 0, 0, 0.151666, -0.150237, 9.49522e-07, 0.00147502, 3.1485e-05
140361, 0.0762625, 0.401289, 0.000554204, 3.82, 0.305043, 0.350624, 0, 0.151666, -0.150277, 9.49522e-07, 0.00143385, 3.1485e-05
140370, 0.314933, 0.405264, 0.000629932, 3.83, 0.305043, 0, 0, 0.151666, -0.150315, 9.49522e-07, 0.00139476, 3.1485e-05
140381, 0.319173, 0.40945, 0.000701845, 3.84, 0.305043, 0, 0, 0.151666, -0.150351, 9.49522e-07, 0.00135766, 3.1485e-05
140391, 0.32361, 0.413835, 0.000770122, 3.85, 0.305043, 0, 0, 0.151666, -0.150385, 9.49522e-07, 0.00132242, 3.1485e-05
140401, 0.328234, 0.41841, 0.000834942, 3.86, 0.305043, 0, 0, 0.151666, -0.150417, 9.49522e-07, 0.00128897, 3.1485e-05
140410, 0.333036, 0.423165, 0.000896513, 3.87, 0.305043, 0, 0, 0.151666, -0.150448, 9.49522e-07, 0.0012572, 3.1485e-05
140421, 0.338006, 0.428091, 0.000954956, 3.88, 0.305043, 0, 0, 0.151666, -0.150477, 9.49522e-07, 0.00122704, 3.1485e-05
140431, 0.341936, 0.432017, 0.000960946, 3.89, 0.305043, 0, 0, 0.150871, -0.15048, 9.49522e-07, 0.000403285, 3.1485e-05
140441, 0.347083, 0.437122, 0.00101614, 3.9, 0.305043, 0, 0, 0.151666, -0.150508, 9.49522e-07, 0.00119546, 3.1485e-05
140450, 0.352382, 0.442381, 0.00106856, 3.91, 0.305043, 0, 0, 0.151666, -0.150534, 9.49522e-07, 0.00116841, 3.1485e-05
140461, 0.357824, 0.447785, 0.00111833, 3.92, 0.305043, 0, 0, 0.151666, -0.150559, 9.49522e-07, 0.00114273, 3.1485e-05
140471, 0.341729, 0.432331, 0.000271559, 3.93, 0.305043, 0, 0, 0.137306, -0.150136, 9.49522e-07, -0.0132424, 3.1485e-05
140481, 0.344988, 0.163788, 0.000361592, 3.94, 0.308549, 0, 0.350624, 0.151666, -0.150181, 9.49522e-07, 0.00153325, 3.1485e-05
140490, 0.348493, 0.393101, 0.000447065, 3.95, 0.308549, 0, 0, 0.151666, -0.150224, 9.49522e-07, 0.00148915, 3.1485e-05
140500, 0.352232, 0.396779, 0.000528216, 3.96, 0.308549, 0, 0, 0.151666, -0.150264, 9.49522e-07, 0.00144726, 3.1485e-05
140511, 0.356194, 0.400682, 0.000605285, 3.97, 0.308549, 0, 0, 0.151666, -0.150303, 9.49522e-07, 0.00140749, 3.1485e-05
140521, 0.0798676, 0.4048, 0.00067845, 3.98, 0.308549, 0.350624, 0, 0.151666, -0.150339, 9.49522e-07, 0.00136973, 3.1485e-05
140531, 0.318879, 0.40912, 0.000747919, 3.99, 0.308549, 0, 0, 0.151666, -0.150374, 9.49522e-07, 0.00133388, 3.1485e-05
140540, 0.323442, 0.413634, 0.000813872, 4, 0.308549, 0, 0, 0.151666, -0.150407, 9.49522e-07, 0.00129984, 3.1485e-05
140551, 0.328186, 0.418331, 0.000876516, 4.01, 0.308549, 0, 0, 0.151666, -0.150438, 9.49522e-07, 0.00126752, 3.1485e-05
140561, 0.328383, 0.41863, 0.000741303, 4.02, 0.308549, 0, 0, 0.148539, -0.150371, 9.49522e-07, -0.00189061, 3.1485e-05
140571, 0.329369, 0.419677, 0.000660777, 4.03, 0.308549, 0, 0, 0.149308, -0.15033, 9.49522e-07, -0.00105561, 3.1485e-05
140580, 0.334907, 0.425124, 0.000781208, 4.04, 0.308549, 0, 0, 0.152471, -0.150391, 9.49522e-07, 0.00214674, 3.1485e-05
140591, 0.339562, 0.42973, 0.000845492, 4.05, 0.308549, 0, 0, 0.151666, -0.150423, 9.49522e-07, 0.00128353, 3.1485e-05
140601, 0.323698, 0.414467, 5.28693e-05, 4.06, 0.308549, 0, 0, 0.137954, -0.150026, 9.49522e-07, -0.0124606, 3.1485e-05
140611, 0.326359, 0.41705, 0.000153959, 4.07, 0.308549, 0, 0, 0.151666, -0.150077, 9.49522e-07, 0.00164041, 3.1485e-05
140620, 0.329295, 0.419914, 0.000249922, 4.08, 0.308549, 0, 0, 0.151666, -0.150125, 9.49522e-07, 0.00159088, 3.1485e-05
140631, 0.332494, 0.423045, 0.000341028, 4.09, 0.308549, 0, 0, 0.151666, -0.150171, 9.49522e-07, 0.00154386, 3.1485e-05
140641, 0.331224, 0.421856, 0.000232846, 4.1, 0.308549, 0, 0, 0.148539, -0.150116, 9.49522e-07, -0.00162822, 3.1485e-05
140651, 0.329657, 0.420367, 0.000130147, 4.11, 0.308549, 0, 0, 0.148539, -0.150065, 9.49522e-07, -0.00157522, 3.1485e-05
140661, 0.332529, 0.423165, 0.000227332, 4.12, 0.308549, 0, 0, 0.151666, -0.150114, 9.49522e-07, 0.00160255, 3.1485e-05
140670, 0.335666, 0.426232, 0.00031957, 4.13, 0.308549, 0, 0, 0.151666, -0.15016, 9.49522e-07, 0.00155494, 3.1485e-05
140681, 0.339057, 0.429556, 0.000407189, 4.14, 0.308549, 0, 0, 0.151666, -0.150204, 9.49522e-07, 0.00150973, 3.1485e-05
140691, 0.342687, 0.433124, 0.000490367, 4.15, 0.308549, 0, 0, 0.151666, -0.150245, 9.49522e-07, 0.0014668, 3.1485e-05
140701, 0.347759, 0.438098, 0.000619411, 4.16, 0.308549, 0, 0, 0.152471, -0.15031, 9.49522e-07, 0.00223024, 3.1485e-05
140710, 0.35197, 0.170521, 0.000691861, 4.17, 0.312056, 0, 0.350624, 0.151666, -0.150346, 9.49522e-07, 0.00136282, 3.1485e-05
140721, 0.356381, 0.400751, 0.000760674, 4.18, 0.312056, 0, 0, 0.151666, -0.15038, 9.49522e-07, 0.00132731, 3.1485e-05
140731, 0.340285, 0.385253, -2.76566e-05, 4.19, 0.312056, 0, 0, 0.137954, -0.149986, 9.49522e-07, -0.0124191, 3.1485e-05
140741, 0.0622249, 0.387612, 7.7486e-05, 4.2, 0.312056, 0.350624, 0, 0.151666, -0.150039, 9.49522e-07, 0.00167987, 3.1485e-05
140750, 0.299589, 0.390263, 0.000177294, 4.21, 0.312056, 0, 0, 0.151666, -0.150089, 9.49522e-07, 0.00162835, 3.1485e-05
140761, 0.30259, 0.393192, 0.000272065, 4.22, 0.312056, 0, 0, 0.151666, -0.150136, 9.49522e-07, 0.00157945, 3.1485e-05
140771, 0.301129, 0.391811, 0.00016734, 4.23, 0.312056, 0, 0, 0.148539, -0.150084, 9.49522e-07, -0.00159442, 3.1485e-05
140781, 0.299383, 0.39014, 6.79493e-05, 4.24, 0.312056, 0, 0, 0.148539, -0.150034, 9.49522e-07, -0.00154312, 3.1485e-05
140790, 0.302083, 0.392764, 0.000168234, 4.25, 0.312056, 0, 0, 0.151666, -0.150084, 9.49522e-07, 0.00163303, 3.1485e-05
140801, 0.299192, 0.389984, 2.14577e-05, 4.26, 0.312056, 0, 0, 0.147779, -0.150011, 9.49522e-07, -0.00230382, 3.1485e-05
140811, 0.297046, 0.387908, -7.05719e-05, 4.27, 0.312056, 0, 0, 0.148539, -0.149965, 9.49522e-07, -0.00147164, 3.1485e-05
140821, 0.299367, 0.390148, 3.67165e-05, 4.28, 0.312056, 0, 0, 0.151666, -0.150018, 9.49522e-07, 0.00170091, 3.1485e-05
140831, 0.301982, 0.392686, 0.000138581, 4.29, 0.312056, 0, 0, 0.151666, -0.150069, 9.49522e-07, 0.00164834, 3.1485e-05
140840, 0.30609, 0.396683, 0.000285387, 4.3, 0.312056, 0, 0, 0.152471, -0.150143, 9.49522e-07, 0.00240262, 3.1485e-05
140851, 0.309387, 0.399911, 0.000374705, 4.31, 0.312056, 0, 0, 0.151666, -0.150187, 9.49522e-07, 0.00152649, 3.1485e-05
140861, 0.292233, 0.38334, -0.000394136, 4.32, 0.312056, 0, 0, 0.137954, -0.149803, 9.49522e-07, -0.0122299, 3.1485e-05
140871, 0.293669, 0.384682, -0.000270486, 4.33, 0.312056, 0, 0, 0.151666, -0.149865, 9.49522e-07, 0.00185944, 3.1485e-05
140880, 0.290723, 0.381795, -0.000347763, 4.34, 0.312056, 0, 0, 0.148539, -0.149826, 9.49522e-07, -0.00132859, 3.1485e-05
140891, 0.287565, 0.378693, -0.000421166, 4.35, 0.312056, 0, 0, 0.148539, -0.149789, 9.49522e-07, -0.00129071, 3.1485e-05
140901, 0.28306, 0.374276, -0.00053817, 4.36, 0.312056, 0, 0, 0.147779, -0.149731, 9.49522e-07, -0.00201502, 3.1485e-05
140911, 0.27938, 0.370645, -0.000601947, 4.37, 0.312056, 0, 0, 0.148539, -0.149699, 9.49522e-07, -0.00119741, 3.1485e-05
140920, 0.275526, 0.366837, -0.000662506, 4.38, 0.312056, 0, 0, 0.148539, -0.149669, 9.49522e-07, -0.00116616, 3.1485e-05
140931, 0.271507, 0.362861, -0.000719994, 4.39, 0.312056, 0, 0, 0.148539, -0.14964, 9.49522e-07, -0.0011365, 3.1485e-05
140941, 0.267329, 0.358725, -0.000774592, 4.4, 0.312056, 0, 0, 0.148539, -0.149613, 9.49522e-07, -0.00110832, 3.1485e-05
140951, 0.266523, 0.357847, -0.000681221, 4.41, 0.312056, 0, 0, 0.150871, -0.149659, 9.49522e-07, 0.00125076, 3.1485e-05
140960, 0.262451, 0.353819, -0.000737786, 4.42, 0.312056, 0, 0, 0.148539, -0.149631, 9.49522e-07, -0.00112732, 3.1485e-05
140971, 0.259385, 0.350757, -0.000743628, 4.43, 0.312056, 0, 0, 0.149308, -0.149628, 9.49522e-07, -0.00033085, 3.1485e-05
140981, 0.259863, 0.351128, -0.000602335, 4.44, 0.312056, 0, 0, 0.151666, -0.149699, 9.49522e-07, 0.0020307, 3.1485e-05
140991, 0.240033, 0.331843, -0.00132185, 4.45, 0.312056, 0, 0, 0.137954, -0.149339, 9.49522e-07, -0.0117512, 3.1485e-05
141001, 0.234207, 0.326035, -0.00134605, 4.46, 0.312056, 0, 0, 0.148539, -0.149327, 9.49522e-07, -0.00081341, 3.1485e-05
141010, 0.233035, 0.324733, -0.00117433, 4.47, 0.312056, 0, 0, 0.151666, -0.149413, 9.49522e-07, 0.00232589, 3.1485e-05
141021, 0.232333, 0.323907, -0.00101128, 4.48, 0.312056, 0, 0, 0.151666, -0.149494, 9.49522e-07, 0.00224175, 3.1485e-05
141031, 0.227358, 0.318962, -0.00105116, 4.49, 0.312056, 0, 0, 0.148539, -0.149474, 9.49522e-07, -0.000965595, 3.1485e-05
141041, 0.222273, 0.313907, -0.00108904, 4.5, 0.312056, 0, 0, 0.148539, -0.149455, 9.49522e-07, -0.000946045, 3.1485e-05
141050, 0.217085, 0.308746, -0.00112498, 4.51, 0.312056, 0, 0, 0.148539, -0.149438, 9.49522e-07, -0.000927493, 3.1485e-05
141061, 0.216518, 0.308057, -0.000964433, 4.52, 0.312056, 0, 0, 0.151666, -0.149518, 9.49522e-07, 0.00221756, 3.1485e-05
141071, 0.216391, 0.307815, -0.000811994, 4.53, 0.312056, 0, 0, 0.151666, -0.149594, 9.49522e-07, 0.0021389, 3.1485e-05
141081, 0.216682, 0.307996, -0.000667244, 4.54, 0.312056, 0, 0, 0.151666, -0.149666, 9.49522e-07, 0.0020642, 3.1485e-05
141090, 0.217369, 0.308579, -0.000529796, 4.55, 0.312056, 0, 0, 0.151666, -0.149735, 9.49522e-07, 0.00199327, 3.1485e-05
141101, 0.219647, 0.31072, -0.000349224, 4.56, 0.312056, 0, 0, 0.152471, -0.149825, 9.49522e-07, 0.00273012, 3.1485e-05
141111, 0.221204, 0.312185, -0.000227869, 4.57, 0.312056, 0, 0, 0.151666, -0.149886, 9.49522e-07, 0.00183745, 3.1485e-05
141121, 0.223095, 0.313989, -0.000112623, 4.58, 0.312056, 0, 0, 0.151666, -0.149944, 9.49522e-07, 0.00177798, 3.1485e-05
141130, 0.226515, 0.317288, 4.68791e-05, 4.59, 0.312056, 0, 0, 0.152471, -0.150023, 9.49522e-07, 0.0025257, 3.1485e-05
141140, 0.229159, 0.319855, 0.000148267, 4.6, 0.312056, 0, 0, 0.151666, -0.150074, 9.49522e-07, 0.00164334, 3.1485e-05
141151, 0.23208, 0.322704, 0.000244528, 4.61, 0.312056, 0, 0, 0.151666, -0.150122, 9.49522e-07, 0.00159366, 3.1485e-05
141161, 0.235265, 0.325819, 0.000335902, 4.62, 0.312056, 0, 0, 0.151666, -0.150168, 9.49522e-07, 0.0015465, 3.1485e-05
141171, 0.2387, 0.329188, 0.000422686, 4.63, 0.312056, 0, 0, 0.151666, -0.150211, 9.49522e-07, 0.00150172, 3.1485e-05
141180, 0.242372, 0.332798, 0.00050506, 4.64, 0.312056, 0, 0, 0.151666, -0.150253, 9.49522e-07, 0.00145921, 3.1485e-05
141191, 0.241551, 0.332065, 0.000388592, 4.65, 0.312056, 0, 0, 0.148539, -0.150194, 9.49522e-07, -0.0017086, 3.1485e-05
141201, 0.24041, 0.331008, 0.000277996, 4.66, 0.312056, 0, 0, 0.148539, -0.150139, 9.49522e-07, -0.00165153, 3.1485e-05
141211, 0.238966, 0.329643, 0.000172973, 4.67, 0.312056, 0, 0, 0.148539, -0.150086, 9.49522e-07, -0.00159733, 3.1485e-05
141220, 0.241955, 0.33256, 0.000267982, 4.68, 0.312056, 0, 0, 0.151666, -0.150134, 9.49522e-07, 0.00158156, 3.1485e-05
141231, 0.246417, 0.336916, 0.000408232, 4.69, 0.312056, 0, 0, 0.152471, -0.150204, 9.49522e-07, 0.00233921, 3.1485e-05
141241, 0.24533, 0.335914, 0.000296652, 4.7, 0.312056, 0, 0, 0.148539, -0.150148, 9.49522e-07, -0.00166115, 3.1485e-05
141251, 0.243937, 0.334601, 0.000190705, 4.71, 0.312056, 0, 0, 0.148539, -0.150095, 9.49522e-07, -0.00160648, 3.1485e-05
141260, 0.248188, 0.338743, 0.000334859, 4.72, 0.312056, 0, 0, 0.152471, -0.150167, 9.49522e-07, 0.00237708, 3.1485e-05
141271, 0.25162, 0.342109, 0.000421673, 4.73, 0.312056, 0, 0, 0.151666, -0.150211, 9.49522e-07, 0.00150225, 3.1485e-05
141281, 0.255289, 0.345716, 0.000504106, 4.74, 0.312056, 0, 0, 0.151666, -0.150252, 9.49522e-07, 0.0014597, 3.1485e-05
141291, 0.254465, 0.34498, 0.000387698, 4.75, 0.312056, 0, 0, 0.148539, -0.150194, 9.49522e-07, -0.00170814, 3.1485e-05
141301, 0.253322, 0.343921, 0.000277162, 4.76, 0.312056, 0, 0, 0.148539, -0.150139, 9.49522e-07, -0.00165109, 3.1485e-05
141310, 0.251876, 0.342554, 0.000172198, 4.77, 0.312056, 0, 0, 0.148539, -0.150086, 9.49522e-07, -0.00159693, 3.1485e-05
141321, 0.254863, 0.345469, 0.000267237, 4.78, 0.312056, 0, 0, 0.151666, -0.150134, 9.49522e-07, 0.00158195, 3.1485e-05
141331, 0.25811, 0.348648, 0.000357479, 4.79, 0.312056, 0, 0, 0.151666, -0.150179, 9.49522e-07, 0.00153537, 3.1485e-05
141341, 0.256884, 0.347504, 0.000248462, 4.8, 0.312056, 0, 0, 0.148539, -0.150124, 9.49522e-07, -0.00163628, 3.1485e-05
141350, 0.260079, 0.35063, 0.000339627, 4.81, 0.312056, 0, 0, 0.151666, -0.15017, 9.49522e-07, 0.00154458, 3.1485e-05
141361, 0.264738, 0.355185, 0.000476271, 4.82, 0.312056, 0, 0, 0.152471, -0.150238, 9.49522e-07, 0.00230411, 3.1485e-05
141371, 0.247862, 0.338896, -0.000297725, 4.83, 0.312056, 0, 0, 0.137954, -0.149851, 9.49522e-07, -0.0122797, 3.1485e-05
141381, 0.249561, 0.340505, -0.000178963, 4.84, 0.312056, 0, 0, 0.151666, -0.149911, 9.49522e-07, 0.0018122, 3.1485e-05
141390, 0.252799, 0.34362, -1.61231e-05, 4.85, 0.312056, 0, 0, 0.152471, -0.149992, 9.49522e-07, 0.00255822, 3.1485e-05
141401, 0.25527, 0.346011, 8.84235e-05, 4.86, 0.312056, 0, 0, 0.151666, -0.150044, 9.49522e-07, 0.00167422, 3.1485e-05
141411, 0.258027, 0.348693, 0.000187695, 4.87, 0.312056, 0, 0, 0.151666, -0.150094, 9.49522e-07, 0.00162299, 3.1485e-05
141421, 0.256336, 0.347078, 8.72612e-05, 4.88, 0.312056, 0, 0, 0.148539, -0.150044, 9.49522e-07, -0.00155309, 3.1485e-05
141430, 0.259089, 0.349756, 0.000186563, 4.89, 0.312056, 0, 0, 0.151666, -0.150093, 9.49522e-07, 0.00162357, 3.1485e-05
141441, 0.262115, 0.352711, 0.000280887, 4.9, 0.312056, 0, 0, 0.151666, -0.15014, 9.49522e-07, 0.0015749, 3.1485e-05
141451, 0.264199, 0.354764, 0.000320911, 4.91, 0.312056, 0, 0, 0.150871, -0.15016, 9.49522e-07, 0.000733584, 3.1485e-05
141461, 0.267593, 0.358092, 0.000408441, 4.92, 0.312056, 0, 0, 0.151666, -0.150204, 9.49522e-07, 0.00150907, 3.1485e-05
141471, 0.271227, 0.361663, 0.00049156, 4.93, 0.312056, 0, 0, 0.151666, -0.150246, 9.49522e-07, 0.00146618, 3.1485e-05
141480, 0.270368, 0.360892, 0.000375777, 4.94, 0.312056, 0, 0, 0.148539, -0.150188, 9.49522e-07, -0.00170198, 3.1485e-05
141491, 0.270353, 0.360923, 0.000313699, 4.95, 0.312056, 0, 0, 0.149308, -0.150157, 9.49522e-07, -0.000876501, 3.1485e-05
141501, 0.249178, 0.34045, -0.000611037, 4.96, 0.312056, 0, 0, 0.1354, -0.149694, 9.49522e-07, -0.0147533, 3.1485e-05
141511, 0.250019, 0.341188, -0.00047645, 4.97, 0.312056, 0, 0, 0.151666, -0.149762, 9.49522e-07, 0.00196573, 3.1485e-05
141520, 0.252442, 0.343477, -0.000298589, 4.98, 0.312056, 0, 0, 0.152471, -0.149851, 9.49522e-07, 0.00270398, 3.1485e-05
141531, 0.254139, 0.345083, -0.000179797, 4.99, 0.312056, 0, 0, 0.151666, -0.14991, 9.49522e-07, 0.00181264, 3.1485e-05
141541, 0.256161, 0.34702, -6.69658e-05, 5, 0.312056, 0, 0, 0.151666, -0.149967, 9.49522e-07, 0.00175442, 3.1485e-05
