QGPIORecord, QRC v6.1.0, 15-12-2021 @ 22:57:14, Windows 10 Version 2009, 10.0.19042, x86_64
Time, VoltageA, eA, desired_velocity, time, PositionB, SpeedA, SpeedB, GetFrontDistance, xhat, Phat, nu, S
34201, 0, 0, 0, 0, -3.26431, 0, 0, 0.258625, -0.258625, 3.04729e-05, 0, 0.030566
34210, 5.26667, 5.10209, 0.21725, 0.01, -3.26431, 0, 0, 0.258625, -0.258625, 3.04747e-05, 0, 0.030566
34221, 6.12767, 5.96309, 0.217246, 0.02, -3.26431, 0, 0, 0.258625, -0.258623, 3.04729e-05, 0.0021725, 0.030566
34231, 4.46987, 4.12585, 0.217246, 0.03, -3.22925, 3.14861, 3.4817, 0.258625, -0.258623, 3.04747e-05, 0.00217465, 0.030566
34241, 1.8252, 2.0669, 0.217246, 0.04, -3.16263, 7.01599, 6.66186, 0.258625, -0.258623, 3.04729e-05, 0.00217465, 0.030566
34251, 1.4881, 1.23055, 0.217246, 0.05, -3.08549, 7.36661, 7.72776, 0.258625, -0.258623, 3.04747e-05, 0.00217465, 0.030566
34260, 3.07704, 2.45853, 0.217246, 0.06, -3.02589, 5.25235, 5.95009, 0.258625, -0.258623, 3.04729e-05, 0.00217465, 0.030566
34271, 5.209, 4.70706, 0.217246, 0.07, -2.99433, 2.80499, 3.15562, 0.258625, -0.258623, 3.04747e-05, 0.00217465, 0.030566
34281, 5.70319, 5.42712, 0.217246, 0.08, -2.96628, 2.80499, 2.80499, 0.258625, -0.258623, 3.04729e-05, 0.00217465, 0.030566
34291, 3.66538, 3.73746, 0.193679, 0.09, -2.9207, 5.25586, 4.90874, 0.24683, -0.24684, 3.04747e-05, -0.00962029, 0.030566
34300, 2.44679, 2.61301, 0.198188, 0.1, -2.85408, 7.01599, 6.65835, 0.249098, -0.249094, 3.04729e-05, 0.00419545, 0.030566
34311, 0.751443, 0.738836, 0.121441, 0.11, -2.78746, 6.64433, 6.64082, 0.210684, -0.210721, 3.04747e-05, -0.036428, 0.030566
34321, 3.33051, 3.21478, 0.198118, 0.12, -2.73487, 5.25936, 5.26988, 0.249098, -0.249059, 3.04729e-05, 0.0395921, 0.030566
34331, 4.71669, 4.84191, 0.193661, 0.13, -2.69981, 3.51325, 3.15912, 0.24683, -0.24683, 3.04747e-05, -0.000247568, 0.030566
34340, 4.46926, 4.38371, 0.193656, 0.14, -2.65773, 4.20749, 4.20749, 0.24683, -0.246828, 3.04729e-05, 0.00193636, 0.030566
34351, 2.69453, 2.40493, 0.180564, 0.15, -2.59111, 6.30072, 6.64433, 0.240277, -0.240282, 3.04747e-05, -0.00461425, 0.030566
34361, 1.73867, 1.69419, 0.180551, 0.16, -2.51748, 7.3596, 7.36311, 0.240277, -0.240276, 3.04729e-05, 0.00180103, 0.030566
34371, 2.60526, 2.53095, 0.180551, 0.17, -2.45788, 5.96762, 5.96412, 0.240277, -0.240276, 3.04747e-05, 0.00180732, 0.030566
34381, 3.39305, 3.55614, 0.180551, 0.18, -2.41229, 4.90173, 4.55811, 0.240277, -0.240276, 3.04729e-05, 0.00180732, 0.030566
34391, 3.74804, 3.68101, 0.180551, 0.19, -2.36671, 4.5511, 4.5511, 0.240277, -0.240276, 3.04747e-05, 0.00180732, 0.030566
34401, 2.90224, 2.86812, 0.164186, 0.2, -2.31412, 5.26287, 5.25936, 0.232086, -0.232093, 3.04729e-05, -0.00638361, 0.030566
34411, 1.86961, 1.86975, 0.16815, 0.21, -2.2475, 6.6268, 6.61978, 0.234079, -0.234075, 3.04747e-05, 0.00362787, 0.030566
34421, 2.18552, 1.87698, 0.168154, 0.22, -2.18439, 5.98165, 6.35331, 0.234079, -0.234077, 3.04729e-05, 0.00168513, 0.030566
34430, 2.18437, 2.38612, 0.148937, 0.23, -2.1353, 5.25586, 4.90173, 0.22446, -0.224468, 3.04747e-05, -0.00793523, 0.030566
34441, 1.05961, 1.33708, 0.0835216, 0.24, -2.09323, 4.55811, 4.20749, 0.19173, -0.191761, 3.04729e-05, -0.0312493, 0.030566
34451, 2.65597, 2.38309, 0.148854, 0.25, -2.05115, 4.211, 4.55461, 0.22446, -0.224427, 3.04747e-05, 0.0335348, 0.030566
34461, 2.69953, 2.64243, 0.148918, 0.26, -2.00557, 4.20749, 4.2145, 0.22446, -0.224459, 3.04729e-05, 0.001522, 0.030566
34470, 2.47297, 2.42872, 0.148918, 0.27, -1.95999, 4.54058, 4.54058, 0.22446, -0.224459, 3.04747e-05, 0.0014907, 0.030566
34481, 1.73339, 1.71485, 0.131288, 0.28, -1.9109, 4.92627, 4.92276, 0.215637, -0.215644, 3.04729e-05, -0.00733286, 0.030566
34491, 1.34813, 1.60724, 0.131271, 0.29, -1.86181, 5.25235, 4.90173, 0.215637, -0.215636, 3.04747e-05, 0.00130557, 0.030566
34501, 2.01732, 2.02715, 0.131271, 0.3, -1.81974, 4.20749, 4.20398, 0.215637, -0.215636, 3.04729e-05, 0.00131401, 0.030566
34511, 2.231, 1.95923, 0.118183, 0.31, -1.78117, 3.50624, 3.85687, 0.209086, -0.209092, 3.04747e-05, -0.00523655, 0.030566
34521, 2.31791, 2.26688, 0.121363, 0.32, -1.74611, 3.50624, 3.50975, 0.210684, -0.210682, 3.04729e-05, 0.00277463, 0.030566
34531, 2.26862, 1.95579, 0.118173, 0.33, -1.71105, 3.49923, 3.84284, 0.209086, -0.209087, 3.04747e-05, -0.000381634, 0.030566
34541, 1.50673, 1.98015, 0.121363, 0.34, -1.66897, 4.56162, 3.86388, 0.210684, -0.210682, 3.04729e-05, 0.00277938, 0.030566
34551, 1.67168, 1.95858, 0.121366, 0.35, -1.6304, 4.211, 3.86037, 0.210684, -0.210683, 3.04747e-05, 0.0012164, 0.030566
34561, 1.79353, 1.57684, 0.105897, 0.36, -1.59183, 3.50274, 3.85336, 0.202942, -0.202948, 3.04729e-05, -0.00652751, 0.030566
34571, 0.452699, 0.502577, 0.0521724, 0.37, -1.55677, 3.50274, 3.50274, 0.17606, -0.176086, 3.04747e-05, -0.0258291, 0.030566
34581, 1.7798, 1.50862, 0.105829, 0.38, -1.52171, 3.15562, 3.50624, 0.202942, -0.202915, 3.04729e-05, 0.0273775, 0.030566
34591, 2.0739, 2.29134, 0.105882, 0.39, -1.49717, 2.79798, 2.44736, 0.202942, -0.202941, 3.04747e-05, 0.00108562, 0.030566
34600, 2.11918, 2.38275, 0.105882, 0.4, -1.47262, 2.8085, 2.45788, 0.202942, -0.202941, 3.04729e-05, 0.0010599, 0.030566
34611, 1.61331, 1.66845, 0.105882, 0.41, -1.43756, 3.50624, 3.50624, 0.202942, -0.202941, 3.04747e-05, 0.00105987, 0.030566
34621, 1.29387, 1.08604, 0.105882, 0.42, -1.39548, 3.85687, 4.20749, 0.202942, -0.202941, 3.04729e-05, 0.00105987, 0.030566
34631, 1.49036, 1.49961, 0.0943438, 0.43, -1.36393, 3.15562, 3.15562, 0.197167, -0.197172, 3.04747e-05, -0.00471489, 0.030566
34640, 1.73178, 1.73227, 0.0943325, 0.44, -1.33588, 2.80499, 2.80499, 0.197167, -0.197166, 3.04729e-05, 0.000938728, 0.030566
34651, 1.80993, 2.07993, 0.0971514, 0.45, -1.31133, 2.80149, 2.45086, 0.198578, -0.198576, 3.04747e-05, 0.00235514, 0.030566
34661, 1.7603, 1.80656, 0.0943352, 0.46, -1.28328, 2.80149, 2.80149, 0.197167, -0.197168, 3.04729e-05, -0.000437021, 0.030566
34671, 1.7649, 1.26779, 0.0943325, 0.47, -1.25173, 2.80499, 3.50624, 0.197167, -0.197166, 3.04747e-05, 0.000942916, 0.030566
34681, 1.29523, 1.26476, 0.0861244, 0.48, -1.21667, 3.15211, 3.15211, 0.193059, -0.193062, 3.04729e-05, -0.00316389, 0.030566
34691, 1.1541, 1.67201, 0.0834602, 0.49, -1.19212, 3.15912, 2.45437, 0.19173, -0.19173, 3.04747e-05, -0.000471324, 0.030566
34701, 0.193803, 0.556876, 0.0354452, 0.5, -1.16758, 2.80149, 2.45086, 0.167699, -0.167723, 3.04729e-05, -0.0231961, 0.030566
34711, 1.41116, 1.2288, 0.0834106, 0.51, -1.13953, 2.45086, 2.80499, 0.19173, -0.191705, 3.04747e-05, 0.0243615, 0.030566
34721, 1.98053, 1.73709, 0.0834576, 0.52, -1.11849, 1.75312, 2.10374, 0.19173, -0.191729, 3.04729e-05, 0.000858426, 0.030566
34731, 1.80151, 1.52098, 0.0834576, 0.53, -1.09395, 2.10374, 2.45437, 0.19173, -0.191729, 3.04747e-05, 0.000835419, 0.030566
34741, 1.05051, 1.02106, 0.0732098, 0.54, -1.0659, 2.80149, 2.80149, 0.186601, -0.186605, 3.04729e-05, -0.00429362, 0.030566
34751, 0.751487, 1.00073, 0.0757068, 0.55, -1.03785, 3.15562, 2.80499, 0.187855, -0.187853, 3.04747e-05, 0.00198258, 0.030566
34761, 1.19986, 1.20842, 0.0757093, 0.56, -1.01681, 2.45437, 2.45086, 0.187855, -0.187855, 3.04729e-05, 0.00075905, 0.030566
34770, 1.67914, 1.6698, 0.0732022, 0.57, -0.995773, 1.75312, 1.75312, 0.186601, -0.186601, 3.04747e-05, -0.000496924, 0.030566
34781, 1.523, 1.52316, 0.0757068, 0.58, -0.974735, 2.10024, 2.09673, 0.187855, -0.187853, 3.04729e-05, 0.00198631, 0.030566
34791, 1.25011, 0.988322, 0.0635197, 0.59, -0.950192, 2.10374, 2.45086, 0.181755, -0.18176, 3.04747e-05, -0.0053418, 0.030566
34801, 0.943121, 0.913803, 0.0635078, 0.6, -0.925648, 2.45788, 2.45788, 0.181755, -0.181754, 3.04729e-05, 0.000629857, 0.030566
34810, 0.933616, 1.17415, 0.065878, 0.61, -0.90461, 2.45437, 2.10374, 0.182941, -0.182939, 3.04747e-05, 0.00182198, 0.030566
34821, 1.0968, 1.37622, 0.0635101, 0.62, -0.887079, 2.10374, 1.75312, 0.181755, -0.181755, 3.04729e-05, -0.000525683, 0.030566
34831, 0.309886, 0.387296, 0.0203306, 0.63, -0.869548, 1.74961, 1.74961, 0.160144, -0.160165, 3.04747e-05, -0.0209756, 0.030566
34841, 0.984276, 1.03326, 0.0658358, 0.64, -0.848511, 2.10024, 2.10374, 0.182941, -0.182918, 3.04729e-05, 0.0229788, 0.030566
34851, 1.5307, 1.02097, 0.0543475, 0.65, -0.830979, 1.05187, 1.75312, 0.177169, -0.177174, 3.04747e-05, -0.00509085, 0.030566
34861, 1.38217, 1.33125, 0.0565805, 0.66, -0.816954, 1.4025, 1.4025, 0.178292, -0.17829, 3.04729e-05, 0.00166163, 0.030566
34871, 0.529939, 1.0504, 0.0543385, 0.67, -0.799423, 2.45086, 1.74961, 0.177169, -0.177169, 3.04747e-05, -0.000555769, 0.030566
34881, 0.702386, 0.762428, 0.0543363, 0.68, -0.778386, 2.10374, 2.10374, 0.177169, -0.177168, 3.04729e-05, 0.000542834, 0.030566
34891, 0.980294, 1.02978, 0.0565805, 0.69, -0.760854, 1.74961, 1.74961, 0.178292, -0.17829, 3.04747e-05, 0.00166713, 0.030566
34900, 1.47955, 1.24156, 0.0543385, 0.7, -0.74683, 1.05187, 1.4025, 0.177169, -0.177169, 3.04729e-05, -0.000555754, 0.030566
34911, 1.334, 1.32886, 0.0565805, 0.71, -0.732805, 1.39899, 1.39899, 0.178292, -0.17829, 3.04747e-05, 0.00166607, 0.030566
34921, 1.09483, 1.09846, 0.0565827, 0.72, -0.715273, 1.74961, 1.74961, 0.178292, -0.178291, 3.04729e-05, 0.000567481, 0.030566
34931, 0.752546, 1.31019, 0.0543385, 0.73, -0.701248, 2.10374, 1.4025, 0.177169, -0.177169, 3.04747e-05, -0.000556841, 0.030566
34940, 1.03041, 1.12576, 0.0565805, 0.74, -0.683717, 1.74961, 1.74961, 0.178292, -0.17829, 3.04729e-05, 0.00166607, 0.030566
34951, 1.09305, 0.914569, 0.047783, 0.75, -0.666186, 1.39899, 1.74961, 0.173888, -0.173892, 3.04747e-05, -0.00383675, 0.030566
34961, 1.09645, 1.14664, 0.0477744, 0.76, -0.652161, 1.4025, 1.39899, 0.173888, -0.173887, 3.04729e-05, 0.000474006, 0.030566
34971, 0.82186, 1.1503, 0.0477744, 0.77, -0.638136, 1.75312, 1.4025, 0.173888, -0.173887, 3.04747e-05, 0.000478223, 0.030566
34980, 0.730323, 0.834503, 0.0456464, 0.78, -0.620605, 1.75312, 1.75312, 0.172823, -0.172823, 3.04729e-05, -0.000586852, 0.030566
34991, 1.01678, 0.838766, 0.0477723, 0.79, -0.603074, 1.39899, 1.74961, 0.173888, -0.173886, 3.04747e-05, 0.00152096, 0.030566
35001, 0.971609, 1.02107, 0.0456464, 0.8, -0.589049, 1.39899, 1.39899, 0.172823, -0.172823, 3.04729e-05, -0.000585839, 0.030566
35011, 0.966691, 1.01625, 0.0456443, 0.81, -0.575024, 1.4025, 1.4025, 0.172823, -0.172822, 3.04747e-05, 0.000455886, 0.030566
35021, 1.01575, 1.06641, 0.0477723, 0.82, -0.560999, 1.4025, 1.39899, 0.173888, -0.173886, 3.04729e-05, 0.00152197, 0.030566
35031, 0.489837, 0.826591, 0.0374054, 0.83, -0.546974, 1.75312, 1.4025, 0.168698, -0.168703, 3.04747e-05, -0.00471047, 0.030566
35041, 0.740834, 0.841339, 0.0394159, 0.84, -0.532949, 1.39899, 1.39899, 0.169709, -0.169708, 3.04729e-05, 0.00138067, 0.030566
35051, 0.991818, 0.811911, 0.0394178, 0.85, -0.518924, 1.05187, 1.4025, 0.169709, -0.169709, 3.04747e-05, 0.000395536, 0.030566
35061, 0.961485, 1.00898, 0.0373972, 0.86, -0.508405, 1.05187, 1.05187, 0.168698, -0.168699, 3.04729e-05, -0.000616759, 0.030566
35070, 1.07349, 1.11782, 0.0414625, 0.87, -0.497886, 1.04837, 1.04837, 0.170734, -0.170731, 3.04747e-05, 0.00240906, 0.030566
35081, 0.76788, 0.825326, 0.0394198, 0.88, -0.483861, 1.4025, 1.39899, 0.169709, -0.16971, 3.04729e-05, -0.000607342, 0.030566
35091, 0.462936, 0.79582, 0.0394178, 0.89, -0.469836, 1.74961, 1.4025, 0.169709, -0.169709, 3.04747e-05, 0.000393584, 0.030566
35101, 0.948519, 1.04034, 0.0394178, 0.9, -0.459318, 1.05187, 1.05187, 0.169709, -0.169709, 3.04729e-05, 0.000394568, 0.030566
35110, 0.967172, 1.059, 0.0394178, 0.91, -0.448799, 1.05187, 1.05187, 0.169709, -0.169709, 3.04747e-05, 0.000394568, 0.030566
35121, 0.98863, 0.808635, 0.0394178, 0.92, -0.434774, 1.04837, 1.39899, 0.169709, -0.169709, 3.04729e-05, 0.000394568, 0.030566
35131, 0.534975, 0.867359, 0.0314868, 0.93, -0.424255, 1.39899, 1.04837, 0.16574, -0.165743, 3.04747e-05, -0.00357489, 0.030566
35141, 0.707722, 0.807018, 0.0295579, 0.94, -0.413737, 1.05187, 1.05187, 0.164778, -0.164779, 3.04729e-05, -0.000650242, 0.030566
35150, 0.733822, 0.831664, 0.0314772, 0.95, -0.403218, 1.05187, 1.05187, 0.16574, -0.165739, 3.04747e-05, 0.00125647, 0.030566
35161, 0.677278, 0.504752, 0.0295579, 0.96, -0.389193, 1.04837, 1.39899, 0.164778, -0.164779, 3.04729e-05, -0.000645518, 0.030566
35171, 0.701032, 1.02475, 0.0314772, 0.97, -0.38218, 1.05187, 0.701248, 0.16574, -0.165739, 3.04747e-05, 0.00125648, 0.030566
35181, 0.968756, 0.786097, 0.0314791, 0.98, -0.371662, 0.701248, 1.05187, 0.16574, -0.16574, 3.04729e-05, 0.000316024, 0.030566
35191, 0.674731, 0.728165, 0.0295579, 0.99, -0.361143, 1.05187, 1.05187, 0.164778, -0.164779, 3.04747e-05, -0.000646442, 0.030566
35201, 0.470296, 0.801215, 0.0334225, 1, -0.350624, 1.39899, 1.04837, 0.166713, -0.166711, 3.04729e-05, 0.00223012, 0.030566
35211, 0.978068, 1.06567, 0.0334263, 1.01, -0.343612, 0.701248, 0.701248, 0.166713, -0.166713, 3.04747e-05, 0.000336438, 0.030566
35221, 0.925101, 0.743896, 0.0295598, 1.02, -0.333093, 0.701248, 1.05187, 0.164778, -0.16478, 3.04729e-05, -0.00160058, 0.030566
35231, 0.763685, 0.814191, 0.0334225, 1.03, -0.322574, 1.05187, 1.05187, 0.166713, -0.166711, 3.04747e-05, 0.00222918, 0.030566
35240, 0.531424, 0.860763, 0.0239369, 1.04, -0.315562, 1.04837, 0.697742, 0.161964, -0.161968, 3.04729e-05, -0.00441302, 0.030566
35251, 0.769449, 0.589706, 0.0239276, 1.05, -0.305043, 0.697742, 1.05187, 0.161964, -0.161964, 3.04747e-05, 0.000234962, 0.030566
35261, 0.48972, 0.546961, 0.0239276, 1.06, -0.294524, 1.05187, 1.05187, 0.161964, -0.161964, 3.04729e-05, 0.000239521, 0.030566
35271, 0.402639, 0.732999, 0.0220987, 1.07, -0.287512, 1.05187, 0.701248, 0.161049, -0.161049, 3.04747e-05, -0.000675827, 0.030566
35280, 0.677437, 0.771776, 0.0239258, 1.08, -0.280499, 0.701248, 0.701248, 0.161964, -0.161963, 3.04729e-05, 0.00113566, 0.030566
35291, 0.916753, 0.731977, 0.0220987, 1.09, -0.273487, 0.350624, 0.701248, 0.161049, -0.161049, 3.04747e-05, -0.000674963, 0.030566
35301, 0.444582, 0.501737, 0.0239258, 1.1, -0.262968, 1.04837, 1.04837, 0.161964, -0.161963, 3.04729e-05, 0.00113566, 0.030566
35311, 0.680027, 0.456769, 0.0239276, 1.11, -0.252449, 0.701248, 1.05187, 0.161964, -0.161964, 3.04747e-05, 0.000240386, 0.030566
35321, 0.358308, 0.914541, 0.0220987, 1.12, -0.248943, 1.05187, 0.350624, 0.161049, -0.161049, 3.04729e-05, -0.000675827, 0.030566
35331, 0.680792, 0.773641, 0.0257771, 1.13, -0.241931, 0.697742, 0.697742, 0.162891, -0.162889, 3.04747e-05, 0.00206225, 0.030566
35341, 0.129436, -0.0318783, -0.00887111, 1.14, -0.234918, 0.350624, 0.701248, 0.145547, -0.145564, 3.04729e-05, -0.0170834, 0.030566
35351, 0.517919, 0.567805, 0.0220666, 1.15, -0.227906, 0.701248, 0.701248, 0.161049, -0.161033, 3.04747e-05, 0.0153955, 0.030566
35361, 0.842034, 0.609924, 0.0239258, 1.16, -0.220893, 0.347118, 0.697742, 0.161964, -0.161963, 3.04729e-05, 0.00115138, 0.030566
35371, 0.434025, 0.713816, 0.0167427, 1.17, -0.217387, 0.701248, 0.350624, 0.158368, -0.158371, 3.04747e-05, -0.00335562, 0.030566
35381, 0.411298, 0.736869, 0.0167357, 1.18, -0.213881, 0.697742, 0.347118, 0.158368, -0.158368, 3.04729e-05, 0.000164077, 0.030566
35391, 0.383563, 0.486066, 0.0167357, 1.19, -0.206868, 0.701248, 0.697742, 0.158368, -0.158368, 3.04747e-05, 0.000167519, 0.030566
35401, 0.638673, 0.458418, 0.0167357, 1.2, -0.199856, 0.350624, 0.701248, 0.158368, -0.158368, 3.04729e-05, 0.000167519, 0.030566
35410, 0.66195, 0.70748, 0.0167357, 1.21, -0.19635, 0.347118, 0.347118, 0.158368, -0.158368, 3.04747e-05, 0.000167519, 0.030566
35421, 0.680077, 0.725694, 0.0167357, 1.22, -0.192843, 0.350624, 0.350624, 0.158368, -0.158368, 3.04729e-05, 0.000167519, 0.030566
35431, 0.377793, 0.436214, 0.0149926, 1.23, -0.189337, 0.701248, 0.697742, 0.157496, -0.157496, 3.04747e-05, -0.000704885, 0.030566
35441, 0.38771, 0.714287, 0.016734, 1.24, -0.182325, 0.701248, 0.350624, 0.158368, -0.158367, 3.04729e-05, 0.00102162, 0.030566
35450, 0.600599, 0.42484, 0.0149926, 1.25, -0.175312, 0.350624, 0.697742, 0.157496, -0.157496, 3.04747e-05, -0.00070405, 0.030566
35461, 0.378683, 0.702913, 0.016734, 1.26, -0.171806, 0.697742, 0.350624, 0.158368, -0.158367, 3.04729e-05, 0.00102162, 0.030566
35471, 0.720327, 0.537754, 0.0202848, 1.27, -0.164793, 0.347118, 0.697742, 0.160144, -0.160142, 3.04747e-05, 0.00194471, 0.030566
35481, 0.666564, 0.712637, 0.0167391, 1.28, -0.161287, 0.350624, 0.350624, 0.158368, -0.15837, 3.04729e-05, -0.00157157, 0.030566
35491, 0.406467, 0.733042, 0.0167357, 1.29, -0.157781, 0.701248, 0.350624, 0.158368, -0.158368, 3.04747e-05, 0.00016582, 0.030566
35501, 0.338821, 0.440845, 0.0149926, 1.3, -0.150768, 0.701248, 0.701248, 0.157496, -0.157496, 3.04729e-05, -0.000704885, 0.030566
35511, 0.632043, 0.45216, 0.016734, 1.31, -0.143756, 0.347118, 0.697742, 0.158368, -0.158367, 3.04747e-05, 0.00102162, 0.030566
35521, 0.650203, 0.696279, 0.0167357, 1.32, -0.14025, 0.350624, 0.350624, 0.158368, -0.158368, 3.04729e-05, 0.000168353, 0.030566
35531, 0.670676, 0.716751, 0.0167357, 1.33, -0.136743, 0.350624, 0.350624, 0.158368, -0.158368, 3.04747e-05, 0.000167519, 0.030566
35540, 0.413454, 0.468207, 0.0167357, 1.34, -0.129731, 0.697742, 0.697742, 0.158368, -0.158368, 3.04729e-05, 0.000167519, 0.030566
35551, 0.385718, 0.44056, 0.0167357, 1.35, -0.122718, 0.701248, 0.701248, 0.158368, -0.158368, 3.04747e-05, 0.000167519, 0.030566
35561, 0.474751, 0.528734, 0.00988498, 1.36, -0.119212, 0.350624, 0.347118, 0.154939, -0.154942, 3.04729e-05, -0.00326124, 0.030566
35571, 0.467908, 0.519637, 0.00987831, 1.37, -0.115706, 0.350624, 0.350624, 0.154939, -0.154939, 3.04747e-05, 9.56059e-05, 0.030566
35580, 0.4612, 0.512929, 0.00987828, 1.38, -0.1122, 0.350624, 0.350624, 0.154939, -0.154939, 3.04729e-05, 9.88692e-05, 0.030566
35591, 0.454492, 0.234488, 0.00987828, 1.39, -0.108693, 0.350624, 0.701248, 0.154939, -0.154939, 3.04747e-05, 9.88841e-05, 0.030566
35601, 0.252152, 0.535866, 0.0132633, 1.4, -0.101681, 0.697742, 0.347118, 0.156633, -0.156632, 3.04729e-05, 0.00179309, 0.030566
35611, 0.409171, 0.460898, 0.00988159, 1.41, -0.0981748, 0.350624, 0.350624, 0.154939, -0.154941, 3.04747e-05, -0.00155978, 0.030566
35620, 0.402396, 0.456843, 0.00987828, 1.42, -0.0981748, 0.350624, 0.347118, 0.154939, -0.154939, 3.04729e-05, 9.72599e-05, 0.030566
35631, 0.676188, 0.71961, 0.00987828, 1.43, -0.0946685, 0, 0, 0.154939, -0.154939, 3.04747e-05, 9.88841e-05, 0.030566
35641, 0.437647, 0.489747, 0.00987828, 1.44, -0.0911623, 0.347118, 0.347118, 0.154939, -0.154939, 3.04729e-05, 9.88841e-05, 0.030566
35651, 0.428593, 0.480781, 0.00987828, 1.45, -0.087656, 0.350624, 0.350624, 0.154939, -0.154939, 3.04747e-05, 9.88841e-05, 0.030566
35661, 0.42469, 0.474073, 0.00987828, 1.46, -0.0841498, 0.347118, 0.350624, 0.154939, -0.154939, 3.04729e-05, 9.88841e-05, 0.030566
35671, 0.415636, 0.467365, 0.00987828, 1.47, -0.0806436, 0.350624, 0.350624, 0.154939, -0.154939, 3.04747e-05, 9.88841e-05, 0.030566
35681, 0.411734, 0.463375, 0.00987828, 1.48, -0.0771373, 0.347118, 0.347118, 0.154939, -0.154939, 3.04729e-05, 9.88841e-05, 0.030566
35691, 0.40268, 0.454409, 0.00987828, 1.49, -0.0736311, 0.350624, 0.350624, 0.154939, -0.154939, 3.04747e-05, 9.88841e-05, 0.030566
35701, 0.398777, 0.447701, 0.00987828, 1.5, -0.0701248, 0.347118, 0.350624, 0.154939, -0.154939, 3.04729e-05, 9.88841e-05, 0.030566
35710, 0.389723, 0.440993, 0.00987828, 1.51, -0.0666186, 0.350624, 0.350624, 0.154939, -0.154939, 3.04747e-05, 9.88841e-05, 0.030566
35721, 0.623195, 0.66696, 0.0082151, 1.52, -0.0666186, 0, 0, 0.154107, -0.154108, 3.04729e-05, -0.000733539, 0.030566
35731, 0.542163, 0.589478, 0.0149843, 1.53, -0.0631124, 0.347118, 0.347118, 0.157496, -0.157492, 3.04747e-05, 0.0034702, 0.030566
35741, 0.389368, 0.441894, 0.00822011, 1.54, -0.0596061, 0.350624, 0.350624, 0.154107, -0.15411, 3.04729e-05, -0.00323547, 0.030566
35750, 0.416247, 0.467518, 0.00987667, 1.55, -0.0560999, 0.350624, 0.350624, 0.154939, -0.154938, 3.04747e-05, 0.000911385, 0.030566
35761, 0.412377, 0.463559, 0.00987828, 1.56, -0.0525936, 0.347118, 0.347118, 0.154939, -0.154939, 3.04729e-05, 9.96739e-05, 0.030566
35771, 0.683822, 0.726327, 0.00987828, 1.57, -0.0525936, 0, 0, 0.154939, -0.154939, 3.04747e-05, 9.88841e-05, 0.030566
35781, 0.442476, 0.496464, 0.00987828, 1.58, -0.0490874, 0.350624, 0.347118, 0.154939, -0.154939, 3.04729e-05, 9.88841e-05, 0.030566
35791, 0.438574, 0.490215, 0.00987828, 1.59, -0.0455811, 0.347118, 0.347118, 0.154939, -0.154939, 3.04747e-05, 9.88841e-05, 0.030566
35801, 0.42952, 0.481249, 0.00987828, 1.6, -0.0420749, 0.350624, 0.350624, 0.154939, -0.154939, 3.04729e-05, 9.88841e-05, 0.030566
35811, 0.425617, 0.477258, 0.00987828, 1.61, -0.0385687, 0.347118, 0.347118, 0.154939, -0.154939, 3.04747e-05, 9.88841e-05, 0.030566
35821, 0.376243, 0.429232, 0.0082151, 1.62, -0.0350624, 0.350624, 0.350624, 0.154107, -0.154108, 3.04729e-05, -0.000733539, 0.030566
35830, 0.683723, 0.726688, 0.00987667, 1.63, -0.0350624, 0, 0, 0.154939, -0.154938, 3.04747e-05, 0.000913844, 0.030566
35841, 0.44241, 0.496857, 0.00987828, 1.64, -0.0315562, 0.350624, 0.347118, 0.154939, -0.154939, 3.04729e-05, 9.96739e-05, 0.030566
35851, 0.158008, 0.218874, 0.00987828, 1.65, -0.0245437, 0.697742, 0.697742, 0.154939, -0.154939, 3.04747e-05, 9.88841e-05, 0.030566
35861, -0.0948733, -0.0277335, -0.021429, 1.66, -0.0245437, 0, 0, 0.13927, -0.139286, 3.04729e-05, -0.0155704, 0.030566
35871, 0.257593, 0.313782, 0.00818449, 1.67, -0.0210375, 0.350624, 0.347118, 0.154107, -0.154092, 3.04747e-05, 0.014607, 0.030566
35880, 0.565693, 0.609575, 0.00987664, 1.68, -0.0210375, 0, 0, 0.154939, -0.154938, 3.04729e-05, 0.000928849, 0.030566
35891, 0.446352, 0.495187, 0.00333899, 1.69, -0.0210375, 0, 0, 0.151666, -0.15167, 3.04747e-05, -0.00317323, 0.030566
35901, 0.178932, 0.239255, 0.00333259, 1.7, -0.0175312, 0.350624, 0.347118, 0.151666, -0.151666, 3.04729e-05, 3.02196e-05, 0.030566
35911, 0.426779, 0.204344, 0.00333259, 1.71, -0.014025, 0, 0.350624, 0.151666, -0.151666, 3.04747e-05, 3.33488e-05, 0.030566
35920, 0.439988, 0.443425, 0.00333259, 1.72, -0.014025, 0, 0, 0.151666, -0.151666, 3.04729e-05, 3.33488e-05, 0.030566
35931, 0.172698, 0.456634, 0.00333259, 1.73, -0.014025, 0.350624, 0, 0.151666, -0.151666, 3.04747e-05, 3.33488e-05, 0.030566
35941, 0.420545, 0.469843, 0.00333259, 1.74, -0.014025, 0, 0, 0.151666, -0.151666, 3.04729e-05, 3.33488e-05, 0.030566
35951, 0.592283, 0.636627, 0.0098719, 1.75, -0.014025, 0, 0, 0.154939, -0.154936, 3.04747e-05, 0.00330627, 0.030566
35960, 0.631566, 0.406889, 0.00987828, 1.76, -0.0105187, 0, 0.347118, 0.154939, -0.154939, 3.04729e-05, 0.000102013, 0.030566
35971, 0.231692, 0.516082, 0.00333899, 1.77, -0.0105187, 0.350624, 0, 0.151666, -0.15167, 3.04747e-05, -0.00317404, 0.030566
35981, 0.201715, 0.529166, 0.00333259, 1.78, -0.0105187, 0.347118, 0, 0.151666, -0.151666, 3.04729e-05, 3.02196e-05, 0.030566
35991, -0.248368, -0.403204, -0.0253602, 1.79, -0.00701248, 0, 0.350624, 0.137306, -0.13732, 3.04747e-05, -0.0143274, 0.030566
36000, 0.346016, 0.395336, 0.00330451, 1.8, -0.00701248, 0, 0, 0.151666, -0.151652, 3.04729e-05, 0.0140928, 0.030566
36011, 0.359794, 0.409092, 0.00333256, 1.81, -0.00701248, 0, 0, 0.151666, -0.151666, 3.04747e-05, 4.71175e-05, 0.030566
36021, 0.373004, 0.422302, 0.00333259, 1.82, -0.00701248, 0, 0, 0.151666, -0.151666, 3.04729e-05, 3.33637e-05, 0.030566
36031, 0.386213, 0.163778, 0.00333259, 1.83, -0.00350624, 0, 0.350624, 0.151666, -0.151666, 3.04747e-05, 3.33488e-05, 0.030566
36041, 0.118923, 0.402859, 0.00333259, 1.84, -0.00350624, 0.350624, 0, 0.151666, -0.151666, 3.04729e-05, 3.33488e-05, 0.030566
36050, 0.366769, 0.416068, 0.00333259, 1.85, -0.00350624, 0, 0, 0.151666, -0.151666, 3.04747e-05, 3.33488e-05, 0.030566
36061, 0.379979, 0.429277, 0.00333259, 1.86, -0.00350624, 0, 0, 0.151666, -0.151666, 3.04729e-05, 3.33488e-05, 0.030566
36071, 0.393188, 0.442486, 0.00333259, 1.87, -0.00350624, 0, 0, 0.151666, -0.151666, 3.04747e-05, 3.33488e-05, 0.030566
36081, 0.367884, 0.146653, 0.00174394, 1.88, 0, 0, 0.350624, 0.150871, -0.150872, 3.04729e-05, -0.000761762, 0.030566
36090, 0.132772, 0.41671, 0.00333104, 1.89, 0, 0.350624, 0, 0.151666, -0.151666, 3.04747e-05, 0.000811785, 0.030566
36101, 0.419603, 0.467685, 0.00493938, 1.9, 0, 0, 0, 0.152471, -0.15247, 3.04729e-05, 0.00083831, 0.030566
36111, 0.400266, 0.449564, 0.00333413, 1.91, 0, 0, 0, 0.151666, -0.151667, 3.04747e-05, -0.000753969, 0.030566
36121, -0.313211, -0.241205, -0.0266419, 1.92, 0, 0, 0, 0.136664, -0.136679, 3.04729e-05, -0.0149696, 0.030566
36130, -0.419521, -0.616509, -0.0266713, 1.93, 0.00350624, 0, 0.347118, 0.136664, -0.136664, 3.04747e-05, -0.000281364, 0.030566
36141, 0.201418, 0.205336, 0.00330323, 1.94, 0.00350624, 0, 0, 0.151666, -0.151652, 3.04729e-05, 0.0147352, 0.030566
36151, 0.215222, 0.490851, 0.00333256, 1.95, 0, 0, -0.350624, 0.151666, -0.151666, 3.04747e-05, 4.77433e-05, 0.030566
36161, 0.228431, 0.549923, 0.00333259, 1.96, -0.00350624, 0, -0.350624, 0.151666, -0.151666, 3.04729e-05, 3.33637e-05, 0.030566
36171, 0.519335, 0.33726, 0.00333259, 1.97, -0.00350624, -0.347118, 0, 0.151666, -0.151666, 3.04747e-05, 3.33488e-05, 0.030566
36180, 0.300253, 0.0787351, 0.00333259, 1.98, 0, 0, 0.350624, 0.151666, -0.151666, 3.04729e-05, 3.33488e-05, 0.030566
36191, 0.0329625, 0.317816, 0.00333259, 1.99, 0, 0.350624, 0, 0.151666, -0.151666, 3.04747e-05, 3.33488e-05, 0.030566
36201, 0.280809, 0.331025, 0.00333259, 2, 0, 0, 0, 0.151666, -0.151666, 3.04729e-05, 3.33488e-05, 0.030566
36211, 0.294019, 0.344235, 0.00333259, 2.01, 0, 0, 0, 0.151666, -0.151666, 3.04747e-05, 3.33488e-05, 0.030566
36220, 0.268715, 0.320135, 0.00174394, 2.02, 0, 0, 0, 0.150871, -0.150872, 3.04729e-05, -0.000761762, 0.030566
36231, 0.353055, 0.402055, 0.00493783, 2.03, 0, 0, 0, 0.152471, -0.152469, 3.04747e-05, 0.00161599, 0.030566
36241, 0.333749, 0.383964, 0.00333413, 2.04, 0, 0, 0, 0.151666, -0.151667, 3.04729e-05, -0.000753209, 0.030566
36251, 0.346927, 0.397143, 0.00333259, 2.05, 0, 0, 0, 0.151666, -0.151666, 3.04747e-05, 3.25888e-05, 0.030566
36260, 0.360136, 0.410352, 0.00333259, 2.06, 0, 0, 0, 0.151666, -0.151666, 3.04729e-05, 3.33488e-05, 0.030566
36271, 0.373345, 0.154545, 0.00333259, 2.07, 0.00350624, 0, 0.347118, 0.151666, -0.151666, 3.04747e-05, 3.33488e-05, 0.030566
36281, 0.10886, 0.391368, 0.00333259, 2.08, 0.00350624, 0.347118, 0, 0.151666, -0.151666, 3.04729e-05, 3.33488e-05, 0.030566
36291, 0.315848, 0.367268, 0.00174394, 2.09, 0.00350624, 0, 0, 0.150871, -0.150872, 3.04747e-05, -0.000761762, 0.030566
36300, 0.361236, 0.411453, 0.00333104, 2.1, 0.00350624, 0, 0, 0.151666, -0.151666, 3.04729e-05, 0.000811785, 0.030566
36311, 0.374476, 0.424692, 0.00333259, 2.11, 0.00350624, 0, 0, 0.151666, -0.151666, 3.04747e-05, 3.41088e-05, 0.030566
36321, 0.387685, 0.437901, 0.00333259, 2.12, 0.00350624, 0, 0, 0.151666, -0.151666, 3.04729e-05, 3.33488e-05, 0.030566
36331, 0.400894, 0.45111, 0.00333259, 2.13, 0.00350624, 0, 0, 0.151666, -0.151666, 3.04747e-05, 3.33488e-05, 0.030566
36341, 0.414104, 0.46432, 0.00333259, 2.14, 0.00350624, 0, 0, 0.151666, -0.151666, 3.04729e-05, 3.33488e-05, 0.030566
36350, 0.427313, 0.477529, 0.00333259, 2.15, 0.00350624, 0, 0, 0.151666, -0.151666, 3.04747e-05, 3.33488e-05, 0.030566
36361, 0.479474, 0.259457, 0.00493938, 2.16, 0.00701248, 0, 0.347118, 0.152471, -0.15247, 3.04729e-05, 0.00083755, 0.030566
36371, 0.179638, 0.464949, 0.00333413, 2.17, 0.00701248, 0.350624, 0, 0.151666, -0.151667, 3.04747e-05, -0.000753969, 0.030566
36381, 0.427453, 0.478128, 0.00333259, 2.18, 0.00701248, 0, 0, 0.151666, -0.151666, 3.04729e-05, 3.25888e-05, 0.030566
36390, 0.440663, 0.491337, 0.00333259, 2.19, 0.00701248, 0, 0, 0.151666, -0.151666, 3.04747e-05, 3.33488e-05, 0.030566
36401, 0.453872, 0.232813, 0.00333259, 2.2, 0.0105187, 0, 0.350624, 0.151666, -0.151666, 3.04729e-05, 3.33488e-05, 0.030566
36411, 0.189387, 0.471894, 0.00333259, 2.21, 0.0105187, 0.347118, 0, 0.151666, -0.151666, 3.04747e-05, 3.33488e-05, 0.030566
36421, 0.154388, 0.485103, 0.00333259, 2.22, 0.0105187, 0.350624, 0, 0.151666, -0.151666, 3.04729e-05, 3.33488e-05, 0.030566
36430, 0.402235, 0.226579, 0.00333259, 2.23, 0.014025, 0, 0.350624, 0.151666, -0.151666, 3.04747e-05, 3.33488e-05, 0.030566
36441, 0.415444, 0.46566, 0.00333259, 2.24, 0.014025, 0, 0, 0.151666, -0.151666, 3.04729e-05, 3.33488e-05, 0.030566
36451, 0.428653, 0.478869, 0.00333259, 2.25, 0.014025, 0, 0, 0.151666, -0.151666, 3.04747e-05, 3.33488e-05, 0.030566
36461, 0.441862, 0.220344, 0.00333259, 2.26, 0.0175312, 0, 0.350624, 0.151666, -0.151666, 3.04729e-05, 3.33488e-05, 0.030566
36471, 0.174572, 0.459426, 0.00333259, 2.27, 0.0175312, 0.350624, 0, 0.151666, -0.151666, 3.04747e-05, 3.33488e-05, 0.030566
36481, 0.422419, 0.472635, 0.00333259, 2.28, 0.0175312, 0, 0, 0.151666, -0.151666, 3.04729e-05, 3.33488e-05, 0.030566
36491, 0.47458, 0.523579, 0.00493938, 2.29, 0.0175312, 0, 0, 0.152471, -0.15247, 3.04747e-05, 0.00083755, 0.030566
36501, -0.24034, -0.168388, -0.0253587, 2.3, 0.0175312, 0, 0, 0.137306, -0.137321, 3.04729e-05, -0.0151147, 0.030566
36511, 0.354013, 0.135234, 0.00330451, 2.31, 0.0210375, 0, 0.347118, 0.151666, -0.151652, 3.04747e-05, 0.0140921, 0.030566
36520, -0.639364, -0.331343, -0.026642, 2.32, 0.0210375, 0.350624, 0, 0.136664, -0.136679, 3.04729e-05, -0.0149551, 0.030566
36531, 0.215619, 0.266317, 0.00330326, 2.33, 0.0210375, 0, 0, 0.151666, -0.151652, 3.04747e-05, 0.0147209, 0.030566
36541, 0.509922, 0.280097, 0.00333256, 2.34, 0.0210375, -0.350624, 0, 0.151666, -0.151666, 3.04729e-05, 4.77284e-05, 0.030566
36551, 0.566188, 0.562324, 0.00333259, 2.35, 0.0175312, -0.347118, -0.347118, 0.151666, -0.151666, 3.04747e-05, 3.33637e-05, 0.030566
36560, 0.0666068, 0.0801856, 0.00333259, 2.36, 0.0210375, 0.350624, 0.350624, 0.151666, -0.151666, 3.04729e-05, 3.33488e-05, 0.030566
36571, 0.0339543, 0.319267, 0.00333259, 2.37, 0.0210375, 0.350624, 0, 0.151666, -0.151666, 3.04747e-05, 3.33488e-05, 0.030566
36581, 0.281801, 0.60421, 0.00333259, 2.38, 0.0175312, 0, -0.350624, 0.151666, -0.151666, 3.04729e-05, 3.33488e-05, 0.030566
36591, 0.572705, 0.391547, 0.00333259, 2.39, 0.0175312, -0.347118, 0, 0.151666, -0.151666, 3.04747e-05, 3.33488e-05, 0.030566
36600, 0.353622, 0.133022, 0.00333259, 2.4, 0.0210375, 0, 0.350624, 0.151666, -0.151666, 3.04729e-05, 3.33488e-05, 0.030566
36611, 0.0863323, 0.372104, 0.00333259, 2.41, 0.0210375, 0.350624, 0, 0.151666, -0.151666, 3.04747e-05, 3.33488e-05, 0.030566
36621, 0.373132, 0.423048, 0.00493938, 2.42, 0.0210375, 0, 0, 0.152471, -0.15247, 3.04729e-05, 0.00083755, 0.030566
36631, -0.341789, -0.268919, -0.0253587, 2.43, 0.0210375, 0, 0, 0.137306, -0.137321, 3.04747e-05, -0.0151147, 0.030566
36641, 0.214052, -0.00532335, 0.0017159, 2.44, 0.0245437, 0, 0.350624, 0.150871, -0.150858, 3.04729e-05, 0.013297, 0.030566
36651, 0.29896, 0.303016, 0.0049378, 2.45, 0.0245437, 0, 0, 0.152471, -0.152469, 3.04747e-05, 0.00162974, 0.030566
36661, 0.279655, 0.284926, 0.00333413, 2.46, 0.0245437, 0, 0, 0.151666, -0.151667, 3.04729e-05, -0.000753194, 0.030566
36671, 0.292833, 0.298104, 0.00333259, 2.47, 0.0245437, 0, 0, 0.151666, -0.151666, 3.04747e-05, 3.25888e-05, 0.030566
36681, 0.306042, 0.311314, 0.00333259, 2.48, 0.0245437, 0, 0, 0.151666, -0.151666, 3.04729e-05, 3.33488e-05, 0.030566
36690, 0.319251, 0.324523, 0.00333259, 2.49, 0.0245437, 0, 0, 0.151666, -0.151666, 3.04747e-05, 3.33488e-05, 0.030566
36701, 0.33246, 0.606748, 0.00333259, 2.5, 0.0210375, 0, -0.347118, 0.151666, -0.151666, 3.04729e-05, 3.33488e-05, 0.030566
36711, 0.345669, 0.396344, 0.00333259, 2.51, 0.0210375, 0, 0, 0.151666, -0.151666, 3.04747e-05, 3.33488e-05, 0.030566
36721, 0.358878, 0.13782, 0.00333259, 2.52, 0.0245437, 0, 0.350624, 0.151666, -0.151666, 3.04729e-05, 3.33488e-05, 0.030566
36730, 0.372088, 0.376901, 0.00333259, 2.53, 0.0245437, 0, 0, 0.151666, -0.151666, 3.04747e-05, 3.33488e-05, 0.030566
36741, 0.104797, 0.39011, 0.00333259, 2.54, 0.0245437, 0.350624, 0, 0.151666, -0.151666, 3.04729e-05, 3.33488e-05, 0.030566
36751, 0.352644, 0.403319, 0.00333259, 2.55, 0.0245437, 0, 0, 0.151666, -0.151666, 3.04747e-05, 3.33488e-05, 0.030566
36761, -0.32973, -0.257318, -0.0253602, 2.56, 0.0245437, 0, 0, 0.137306, -0.13732, 3.04729e-05, -0.0143274, 0.030566
36770, 0.264654, 0.0463339, 0.00330451, 2.57, 0.0280499, 0, 0.347118, 0.151666, -0.151652, 3.04747e-05, 0.0140928, 0.030566
36781, 0.278432, 0.555438, 0.00333256, 2.58, 0.0245437, 0, -0.350624, 0.151666, -0.151666, 3.04729e-05, 4.71175e-05, 0.030566
36791, 0.291642, 0.342775, 0.00333259, 2.59, 0.0245437, 0, 0, 0.151666, -0.151666, 3.04747e-05, 3.33637e-05, 0.030566
36801, 0.304851, 0.355984, 0.00333259, 2.6, 0.0245437, 0, 0, 0.151666, -0.151666, 3.04729e-05, 3.33488e-05, 0.030566
36811, 0.31806, 0.369193, 0.00333259, 2.61, 0.0245437, 0, 0, 0.151666, -0.151666, 3.04747e-05, 3.33488e-05, 0.030566
36820, 0.292757, 0.345094, 0.00174394, 2.62, 0.0245437, 0, 0, 0.150871, -0.150872, 3.04729e-05, -0.000761762, 0.030566
36831, 0.338144, 0.389279, 0.00333104, 2.63, 0.0245437, 0, 0, 0.151666, -0.151666, 3.04747e-05, 0.000811785, 0.030566
36841, 0.351384, 0.402518, 0.00333259, 2.64, 0.0245437, 0, 0, 0.151666, -0.151666, 3.04729e-05, 3.41088e-05, 0.030566
36851, 0.364594, 0.143993, 0.00333259, 2.65, 0.0280499, 0, 0.350624, 0.151666, -0.151666, 3.04747e-05, 3.33488e-05, 0.030566
36860, 0.0973034, 0.383075, 0.00333259, 2.66, 0.0280499, 0.350624, 0, 0.151666, -0.151666, 3.04729e-05, 3.33488e-05, 0.030566
36871, 0.34515, 0.396284, 0.00333259, 2.67, 0.0280499, 0, 0, 0.151666, -0.151666, 3.04747e-05, 3.33488e-05, 0.030566
36881, 0.358359, 0.409493, 0.00333259, 2.68, 0.0280499, 0, 0, 0.151666, -0.151666, 3.04729e-05, 3.33488e-05, 0.030566
36891, -0.324015, -0.251144, -0.0253602, 2.69, 0.0280499, 0, 0, 0.137306, -0.13732, 3.04747e-05, -0.0143274, 0.030566
36900, 0.270369, 0.321524, 0.00330451, 2.7, 0.0280499, 0, 0, 0.151666, -0.151652, 3.04729e-05, 0.0140928, 0.030566
36911, 0.284147, 0.335281, 0.00333256, 2.71, 0.0280499, 0, 0, 0.151666, -0.151666, 3.04747e-05, 4.71175e-05, 0.030566
36921, 0.297357, 0.34849, 0.00333259, 2.72, 0.0280499, 0, 0, 0.151666, -0.151666, 3.04729e-05, 3.33637e-05, 0.030566
36931, 0.272053, 0.32439, 0.00174394, 2.73, 0.0280499, 0, 0, 0.150871, -0.150872, 3.04747e-05, -0.000761762, 0.030566
36940, 0.317441, 0.368575, 0.00333104, 2.74, 0.0280499, 0, 0, 0.151666, -0.151666, 3.04729e-05, 0.000811785, 0.030566
36951, 0.330681, 0.381815, 0.00333259, 2.75, 0.0280499, 0, 0, 0.151666, -0.151666, 3.04747e-05, 3.41088e-05, 0.030566
36961, 0.34389, 0.395024, 0.00333259, 2.76, 0.0280499, 0, 0, 0.151666, -0.151666, 3.04729e-05, 3.33488e-05, 0.030566
36971, 0.3571, 0.408233, 0.00333259, 2.77, 0.0280499, 0, 0, 0.151666, -0.151666, 3.04747e-05, 3.33488e-05, 0.030566
36981, 0.370309, 0.421442, 0.00333259, 2.78, 0.0280499, 0, 0, 0.151666, -0.151666, 3.04729e-05, 3.33488e-05, 0.030566
36990, 0.383518, 0.434651, 0.00333259, 2.79, 0.0280499, 0, 0, 0.151666, -0.151666, 3.04747e-05, 3.33488e-05, 0.030566
37001, 0.396727, 0.447861, 0.00333259, 2.8, 0.0280499, 0, 0, 0.151666, -0.151666, 3.04729e-05, 3.33488e-05, 0.030566
37011, 0.409936, 0.189336, 0.00333259, 2.81, 0.0315562, 0, 0.350624, 0.151666, -0.151666, 3.04747e-05, 3.33488e-05, 0.030566
37021, 0.181599, 0.466153, 0.00493938, 2.82, 0.0315562, 0.350624, 0, 0.152471, -0.15247, 3.04729e-05, 0.00083755, 0.030566
37030, 0.396899, 0.448032, 0.00333413, 2.83, 0.0315562, 0, 0, 0.151666, -0.151667, 3.04747e-05, -0.000753969, 0.030566
37041, 0.410077, 0.461211, 0.00333259, 2.84, 0.0315562, 0, 0, 0.151666, -0.151666, 3.04729e-05, 3.25888e-05, 0.030566
37051, 0.423286, 0.47442, 0.00333259, 2.85, 0.0315562, 0, 0, 0.151666, -0.151666, 3.04747e-05, 3.33488e-05, 0.030566
37061, 0.436495, 0.487629, 0.00333259, 2.86, 0.0315562, 0, 0, 0.151666, -0.151666, 3.04729e-05, 3.33488e-05, 0.030566
37070, 0.17201, 0.231822, 0.00333259, 2.87, 0.0350624, 0.347118, 0.347118, 0.151666, -0.151666, 3.04747e-05, 3.33488e-05, 0.030566
37081, 0.417511, 0.468644, 0.00333259, 2.88, 0.0350624, 0, 0, 0.151666, -0.151666, 3.04729e-05, 3.33488e-05, 0.030566
37091, 0.43072, 0.481853, 0.00333259, 2.89, 0.0350624, 0, 0, 0.151666, -0.151666, 3.04747e-05, 3.33488e-05, 0.030566
37101, 0.443929, 0.495063, 0.00333259, 2.9, 0.0350624, 0, 0, 0.151666, -0.151666, 3.04729e-05, 3.33488e-05, 0.030566
37110, 0.457138, 0.508272, 0.00333259, 2.91, 0.0350624, 0, 0, 0.151666, -0.151666, 3.04747e-05, 3.33488e-05, 0.030566
37121, 0.189848, 0.252464, 0.00333259, 2.92, 0.0385687, 0.350624, 0.347118, 0.151666, -0.151666, 3.04729e-05, 3.33488e-05, 0.030566
37131, 0.437695, 0.489287, 0.00333259, 2.93, 0.0385687, 0, 0, 0.151666, -0.151666, 3.04747e-05, 3.33488e-05, 0.030566
37141, 0.450904, 0.502496, 0.00333259, 2.94, 0.0385687, 0, 0, 0.151666, -0.151666, 3.04729e-05, 3.33488e-05, 0.030566
37151, 0.225371, 0.284424, 0.00493938, 2.95, 0.0420749, 0.347118, 0.347118, 0.152471, -0.15247, 3.04747e-05, 0.00083755, 0.030566
37160, 0.438326, 0.489917, 0.00333413, 2.96, 0.0420749, 0, 0, 0.151666, -0.151667, 3.04729e-05, -0.000753969, 0.030566
37171, 0.451503, 0.234079, 0.00333259, 2.97, 0.0455811, 0, 0.347118, 0.151666, -0.151666, 3.04747e-05, 3.25888e-05, 0.030566
37181, 0.184213, 0.470902, 0.00333259, 2.98, 0.0455811, 0.350624, 0, 0.151666, -0.151666, 3.04729e-05, 3.33488e-05, 0.030566
37191, 0.43206, 0.484111, 0.00333259, 2.99, 0.0455811, 0, 0, 0.151666, -0.151666, 3.04747e-05, 3.33488e-05, 0.030566
37200, 0.445269, 0.49732, 0.00333259, 3, 0.0455811, 0, 0, 0.151666, -0.151666, 3.04729e-05, 3.33488e-05, 0.030566
37211, 0.458478, 0.238795, 0.00333259, 3.01, 0.0490874, 0, 0.350624, 0.151666, -0.151666, 3.04747e-05, 3.33488e-05, 0.030566
37221, 0.193993, 0.477877, 0.00333259, 3.02, 0.0490874, 0.347118, 0, 0.151666, -0.151666, 3.04729e-05, 3.33488e-05, 0.030566
37231, 0.439493, 0.491086, 0.00333259, 3.03, 0.0490874, 0, 0, 0.151666, -0.151666, 3.04747e-05, 3.33488e-05, 0.030566
37240, 0.452703, 0.504295, 0.00333259, 3.04, 0.0490874, 0, 0, 0.151666, -0.151666, 3.04729e-05, 3.33488e-05, 0.030566
37251, 0.465912, 0.24577, 0.00333259, 3.05, 0.0525936, 0, 0.350624, 0.151666, -0.151666, 3.04747e-05, 3.33488e-05, 0.030566
37261, 0.198622, 0.484852, 0.00333259, 3.06, 0.0525936, 0.350624, 0, 0.151666, -0.151666, 3.04729e-05, 3.33488e-05, 0.030566
37271, 0.165969, 0.498061, 0.00333259, 3.07, 0.0525936, 0.350624, 0, 0.151666, -0.151666, 3.04747e-05, 3.33488e-05, 0.030566
37281, 0.452769, 0.277272, 0.00493938, 3.08, 0.0560999, 0, 0.350624, 0.152471, -0.15247, 3.04729e-05, 0.00083755, 0.030566
37291, -0.293224, -0.218924, -0.0266404, 3.09, 0.0560999, 0, 0, 0.136664, -0.13668, 3.04747e-05, -0.0157562, 0.030566
37301, 0.32709, 0.378705, 0.00330326, 3.1, 0.0560999, 0, 0, 0.151666, -0.151652, 3.04729e-05, 0.0147201, 0.030566
37311, 0.340893, 0.392486, 0.00333256, 3.11, 0.0560999, 0, 0, 0.151666, -0.151666, 3.04747e-05, 4.77284e-05, 0.030566
37321, 0.354103, 0.405696, 0.00333259, 3.12, 0.0560999, 0, 0, 0.151666, -0.151666, 3.04729e-05, 3.33637e-05, 0.030566
37330, 0.367312, 0.147171, 0.00333259, 3.13, 0.0596061, 0, 0.350624, 0.151666, -0.151666, 3.04747e-05, 3.33488e-05, 0.030566
37341, 0.380521, 0.386252, 0.00333259, 3.14, 0.0596061, 0, 0, 0.151666, -0.151666, 3.04729e-05, 3.33488e-05, 0.030566
37351, 0.113231, 0.399461, 0.00333259, 3.15, 0.0596061, 0.350624, 0, 0.151666, -0.151666, 3.04747e-05, 3.33488e-05, 0.030566
37361, 0.361078, 0.412671, 0.00333259, 3.16, 0.0596061, 0, 0, 0.151666, -0.151666, 3.04729e-05, 3.33488e-05, 0.030566
37370, 0.335775, 0.388571, 0.00174394, 3.17, 0.0596061, 0, 0, 0.150871, -0.150872, 3.04747e-05, -0.000761762, 0.030566
37381, 0.381162, 0.432756, 0.00333104, 3.18, 0.0596061, 0, 0, 0.151666, -0.151666, 3.04729e-05, 0.000811785, 0.030566
37391, 0.394403, 0.445995, 0.00333259, 3.19, 0.0596061, 0, 0, 0.151666, -0.151666, 3.04747e-05, 3.41088e-05, 0.030566
37401, 0.407612, 0.459204, 0.00333259, 3.2, 0.0596061, 0, 0, 0.151666, -0.151666, 3.04729e-05, 3.33488e-05, 0.030566
37410, 0.179274, 0.510149, 0.00493938, 3.21, 0.0596061, 0.350624, 0, 0.152471, -0.15247, 3.04747e-05, 0.00083755, 0.030566
37421, -0.33208, -0.483653, -0.0266404, 3.22, 0.0631124, 0, 0.350624, 0.136664, -0.13668, 3.04729e-05, -0.0157562, 0.030566
37431, 0.249721, 0.302539, 0.00171462, 3.23, 0.0631124, 0, 0, 0.150871, -0.150857, 3.04747e-05, 0.013925, 0.030566
37441, 0.295702, 0.61903, 0.00333101, 3.24, 0.0596061, 0, -0.350624, 0.151666, -0.151666, 3.04729e-05, 0.000826165, 0.030566
37451, 0.586638, 0.406398, 0.00333259, 3.25, 0.0596061, -0.347118, 0, 0.151666, -0.151666, 3.04747e-05, 3.41237e-05, 0.030566
37460, 0.0870562, 0.147873, 0.00333259, 3.26, 0.0631124, 0.350624, 0.350624, 0.151666, -0.151666, 3.04729e-05, 3.33488e-05, 0.030566
37471, 0.334903, 0.386954, 0.00333259, 3.27, 0.0631124, 0, 0, 0.151666, -0.151666, 3.04747e-05, 3.33488e-05, 0.030566
37481, 0.348112, 0.400163, 0.00333259, 3.28, 0.0631124, 0, 0, 0.151666, -0.151666, 3.04729e-05, 3.33488e-05, 0.030566
37491, 0.361321, 0.413373, 0.00333259, 3.29, 0.0631124, 0, 0, 0.151666, -0.151666, 3.04747e-05, 3.33488e-05, 0.030566
37500, 0.374531, 0.426582, 0.00333259, 3.3, 0.0631124, 0, 0, 0.151666, -0.151666, 3.04729e-05, 3.33488e-05, 0.030566
37511, 0.38774, 0.168057, 0.00333259, 3.31, 0.0666186, 0, 0.350624, 0.151666, -0.151666, 3.04747e-05, 3.33488e-05, 0.030566
37521, 0.123255, 0.407138, 0.00333259, 3.32, 0.0666186, 0.347118, 0, 0.151666, -0.151666, 3.04729e-05, 3.33488e-05, 0.030566
37531, 0.368755, 0.420348, 0.00333259, 3.33, 0.0666186, 0, 0, 0.151666, -0.151666, 3.04747e-05, 3.33488e-05, 0.030566
37540, 0.381964, 0.433557, 0.00333259, 3.34, 0.0666186, 0, 0, 0.151666, -0.151666, 3.04729e-05, 3.33488e-05, 0.030566
37551, -0.30041, -0.22708, -0.0253602, 3.35, 0.0666186, 0, 0, 0.137306, -0.13732, 3.04747e-05, -0.0143274, 0.030566
37561, 0.0162796, 0.0765715, 0.00330451, 3.36, 0.0701248, 0.347118, 0.347118, 0.151666, -0.151652, 3.04729e-05, 0.0140928, 0.030566
37571, 0.262349, 0.313941, 0.00333256, 3.37, 0.0701248, 0, 0, 0.151666, -0.151666, 3.04747e-05, 4.71175e-05, 0.030566
37580, 0.275558, 0.327151, 0.00333259, 3.38, 0.0701248, 0, 0, 0.151666, -0.151666, 3.04729e-05, 3.33637e-05, 0.030566
37591, 0.288768, 0.34036, 0.00333259, 3.39, 0.0701248, 0, 0, 0.151666, -0.151666, 3.04747e-05, 3.33488e-05, 0.030566
37601, 0.301977, 0.353569, 0.00333259, 3.4, 0.0701248, 0, 0, 0.151666, -0.151666, 3.04729e-05, 3.33488e-05, 0.030566
37611, 0.276673, 0.32947, 0.00174394, 3.41, 0.0701248, 0, 0, 0.150871, -0.150872, 3.04747e-05, -0.000761762, 0.030566
37621, 0.322061, 0.373654, 0.00333104, 3.42, 0.0701248, 0, 0, 0.151666, -0.151666, 3.04729e-05, 0.000811785, 0.030566
37630, 0.335301, 0.65591, 0.00333259, 3.43, 0.0666186, 0, -0.347118, 0.151666, -0.151666, 3.04747e-05, 3.41088e-05, 0.030566
37641, 0.197028, 0.298757, -0.00291607, 3.44, 0.0666186, 0, 0, 0.148539, -0.148542, 3.04729e-05, -0.00309409, 0.030566
37651, 0.185322, 0.0153219, -0.00292218, 3.45, 0.0701248, 0, 0.350624, 0.148539, -0.148539, 3.04747e-05, -3.22461e-05, 0.030566
37661, 0.173739, 0.229612, -0.00292218, 3.46, 0.0701248, 0, 0, 0.148539, -0.148539, 3.04729e-05, -2.9251e-05, 0.030566
37670, 0.313639, 0.364778, 0.00332648, 3.47, 0.0701248, 0, 0, 0.151666, -0.151663, 3.04747e-05, 0.00309819, 0.030566
37681, -0.399684, -0.325842, -0.026642, 3.48, 0.0701248, 0, 0, 0.136664, -0.136679, 3.04729e-05, -0.0149659, 0.030566
37691, 0.220662, 0.271819, 0.00330326, 3.49, 0.0701248, 0, 0, 0.151666, -0.151652, 3.04747e-05, 0.0147209, 0.030566
37701, 0.514965, 0.285599, 0.00333256, 3.5, 0.0701248, -0.350624, 0, 0.151666, -0.151666, 3.04729e-05, 4.77284e-05, 0.030566
37710, 0.293537, 0.570543, 0.00333259, 3.51, 0.0666186, 0, -0.350624, 0.151666, -0.151666, 3.04747e-05, 3.33637e-05, 0.030566
37721, 0.155263, 0.211131, -0.00291607, 3.52, 0.0666186, 0, 0, 0.148539, -0.148542, 3.04729e-05, -0.00309409, 0.030566
37731, 0.143557, -0.0695868, -0.00292218, 3.53, 0.0701248, 0, 0.347118, 0.148539, -0.148539, 3.04747e-05, -3.22461e-05, 0.030566
37741, 0.283457, 0.560927, 0.00332648, 3.54, 0.0666186, 0, -0.350624, 0.151666, -0.151663, 3.04729e-05, 0.00309819, 0.030566
37750, 0.29679, 0.348383, 0.00333259, 3.55, 0.0666186, 0, 0, 0.151666, -0.151666, 3.04747e-05, 3.63439e-05, 0.030566
37761, 0.309999, 0.0898583, 0.00333259, 3.56, 0.0701248, 0, 0.350624, 0.151666, -0.151666, 3.04729e-05, 3.33488e-05, 0.030566
37771, 0.0455142, 0.32894, 0.00333259, 3.57, 0.0701248, 0.347118, 0, 0.151666, -0.151666, 3.04747e-05, 3.33488e-05, 0.030566
37781, 0.329967, 0.379884, 0.00493938, 3.58, 0.0701248, 0, 0, 0.152471, -0.15247, 3.04729e-05, 0.00083755, 0.030566
37791, 0.349583, 0.399499, 0.00494096, 3.59, 0.0701248, 0, 0, 0.152471, -0.15247, 3.04747e-05, 5.02318e-05, 0.030566
37800, 0.291702, 0.344039, 0.00174552, 3.6, 0.0701248, 0, 0, 0.150871, -0.150873, 3.04729e-05, -0.00154985, 0.030566
37811, -0.389598, -0.315755, -0.0266435, 3.61, 0.0701248, 0, 0, 0.136664, -0.136678, 3.04747e-05, -0.0141912, 0.030566
37821, 0.230779, 0.281935, 0.00330326, 3.62, 0.0701248, 0, 0, 0.151666, -0.151652, 3.04729e-05, 0.0147216, 0.030566
37831, 0.244582, 0.295716, 0.00333256, 3.63, 0.0701248, 0, 0, 0.151666, -0.151666, 3.04747e-05, 4.77284e-05, 0.030566
37840, 0.538291, 0.308926, 0.00333259, 3.64, 0.0701248, -0.350624, 0, 0.151666, -0.151666, 3.04729e-05, 3.33637e-05, 0.030566
37851, 0.316863, 0.322135, 0.00333259, 3.65, 0.0701248, 0, 0, 0.151666, -0.151666, 3.04747e-05, 3.33488e-05, 0.030566
37861, 0.0523776, 0.604361, 0.00333259, 3.66, 0.0666186, 0.347118, -0.347118, 0.151666, -0.151666, 3.04729e-05, 3.33488e-05, 0.030566
37871, 0.146396, 0.247208, -0.00291607, 3.67, 0.0666186, 0, 0, 0.148539, -0.148542, 3.04747e-05, -0.00309409, 0.030566
37880, 0.286172, 0.110521, 0.00332648, 3.68, 0.0701248, 0, 0.350624, 0.151666, -0.151663, 3.04729e-05, 0.00309519, 0.030566
37891, 0.299505, 0.349722, 0.00333259, 3.69, 0.0701248, 0, 0, 0.151666, -0.151666, 3.04747e-05, 3.63439e-05, 0.030566
37901, 0.312714, 0.362931, 0.00333259, 3.7, 0.0701248, 0, 0, 0.151666, -0.151666, 3.04729e-05, 3.33488e-05, 0.030566
37911, 0.364876, 0.413875, 0.00493938, 3.71, 0.0701248, 0, 0, 0.152471, -0.15247, 3.04747e-05, 0.00083755, 0.030566
37920, 0.384492, 0.43349, 0.00494096, 3.72, 0.0701248, 0, 0, 0.152471, -0.15247, 3.04729e-05, 5.02318e-05, 0.030566
37931, 0.213641, 0.26859, -0.00291449, 3.73, 0.0701248, 0, 0, 0.148539, -0.148543, 3.04747e-05, -0.00388218, 0.030566
37941, -0.524014, -0.446374, -0.0328662, 3.74, 0.0701248, 0, 0, 0.133552, -0.133567, 3.04729e-05, -0.01502, 0.030566
37951, 0.183892, 0.23534, 0.00170854, 3.75, 0.0701248, 0, 0, 0.150871, -0.150854, 3.04747e-05, 0.0169757, 0.030566
37961, 0.229996, 0.280214, 0.00333098, 3.76, 0.0701248, 0, 0, 0.151666, -0.151665, 3.04729e-05, 0.000829145, 0.030566
37970, 0.520932, 0.562471, 0.00333259, 3.77, 0.0666186, -0.347118, -0.347118, 0.151666, -0.151666, 3.04747e-05, 3.41386e-05, 0.030566
37981, 0.150368, 0.205319, -0.00291607, 3.78, 0.0666186, 0, 0, 0.148539, -0.148542, 3.04729e-05, -0.00309409, 0.030566
37991, -0.141838, -0.0753996, -0.00292218, 3.79, 0.0701248, 0.350624, 0.347118, 0.148539, -0.148539, 3.04747e-05, -3.22461e-05, 0.030566
38001, 0.2327, 0.555114, 0.00332648, 3.8, 0.0666186, 0, -0.350624, 0.151666, -0.151663, 3.04729e-05, 0.00309819, 0.030566
38010, 0.526532, 0.34257, 0.00333259, 3.81, 0.0666186, -0.350624, 0, 0.151666, -0.151666, 3.04747e-05, 3.63439e-05, 0.030566
38021, 0.305104, 0.355779, 0.00333259, 3.82, 0.0666186, 0, 0, 0.151666, -0.151666, 3.04729e-05, 3.33488e-05, 0.030566
38031, 0.0406185, 0.099972, 0.00333259, 3.83, 0.0701248, 0.347118, 0.347118, 0.151666, -0.151666, 3.04747e-05, 3.33488e-05, 0.030566
38041, 0.286119, 0.336795, 0.00333259, 3.84, 0.0701248, 0, 0, 0.151666, -0.151666, 3.04729e-05, 3.33488e-05, 0.030566
38050, 0.338281, 0.387739, 0.00493938, 3.85, 0.0701248, 0, 0, 0.152471, -0.15247, 3.04747e-05, 0.00083755, 0.030566
38061, 0.318944, 0.369618, 0.00333413, 3.86, 0.0701248, 0, 0, 0.151666, -0.151667, 3.04729e-05, -0.000753969, 0.030566
38071, -0.363462, -0.291049, -0.0253602, 3.87, 0.0701248, 0, 0, 0.137306, -0.13732, 3.04747e-05, -0.0143282, 0.030566
38081, 0.230922, 0.281619, 0.00330451, 3.88, 0.0701248, 0, 0, 0.151666, -0.151652, 3.04729e-05, 0.0140928, 0.030566
38090, 0.2447, 0.295375, 0.00333256, 3.89, 0.0701248, 0, 0, 0.151666, -0.151666, 3.04747e-05, 4.71175e-05, 0.030566
38100, 0.257909, 0.308585, 0.00333259, 3.9, 0.0701248, 0, 0, 0.151666, -0.151666, 3.04729e-05, 3.33637e-05, 0.030566
38111, 0.271119, 0.321794, 0.00333259, 3.91, 0.0701248, 0, 0, 0.151666, -0.151666, 3.04747e-05, 3.33488e-05, 0.030566
38121, 0.284328, 0.335003, 0.00333259, 3.92, 0.0701248, 0, 0, 0.151666, -0.151666, 3.04729e-05, 3.33488e-05, 0.030566
38131, 0.297537, 0.348213, 0.00333259, 3.93, 0.0701248, 0, 0, 0.151666, -0.151666, 3.04747e-05, 3.33488e-05, 0.030566
38140, 0.310746, 0.361422, 0.00333259, 3.94, 0.0701248, 0, 0, 0.151666, -0.151666, 3.04729e-05, 3.33488e-05, 0.030566
38151, 0.323955, 0.374631, 0.00333259, 3.95, 0.0701248, 0, 0, 0.151666, -0.151666, 3.04747e-05, 3.33488e-05, 0.030566
38161, 0.337164, 0.38784, 0.00333259, 3.96, 0.0701248, 0, 0, 0.151666, -0.151666, 3.04729e-05, 3.33488e-05, 0.030566
38171, 0.350374, 0.401049, 0.00333259, 3.97, 0.0701248, 0, 0, 0.151666, -0.151666, 3.04747e-05, 3.33488e-05, 0.030566
38180, 0.402535, 0.451994, 0.00493938, 3.98, 0.0701248, 0, 0, 0.152471, -0.15247, 3.04729e-05, 0.00083755, 0.030566
38191, 0.231716, 0.287125, -0.00291449, 3.99, 0.0701248, 0, 0, 0.148539, -0.148543, 3.04747e-05, -0.00388141, 0.030566
38201, -0.505939, -0.42784, -0.0328662, 4, 0.0701248, 0, 0, 0.133552, -0.133567, 3.04729e-05, -0.01502, 0.030566
38211, 0.240481, 0.291183, 0.00329718, 4.01, 0.0701248, 0, 0, 0.151666, -0.151649, 3.04747e-05, 0.0177708, 0.030566
38220, 0.0660997, 0.12266, -0.00443512, 4.02, 0.0701248, 0, 0, 0.147779, -0.147782, 3.04729e-05, -0.003837, 0.030566
38231, 0.0851618, 0.140577, -0.00292367, 4.03, 0.0701248, 0, 0, 0.148539, -0.148538, 3.04747e-05, 0.000712097, 0.030566
38241, 0.186579, 0.238463, 0.00173783, 4.04, 0.0701248, 0, 0, 0.150871, -0.150869, 3.04729e-05, 0.00230381, 0.030566
38251, 0.23209, 0.282767, 0.00333101, 4.05, 0.0701248, 0, 0, 0.151666, -0.151666, 3.04747e-05, 0.000814781, 0.030566
38261, 0.525831, 0.565023, 0.00333259, 4.06, 0.0666186, -0.350624, -0.347118, 0.151666, -0.151666, 3.04729e-05, 3.41237e-05, 0.030566
38270, 0.304402, 0.354619, 0.00333259, 4.07, 0.0666186, 0, 0, 0.151666, -0.151666, 3.04747e-05, 3.33488e-05, 0.030566
38281, 0.317611, 0.367828, 0.00333259, 4.08, 0.0666186, 0, 0, 0.151666, -0.151666, 3.04729e-05, 3.33488e-05, 0.030566
38291, 0.33082, 0.381037, 0.00333259, 4.09, 0.0666186, 0, 0, 0.151666, -0.151666, 3.04747e-05, 3.33488e-05, 0.030566
38301, 0.0663351, 0.12523, 0.00333259, 4.1, 0.0701248, 0.347118, 0.347118, 0.151666, -0.151666, 3.04729e-05, 3.33488e-05, 0.030566
38310, 0.350788, 0.399788, 0.00493938, 4.11, 0.0701248, 0, 0, 0.152471, -0.15247, 3.04747e-05, 0.00083755, 0.030566
38321, 0.331451, 0.381667, 0.00333413, 4.12, 0.0701248, 0, 0, 0.151666, -0.151667, 3.04729e-05, -0.000753969, 0.030566
38331, 0.344629, 0.394846, 0.00333259, 4.13, 0.0701248, 0, 0, 0.151666, -0.151666, 3.04747e-05, 3.25888e-05, 0.030566
38341, 0.206355, 0.261306, -0.00291607, 4.14, 0.0701248, 0, 0, 0.148539, -0.148542, 3.04729e-05, -0.00309409, 0.030566
38350, 0.346132, 0.127337, 0.00332648, 4.15, 0.0701248, 0, 0.347118, 0.151666, -0.151663, 3.04747e-05, 0.00309519, 0.030566
38361, 0.359465, 0.364279, 0.00333259, 4.16, 0.0736311, 0, 0, 0.151666, -0.151666, 3.04729e-05, 3.63439e-05, 0.030566
38371, 0.184366, 0.464081, -0.00443509, 4.17, 0.0701248, 0, -0.347118, 0.147779, -0.147782, 3.04747e-05, -0.00385436, 0.030566
38381, 0.35491, 0.405133, 0.00332499, 4.18, 0.0701248, 0, 0, 0.151666, -0.151662, 3.04729e-05, 0.00383952, 0.030566
38391, 0.368274, 0.149474, 0.00333259, 4.19, 0.0736311, 0, 0.347118, 0.151666, -0.151666, 3.04747e-05, 3.70741e-05, 0.030566
38401, 0.100983, 0.386297, 0.00333259, 4.2, 0.0736311, 0.350624, 0, 0.151666, -0.151666, 3.04729e-05, 3.33488e-05, 0.030566
38411, 0.34883, 0.399506, 0.00333259, 4.21, 0.0736311, 0, 0, 0.151666, -0.151666, 3.04747e-05, 3.33488e-05, 0.030566
38421, 0.362039, 0.412715, 0.00333259, 4.22, 0.0736311, 0, 0, 0.151666, -0.151666, 3.04729e-05, 3.33488e-05, 0.030566
38431, 0.223766, 0.279176, -0.00291607, 4.23, 0.0736311, 0, 0, 0.148539, -0.148542, 3.04747e-05, -0.00309409, 0.030566
38440, 0.249296, 0.303546, -0.0013862, 4.24, 0.0736311, 0, 0, 0.149308, -0.149307, 3.04729e-05, 0.000736505, 0.030566
38451, 0.206602, 0.262015, -0.00292069, 4.25, 0.0736311, 0, 0, 0.148539, -0.14854, 3.04747e-05, -0.000781879, 0.030566
38461, 0.194989, 0.250403, -0.00292218, 4.26, 0.0736311, 0, 0, 0.148539, -0.148539, 3.04729e-05, -2.99811e-05, 0.030566
38471, 0.183406, 0.238821, -0.00292218, 4.27, 0.0736311, 0, 0, 0.148539, -0.148539, 3.04747e-05, -2.9251e-05, 0.030566
38480, 0.171824, 0.227238, -0.00292218, 4.28, 0.0736311, 0, 0, 0.148539, -0.148539, 3.04729e-05, -2.9251e-05, 0.030566
38491, 0.160242, 0.215656, -0.00292218, 4.29, 0.0736311, 0, 0, 0.148539, -0.148539, 3.04747e-05, -2.9251e-05, 0.030566
38501, 0.300142, 0.350822, 0.00332648, 4.3, 0.0736311, 0, 0, 0.151666, -0.151663, 3.04729e-05, 0.00309819, 0.030566
38511, 0.161992, 0.217402, -0.00291607, 4.31, 0.0736311, 0, 0, 0.148539, -0.148542, 3.04747e-05, -0.0030911, 0.030566
38520, 0.150286, 0.2057, -0.00292218, 4.32, 0.0736311, 0, 0, 0.148539, -0.148539, 3.04729e-05, -3.22461e-05, 0.030566
38531, 0.251673, 0.303557, 0.00173783, 4.33, 0.0736311, 0, 0, 0.150871, -0.150869, 3.04747e-05, 0.00230308, 0.030566
38541, 0.574878, 0.347861, 0.00333101, 4.34, 0.0736311, -0.347118, 0, 0.151666, -0.151666, 3.04729e-05, 0.000814781, 0.030566
38551, 0.355828, 0.361101, 0.00333259, 4.35, 0.0736311, 0, 0, 0.151666, -0.151666, 3.04747e-05, 3.41237e-05, 0.030566
38561, 0.0885378, 0.37431, 0.00333259, 4.36, 0.0736311, 0.350624, 0, 0.151666, -0.151666, 3.04729e-05, 3.33488e-05, 0.030566
38571, 0.375337, 0.425254, 0.00493938, 4.37, 0.0736311, 0, 0, 0.152471, -0.15247, 3.04747e-05, 0.00083755, 0.030566
38581, 0.204518, 0.260385, -0.00291449, 4.38, 0.0736311, 0, 0, 0.148539, -0.148543, 3.04729e-05, -0.00388141, 0.030566
38591, 0.344262, 0.395401, 0.00332648, 4.39, 0.0736311, 0, 0, 0.151666, -0.151663, 3.04747e-05, 0.00309442, 0.030566
38601, 0.357596, 0.40873, 0.00333259, 4.4, 0.0736311, 0, 0, 0.151666, -0.151666, 3.04729e-05, 3.63439e-05, 0.030566
38610, 0.219322, 0.27519, -0.00291607, 4.41, 0.0736311, 0, 0, 0.148539, -0.148542, 3.04747e-05, -0.00309409, 0.030566
38621, 0.207616, 0.263489, -0.00292218, 4.42, 0.0736311, 0, 0, 0.148539, -0.148539, 3.04729e-05, -3.22461e-05, 0.030566
38631, 0.196033, 0.251906, -0.00292218, 4.43, 0.0736311, 0, 0, 0.148539, -0.148539, 3.04747e-05, -2.9251e-05, 0.030566
38641, 0.184451, 0.240324, -0.00292218, 4.44, 0.0736311, 0, 0, 0.148539, -0.148539, 3.04729e-05, -2.9251e-05, 0.030566
38650, 0.172869, 0.228741, -0.00292218, 4.45, 0.0736311, 0, 0, 0.148539, -0.148539, 3.04747e-05, -2.9251e-05, 0.030566
38661, 0.312769, 0.363908, 0.00332648, 4.46, 0.0736311, 0, 0, 0.151666, -0.151663, 3.04729e-05, 0.00309819, 0.030566
38671, 0.326102, 0.377236, 0.00333259, 4.47, 0.0736311, 0, 0, 0.151666, -0.151666, 3.04747e-05, 3.63439e-05, 0.030566
38681, 0.339311, 0.390445, 0.00333259, 4.48, 0.0736311, 0, 0, 0.151666, -0.151666, 3.04729e-05, 3.33488e-05, 0.030566
38690, 0.35252, 0.403654, 0.00333259, 4.49, 0.0736311, 0, 0, 0.151666, -0.151666, 3.04747e-05, 3.33488e-05, 0.030566
38701, 0.404682, 0.454599, 0.00493938, 4.5, 0.0736311, 0, 0, 0.152471, -0.15247, 3.04729e-05, 0.00083755, 0.030566
38711, 0.424298, 0.474214, 0.00494096, 4.51, 0.0736311, 0, 0, 0.152471, -0.15247, 3.04747e-05, 5.02318e-05, 0.030566
38721, 0.404929, 0.456063, 0.00333416, 4.52, 0.0736311, 0, 0, 0.151666, -0.151667, 3.04729e-05, -0.000754744, 0.030566
38731, -0.557976, -0.473622, -0.0253602, 4.53, 0.0771373, 0.350624, 0.347118, 0.137306, -0.13732, 3.04747e-05, -0.0143282, 0.030566
38740, 0.271046, 0.32266, 0.00330451, 4.54, 0.0771373, 0, 0, 0.151666, -0.151652, 3.04729e-05, 0.0140928, 0.030566
38751, 0.284823, 0.605433, 0.00333256, 4.55, 0.0736311, 0, -0.347118, 0.151666, -0.151666, 3.04747e-05, 4.71175e-05, 0.030566
38761, 0.42705, 0.24828, -0.00291607, 4.56, 0.0736311, -0.350624, 0, 0.148539, -0.148542, 3.04729e-05, -0.00309408, 0.030566
38771, 0.180706, -0.035155, -0.00292218, 4.57, 0.0771373, 0, 0.350624, 0.148539, -0.148539, 3.04747e-05, -3.22461e-05, 0.030566
38780, -0.111376, 0.179135, -0.00292218, 4.58, 0.0771373, 0.350624, 0, 0.148539, -0.148539, 3.04729e-05, -2.9251e-05, 0.030566
38791, 0.263162, 0.314301, 0.00332648, 4.59, 0.0771373, 0, 0, 0.151666, -0.151663, 3.04747e-05, 0.00309819, 0.030566
38801, 0.276495, 0.327629, 0.00333259, 4.6, 0.0771373, 0, 0, 0.151666, -0.151666, 3.04729e-05, 3.63439e-05, 0.030566
38811, 0.289704, 0.612572, 0.00333259, 4.61, 0.0736311, 0, -0.350624, 0.151666, -0.151666, 3.04747e-05, 3.33488e-05, 0.030566
38820, 0.114606, -0.0542472, -0.00443509, 4.62, 0.0771373, 0, 0.350624, 0.147779, -0.147782, 3.04729e-05, -0.00385436, 0.030566
38831, 0.133667, 0.189541, -0.00292367, 4.63, 0.0771373, 0, 0, 0.148539, -0.148538, 3.04747e-05, 0.000712082, 0.030566
38841, 0.122115, 0.177988, -0.00292218, 4.64, 0.0771373, 0, 0, 0.148539, -0.148539, 3.04729e-05, -2.85208e-05, 0.030566
38851, 0.0737079, 0.130732, -0.0044412, 4.65, 0.0771373, 0, 0, 0.147779, -0.147779, 3.04747e-05, -0.000789523, 0.030566
38860, 0.0928933, 0.148767, -0.00292367, 4.66, 0.0771373, 0, 0, 0.148539, -0.148538, 3.04729e-05, 0.000715077, 0.030566
38871, 0.232823, 0.283962, 0.00332645, 4.67, 0.0771373, 0, 0, 0.151666, -0.151663, 3.04747e-05, 0.00309892, 0.030566
38881, 0.0578492, 0.383885, -0.00443509, 4.68, 0.0736311, 0, -0.347118, 0.147779, -0.147782, 3.04729e-05, -0.00385135, 0.030566
38891, 0.0769107, 0.178188, -0.00292367, 4.69, 0.0736311, 0, 0, 0.148539, -0.148538, 3.04747e-05, 0.000712082, 0.030566
38901, 0.309033, 0.13096, -0.0044412, 4.7, 0.0736311, -0.350624, 0, 0.147779, -0.147779, 3.04729e-05, -0.000788793, 0.030566
38910, 0.0935807, 0.148996, -0.00292367, 4.71, 0.0736311, 0, 0, 0.148539, -0.148538, 3.04747e-05, 0.000715077, 0.030566
38921, 0.0820284, 0.137443, -0.00292218, 4.72, 0.0736311, 0, 0, 0.148539, -0.148539, 3.04729e-05, -2.85208e-05, 0.030566
38931, 0.070446, 0.12586, -0.00292218, 4.73, 0.0736311, 0, 0, 0.148539, -0.148539, 3.04747e-05, -2.9251e-05, 0.030566
38941, 0.0588635, 0.114278, -0.00292218, 4.74, 0.0736311, 0, 0, 0.148539, -0.148539, 3.04729e-05, -2.9251e-05, 0.030566
38950, 0.198764, 0.249444, 0.00332648, 4.75, 0.0736311, 0, 0, 0.151666, -0.151663, 3.04747e-05, 0.00309819, 0.030566
38961, 0.212097, 0.262772, 0.00333259, 4.76, 0.0736311, 0, 0, 0.151666, -0.151666, 3.04729e-05, 3.63439e-05, 0.030566
38971, 0.264258, 0.313717, 0.00493938, 4.77, 0.0736311, 0, 0, 0.152471, -0.15247, 3.04747e-05, 0.00083755, 0.030566
38981, 0.206409, 0.258288, 0.00174552, 4.78, 0.0736311, 0, 0, 0.150871, -0.150873, 3.04729e-05, -0.00154908, 0.030566
38990, 0.251765, 0.302442, 0.00333104, 4.79, 0.0736311, 0, 0, 0.151666, -0.151666, 3.04747e-05, 0.000811011, 0.030566
39001, 0.265005, 0.315681, 0.00333259, 4.8, 0.0736311, 0, 0, 0.151666, -0.151666, 3.04729e-05, 3.41088e-05, 0.030566
39011, 0.278214, 0.32889, 0.00333259, 4.81, 0.0736311, 0, 0, 0.151666, -0.151666, 3.04747e-05, 3.33488e-05, 0.030566
39021, 0.291424, 0.342099, 0.00333259, 4.82, 0.0736311, 0, 0, 0.151666, -0.151666, 3.04729e-05, 3.33488e-05, 0.030566
39030, 0.304633, 0.355309, 0.00333259, 4.83, 0.0736311, 0, 0, 0.151666, -0.151666, 3.04747e-05, 3.33488e-05, 0.030566
39041, 0.317842, 0.368518, 0.00333259, 4.84, 0.0736311, 0, 0, 0.151666, -0.151666, 3.04729e-05, 3.33488e-05, 0.030566
39051, 0.179569, 0.234978, -0.00291607, 4.85, 0.0736311, 0, 0, 0.148539, -0.148542, 3.04747e-05, -0.00309409, 0.030566
39061, 0.167862, 0.223276, -0.00292218, 4.86, 0.0736311, 0, 0, 0.148539, -0.148539, 3.04729e-05, -3.22461e-05, 0.030566
39071, 0.15628, 0.211694, -0.00292218, 4.87, 0.0736311, 0, 0, 0.148539, -0.148539, 3.04747e-05, -2.9251e-05, 0.030566
39080, 0.29618, 0.34686, 0.00332648, 4.88, 0.0736311, 0, 0, 0.151666, -0.151663, 3.04729e-05, 0.00309819, 0.030566
39091, 0.309513, 0.360189, 0.00333259, 4.89, 0.0736311, 0, 0, 0.151666, -0.151666, 3.04747e-05, 3.63439e-05, 0.030566
39101, 0.322722, 0.373398, 0.00333259, 4.9, 0.0736311, 0, 0, 0.151666, -0.151666, 3.04729e-05, 3.33488e-05, 0.030566
39111, 0.335931, 0.386607, 0.00333259, 4.91, 0.0736311, 0, 0, 0.151666, -0.151666, 3.04747e-05, 3.33488e-05, 0.030566
39120, 0.34914, 0.399816, 0.00333259, 4.92, 0.0736311, 0, 0, 0.151666, -0.151666, 3.04729e-05, 3.33488e-05, 0.030566
39131, 0.36235, 0.413025, 0.00333259, 4.93, 0.0736311, 0, 0, 0.151666, -0.151666, 3.04747e-05, 3.33488e-05, 0.030566
39141, 0.375559, 0.426234, 0.00333259, 4.94, 0.0736311, 0, 0, 0.151666, -0.151666, 3.04729e-05, 3.33488e-05, 0.030566
39151, 0.388768, 0.439444, 0.00333259, 4.95, 0.0736311, 0, 0, 0.151666, -0.151666, 3.04747e-05, 3.33488e-05, 0.030566
39161, -0.0300048, 0.0368878, -0.00291607, 4.96, 0.0771373, 0.350624, 0.347118, 0.148539, -0.148542, 3.04729e-05, -0.00309409, 0.030566
39171, 0.344409, 0.395548, 0.00332648, 4.97, 0.0771373, 0, 0, 0.151666, -0.151663, 3.04747e-05, 0.00309519, 0.030566
39181, 0.357742, 0.408876, 0.00333259, 4.98, 0.0771373, 0, 0, 0.151666, -0.151666, 3.04729e-05, 3.63439e-05, 0.030566
39191, 0.370951, 0.422086, 0.00333259, 4.99, 0.0771373, 0, 0, 0.151666, -0.151666, 3.04747e-05, 3.33488e-05, 0.030566
39200, 0.38416, 0.435295, 0.00333259, 5, 0.0771373, 0, 0, 0.151666, -0.151666, 3.04729e-05, 3.33488e-05, 0.030566
