QGPIORecord, QRC v6.1.0, 15-12-2021 @ 19:58:19, Windows 10 Version 2009, 10.0.19042, x86_64
Time, VoltageA, eA, desired_velocity, time, PositionB, SpeedA, SpeedB, GetFrontDistance, xhat, Phat, nu, S
27051, 0, 0, 0, 0, -3.40807, 0, 0, 0.210684, -0.213971, 2.7945e-05, -0.039162, 0.0003635
27061, 0, 0, 0, 0, -3.40807, 0, 0, 0.249098, -0.24615, 2.7945e-05, 0.0351276, 0.0003635
27071, 0, 0, 0, 0, -3.40807, 0, 0, 0.249098, -0.248851, 2.7945e-05, 0.00294791, 0.0003635
27080, 0, 0, 0, 0, -3.40807, 0, 0, 0.258625, -0.257805, 2.7945e-05, 0.00977407, 0.0003635
27090, 0, 0, 0, 0, -3.40807, 0, 0, 0.249098, -0.249829, 2.7945e-05, -0.00870644, 0.0003635
27101, 0, 0, 0, 0, -3.40807, 0, 0, 0.249098, -0.24916, 2.7945e-05, -0.000730649, 0.0003635
27110, 0, 0, 0, 0, -3.40807, 0, 0, 0.249098, -0.249104, 2.7945e-05, -6.13183e-05, 0.0003635
27120, 0, 0, 0, 0, -3.40807, 0, 0, 0.249098, -0.249099, 2.7945e-05, -5.1409e-06, 0.0003635
27130, 0, 0, 0, 0, -3.40807, 0, 0, 0.261127, -0.260118, 2.7945e-05, 0.0120282, 0.0003635
27141, 0, 0, 0, 0, -3.40807, 0, 0, 0.249098, -0.250023, 2.7945e-05, -0.0110192, 0.0003635
27151, 0, 0, 0, 0, -3.40807, 0, 0, 0.251411, -0.251294, 2.7945e-05, 0.00138754, 0.0003635
27160, 0, 0, 0, 0, -3.40807, 0, 0, 0.251411, -0.251401, 2.7945e-05, 0.000116438, 0.0003635
27170, 0, 0, 0, 0, -3.40807, 0, 0, 0.249098, -0.249292, 2.7945e-05, -0.00230251, 0.0003635
27181, 0, 0, 0, 0, -3.40807, 0, 0, 0.209086, -0.21246, 2.7945e-05, -0.0402053, 0.0003635
27191, 0, 0, 0, 0, -3.40807, 0, 0, 0.249098, -0.246024, 2.7945e-05, 0.0366381, 0.0003635
27200, 0, 0, 0, 0, -3.40807, 0, 0, 0.249098, -0.24884, 2.7945e-05, 0.00307468, 0.0003635
27210, 0, 0, 0, 0, -3.40807, 0, 0, 0.258625, -0.257804, 2.7945e-05, 0.00978471, 0.0003635
27220, 0, 0, 0, 0, -3.40807, 0, 0, 0.249098, -0.249829, 2.7945e-05, -0.00870554, 0.0003635
27231, 0, 0, 0, 0, -3.40807, 0, 0, 0.249098, -0.24916, 2.7945e-05, -0.000730574, 0.0003635
27240, 0, 0, 0, 0, -3.40807, 0, 0, 0.258625, -0.257831, 2.7945e-05, 0.00946538, 0.0003635
27250, 0, 0, 0, 0, -3.40807, 0, 0, 0.249098, -0.249831, 2.7945e-05, -0.00873233, 0.0003635
27260, 0, 0, 0, 0, -3.40807, 0, 0, 0.249098, -0.24916, 2.7945e-05, -0.000732824, 0.0003635
27271, 0, 0, 0, 0, -3.40807, 0, 0, 0.249098, -0.249104, 2.7945e-05, -6.14971e-05, 0.0003635
27280, 0, 0, 0, 0, -3.40807, 0, 0, 0.251411, -0.251217, 2.7945e-05, 0.00230713, 0.0003635
27290, 0, 0, 0, 0, -3.40807, 0, 0, 0.251411, -0.251394, 2.7945e-05, 0.000193626, 0.0003635
27300, 0, 0, 0, 0, -3.40807, 0, 0, 0.249098, -0.249291, 2.7945e-05, -0.00229605, 0.0003635
27311, 0, 0, 0, 0, -3.40807, 0, 0, 0.226317, -0.228245, 2.7945e-05, -0.0229739, 0.0003635
27321, 0, 0, 0, 0, -3.40807, 0, 0, 0.258625, -0.256076, 2.7945e-05, 0.0303799, 0.0003635
27330, 0, 0, 0, 0, -3.40807, 0, 0, 0.249098, -0.249684, 2.7945e-05, -0.00697719, 0.0003635
27340, 0, 0, 0, 0, -3.40807, 0, 0, 0.249098, -0.249148, 2.7945e-05, -0.000585526, 0.0003635
27351, 0, 0, 0, 0, -3.40807, 0, 0, 0.249098, -0.249103, 2.7945e-05, -4.9144e-05, 0.0003635
27361, 0, 0, 0, 0, -3.40807, 0, 0, 0.249098, -0.249099, 2.7945e-05, -4.12762e-06, 0.0003635
27370, 0, 0, 0, 0, -3.40807, 0, 0, 0.249098, -0.249098, 2.7945e-05, -3.42727e-07, 0.0003635
27380, 0, 0, 0, 0, -3.40807, 0, 0, 0.249098, -0.249098, 2.7945e-05, -2.98023e-08, 0.0003635
27390, 0, 0, 0, 0, -3.40807, 0, 0, 0.251411, -0.251217, 2.7945e-05, 0.00231229, 0.0003635
27401, 0, 0, 0, 0, -3.40807, 0, 0, 0.249098, -0.249276, 2.7945e-05, -0.00211824, 0.0003635
27410, 0, 0, 0, 0, -3.40807, 0, 0, 0.249098, -0.249113, 2.7945e-05, -0.000177771, 0.0003635
27420, 0, 0, 0, 0, -3.40807, 0, 0, 0.251411, -0.251218, 2.7945e-05, 0.00229737, 0.0003635
27430, 0, 0, 0, 0, -3.40807, 0, 0, 0.249098, -0.249276, 2.7945e-05, -0.0021195, 0.0003635
27441, 0, 0, 0, 0, -3.40807, 0, 0, 0.253768, -0.253391, 2.7945e-05, 0.00449207, 0.0003635
27450, 0, 0, 0, 0, -3.40807, 0, 0, 0.207514, -0.211364, 2.7945e-05, -0.0458777, 0.0003635
27460, 0, 0, 0, 0, -3.40807, 0, 0, 0.258625, -0.254659, 2.7945e-05, 0.0472614, 0.0003635
27470, 0, 0, 0, 0, -3.40807, 0, 0, 0.258625, -0.258292, 2.7945e-05, 0.00396618, 0.0003635
27481, 0, 0, 0, 0, -3.40807, 0, 0, 0.249098, -0.24987, 2.7945e-05, -0.00919385, 0.0003635
27491, 0, 0, 0, 0, -3.40807, 0, 0, 0.249098, -0.249163, 2.7945e-05, -0.000771552, 0.0003635
27500, 0, 0, 0, 0, -3.40807, 0, 0, 0.249098, -0.249104, 2.7945e-05, -6.47455e-05, 0.0003635
27510, 0, 0, 0, 0, -3.40807, 0, 0, 0.249098, -0.249099, 2.7945e-05, -5.43892e-06, 0.0003635
27521, 0, 0, 0, 0, -3.40807, 0, 0, 0.249098, -0.249098, 2.7945e-05, -4.61936e-07, 0.0003635
27531, 0, 0, 0, 0, -3.40807, 0, 0, 0.249098, -0.249098, 2.7945e-05, -4.47035e-08, 0.0003635
27540, 0, 0, 0, 0, -3.40807, 0, 0, 0.249098, -0.249098, 2.7945e-05, 0, 0.0003635
27550, 0, 0, 0, 0, -3.40807, 0, 0, 0.251411, -0.251217, 2.7945e-05, 0.00231229, 0.0003635
27560, 0, 0, 0, 0, -3.40807, 0, 0, 0.249098, -0.249276, 2.7945e-05, -0.00211824, 0.0003635
27571, 0, 0, 0, 0, -3.40807, 0, 0, 0.251411, -0.251232, 2.7945e-05, 0.00213452, 0.0003635
27580, 0, 0, 0, 0, -3.40807, 0, 0, 0.215637, -0.218624, 2.7945e-05, -0.0355947, 0.0003635
27590, 0, 0, 0, 0, -3.40807, 0, 0, 0.258625, -0.255268, 2.7945e-05, 0.0400011, 0.0003635
27600, 0, 0, 0, 0, -3.40807, 0, 0, 0.258625, -0.258343, 2.7945e-05, 0.0033569, 0.0003635
27611, 0, 0, 0, 0, -3.40807, 0, 0, 0.249098, -0.249874, 2.7945e-05, -0.00924496, 0.0003635
27621, 0, 0, 0, 0, -3.40807, 0, 0, 0.249098, -0.249164, 2.7945e-05, -0.000775844, 0.0003635
27630, 0, 0, 0, 0, -3.40807, 0, 0, 0.258625, -0.257831, 2.7945e-05, 0.00946158, 0.0003635
27640, 0, 0, 0, 0, -3.40807, 0, 0, 0.249098, -0.249831, 2.7945e-05, -0.00873266, 0.0003635
27651, 0, 0, 0, 0, -3.40807, 0, 0, 0.251411, -0.251278, 2.7945e-05, 0.00157943, 0.0003635
27661, 0, 0, 0, 0, -3.40807, 0, 0, 0.249098, -0.249281, 2.7945e-05, -0.00217973, 0.0003635
27670, 0, 0, 0, 0, -3.40807, 0, 0, 0.249098, -0.249114, 2.7945e-05, -0.000182927, 0.0003635
27680, 0, 0, 0, 0, -3.40807, 0, 0, 0.251411, -0.251218, 2.7945e-05, 0.00229694, 0.0003635
27691, 0, 0, 0, 0, -3.40807, 0, 0, 0.249098, -0.249276, 2.7945e-05, -0.00211953, 0.0003635
27701, 0, 0, 0, 0, -3.40807, 0, 0, 0.249098, -0.249113, 2.7945e-05, -0.000177875, 0.0003635
27710, 0, 0, 0, 0, -3.40807, 0, 0, 0.215637, -0.218446, 2.7945e-05, -0.0334765, 0.0003635
27720, 0, 0, 0, 0, -3.40807, 0, 0, 0.249098, -0.246526, 2.7945e-05, 0.0306522, 0.0003635
27730, 0, 0, 0, 0, -3.40807, 0, 0, 0.249098, -0.248883, 2.7945e-05, 0.00257234, 0.0003635
27741, 0, 0, 0, 0, -3.40807, 0, 0, 0.249098, -0.24908, 2.7945e-05, 0.000215873, 0.0003635
27750, 0, 0, 0, 0, -3.40807, 0, 0, 0.249098, -0.249097, 2.7945e-05, 1.81198e-05, 0.0003635
27760, 0, 0, 0, 0, -3.40807, 0, 0, 0.249098, -0.249098, 2.7945e-05, 1.51992e-06, 0.0003635
27770, 0, 0, 0, 0, -3.40807, 0, 0, 0.249098, -0.249098, 2.7945e-05, 1.3411e-07, 0.0003635
27781, 0, 0, 0, 0, -3.40807, 0, 0, 0.249098, -0.249098, 2.7945e-05, 1.49012e-08, 0.0003635
27791, 0, 0, 0, 0, -3.40807, 0, 0, 0.249098, -0.249098, 2.7945e-05, 0, 0.0003635
27800, 0, 0, 0, 0, -3.40807, 0, 0, 0.249098, -0.249098, 2.7945e-05, 0, 0.0003635
27810, 0, 0, 0, 0, -3.40807, 0, 0, 0.251411, -0.251217, 2.7945e-05, 0.00231229, 0.0003635
27821, 0, 0, 0, 0, -3.40807, 0, 0, 0.249098, -0.249276, 2.7945e-05, -0.00211824, 0.0003635
27831, 0, 0, 0, 0, -3.40807, 0, 0, 0.258625, -0.257841, 2.7945e-05, 0.00934891, 0.0003635
27840, 0, 0, 0, 0, -3.40807, 0, 0, 0.215637, -0.219179, 2.7945e-05, -0.0422036, 0.0003635
27850, 0, 0, 0, 0, -3.40807, 0, 0, 0.249098, -0.246588, 2.7945e-05, 0.0299198, 0.0003635
27860, 0, 0, 0, 0, -3.40807, 0, 0, 0.249098, -0.248888, 2.7945e-05, 0.00251088, 0.0003635
27871, 0, 0, 0, 0, -3.40807, 0, 0, 0.249098, -0.249081, 2.7945e-05, 0.000210717, 0.0003635
27880, 0, 0, 0, 0, -3.40807, 0, 0, 0.258625, -0.257824, 2.7945e-05, 0.00954437, 0.0003635
27890, 0, 0, 0, 0, -3.40807, 0, 0, 0.258625, -0.258558, 2.7945e-05, 0.000800967, 0.0003635
27900, 0, 0, 0, 0, -3.40807, 0, 0, 0.249098, -0.249892, 2.7945e-05, -0.00945948, 0.0003635
27911, 0, 0, 0, 0, -3.40807, 0, 0, 0.249098, -0.249165, 2.7945e-05, -0.000793844, 0.0003635
27920, 0, 0, 0, 0, -3.40807, 0, 0, 0.249098, -0.249104, 2.7945e-05, -6.66231e-05, 0.0003635
27930, 0, 0, 0, 0, -3.40807, 0, 0, 0.258625, -0.257826, 2.7945e-05, 0.0095211, 0.0003635
27940, 0, 0, 0, 0, -3.40807, 0, 0, 0.261127, -0.26085, 2.7945e-05, 0.00330096, 0.0003635
27951, 0, 0, 0, 0, -3.40807, 0, 0, 0.251411, -0.252203, 2.7945e-05, -0.00943935, 0.0003635
27961, 0, 0, 0, 0, -3.40807, 0, 0, 0.258625, -0.258086, 2.7945e-05, 0.00642225, 0.0003635
27970, 0, 0, 0, 0, -3.40807, 0, 0, 0.217343, -0.220762, 2.7945e-05, -0.0407434, 0.0003635
27980, 0, 0, 0, 0, -3.40807, 0, 0, 0.258625, -0.255448, 2.7945e-05, 0.0378631, 0.0003635
27991, 0, 0, 0, 0, -3.40807, 0, 0, 0.258625, -0.258358, 2.7945e-05, 0.00317749, 0.0003635
28001, 0, 0, 0, 0, -3.40807, 0, 0, 0.258625, -0.258603, 2.7945e-05, 0.000266671, 0.0003635
28010, 0, 0, 0, 0, -3.40807, 0, 0, 0.249098, -0.249896, 2.7945e-05, -0.0095043, 0.0003635
28020, 0, 0, 0, 0, -3.40807, 0, 0, 0.249098, -0.249165, 2.7945e-05, -0.0007976, 0.0003635
28030, 0, 0, 0, 0, -3.40807, 0, 0, 0.249098, -0.249104, 2.7945e-05, -6.6936e-05, 0.0003635
28041, 0, 0, 0, 0, -3.40807, 0, 0, 0.249098, -0.249099, 2.7945e-05, -5.61774e-06, 0.0003635
28050, 0, 0, 0, 0, -3.40807, 0, 0, 0.249098, -0.249098, 2.7945e-05, -4.76837e-07, 0.0003635
28060, 0, 0, 0, 0, -3.40807, 0, 0, 0.249098, -0.249098, 2.7945e-05, -4.47035e-08, 0.0003635
28070, 0, 0, 0, 0, -3.40807, 0, 0, 0.249098, -0.249098, 2.7945e-05, 0, 0.0003635
28081, 0, 0, 0, 0, -3.40807, 0, 0, 0.251411, -0.251217, 2.7945e-05, 0.00231229, 0.0003635
28090, 0, 0, 0, 0, -3.40807, 0, 0, 0.249098, -0.249276, 2.7945e-05, -0.00211824, 0.0003635
28100, 0, 0, 0, 0, -3.40807, 0, 0, 0.210684, -0.213923, 2.7945e-05, -0.0385918, 0.0003635
28110, 0, 0, 0, 0, -3.40807, 0, 0, 0.249098, -0.246146, 2.7945e-05, 0.0351754, 0.0003635
28121, 0, 0, 0, 0, -3.40807, 0, 0, 0.249098, -0.248851, 2.7945e-05, 0.00295193, 0.0003635
28131, 0, 0, 0, 0, -3.40807, 0, 0, 0.249098, -0.249078, 2.7945e-05, 0.000247732, 0.0003635
28140, 0, 0, 0, 0, -3.40807, 0, 0, 0.249098, -0.249097, 2.7945e-05, 2.07871e-05, 0.0003635
28150, 0, 0, 0, 0, -3.40807, 0, 0, 0.251411, -0.251217, 2.7945e-05, 0.00231403, 0.0003635
28161, 0, 0, 0, 0, -3.40807, 0, 0, 0.249098, -0.249276, 2.7945e-05, -0.0021181, 0.0003635
28171, 0, 0, 0, 0, -3.40807, 0, 0, 0.258625, -0.257841, 2.7945e-05, 0.00934893, 0.0003635
28180, 0, 0, 0, 0, -3.40807, 0, 0, 0.258625, -0.258559, 2.7945e-05, 0.000784576, 0.0003635
28190, 0, 0, 0, 0, -3.40807, 0, 0, 0.249098, -0.249892, 2.7945e-05, -0.00946085, 0.0003635
28200, 0, 0, 0, 0, -3.40807, 0, 0, 0.249098, -0.249165, 2.7945e-05, -0.000793964, 0.0003635
28211, 0, 0, 0, 0, -3.40807, 0, 0, 0.251411, -0.251222, 2.7945e-05, 0.00224566, 0.0003635
28220, 0, 0, 0, 0, -3.40807, 0, 0, 0.249098, -0.249277, 2.7945e-05, -0.00212382, 0.0003635
28230, 0, 0, 0, 0, -3.40807, 0, 0, 0.210684, -0.213923, 2.7945e-05, -0.0385923, 0.0003635
28240, 0, 0, 0, 0, -3.40807, 0, 0, 0.215637, -0.215493, 2.7945e-05, 0.00171387, 0.0003635
28251, 0, 0, 0, 0, -3.40807, 0, 0, 0.249098, -0.246278, 2.7945e-05, 0.0336054, 0.0003635
28260, 0, 0, 0, 0, -3.40807, 0, 0, 0.249098, -0.248862, 2.7945e-05, 0.00282018, 0.0003635
28270, 0, 0, 0, 0, -3.40807, 0, 0, 0.258625, -0.257806, 2.7945e-05, 0.00976336, 0.0003635
28280, 0, 0, 0, 0, -3.40807, 0, 0, 0.261127, -0.260848, 2.7945e-05, 0.00332132, 0.0003635
28291, 0, 0, 0, 0, -3.40807, 0, 0, 0.249098, -0.250084, 2.7945e-05, -0.0117499, 0.0003635
28301, 0, 0, 0, 0, -3.40807, 0, 0, 0.258625, -0.257908, 2.7945e-05, 0.00854063, 0.0003635
28310, 0, 0, 0, 0, -3.40807, 0, 0, 0.261127, -0.260857, 2.7945e-05, 0.00321871, 0.0003635
28320, 0, 0, 0, 0, -3.40807, 0, 0, 0.258625, -0.258812, 2.7945e-05, -0.00223184, 0.0003635
28331, 0, 0, 0, 0, -3.40807, 0, 0, 0.249098, -0.249914, 2.7945e-05, -0.00971399, 0.0003635
28341, 0, 0, 0, 0, -3.40807, 0, 0, 0.251411, -0.251285, 2.7945e-05, 0.00149709, 0.0003635
28350, 0, 0, 0, 0, -3.40807, 0, 0, 0.258625, -0.258009, 2.7945e-05, 0.00734004, 0.0003635
28360, 0, 0, 0, 0, -3.40807, 0, 0, 0.266286, -0.265591, 2.7945e-05, 0.00827664, 0.0003635
28370, 0, 0, 0, 0, -3.40807, 0, 0, 0.209086, -0.213828, 2.7945e-05, -0.0565049, 0.0003635
28381, 0, 0, 0, 0, -3.40807, 0, 0, 0.258625, -0.254866, 2.7945e-05, 0.0447969, 0.0003635
28390, 0, 0, 0, 0, -3.40807, 0, 0, 0.258625, -0.25831, 2.7945e-05, 0.00375935, 0.0003635
28400, 0, 0, 0, 0, -3.40807, 0, 0, 0.258625, -0.258599, 2.7945e-05, 0.000315487, 0.0003635
28410, 0, 0, 0, 0, -3.40807, 0, 0, 0.258625, -0.258623, 2.7945e-05, 2.64645e-05, 0.0003635
28421, 0, 0, 0, 0, -3.40807, 0, 0, 0.249098, -0.249898, 2.7945e-05, -0.00952445, 0.0003635
28431, 0, 0, 0, 0, -3.40807, 0, 0, 0.249098, -0.249165, 2.7945e-05, -0.000799298, 0.0003635
28440, 0, 0, 0, 0, -3.40807, 0, 0, 0.251411, -0.251222, 2.7945e-05, 0.00224522, 0.0003635
28450, 0, 0, 0, 0, -3.40807, 0, 0, 0.258625, -0.258004, 2.7945e-05, 0.00740281, 0.0003635
28461, 0, 0, 0, 0, -3.40807, 0, 0, 0.249098, -0.249846, 2.7945e-05, -0.00890543, 0.0003635
28471, 9.82103, 9.51412, 0.405117, 0.01, -3.40807, 0, 0, 0.251411, -0.251279, 2.7945e-05, 0.00156495, 0.0003635
28481, 11.8285, 11.509, 0.421688, 0.02, -3.40807, 0, 0, 0.256173, -0.255422, 2.7945e-05, 0.00894451, 0.0003635
28491, 8.775, 8.62765, 0.423023, 0.03, -3.34846, 5.94659, 5.91503, 0.256173, -0.255756, 2.7945e-05, 0.00496751, 0.0003635
28500, 4.48418, 4.47053, 0.441285, 0.04, -3.21873, 12.9871, 12.9976, 0.261127, -0.260321, 2.7945e-05, 0.00960147, 0.0003635
28511, 1.5943, 1.16845, 0.39868, 0.05, -3.06095, 15.3714, 16.0305, 0.249098, -0.24967, 2.7945e-05, -0.00681002, 0.0003635
28521, -0.594271, -0.834013, 0.24863, 0.06, -2.92771, 13.0222, 13.4009, 0.209086, -0.212158, 2.7945e-05, -0.0365968, 0.0003635
28531, 5.91547, 5.69652, 0.383159, 0.07, -2.84707, 8.06436, 8.06085, 0.249098, -0.24579, 2.7945e-05, 0.0394272, 0.0003635
28540, 11.1357, 11.0349, 0.393997, 0.08, -2.82252, 2.44736, 2.10024, 0.249098, -0.248499, 2.7945e-05, 0.00714032, 0.0003635
28551, 10.5027, 10.2423, 0.386558, 0.09, -2.78045, 4.56513, 4.55811, 0.24683, -0.24664, 2.7945e-05, 0.00227094, 0.0003635
28561, 6.39107, 6.5447, 0.385959, 0.1, -2.67176, 10.8553, 10.5187, 0.24683, -0.24649, 2.7945e-05, 0.00405616, 0.0003635
28571, 3.04921, 3.09388, 0.394222, 0.11, -2.52099, 15.4205, 15.4205, 0.249098, -0.248556, 2.7945e-05, 0.00646824, 0.0003635
28581, 2.88299, 2.93767, 0.394888, 0.12, -2.37022, 15.0803, 15.0558, 0.249098, -0.248722, 2.7945e-05, 0.00448504, 0.0003635
28591, 4.7901, 4.74034, 0.362619, 0.13, -2.25451, 11.2095, 11.2305, 0.240277, -0.240655, 2.7945e-05, -0.00449574, 0.0003635
28601, 8.24054, 7.82659, 0.367873, 0.14, -2.18088, 7.0195, 7.36661, 0.242421, -0.241968, 2.7945e-05, 0.00539233, 0.0003635
28611, 8.70518, 8.51719, 0.352732, 0.15, -2.11426, 6.65485, 6.65485, 0.238173, -0.238183, 2.7945e-05, -0.000116259, 0.0003635
28621, 6.12683, 6.31851, 0.329208, 0.16, -2.0196, 9.82449, 9.45984, 0.232086, -0.232302, 2.7945e-05, -0.00256927, 0.0003635
28631, 4.05334, 4.33367, 0.334614, 0.17, -1.89688, 12.6049, 12.2718, 0.234079, -0.233653, 2.7945e-05, 0.00506885, 0.0003635
28641, 3.25592, 3.62727, 0.327749, 0.18, -1.77416, 12.9906, 12.6155, 0.232086, -0.231937, 2.7945e-05, 0.00177914, 0.0003635
28651, 1.84051, 2.27093, 0.20441, 0.19, -1.66897, 10.5222, 10.1751, 0.198578, -0.201103, 2.7945e-05, -0.0300816, 0.0003635
28661, 5.31022, 5.1083, 0.289315, 0.2, -1.58833, 8.05033, 8.41498, 0.22446, -0.222329, 2.7945e-05, 0.025402, 0.0003635
28670, 5.89396, 5.91164, 0.263823, 0.21, -1.5182, 6.66537, 6.66537, 0.215637, -0.215956, 2.7945e-05, -0.00379863, 0.0003635
28681, 4.90446, 4.95849, 0.261769, 0.22, -1.43756, 8.05734, 8.05734, 0.215637, -0.215442, 2.7945e-05, 0.00231944, 0.0003635
28691, 3.18989, 3.03884, 0.261603, 0.23, -1.33588, 10.1751, 10.5082, 0.215637, -0.215401, 2.7945e-05, 0.00281234, 0.0003635
28701, 3.17606, 3.22812, 0.26159, 0.24, -1.2342, 9.82449, 9.828, 0.215637, -0.215398, 2.7945e-05, 0.00285205, 0.0003635
28710, 3.20146, 3.51081, 0.237586, 0.25, -1.15005, 8.75509, 8.41498, 0.209086, -0.209396, 2.7945e-05, -0.00369534, 0.0003635
28721, 3.51327, 3.60101, 0.213137, 0.26, -1.07992, 7.37012, 7.35259, 0.202942, -0.203284, 2.7945e-05, -0.0040786, 0.0003635
28731, 3.36033, 3.6987, 0.211167, 0.27, -1.00629, 7.35259, 7.01599, 0.202942, -0.202792, 2.7945e-05, 0.00178909, 0.0003635
28741, 2.72158, 2.58472, 0.189848, 0.28, -0.93266, 7.34908, 7.70321, 0.197167, -0.197462, 2.7945e-05, -0.00351295, 0.0003635
28751, 2.16262, 2.27298, 0.18813, 0.29, -0.852017, 7.73477, 7.72425, 0.197167, -0.197033, 2.7945e-05, 0.00160368, 0.0003635
28761, 2.3159, 2.40095, 0.193162, 0.3, -0.778386, 7.36311, 7.37012, 0.198578, -0.19829, 2.7945e-05, 0.00342678, 0.0003635
28771, 1.81162, 2.18251, 0.168472, 0.31, -0.711767, 6.99846, 6.64783, 0.19173, -0.192118, 2.7945e-05, -0.00462924, 0.0003635
28781, 2.33762, 2.4639, 0.166483, 0.32, -0.652161, 5.97113, 5.96412, 0.19173, -0.191621, 2.7945e-05, 0.00129624, 0.0003635
28791, -0.0547078, -0.136425, 0.0606478, 0.33, -0.592555, 5.60297, 5.9571, 0.162891, -0.165162, 2.7945e-05, -0.0270654, 0.0003635
28801, 1.6272, 1.43393, 0.139002, 0.34, -0.539961, 5.25936, 5.60999, 0.186601, -0.184751, 2.7945e-05, 0.0220451, 0.0003635
28811, 2.77367, 3.04062, 0.145315, 0.35, -0.501393, 3.84635, 3.49222, 0.186601, -0.186329, 2.7945e-05, 0.00324005, 0.0003635
28821, 2.97536, 3.00744, 0.128066, 0.36, -0.469836, 3.16263, 3.16614, 0.181755, -0.182016, 2.7945e-05, -0.00312102, 0.0003635
28831, 1.92483, 1.72319, 0.126676, 0.37, -0.424255, 4.5511, 4.90173, 0.181755, -0.181669, 2.7945e-05, 0.00101875, 0.0003635
28840, 1.6454, 1.67545, 0.130911, 0.38, -0.371662, 4.91224, 4.91224, 0.182941, -0.182728, 2.7945e-05, 0.00253853, 0.0003635
28851, 1.3062, 1.34299, 0.110101, 0.39, -0.329587, 4.5511, 4.5511, 0.177169, -0.177525, 2.7945e-05, -0.00425, 0.0003635
28861, 1.76745, 2.05388, 0.112541, 0.4, -0.291018, 3.84985, 3.50274, 0.178292, -0.178135, 2.7945e-05, 0.00186759, 0.0003635
28871, 2.27011, 2.31542, 0.112737, 0.41, -0.262968, 3.15562, 3.15562, 0.178292, -0.178184, 2.7945e-05, 0.00128214, 0.0003635
28881, 2.09924, 1.87922, 0.0927118, 0.42, -0.227906, 2.80499, 3.15562, 0.172823, -0.173178, 2.7945e-05, -0.00423433, 0.0003635
28891, 1.31383, 1.34152, 0.0950013, 0.43, -0.189337, 3.85687, 3.86037, 0.173888, -0.17375, 2.7945e-05, 0.00163685, 0.0003635
28901, 1.09576, 1.12853, 0.0912829, 0.44, -0.150768, 3.85687, 3.85687, 0.172823, -0.172821, 2.7945e-05, 2.22921e-05, 0.0003635
28911, 0.955377, 0.98808, 0.0795752, 0.45, -0.115706, 3.49923, 3.49923, 0.169709, -0.169894, 2.7945e-05, -0.00219859, 0.0003635
28921, -0.330621, -0.25946, 0.00960326, 0.46, -0.0911623, 2.8085, 2.80499, 0.150871, -0.152401, 2.7945e-05, -0.0182268, 0.0003635
28931, 0.795434, 1.35689, 0.069289, 0.47, -0.0666186, 2.79798, 2.10374, 0.168698, -0.167322, 2.7945e-05, 0.0163932, 0.0003635
28941, 2.02689, 1.82805, 0.0778033, 0.48, -0.0490874, 1.4025, 1.75312, 0.169709, -0.169451, 2.7945e-05, 0.00307994, 0.0003635
28951, 1.53534, 1.0436, 0.0639439, 0.49, -0.0245437, 1.75312, 2.44736, 0.16574, -0.165986, 2.7945e-05, -0.00293295, 0.0003635
28961, 0.693722, 0.673549, 0.0628273, 0.5, 0.00350624, 2.80149, 2.80499, 0.16574, -0.165707, 2.7945e-05, 0.000393301, 0.0003635
28971, 0.571327, 0.825302, 0.0627374, 0.51, 0.0280499, 2.80499, 2.45437, 0.16574, -0.165684, 2.7945e-05, 0.000661284, 0.0003635
28981, 0.928509, 1.48794, 0.0592067, 0.52, 0.0420749, 2.10374, 1.39899, 0.164778, -0.164802, 2.7945e-05, -0.000278682, 0.0003635
28991, 1.52753, 1.61297, 0.0624457, 0.53, 0.0560999, 1.4025, 1.4025, 0.16574, -0.165611, 2.7945e-05, 0.00153023, 0.0003635
29001, 1.26251, 1.0865, 0.0488709, 0.54, 0.0736311, 1.4025, 1.75312, 0.161964, -0.162218, 2.7945e-05, -0.00302294, 0.0003635
29010, 1.24906, 1.02793, 0.0477772, 0.55, 0.0911623, 1.39899, 1.74961, 0.161964, -0.161944, 2.7945e-05, 0.000235021, 0.0003635
29021, 0.689506, 0.983669, 0.0476891, 0.56, 0.108693, 2.10374, 1.75312, 0.161964, -0.161922, 2.7945e-05, 0.000497505, 0.0003635
29031, 0.965996, 1.02296, 0.0510773, 0.57, 0.126225, 1.75312, 1.75312, 0.162891, -0.162769, 2.7945e-05, 0.00144523, 0.0003635
29041, 0.78494, 1.11573, 0.0446008, 0.58, 0.14025, 1.74961, 1.4025, 0.161049, -0.16115, 2.7945e-05, -0.00120988, 0.0003635
29050, -0.163232, -0.299781, -0.0153889, 0.59, 0.154275, 1.05187, 1.4025, 0.14482, -0.146153, 2.7945e-05, -0.0158845, 0.0003635
29061, 0.763485, 0.545908, 0.0426002, 0.6, 0.171806, 1.4025, 1.75312, 0.161964, -0.16065, 2.7945e-05, 0.0156574, 0.0003635
29071, 1.42595, 1.41309, 0.047272, 0.61, 0.178818, 0.697742, 0.697742, 0.161964, -0.161818, 2.7945e-05, 0.00173998, 0.0003635
29081, 0.928431, 1.20585, 0.0344714, 0.62, 0.185831, 1.05187, 0.701248, 0.158368, -0.158618, 2.7945e-05, -0.00297728, 0.0003635
29091, 0.266788, 0.610718, 0.0302434, 0.63, 0.199856, 1.74961, 1.39899, 0.157496, -0.157561, 2.7945e-05, -0.000777543, 0.0003635
29101, 0.224247, 0.0684951, 0.0330995, 0.64, 0.220893, 1.75312, 2.10374, 0.158368, -0.158275, 2.7945e-05, 0.00110959, 0.0003635
29111, 0.895713, 0.67005, 0.0301329, 0.65, 0.231412, 0.701248, 1.05187, 0.157496, -0.157533, 2.7945e-05, -0.000448287, 0.0003635
29121, 1.19813, 0.918021, 0.0298939, 0.66, 0.238424, 0.350624, 0.701248, 0.157496, -0.157473, 2.7945e-05, 0.000263706, 0.0003635
29131, 1.07009, 1.29114, 0.0330714, 0.67, 0.241931, 0.697742, 0.350624, 0.158368, -0.158268, 2.7945e-05, 0.00119346, 0.0003635
29140, 0.477621, 0.766551, 0.0301306, 0.68, 0.252449, 1.39899, 1.04837, 0.157496, -0.157533, 2.7945e-05, -0.000441536, 0.0003635
29151, 0.280935, 0.619887, 0.0363255, 0.69, 0.266474, 1.75312, 1.4025, 0.159251, -0.159081, 2.7945e-05, 0.00201949, 0.0003635
29161, 0.973585, 0.518885, 0.0335895, 0.7, 0.280499, 0.697742, 1.39899, 0.158368, -0.158397, 2.7945e-05, -0.000350118, 0.0003635
29171, 0.628779, 0.637907, 0.0177548, 0.71, 0.287512, 0.701248, 0.701248, 0.154107, -0.154439, 2.7945e-05, -0.00395466, 0.0003635
29180, -0.800251, -0.744415, -0.040312, 0.72, 0.294524, 0.701248, 0.697742, 0.138608, -0.139922, 2.7945e-05, -0.0156527, 0.0003635
29191, -0.0689098, 0.225687, 0.011801, 0.73, 0.301537, 1.05187, 0.701248, 0.154107, -0.15295, 2.7945e-05, 0.0137817, 0.0003635
29201, 0.857504, 0.894441, 0.0190497, 0.74, 0.301537, 0, 0, 0.154939, -0.154762, 2.7945e-05, 0.00210701, 0.0003635
29211, 0.947167, 1.25539, 0.0196337, 0.75, 0.298031, 0, -0.350624, 0.154939, -0.154908, 2.7945e-05, 0.000367314, 0.0003635
29221, 0.74563, 0.295965, 0.0196807, 0.76, 0.308549, 0.350624, 1.04837, 0.154939, -0.15492, 2.7945e-05, 0.000227168, 0.0003635
29231, -0.0636318, 0.236934, 0.0196845, 0.77, 0.319068, 1.4025, 1.04837, 0.154939, -0.154921, 2.7945e-05, 0.000215873, 0.0003635
29241, 0.672449, 0.718587, 0.0196848, 0.78, 0.322574, 0.350624, 0.350624, 0.154939, -0.154921, 2.7945e-05, 0.000214964, 0.0003635
29251, 0.633471, 0.950849, 0.0166346, 0.79, 0.322574, 0.347118, 0, 0.154107, -0.154159, 2.7945e-05, -0.000617534, 0.0003635
29261, 0.719185, 0.810912, 0.0194391, 0.8, 0.326081, 0.350624, 0.350624, 0.154939, -0.15486, 2.7945e-05, 0.000946939, 0.0003635
29271, 0.962404, 0.50132, 0.0166148, 0.81, 0.333093, 0, 0.704755, 0.154107, -0.154154, 2.7945e-05, -0.00055857, 0.0003635
29281, 0.818994, 0.549436, 0.0194375, 0.82, 0.340105, 0.347118, 0.694236, 0.154939, -0.154859, 2.7945e-05, 0.000951692, 0.0003635
29291, 0.292345, 1.07905, 0.0196649, 0.83, 0.340105, 1.05187, 0, 0.154939, -0.154916, 2.7945e-05, 0.000274241, 0.0003635
29301, 0.516452, 0.885688, 0.0196832, 0.84, 0.343612, 0.697742, 0.350624, 0.154939, -0.154921, 2.7945e-05, 0.000219658, 0.0003635
29310, 1.06143, 0.646145, 0.0196847, 0.85, 0.350624, 0, 0.701248, 0.154939, -0.154921, 2.7945e-05, 0.000215262, 0.0003635
29321, 0.861766, 0.366149, 0.0196849, 0.86, 0.357637, 0.347118, 1.04486, 0.154939, -0.154921, 2.7945e-05, 0.000214905, 0.0003635
29331, 0.539941, 0.77662, 0.0166346, 0.87, 0.364649, 0.697742, 0.347118, 0.154107, -0.154159, 2.7945e-05, -0.000617549, 0.0003635
29341, 0.299294, 0.860297, 0.0194391, 0.88, 0.368155, 1.05187, 0.350624, 0.154939, -0.15486, 2.7945e-05, 0.000946939, 0.0003635
29350, 0.734095, 0.553422, 0.0166148, 0.89, 0.375168, 0.347118, 0.701248, 0.154107, -0.154154, 2.7945e-05, -0.00055857, 0.0003635
29361, 0.82017, 0.593845, 0.0194375, 0.9, 0.38218, 0.350624, 0.701248, 0.154939, -0.154859, 2.7945e-05, 0.000951692, 0.0003635
29371, 0.288431, 0.577302, 0.00767189, 0.91, 0.385687, 0.697742, 0.347118, 0.151666, -0.151918, 2.7945e-05, -0.00299868, 0.0003635
29381, 0.485095, 0.268313, 0.006724, 0.92, 0.392699, 0.347118, 0.697742, 0.151666, -0.151681, 2.7945e-05, -0.000174925, 0.0003635
29390, 0.181188, 0.470923, 0.00664765, 0.93, 0.396205, 0.701248, 0.350624, 0.151666, -0.151662, 2.7945e-05, 5.25564e-05, 0.0003635
29401, 0.396164, 0.451266, 0.00664151, 0.94, 0.399712, 0.350624, 0.350624, 0.151666, -0.15166, 2.7945e-05, 7.08848e-05, 0.0003635
29411, 0.657113, 0.431716, 0.00664097, 0.95, 0.403218, 0, 0.350624, 0.151666, -0.15166, 2.7945e-05, 7.236e-05, 0.0003635
29421, 0.474375, 0.484101, 0.00958782, 0.96, 0.406724, 0.350624, 0.347118, 0.152471, -0.152397, 2.7945e-05, 0.000876695, 0.0003635
29431, 0.400833, 0.41307, 0.00687838, 0.97, 0.406724, 0.350624, 0.347118, 0.151666, -0.15172, 2.7945e-05, -0.00063476, 0.0003635
29441, 0.0992487, 0.65882, 0.0066601, 0.98, 0.41023, 0.697742, 0, 0.151666, -0.151665, 2.7945e-05, 1.55121e-05, 0.0003635
29451, 0.59215, 0.413072, 0.00664252, 0.99, 0.413737, 0, 0.350624, 0.151666, -0.151661, 2.7945e-05, 6.79046e-05, 0.0003635
29461, 0.547812, 0.596815, 0.00372756, 1, 0.413737, 0, 0, 0.150871, -0.150932, 2.7945e-05, -0.000722989, 0.0003635
29471, 0.627525, 0.405482, 0.00640625, 1.01, 0.417243, 0, 0.347118, 0.151666, -0.151602, 2.7945e-05, 0.000771716, 0.0003635
29480, 0.307017, 0.322114, 0.00370848, 1.02, 0.420749, 0.350624, 0.347118, 0.150871, -0.150927, 2.7945e-05, -0.000666291, 0.0003635
29491, 0.344023, 0.623747, 0.0064047, 1.03, 0.420749, 0.347118, 0, 0.151666, -0.151601, 2.7945e-05, 0.000776291, 0.0003635
29501, 0.326466, 0.3825, 0.0066219, 1.04, 0.424255, 0.350624, 0.350624, 0.151666, -0.151655, 2.7945e-05, 0.000129193, 0.0003635
29511, 0.587775, 0.363297, 0.00663942, 1.05, 0.427761, 0, 0.350624, 0.151666, -0.15166, 2.7945e-05, 7.70688e-05, 0.0003635
29520, 0.333627, 0.615519, 0.00664085, 1.06, 0.427761, 0.350624, 0, 0.151666, -0.15166, 2.7945e-05, 7.28667e-05, 0.0003635
29531, 0.594589, 0.641843, 0.00664097, 1.07, 0.427761, 0, 0, 0.151666, -0.15166, 2.7945e-05, 7.2524e-05, 0.0003635
29541, 0.272586, 0.330725, 0.00372744, 1.08, 0.431268, 0.347118, 0.347118, 0.150871, -0.150932, 2.7945e-05, -0.000722617, 0.0003635
29551, 0.375532, 0.429497, 0.0093531, 1.09, 0.434774, 0.350624, 0.350624, 0.152471, -0.152338, 2.7945e-05, 0.00157593, 0.0003635
29560, 0.586791, 0.362146, 0.00685948, 1.1, 0.43828, 0, 0.350624, 0.151666, -0.151715, 2.7945e-05, -0.000578418, 0.0003635
29571, 0.609108, 0.610487, 0.00665855, 1.11, 0.43828, 0, 0, 0.151666, -0.151665, 2.7945e-05, 2.00421e-05, 0.0003635
29581, 0.357414, 0.6365, 0.0066424, 1.12, 0.43828, 0.347118, 0, 0.151666, -0.151661, 2.7945e-05, 6.82622e-05, 0.0003635
29591, 0.264872, 0.32264, 0.00372756, 1.13, 0.441786, 0.350624, 0.350624, 0.150871, -0.150932, 2.7945e-05, -0.00072296, 0.0003635
29601, 0.298723, 0.354461, 0.00640625, 1.14, 0.445293, 0.350624, 0.350624, 0.151666, -0.151602, 2.7945e-05, 0.000771716, 0.0003635
29611, 0.563985, 0.339061, 0.00662208, 1.15, 0.448799, 0, 0.350624, 0.151666, -0.151656, 2.7945e-05, 0.000128821, 0.0003635
29621, 0.312958, 0.591587, 0.00663942, 1.16, 0.448799, 0.347118, 0, 0.151666, -0.15166, 2.7945e-05, 7.70241e-05, 0.0003635
29631, 0.5716, 0.617937, 0.00664085, 1.17, 0.448799, 0, 0, 0.151666, -0.15166, 2.7945e-05, 7.28667e-05, 0.0003635
29641, 0.320231, 0.375246, 0.00664097, 1.18, 0.452305, 0.347118, 0.347118, 0.151666, -0.15166, 2.7945e-05, 7.2524e-05, 0.0003635
29650, 0.298345, 0.353448, 0.00664097, 1.19, 0.455811, 0.350624, 0.350624, 0.151666, -0.15166, 2.7945e-05, 7.24941e-05, 0.0003635
29661, 0.559305, 0.333908, 0.00664097, 1.2, 0.459318, 0, 0.350624, 0.151666, -0.15166, 2.7945e-05, 7.24941e-05, 0.0003635
29671, 0.585628, 0.586103, 0.00664097, 1.21, 0.459318, 0, 0, 0.151666, -0.15166, 2.7945e-05, 7.24941e-05, 0.0003635
29681, 0.405695, 0.681632, 0.00958782, 1.22, 0.459318, 0.347118, 0, 0.152471, -0.152397, 2.7945e-05, 0.000876695, 0.0003635
29690, 0.329806, 0.38427, 0.00687838, 1.23, 0.462824, 0.350624, 0.350624, 0.151666, -0.15172, 2.7945e-05, -0.00063476, 0.0003635
29701, 0.308721, 0.0915289, 0.0066601, 1.24, 0.469836, 0.347118, 0.697742, 0.151666, -0.151665, 2.7945e-05, 1.55121e-05, 0.0003635
29711, 0.28929, 0.567, 0.00664252, 1.25, 0.469836, 0.347118, 0, 0.151666, -0.151661, 2.7945e-05, 6.79046e-05, 0.0003635
29721, 0.270058, 0.32416, -0.00481886, 1.26, 0.469836, 0, 0, 0.148539, -0.148795, 2.7945e-05, -0.00305532, 0.0003635
29731, -0.0491217, 0.0143571, -0.00574225, 1.27, 0.473343, 0.347118, 0.347118, 0.148539, -0.148564, 2.7945e-05, -0.000304595, 0.0003635
29741, 0.436423, 0.210865, 0.00564331, 1.28, 0.476849, 0, 0.350624, 0.151666, -0.151411, 2.7945e-05, 0.00304446, 0.0003635
29751, 0.203211, 0.211511, -0.00489938, 1.29, 0.476849, 0, 0, 0.148539, -0.148775, 2.7945e-05, -0.00281551, 0.0003635
29761, 0.163202, 0.172146, -0.00574869, 1.3, 0.476849, 0, 0, 0.148539, -0.148563, 2.7945e-05, -0.000285268, 0.0003635
29771, 0.136075, 0.416889, 0.00564283, 1.31, 0.476849, 0.350624, 0, 0.151666, -0.151411, 2.7945e-05, 0.00304601, 0.0003635
29780, 0.415327, 0.460808, 0.00656056, 1.32, 0.476849, 0, 0, 0.151666, -0.15164, 2.7945e-05, 0.000312045, 0.0003635
29791, 0.165306, 0.219412, -0.00482547, 1.33, 0.476849, 0, 0, 0.148539, -0.148794, 2.7945e-05, -0.00303565, 0.0003635
29801, 0.123941, 0.178742, -0.00574279, 1.34, 0.476849, 0, 0, 0.148539, -0.148564, 2.7945e-05, -0.000303, 0.0003635
29811, -1.12301, -1.02995, -0.0562406, 1.35, 0.476849, 0, 0, 0.134778, -0.13594, 2.7945e-05, -0.0138436, 0.0003635
29820, -1.27702, -1.18611, -0.053398, 1.36, 0.476849, 0, 0, 0.136664, -0.136651, 2.7945e-05, 0.000161827, 0.0003635
29831, 0.0624046, 0.10212, -0.0124418, 1.37, 0.469836, -0.697742, -0.694236, 0.147779, -0.14689, 2.7945e-05, 0.0105941, 0.0003635
29841, 0.815684, 0.563696, -0.00635636, 1.38, 0.459318, -1.4025, -1.05187, 0.148539, -0.148411, 2.7945e-05, 0.00152491, 0.0003635
29851, 0.348704, 0.342126, 0.0026803, 1.39, 0.455811, -0.347118, -0.347118, 0.150871, -0.15067, 2.7945e-05, 0.00239673, 0.0003635
29860, -0.0623779, 0.214658, 0.00632185, 1.4, 0.455811, 0.347118, 0, 0.151666, -0.15158, 2.7945e-05, 0.00102305, 0.0003635
29871, -0.0784163, -0.0251286, 0.00661522, 1.41, 0.459318, 0.350624, 0.350624, 0.151666, -0.151654, 2.7945e-05, 0.000149086, 0.0003635
29881, 0.46071, 0.22752, 0.00663888, 1.42, 0.459318, -0.347118, 0, 0.151666, -0.15166, 2.7945e-05, 7.86632e-05, 0.0003635
29891, 0.254779, 0.525612, 0.00664079, 1.43, 0.455811, 0, -0.350624, 0.151666, -0.15166, 2.7945e-05, 7.29859e-05, 0.0003635
29901, 0.281103, 0.595081, 0.00664091, 1.44, 0.452305, 0, -0.347118, 0.151666, -0.15166, 2.7945e-05, 7.25389e-05, 0.0003635
29911, 0.585121, 0.128775, 0.00664097, 1.45, 0.455811, -0.347118, 0.347118, 0.151666, -0.15166, 2.7945e-05, 7.25091e-05, 0.0003635
29921, 0.379152, 0.106977, 0.00664097, 1.46, 0.459318, 0, 0.350624, 0.151666, -0.15166, 2.7945e-05, 7.24941e-05, 0.0003635
29931, 0.124975, 0.359171, 0.00664097, 1.47, 0.459318, 0.350624, 0, 0.151666, -0.15166, 2.7945e-05, 7.24941e-05, 0.0003635
29941, 0.17968, 0.4547, 0.00958782, 1.48, 0.459318, 0.347118, 0, 0.152471, -0.152397, 2.7945e-05, 0.000876695, 0.0003635
29950, -0.948389, -0.861961, -0.0480946, 1.49, 0.459318, 0, 0, 0.136664, -0.137976, 2.7945e-05, -0.015637, 0.0003635
29961, 0.0810043, -0.13971, 0.0022313, 1.5, 0.462824, 0, 0.347118, 0.151666, -0.150558, 2.7945e-05, 0.013209, 0.0003635
29971, -0.866847, -0.834052, -0.0486873, 1.51, 0.459318, -0.347118, -0.347118, 0.136664, -0.137828, 2.7945e-05, -0.0138714, 0.0003635
29981, 0.15676, -0.118778, -0.0120623, 1.52, 0.455811, -0.701248, -0.350624, 0.147779, -0.146984, 2.7945e-05, 0.00946356, 0.0003635
29990, 0.0592404, 0.283011, -0.00632578, 1.53, 0.448799, -0.350624, -0.697742, 0.148539, -0.148419, 2.7945e-05, 0.00143383, 0.0003635
30001, 0.0885493, 0.0884402, 0.00559628, 1.54, 0.448799, 0, 0, 0.151666, -0.151399, 2.7945e-05, 0.00318451, 0.0003635
30011, 0.134016, 0.13318, 0.00655681, 1.55, 0.448799, 0, 0, 0.151666, -0.151639, 2.7945e-05, 0.000323221, 0.0003635
30021, 0.161881, 0.160985, 0.00663418, 1.56, 0.448799, 0, 0, 0.151666, -0.151659, 2.7945e-05, 9.26852e-05, 0.0003635
30030, 0.188328, 0.187428, 0.00664043, 1.57, 0.448799, 0, 0, 0.151666, -0.15166, 2.7945e-05, 7.41184e-05, 0.0003635
30041, 0.144029, 0.417069, 0.00372738, 1.58, 0.445293, 0, -0.350624, 0.150871, -0.150932, 2.7945e-05, -0.000722498, 0.0003635
30051, 0.501439, 0.5379, 0.00640625, 1.59, 0.445293, -0.347118, -0.347118, 0.151666, -0.151602, 2.7945e-05, 0.000771746, 0.0003635
30061, 0.299772, 0.344748, 0.00662208, 1.6, 0.441786, 0, 0, 0.151666, -0.151656, 2.7945e-05, 0.000128821, 0.0003635
30070, 0.32644, 0.0996687, 0.00663942, 1.61, 0.445293, 0, 0.350624, 0.151666, -0.15166, 2.7945e-05, 7.70241e-05, 0.0003635
30081, -0.979888, -0.939142, -0.0483322, 1.62, 0.445293, 0, 0, 0.136664, -0.137917, 2.7945e-05, -0.0149294, 0.0003635
30091, 0.0538566, 0.0563113, 0.00221211, 1.63, 0.445293, 0, 0, 0.151666, -0.150553, 2.7945e-05, 0.013266, 0.0003635
30101, 0.441841, 0.429728, 0.00628418, 1.64, 0.441786, -0.350624, -0.347118, 0.151666, -0.151571, 2.7945e-05, 0.00113542, 0.0003635
30111, 0.517759, 0.782194, 0.00661224, 1.65, 0.434774, -0.347118, -0.701248, 0.151666, -0.151653, 2.7945e-05, 0.000158116, 0.0003635
30120, 0.312316, 0.0855451, 0.00663865, 1.66, 0.43828, 0, 0.350624, 0.151666, -0.15166, 2.7945e-05, 7.93785e-05, 0.0003635
30131, 0.0609868, 0.0687644, 0.00664079, 1.67, 0.441786, 0.347118, 0.347118, 0.151666, -0.15166, 2.7945e-05, 7.30455e-05, 0.0003635
30141, 0.0391034, 0.0469685, 0.00664091, 1.68, 0.445293, 0.350624, 0.350624, 0.151666, -0.15166, 2.7945e-05, 7.25389e-05, 0.0003635
30151, 0.300065, 0.299164, 0.00664097, 1.69, 0.445293, 0, 0, 0.151666, -0.15166, 2.7945e-05, 7.25091e-05, 0.0003635
30160, 0.326387, 0.325487, 0.00664097, 1.7, 0.445293, 0, 0, 0.151666, -0.15166, 2.7945e-05, 7.24941e-05, 0.0003635
30171, 0.352709, 0.351809, 0.00664097, 1.71, 0.445293, 0, 0, 0.151666, -0.15166, 2.7945e-05, 7.24941e-05, 0.0003635
30181, 0.379032, 0.378131, 0.00664097, 1.72, 0.445293, 0, 0, 0.151666, -0.15166, 2.7945e-05, 7.24941e-05, 0.0003635
30191, 0.405354, 0.404454, 0.00664097, 1.73, 0.445293, 0, 0, 0.151666, -0.15166, 2.7945e-05, 7.24941e-05, 0.0003635
30200, 0.151177, 0.430776, 0.00664097, 1.74, 0.445293, 0.350624, 0, 0.151666, -0.15166, 2.7945e-05, 7.24941e-05, 0.0003635
30211, -0.863557, -1.05046, -0.0459814, 1.75, 0.448799, 0, 0.350624, 0.137306, -0.138505, 2.7945e-05, -0.0142882, 0.0003635
30221, 0.0564783, 0.0609968, -0.000512004, 1.76, 0.448799, 0, 0, 0.150871, -0.149872, 2.7945e-05, 0.0119067, 0.0003635
30231, -0.950547, -0.645606, -0.0535387, 1.77, 0.441786, -0.350624, -0.697742, 0.1354, -0.136615, 2.7945e-05, -0.0144767, 0.0003635
30241, 0.504972, 0.263883, 0.00179267, 1.78, 0.43828, -0.701248, -0.350624, 0.151666, -0.150448, 2.7945e-05, 0.0145156, 0.0003635
30251, 0.360736, 0.353115, 0.00333685, 1.79, 0.434774, -0.350624, -0.350624, 0.150871, -0.150834, 2.7945e-05, 0.00044097, 0.0003635
30261, 0.212971, 0.211814, 0.00637478, 1.8, 0.434774, 0, 0, 0.151666, -0.151594, 2.7945e-05, 0.000865474, 0.0003635
30271, -0.0363276, 0.242829, 0.00661951, 1.81, 0.434774, 0.350624, 0, 0.151666, -0.151655, 2.7945e-05, 0.000136375, 0.0003635
30281, 0.225026, 0.26953, 0.00663924, 1.82, 0.434774, 0, 0, 0.151666, -0.15166, 2.7945e-05, 7.7635e-05, 0.0003635
30290, 0.251379, 0.295882, 0.00664079, 1.83, 0.434774, 0, 0, 0.151666, -0.15166, 2.7945e-05, 7.29114e-05, 0.0003635
30301, 0.555398, 0.322206, 0.00664091, 1.84, 0.434774, -0.347118, 0, 0.151666, -0.15166, 2.7945e-05, 7.25389e-05, 0.0003635
30311, 0.34943, 0.34853, 0.00664097, 1.85, 0.434774, 0, 0, 0.151666, -0.15166, 2.7945e-05, 7.25091e-05, 0.0003635
30321, 0.375752, 0.374852, 0.00664097, 1.86, 0.434774, 0, 0, 0.151666, -0.15166, 2.7945e-05, 7.24941e-05, 0.0003635
30330, 0.12438, 0.401174, 0.00664097, 1.87, 0.434774, 0.347118, 0, 0.151666, -0.15166, 2.7945e-05, 7.24941e-05, 0.0003635
30341, -0.8927, -1.08007, -0.0459814, 1.88, 0.43828, 0, 0.350624, 0.137306, -0.138505, 2.7945e-05, -0.0142882, 0.0003635
30351, 0.0979662, 0.0998188, 0.00240153, 1.89, 0.43828, 0, 0, 0.151666, -0.1506, 2.7945e-05, 0.0127019, 0.0003635
30361, 0.482479, 0.741629, 0.00629944, 1.9, 0.434774, -0.350624, -0.697742, 0.151666, -0.151575, 2.7945e-05, 0.00108996, 0.0003635
30371, 0.558116, 0.593503, 0.00661343, 1.91, 0.427761, -0.347118, -0.347118, 0.151666, -0.151653, 2.7945e-05, 0.000154451, 0.0003635
30381, 0.28202, 0.0565389, 0.00372517, 1.92, 0.431268, 0, 0.350624, 0.150871, -0.150931, 2.7945e-05, -0.000716016, 0.0003635
30391, 0.0812772, -0.180613, 0.00640607, 1.93, 0.43828, 0.350624, 0.697742, 0.151666, -0.151602, 2.7945e-05, 0.000772282, 0.0003635
30401, 0.066042, 0.299335, 0.00662202, 1.94, 0.43828, 0.350624, 0, 0.151666, -0.151656, 2.7945e-05, 0.000128865, 0.0003635
30410, 0.327349, 0.325991, 0.00663942, 1.95, 0.43828, 0, 0, 0.151666, -0.15166, 2.7945e-05, 7.7039e-05, 0.0003635
30420, 0.3537, 0.352341, 0.00664085, 1.96, 0.43828, 0, 0, 0.151666, -0.15166, 2.7945e-05, 7.28667e-05, 0.0003635
30431, 0.380025, 0.378665, 0.00664097, 1.97, 0.43828, 0, 0, 0.151666, -0.15166, 2.7945e-05, 7.2524e-05, 0.0003635
30441, 0.125848, 0.135971, 0.00664097, 1.98, 0.441786, 0.350624, 0.347118, 0.151666, -0.15166, 2.7945e-05, 7.24941e-05, 0.0003635
30451, 0.386808, 0.385907, 0.00664097, 1.99, 0.441786, 0, 0, 0.151666, -0.15166, 2.7945e-05, 7.24941e-05, 0.0003635
30460, 0.342499, 0.343806, 0.00372744, 2, 0.441786, 0, 0, 0.150871, -0.150932, 2.7945e-05, -0.000722617, 0.0003635
30471, 0.213154, 0.490698, 0.0093531, 2.01, 0.441786, 0.350624, 0, 0.152471, -0.152338, 2.7945e-05, 0.00157593, 0.0003635
30481, 0.35378, 0.400782, 0.00394589, 2.02, 0.441786, 0, 0, 0.150871, -0.150986, 2.7945e-05, -0.00137353, 0.0003635
30491, 0.429491, 0.202883, 0.00642383, 2.03, 0.445293, 0, 0.350624, 0.151666, -0.151606, 2.7945e-05, 0.000719309, 0.0003635
30500, 0.459792, 0.187171, 0.00662345, 2.04, 0.448799, 0, 0.350624, 0.151666, -0.151656, 2.7945e-05, 0.000124604, 0.0003635
30511, 0.205936, 0.439674, 0.00663954, 2.05, 0.448799, 0.350624, 0, 0.151666, -0.15166, 2.7945e-05, 7.66963e-05, 0.0003635
30521, 0.189228, 0.466021, 0.00664085, 2.06, 0.448799, 0.347118, 0, 0.151666, -0.15166, 2.7945e-05, 7.28369e-05, 0.0003635
30531, 0.447844, 0.492346, 0.00664097, 2.07, 0.448799, 0, 0, 0.151666, -0.15166, 2.7945e-05, 7.2524e-05, 0.0003635
30540, 0.474166, 0.246935, 0.00664097, 2.08, 0.452305, 0, 0.350624, 0.151666, -0.15166, 2.7945e-05, 7.24941e-05, 0.0003635
30551, 0.500489, 0.227396, 0.00664097, 2.09, 0.455811, 0, 0.350624, 0.151666, -0.15166, 2.7945e-05, 7.24941e-05, 0.0003635
30561, 0.178485, 0.411166, 0.00372744, 2.1, 0.455811, 0.347118, 0, 0.150871, -0.150932, 2.7945e-05, -0.000722617, 0.0003635
30571, 0.209993, 0.488852, 0.00640625, 2.11, 0.455811, 0.350624, 0, 0.151666, -0.151602, 2.7945e-05, 0.000771731, 0.0003635
30581, 0.475254, 0.519313, 0.00662208, 2.12, 0.455811, 0, 0, 0.151666, -0.151656, 2.7945e-05, 0.000128821, 0.0003635
30590, 0.501922, 0.276951, 0.00663942, 2.13, 0.459318, 0, 0.347118, 0.151666, -0.15166, 2.7945e-05, 7.70241e-05, 0.0003635
30601, 0.319213, 0.327104, 0.00958771, 2.14, 0.462824, 0.350624, 0.347118, 0.152471, -0.152397, 2.7945e-05, 0.000877067, 0.0003635
30611, -0.806507, -0.765941, -0.0480946, 2.15, 0.462824, 0, 0, 0.136664, -0.137976, 2.7945e-05, -0.015637, 0.0003635
30621, -0.0548083, 0.225326, 0.0022313, 2.16, 0.462824, 0.347118, 0, 0.151666, -0.150558, 2.7945e-05, 0.013209, 0.0003635
30630, 0.636553, 0.670326, 0.00923252, 2.17, 0.459318, -0.350624, -0.350624, 0.152471, -0.152308, 2.7945e-05, 0.00193501, 0.0003635
30641, 0.65844, 0.694106, 0.00684977, 2.18, 0.455811, -0.347118, -0.347118, 0.151666, -0.151712, 2.7945e-05, -0.00054948, 0.0003635
30651, 0.448645, 0.2214, 0.00665778, 2.19, 0.459318, 0, 0.350624, 0.151666, -0.151664, 2.7945e-05, 2.23815e-05, 0.0003635
30661, -0.0863407, -0.0674525, 0.00664228, 2.2, 0.46633, 0.701248, 0.697742, 0.151666, -0.151661, 2.7945e-05, 6.84559e-05, 0.0003635
30670, 0.131538, 0.408331, 0.00664103, 2.21, 0.46633, 0.347118, 0, 0.151666, -0.15166, 2.7945e-05, 7.21812e-05, 0.0003635
30681, 0.39015, 0.434652, 0.00664097, 2.22, 0.46633, 0, 0, 0.151666, -0.15166, 2.7945e-05, 7.24792e-05, 0.0003635
30691, 0.416473, 0.460975, 0.00664097, 2.23, 0.46633, 0, 0, 0.151666, -0.15166, 2.7945e-05, 7.24941e-05, 0.0003635
30701, 0.164978, -0.0535716, -0.00481898, 2.24, 0.469836, 0, 0.350624, 0.148539, -0.148795, 2.7945e-05, -0.00305495, 0.0003635
30710, 0.123495, 0.131517, -0.00574225, 2.25, 0.469836, 0, 0, 0.148539, -0.148564, 2.7945e-05, -0.000304565, 0.0003635
30721, -0.181568, 0.10701, -0.00581664, 2.26, 0.469836, 0.350624, 0, 0.148539, -0.148546, 2.7945e-05, -8.29846e-05, 0.0003635
30731, -1.19253, -1.10038, -0.0562465, 2.27, 0.469836, 0, 0, 0.134778, -0.135938, 2.7945e-05, -0.0138259, 0.0003635
30741, -1.34642, -1.25644, -0.0533984, 2.28, 0.469836, 0, 0, 0.136664, -0.13665, 2.7945e-05, 0.000163257, 0.0003635
30751, 0.273503, 0.0318021, -0.0124419, 2.29, 0.462824, -1.04837, -0.694236, 0.147779, -0.14689, 2.7945e-05, 0.0105942, 0.0003635
30760, 0.511647, 0.493379, -0.00635636, 2.3, 0.452305, -1.05187, -1.05187, 0.148539, -0.148411, 2.7945e-05, 0.00152493, 0.0003635
30771, 0.349936, 0.340233, 0.00559384, 2.31, 0.448799, -0.347118, -0.347118, 0.151666, -0.151398, 2.7945e-05, 0.00319184, 0.0003635
30781, 0.163155, 0.161401, 0.00655657, 2.32, 0.448799, 0, 0, 0.151666, -0.151639, 2.7945e-05, 0.000323802, 0.0003635
30791, 0.191025, 0.189212, 0.00663418, 2.33, 0.448799, 0, 0, 0.151666, -0.151659, 2.7945e-05, 9.27448e-05, 0.0003635
30800, 0.217472, 0.215654, 0.00664043, 2.34, 0.448799, 0, 0, 0.151666, -0.15166, 2.7945e-05, 7.41184e-05, 0.0003635
30811, 0.521498, 0.511002, 0.00664091, 2.35, 0.445293, -0.347118, -0.347118, 0.151666, -0.15166, 2.7945e-05, 7.26134e-05, 0.0003635
30821, 0.593225, 0.582729, 0.00664097, 2.36, 0.441786, -0.347118, -0.347118, 0.151666, -0.15166, 2.7945e-05, 7.25091e-05, 0.0003635
30831, 0.387256, 0.385438, 0.00664097, 2.37, 0.441786, 0, 0, 0.151666, -0.15166, 2.7945e-05, 7.24941e-05, 0.0003635
30840, 0.135884, 0.142744, 0.00664097, 2.38, 0.445293, 0.347118, 0.347118, 0.151666, -0.15166, 2.7945e-05, 7.24941e-05, 0.0003635
30851, 0.113998, 0.120946, 0.00664097, 2.39, 0.448799, 0.350624, 0.350624, 0.151666, -0.15166, 2.7945e-05, 7.24941e-05, 0.0003635
30861, 0.374958, 0.37314, 0.00664097, 2.4, 0.448799, 0, 0, 0.151666, -0.15166, 2.7945e-05, 7.24941e-05, 0.0003635
30871, -0.987808, -0.946217, -0.0506589, 2.41, 0.448799, 0, 0, 0.136029, -0.137335, 2.7945e-05, -0.0155648, 0.0003635
30880, 0.0885776, 0.0902568, 0.00202471, 2.42, 0.448799, 0, 0, 0.151666, -0.150506, 2.7945e-05, 0.0138245, 0.0003635
30891, 0.479995, 0.466976, 0.00626904, 2.43, 0.445293, -0.350624, -0.347118, 0.151666, -0.151567, 2.7945e-05, 0.0011804, 0.0003635
30901, 0.55619, 0.545258, 0.00661099, 2.44, 0.441786, -0.347118, -0.347118, 0.151666, -0.151653, 2.7945e-05, 0.000161752, 0.0003635
30911, 0.350769, 0.348494, 0.00663853, 2.45, 0.441786, 0, 0, 0.151666, -0.15166, 2.7945e-05, 7.96914e-05, 0.0003635
30921, 0.0994412, 0.105843, 0.00664073, 2.46, 0.445293, 0.347118, 0.347118, 0.151666, -0.15166, 2.7945e-05, 7.30753e-05, 0.0003635
30930, 0.0775589, 0.0840478, 0.00664091, 2.47, 0.448799, 0.350624, 0.350624, 0.151666, -0.15166, 2.7945e-05, 7.25538e-05, 0.0003635
30941, 0.33852, 0.336243, 0.00664097, 2.48, 0.448799, 0, 0, 0.151666, -0.15166, 2.7945e-05, 7.25091e-05, 0.0003635
30951, 0.364843, 0.362566, 0.00664097, 2.49, 0.448799, 0, 0, 0.151666, -0.15166, 2.7945e-05, 7.24941e-05, 0.0003635
30961, 0.391165, 0.388888, 0.00664097, 2.5, 0.448799, 0, 0, 0.151666, -0.15166, 2.7945e-05, 7.24941e-05, 0.0003635
30970, 0.488926, 0.484417, 0.00958782, 2.51, 0.448799, 0, 0, 0.152471, -0.152397, 2.7945e-05, 0.000876695, 0.0003635
30981, 0.180746, 0.189772, 0.00687838, 2.52, 0.452305, 0.350624, 0.347118, 0.151666, -0.15172, 2.7945e-05, -0.00063476, 0.0003635
30991, 0.437356, 0.435523, 0.0066601, 2.53, 0.452305, 0, 0, 0.151666, -0.151665, 2.7945e-05, 1.55121e-05, 0.0003635
31001, -0.869351, -1.10126, -0.0483305, 2.54, 0.455811, 0, 0.350624, 0.136664, -0.137917, 2.7945e-05, -0.0149343, 0.0003635
31011, -0.113331, 0.120039, 0.00221229, 2.55, 0.455811, 0.347118, 0, 0.151666, -0.150553, 2.7945e-05, 0.0132656, 0.0003635
31021, 0.506941, 0.767903, 0.00628418, 2.56, 0.448799, -0.350624, -0.701248, 0.151666, -0.151571, 2.7945e-05, 0.00113538, 0.0003635
31031, 0.866163, 0.620505, 0.00661224, 2.57, 0.445293, -0.701248, -0.350624, 0.151666, -0.151653, 2.7945e-05, 0.000158116, 0.0003635
31041, 0.143237, 0.152445, 0.00663865, 2.58, 0.448799, 0.350624, 0.347118, 0.151666, -0.15166, 2.7945e-05, 7.93785e-05, 0.0003635
31051, -0.156759, -0.141045, 0.00664079, 2.59, 0.455811, 0.701248, 0.701248, 0.151666, -0.15166, 2.7945e-05, 7.30455e-05, 0.0003635
31060, -0.0122891, 0.268599, 0.00372738, 2.6, 0.455811, 0.350624, 0, 0.150871, -0.150932, 2.7945e-05, -0.000722572, 0.0003635
31071, 0.302065, 0.346286, 0.00640625, 2.61, 0.455811, 0, 0, 0.151666, -0.151602, 2.7945e-05, 0.000771746, 0.0003635
31081, 0.610383, 0.376747, 0.00662208, 2.62, 0.455811, -0.347118, 0, 0.151666, -0.151656, 2.7945e-05, 0.000128821, 0.0003635
31091, 0.127066, 0.131668, 0.00663942, 2.63, 0.459318, 0.347118, 0.350624, 0.151666, -0.15166, 2.7945e-05, 7.70241e-05, 0.0003635
31100, 0.385708, 0.38389, 0.00664085, 2.64, 0.459318, 0, 0, 0.151666, -0.15166, 2.7945e-05, 7.28667e-05, 0.0003635
31111, 0.412033, 0.410215, 0.00664097, 2.65, 0.459318, 0, 0, 0.151666, -0.15166, 2.7945e-05, 7.2524e-05, 0.0003635
31121, 0.0900297, 0.0990967, 0.00372744, 2.66, 0.462824, 0.347118, 0.347118, 0.150871, -0.150932, 2.7945e-05, -0.000722617, 0.0003635
31131, -0.930643, -0.890637, -0.0485668, 2.67, 0.462824, 0, 0, 0.136664, -0.137858, 2.7945e-05, -0.0142305, 0.0003635
31140, 0.107401, 0.108952, 0.00219321, 2.68, 0.462824, 0, 0, 0.151666, -0.150548, 2.7945e-05, 0.0133223, 0.0003635
31151, 0.77623, 0.754435, 0.00628263, 2.69, 0.455811, -0.701248, -0.697742, 0.151666, -0.151571, 2.7945e-05, 0.00113995, 0.0003635
31161, 0.617537, 0.606605, 0.00661206, 2.7, 0.452305, -0.347118, -0.347118, 0.151666, -0.151653, 2.7945e-05, 0.000158489, 0.0003635
31171, -0.146218, -0.131046, -0.0048213, 2.71, 0.455811, 0.350624, 0.350624, 0.148539, -0.148795, 2.7945e-05, -0.00304802, 0.0003635
31181, -0.514019, -0.489383, -0.00574243, 2.72, 0.462824, 0.701248, 0.701248, 0.148539, -0.148564, 2.7945e-05, -0.000304013, 0.0003635
31191, 0.137882, -0.133165, 0.00272977, 2.73, 0.46633, 0, 0.350624, 0.150871, -0.150682, 2.7945e-05, 0.00224939, 0.0003635
31201, 0.235879, 0.459713, 0.00632584, 2.74, 0.462824, 0, -0.350624, 0.151666, -0.151581, 2.7945e-05, 0.00101118, 0.0003635
31211, 0.548476, 0.534735, 0.00661558, 2.75, 0.459318, -0.350624, -0.347118, 0.151666, -0.151654, 2.7945e-05, 0.000148118, 0.0003635
31221, 0.269994, 0.269467, 0.00372535, 2.76, 0.459318, 0, 0, 0.150871, -0.150931, 2.7945e-05, -0.000716522, 0.0003635
31230, 0.0720525, -0.190843, 0.00640607, 2.77, 0.46633, 0.347118, 0.694236, 0.151666, -0.151602, 2.7945e-05, 0.000772238, 0.0003635
31241, 0.33497, 0.286846, 0.00662202, 2.78, 0.46633, 0, 0, 0.151666, -0.151656, 2.7945e-05, 0.000128865, 0.0003635
31251, 0.361639, 0.313502, 0.00663942, 2.79, 0.46633, 0, 0, 0.151666, -0.15166, 2.7945e-05, 7.7039e-05, 0.0003635
31261, -0.887704, -0.895977, -0.0459815, 2.8, 0.46633, 0, 0, 0.137306, -0.138505, 2.7945e-05, -0.0142879, 0.0003635
31270, 0.102965, 0.0580381, 0.00240153, 2.81, 0.46633, 0, 0, 0.151666, -0.1506, 2.7945e-05, 0.0127019, 0.0003635
31281, 0.487478, 0.699849, 0.00629944, 2.82, 0.459318, -0.350624, -0.697742, 0.151666, -0.151575, 2.7945e-05, 0.00108996, 0.0003635
31291, 0.563115, 0.551722, 0.00661343, 2.83, 0.455811, -0.347118, -0.347118, 0.151666, -0.151653, 2.7945e-05, 0.000154451, 0.0003635
31301, 0.357651, 0.354917, 0.00663877, 2.84, 0.455811, 0, 0, 0.151666, -0.15166, 2.7945e-05, 7.90954e-05, 0.0003635
31311, 0.10632, -0.159472, 0.00664079, 2.85, 0.462824, 0.347118, 0.697742, 0.151666, -0.15166, 2.7945e-05, 7.30157e-05, 0.0003635
31321, -0.190574, -0.221812, -0.00481898, 2.86, 0.46633, 0.347118, 0.347118, 0.148539, -0.148795, 2.7945e-05, -0.0030549, 0.0003635
31331, 0.20742, 0.161729, 0.00280416, 2.87, 0.46633, 0, 0, 0.150871, -0.150701, 2.7945e-05, 0.00202776, 0.0003635
31341, 0.304054, 0.255691, 0.00633186, 2.88, 0.46633, 0, 0, 0.151666, -0.151583, 2.7945e-05, 0.000993326, 0.0003635
31351, 0.336041, 0.556479, 0.00661606, 2.89, 0.462824, 0, -0.347118, 0.151666, -0.151654, 2.7945e-05, 0.000146672, 0.0003635
31361, 0.36282, 0.359627, 0.00663894, 2.9, 0.462824, 0, 0, 0.151666, -0.15166, 2.7945e-05, 7.84695e-05, 0.0003635
31371, -0.166332, -0.152167, -0.00481915, 2.91, 0.46633, 0.347118, 0.347118, 0.148539, -0.148795, 2.7945e-05, -0.00305447, 0.0003635
31381, 0.302296, 0.299801, 0.00571769, 2.92, 0.46633, 0, 0, 0.151666, -0.151429, 2.7945e-05, 0.00282292, 0.0003635
31391, -0.930154, -0.893427, -0.0460557, 2.93, 0.46633, 0, 0, 0.137306, -0.138486, 2.7945e-05, -0.0140667, 0.0003635
31400, 0.0618731, 0.0618953, 0.00239551, 2.94, 0.46633, 0, 0, 0.151666, -0.150599, 2.7945e-05, 0.0127197, 0.0003635
31411, 0.726994, 0.432077, 0.0062989, 2.95, 0.462824, -0.701248, -0.347118, 0.151666, -0.151575, 2.7945e-05, 0.00109141, 0.0003635
31421, 0.570808, 0.781566, 0.00661337, 2.96, 0.455811, -0.350624, -0.697742, 0.151666, -0.151653, 2.7945e-05, 0.000154585, 0.0003635
31431, 0.0824986, 0.0871546, 0.00663871, 2.97, 0.459318, 0.350624, 0.350624, 0.151666, -0.15166, 2.7945e-05, 7.91103e-05, 0.0003635
31440, 0.0630009, 0.0703727, 0.00664079, 2.98, 0.462824, 0.350624, 0.347118, 0.151666, -0.15166, 2.7945e-05, 7.30306e-05, 0.0003635
31451, 0.0434638, 0.0485768, 0.00664091, 2.99, 0.46633, 0.350624, 0.350624, 0.151666, -0.15166, 2.7945e-05, 7.25389e-05, 0.0003635
31461, 0.304425, 0.300772, 0.00664097, 3, 0.46633, 0, 0, 0.151666, -0.15166, 2.7945e-05, 7.25091e-05, 0.0003635
31471, 0.330748, 0.327095, 0.00664097, 3.01, 0.46633, 0, 0, 0.151666, -0.15166, 2.7945e-05, 7.24941e-05, 0.0003635
31480, 0.286439, 0.284993, 0.00372744, 3.02, 0.46633, 0, 0, 0.150871, -0.150932, 2.7945e-05, -0.000722617, 0.0003635
31491, 0.366154, 0.362679, 0.00640625, 3.03, 0.46633, 0, 0, 0.151666, -0.151602, 2.7945e-05, 0.000771731, 0.0003635
31501, 0.468216, 0.462345, 0.00956887, 3.04, 0.46633, 0, 0, 0.152471, -0.152392, 2.7945e-05, 0.000933021, 0.0003635
31511, 0.163065, 0.167915, -0.00458312, 3.05, 0.46633, 0, 0, 0.148539, -0.148854, 2.7945e-05, -0.00375764, 0.0003635
31521, 0.18555, -0.0826039, -0.00290626, 3.06, 0.469836, 0, 0.350624, 0.149308, -0.149273, 2.7945e-05, 0.000407577, 0.0003635
31531, 0.386831, 0.3379, 0.00587177, 3.07, 0.469836, 0, 0, 0.151666, -0.151468, 2.7945e-05, 0.00236383, 0.0003635
31541, 0.356618, 0.309358, 0.00366545, 3.08, 0.469836, 0, 0, 0.150871, -0.150916, 2.7945e-05, -0.000538021, 0.0003635
31551, 0.15697, 0.388136, 0.00640124, 3.09, 0.469836, 0.350624, 0, 0.151666, -0.1516, 2.7945e-05, 0.000786617, 0.0003635
31561, 0.422323, 0.418685, 0.00662166, 3.1, 0.469836, 0, 0, 0.151666, -0.151655, 2.7945e-05, 0.000130028, 0.0003635
31570, 0.448999, 0.445348, 0.00663942, 3.11, 0.469836, 0, 0, 0.151666, -0.15166, 2.7945e-05, 7.71284e-05, 0.0003635
31581, 0.197534, 0.202563, -0.0048191, 3.12, 0.469836, 0, 0, 0.148539, -0.148795, 2.7945e-05, -0.00305457, 0.0003635
31591, 0.43387, 0.430916, 0.00571769, 3.13, 0.469836, 0, 0, 0.151666, -0.151429, 2.7945e-05, 0.00282291, 0.0003635
31601, 0.477112, 0.473515, 0.00656658, 3.14, 0.469836, 0, 0, 0.151666, -0.151642, 2.7945e-05, 0.000294074, 0.0003635
31610, 0.22698, 0.232013, -0.004825, 3.15, 0.469836, 0, 0, 0.148539, -0.148794, 2.7945e-05, -0.0030371, 0.0003635
31621, -0.0948922, -0.0776805, -0.00574273, 3.16, 0.473343, 0.350624, 0.347118, 0.148539, -0.148564, 2.7945e-05, -0.000303119, 0.0003635
31631, 0.183481, 0.18759, -0.00299972, 3.17, 0.473343, 0, 0, 0.149308, -0.14925, 2.7945e-05, 0.000685886, 0.0003635
31641, 0.0411223, 0.0493088, -0.00838155, 3.18, 0.473343, 0, 0, 0.147779, -0.147905, 2.7945e-05, -0.00150146, 0.0003635
31650, 0.0649263, 0.0713307, -0.00602925, 3.19, 0.473343, 0, 0, 0.148539, -0.148493, 2.7945e-05, 0.000550449, 0.0003635
31661, -1.23151, -1.18534, -0.0585214, 3.2, 0.473343, 0, 0, 0.134162, -0.13537, 2.7945e-05, -0.014391, 0.0003635
31671, -0.288856, -0.279391, -0.0100687, 3.21, 0.473343, 0, 0, 0.148539, -0.147483, 2.7945e-05, 0.012584, 0.0003635
31681, 0.60456, 0.310408, -0.00616515, 3.22, 0.46633, -1.04837, -0.694236, 0.148539, -0.148459, 2.7945e-05, 0.000955373, 0.0003635
31691, 0.379642, 0.595904, -0.00863659, 3.23, 0.455811, -0.701248, -1.05187, 0.147779, -0.147841, 2.7945e-05, -0.00074175, 0.0003635
31700, -0.0611557, -0.0551942, -0.00604981, 3.24, 0.455811, 0, 0, 0.148539, -0.148488, 2.7945e-05, 0.000611663, 0.0003635
31711, -0.357776, -0.343295, -0.00584137, 3.25, 0.459318, 0.347118, 0.347118, 0.148539, -0.14854, 2.7945e-05, -9.16421e-06, 0.0003635
31721, 0.129585, -0.14504, 0.00563532, 3.26, 0.462824, 0, 0.350624, 0.151666, -0.151409, 2.7945e-05, 0.00306825, 0.0003635
31731, 0.174335, 0.396616, 0.00655991, 3.27, 0.459318, 0, -0.350624, 0.151666, -0.15164, 2.7945e-05, 0.000313848, 0.0003635
31740, 0.202143, 0.198495, 0.00663441, 3.28, 0.459318, 0, 0, 0.151666, -0.151659, 2.7945e-05, 9.19402e-05, 0.0003635
31751, 0.509084, 0.224933, 0.00664043, 3.29, 0.459318, -0.350624, 0, 0.151666, -0.15166, 2.7945e-05, 7.40588e-05, 0.0003635
31761, 0.300779, 0.522998, 0.00664091, 3.3, 0.455811, 0, -0.350624, 0.151666, -0.15166, 2.7945e-05, 7.26134e-05, 0.0003635
31771, 0.0494078, 0.32345, 0.00664097, 3.31, 0.455811, 0.347118, 0, 0.151666, -0.15166, 2.7945e-05, 7.25091e-05, 0.0003635
31780, 0.308022, 0.0780382, 0.00664097, 3.32, 0.459318, 0, 0.350624, 0.151666, -0.15166, 2.7945e-05, 7.24941e-05, 0.0003635
31791, -0.94135, -0.905596, -0.0459814, 3.33, 0.459318, 0, 0, 0.137306, -0.138505, 2.7945e-05, -0.0142882, 0.0003635
31801, 0.049316, 0.0484166, 0.00240153, 3.34, 0.459318, 0, 0, 0.151666, -0.1506, 2.7945e-05, 0.0127019, 0.0003635
31811, 0.714328, 0.418493, 0.00629944, 3.35, 0.455811, -0.701248, -0.347118, 0.151666, -0.151575, 2.7945e-05, 0.00108996, 0.0003635
31821, 0.558133, 0.767973, 0.00661343, 3.36, 0.448799, -0.350624, -0.697742, 0.151666, -0.151653, 2.7945e-05, 0.000154451, 0.0003635
31831, 0.0698233, 0.345296, 0.00663877, 3.37, 0.448799, 0.350624, 0, 0.151666, -0.15166, 2.7945e-05, 7.90954e-05, 0.0003635
31841, -0.22737, -0.169093, 0.00664079, 3.38, 0.455811, 0.697742, 0.697742, 0.151666, -0.15166, 2.7945e-05, 7.30157e-05, 0.0003635
31851, 0.265884, 0.0349831, 0.00664091, 3.39, 0.459318, 0, 0.350624, 0.151666, -0.15166, 2.7945e-05, 7.25389e-05, 0.0003635
31860, 0.292207, 0.287179, 0.00664097, 3.4, 0.459318, 0, 0, 0.151666, -0.15166, 2.7945e-05, 7.25091e-05, 0.0003635
31870, 0.31853, 0.313501, 0.00664097, 3.41, 0.459318, 0, 0, 0.151666, -0.15166, 2.7945e-05, 7.24941e-05, 0.0003635
31881, 0.344852, 0.339823, 0.00664097, 3.42, 0.459318, 0, 0, 0.151666, -0.15166, 2.7945e-05, 7.24941e-05, 0.0003635
31891, 0.371174, 0.0944121, 0.00664097, 3.43, 0.462824, 0, 0.350624, 0.151666, -0.15166, 2.7945e-05, 7.24941e-05, 0.0003635
31901, 0.116997, 0.346607, 0.00664097, 3.44, 0.462824, 0.350624, 0, 0.151666, -0.15166, 2.7945e-05, 7.24941e-05, 0.0003635
31910, 0.307326, 0.304505, 0.00372744, 3.45, 0.462824, 0, 0, 0.150871, -0.150932, 2.7945e-05, -0.000722617, 0.0003635
31921, -0.945638, -0.908842, -0.0485668, 3.46, 0.462824, 0, 0, 0.136664, -0.137858, 2.7945e-05, -0.0142305, 0.0003635
31931, 0.0924063, 0.0907472, 0.00219321, 3.47, 0.462824, 0, 0, 0.151666, -0.150548, 2.7945e-05, 0.0133223, 0.0003635
31941, 0.761235, 0.464496, 0.00628263, 3.48, 0.459318, -0.701248, -0.347118, 0.151666, -0.151571, 2.7945e-05, 0.00113995, 0.0003635
31950, 0.602543, 0.814272, 0.00661206, 3.49, 0.452305, -0.347118, -0.697742, 0.151666, -0.151653, 2.7945e-05, 0.000158489, 0.0003635
31961, 0.116604, 0.391618, 0.00663865, 3.5, 0.452305, 0.350624, 0, 0.151666, -0.15166, 2.7945e-05, 7.94232e-05, 0.0003635
31971, 0.0999129, -0.122768, 0.00664079, 3.51, 0.459318, 0.347118, 0.697742, 0.151666, -0.15166, 2.7945e-05, 7.30455e-05, 0.0003635
31981, 0.0780295, 0.0813079, 0.00664091, 3.52, 0.462824, 0.350624, 0.350624, 0.151666, -0.15166, 2.7945e-05, 7.25389e-05, 0.0003635
31990, 0.26836, 0.26508, 0.00372744, 3.53, 0.462824, 0, 0, 0.150871, -0.150932, 2.7945e-05, -0.000722602, 0.0003635
32001, 0.348075, 0.342765, 0.00640625, 3.54, 0.462824, 0, 0, 0.151666, -0.151602, 2.7945e-05, 0.000771731, 0.0003635
32011, 0.378699, 0.373226, 0.00662208, 3.55, 0.462824, 0, 0, 0.151666, -0.151656, 2.7945e-05, 0.000128821, 0.0003635
32021, 0.405367, 0.399881, 0.00663942, 3.56, 0.462824, 0, 0, 0.151666, -0.15166, 2.7945e-05, 7.70241e-05, 0.0003635
32031, 0.151219, 0.157214, 0.00664085, 3.57, 0.46633, 0.350624, 0.347118, 0.151666, -0.15166, 2.7945e-05, 7.28667e-05, 0.0003635
32040, 0.341548, 0.338727, 0.00372738, 3.58, 0.46633, 0, 0, 0.150871, -0.150932, 2.7945e-05, -0.000722587, 0.0003635
32051, -0.911414, -0.874619, -0.0485668, 3.59, 0.46633, 0, 0, 0.136664, -0.137858, 2.7945e-05, -0.0142305, 0.0003635
32061, 0.0559984, 0.0565467, -0.000720322, 3.6, 0.46633, 0, 0, 0.150871, -0.14982, 2.7945e-05, 0.0125272, 0.0003635
32071, 0.497721, 0.481659, 0.0060479, 3.61, 0.462824, -0.350624, -0.347118, 0.151666, -0.151512, 2.7945e-05, 0.00183921, 0.0003635
32080, 0.861272, 0.566556, 0.00659317, 3.62, 0.459318, -0.701248, -0.350624, 0.151666, -0.151648, 2.7945e-05, 0.00021483, 0.0003635
32091, 0.138695, 0.367849, 0.0066371, 3.63, 0.459318, 0.350624, 0, 0.151666, -0.151659, 2.7945e-05, 8.3968e-05, 0.0003635
32101, 0.122032, -0.14651, 0.00664067, 3.64, 0.462824, 0.347118, 0.697742, 0.151666, -0.15166, 2.7945e-05, 7.3418e-05, 0.0003635
32111, 0.102956, 0.329302, 0.00664091, 3.65, 0.46633, 0.347118, 0, 0.151666, -0.15166, 2.7945e-05, 7.25538e-05, 0.0003635
32120, 0.29094, 0.287201, 0.00372744, 3.66, 0.46633, 0, 0, 0.150871, -0.150932, 2.7945e-05, -0.000722602, 0.0003635
32131, 0.370655, 0.364887, 0.00640625, 3.67, 0.46633, 0, 0, 0.151666, -0.151602, 2.7945e-05, 0.000771731, 0.0003635
32141, 0.330647, 0.326923, 0.00370848, 3.68, 0.46633, 0, 0, 0.150871, -0.150927, 2.7945e-05, -0.000666291, 0.0003635
32151, 0.410709, 0.133208, 0.0064047, 3.69, 0.469836, 0, 0.350624, 0.151666, -0.151601, 2.7945e-05, 0.000776291, 0.0003635
32161, 0.232299, 0.458773, 0.00956875, 3.7, 0.469836, 0.350624, 0, 0.152471, -0.152392, 2.7945e-05, 0.000933394, 0.0003635
32171, 0.439605, 0.433481, 0.00687683, 3.71, 0.469836, 0, 0, 0.151666, -0.151719, 2.7945e-05, -0.000630185, 0.0003635
32181, -0.814088, -0.780183, -0.0459624, 3.72, 0.469836, 0, 0, 0.137306, -0.138509, 2.7945e-05, -0.0143449, 0.0003635
32191, -0.101587, -0.0956402, -0.00905687, 3.73, 0.469836, 0, 0, 0.148539, -0.147736, 2.7945e-05, 0.00956985, 0.0003635
32201, 0.215092, 0.207303, -0.00608367, 3.74, 0.46633, -0.350624, -0.347118, 0.148539, -0.148479, 2.7945e-05, 0.000712529, 0.0003635
32210, 0.242647, 0.236936, -0.00584412, 3.75, 0.462824, -0.350624, -0.350624, 0.148539, -0.148539, 2.7945e-05, -1.04308e-06, 0.0003635
32221, 0.263131, 0.257488, 0.00563514, 3.76, 0.462824, 0, 0, 0.151666, -0.151409, 2.7945e-05, 0.00306891, 0.0003635
32231, 0.307885, 0.301542, 0.00655991, 3.77, 0.462824, 0, 0, 0.151666, -0.15164, 2.7945e-05, 0.000313893, 0.0003635
32241, 0.0578754, 0.0601579, -0.00482553, 3.78, 0.462824, 0, 0, 0.148539, -0.148794, 2.7945e-05, -0.0030355, 0.0003635
32250, 0.294329, 0.288625, 0.00571716, 3.79, 0.462824, 0, 0, 0.151666, -0.151429, 2.7945e-05, 0.00282446, 0.0003635
32261, 0.337581, 0.0594989, 0.00656652, 3.8, 0.46633, 0, 0.350624, 0.151666, -0.151642, 2.7945e-05, 0.000294209, 0.0003635
32271, 0.365267, 0.313005, 0.00663495, 3.81, 0.46633, 0, 0, 0.151666, -0.151659, 2.7945e-05, 9.03606e-05, 0.0003635
32281, 0.3917, 0.611168, 0.00664049, 3.82, 0.462824, 0, -0.350624, 0.151666, -0.15166, 2.7945e-05, 7.39396e-05, 0.0003635
32290, 0.489469, 0.480832, 0.00958776, 3.83, 0.462824, 0, 0, 0.152471, -0.152397, 2.7945e-05, 0.000876799, 0.0003635
32301, 0.461789, 0.183471, 0.00687838, 3.84, 0.46633, 0, 0.350624, 0.151666, -0.15172, 2.7945e-05, -0.000634745, 0.0003635
32311, -1.07243, -0.804348, -0.0459623, 3.85, 0.46633, 0.350624, 0, 0.137306, -0.138509, 2.7945e-05, -0.0143452, 0.0003635
32321, 0.152521, 0.149328, 0.00240308, 3.86, 0.46633, 0, 0, 0.151666, -0.150601, 2.7945e-05, 0.0126973, 0.0003635
32331, 0.537006, 0.519377, 0.00629956, 3.87, 0.462824, -0.350624, -0.347118, 0.151666, -0.151575, 2.7945e-05, 0.00108959, 0.0003635
32340, 0.612641, 0.597121, 0.00661343, 3.88, 0.459318, -0.347118, -0.347118, 0.151666, -0.151653, 2.7945e-05, 0.000154436, 0.0003635
32351, 0.336544, 0.0601563, 0.00372517, 3.89, 0.462824, 0, 0.350624, 0.150871, -0.150931, 2.7945e-05, -0.000716016, 0.0003635
32361, 0.135801, 0.0947377, 0.00640607, 3.9, 0.46633, 0.350624, 0.347118, 0.151666, -0.151602, 2.7945e-05, 0.000772282, 0.0003635
32371, -0.159933, 0.0770801, 0.00662202, 3.91, 0.469836, 0.701248, 0.350624, 0.151666, -0.151656, 2.7945e-05, 0.000128865, 0.0003635
32380, 0.336011, 0.329608, 0.00663942, 3.92, 0.469836, 0, 0, 0.151666, -0.15166, 2.7945e-05, 7.7039e-05, 0.0003635
32391, 0.362362, 0.355958, 0.00664085, 3.93, 0.469836, 0, 0, 0.151666, -0.15166, 2.7945e-05, 7.28667e-05, 0.0003635
32401, 0.388687, 0.382283, 0.00664097, 3.94, 0.469836, 0, 0, 0.151666, -0.15166, 2.7945e-05, 7.2524e-05, 0.0003635
32411, 0.415009, 0.408605, 0.00664097, 3.95, 0.469836, 0, 0, 0.151666, -0.15166, 2.7945e-05, 7.24941e-05, 0.0003635
32420, 0.512771, 0.504134, 0.00958782, 3.96, 0.469836, 0, 0, 0.152471, -0.152397, 2.7945e-05, 0.000876695, 0.0003635
32431, 0.48509, 0.478505, 0.00687838, 3.97, 0.469836, 0, 0, 0.151666, -0.15172, 2.7945e-05, -0.00063476, 0.0003635
32441, 0.226562, 0.231626, 0.0066601, 3.98, 0.473343, 0.350624, 0.347118, 0.151666, -0.151665, 2.7945e-05, 1.55121e-05, 0.0003635
32451, 0.209355, 0.21209, -0.00481743, 3.99, 0.473343, 0, 0, 0.148539, -0.148796, 2.7945e-05, -0.00305954, 0.0003635
32460, 0.44566, 0.440414, 0.00571781, 4, 0.473343, 0, 0, 0.151666, -0.151429, 2.7945e-05, 0.0028225, 0.0003635
32471, 0.4889, 0.483011, 0.00656658, 4.01, 0.473343, 0, 0, 0.151666, -0.151642, 2.7945e-05, 0.000294045, 0.0003635
32481, -0.106462, -0.0929334, -0.00761086, 4.02, 0.476849, 0.347118, 0.347118, 0.147779, -0.148097, 2.7945e-05, -0.00379737, 0.0003635
32491, 0.13551, 0.139116, -0.00596714, 4.03, 0.476849, 0, 0, 0.148539, -0.148508, 2.7945e-05, 0.000365481, 0.0003635
32501, 0.115068, 0.118573, -0.00583476, 4.04, 0.476849, 0, 0, 0.148539, -0.148541, 2.7945e-05, -2.89977e-05, 0.0003635
32510, 0.0921994, 0.0956969, -0.00582409, 4.05, 0.476849, 0, 0, 0.148539, -0.148544, 2.7945e-05, -6.07818e-05, 0.0003635
32521, 0.0691365, 0.0726333, -0.00582319, 4.06, 0.476849, 0, 0, 0.148539, -0.148544, 2.7945e-05, -6.33299e-05, 0.0003635
32531, 0.0460569, 0.0495537, -0.00582314, 4.07, 0.476849, 0, 0, 0.148539, -0.148544, 2.7945e-05, -6.35535e-05, 0.0003635
32541, 0.0229761, 0.026473, -0.00582314, 4.08, 0.476849, 0, 0, 0.148539, -0.148544, 2.7945e-05, -6.35684e-05, 0.0003635
32550, 0.0681856, 0.0695484, -0.00300616, 4.09, 0.476849, 0, 0, 0.149308, -0.149248, 2.7945e-05, 0.000705183, 0.0003635
32561, -0.00651904, -0.0031941, -0.00559622, 4.1, 0.476849, 0, 0, 0.148539, -0.148601, 2.7945e-05, -0.000739634, 0.0003635
32571, -0.0337578, -0.0302748, -0.00580484, 4.11, 0.476849, 0, 0, 0.148539, -0.148549, 2.7945e-05, -0.000118032, 0.0003635
32581, -0.0571735, -0.0536778, -0.00582165, 4.12, 0.476849, 0, 0, 0.148539, -0.148545, 2.7945e-05, -6.79642e-05, 0.0003635
32590, -0.0802816, -0.0767849, -0.00582302, 4.13, 0.476849, 0, 0, 0.148539, -0.148544, 2.7945e-05, -6.3926e-05, 0.0003635
32601, -0.103365, -0.099868, -0.00582314, 4.14, 0.476849, 0, 0, 0.148539, -0.148544, 2.7945e-05, -6.35982e-05, 0.0003635
32611, -0.126446, -0.122949, -0.00582314, 4.15, 0.476849, 0, 0, 0.148539, -0.148544, 2.7945e-05, -6.35684e-05, 0.0003635
32621, 0.0634369, -0.211455, -0.008609, 4.16, 0.476849, -0.350624, 0, 0.147779, -0.147848, 2.7945e-05, -0.00082384, 0.0003635
32630, -0.143229, -0.185424, -0.00604761, 4.17, 0.476849, 0, 0, 0.148539, -0.148488, 2.7945e-05, 0.000605047, 0.0003635
32641, -0.162196, -0.204547, -0.0058412, 4.18, 0.476849, 0, 0, 0.148539, -0.14854, 2.7945e-05, -9.68575e-06, 0.0003635
32651, -0.184945, -0.227309, -0.00582457, 4.19, 0.476849, 0, 0, 0.148539, -0.148544, 2.7945e-05, -5.92321e-05, 0.0003635
32661, -0.208, -0.250365, -0.00582325, 4.2, 0.476849, 0, 0, 0.148539, -0.148544, 2.7945e-05, -6.32256e-05, 0.0003635
32671, -0.231078, -0.273443, -0.00582314, 4.21, 0.476849, 0, 0, 0.148539, -0.148544, 2.7945e-05, -6.35386e-05, 0.0003635
32680, -0.185869, -0.230368, -0.00300616, 4.22, 0.476849, 0, 0, 0.149308, -0.149248, 2.7945e-05, 0.000705183, 0.0003635
32691, -0.260574, -0.0340936, -0.00559622, 4.23, 0.473343, 0, -0.347118, 0.148539, -0.148601, 2.7945e-05, -0.000739634, 0.0003635
32701, -0.35535, -0.350215, -0.00859076, 4.24, 0.473343, 0, 0, 0.147779, -0.147852, 2.7945e-05, -0.000878304, 0.0003635
32711, -1.60484, -1.56173, -0.0587278, 4.25, 0.473343, 0, 0, 0.134162, -0.135318, 2.7945e-05, -0.0137763, 0.0003635
32720, -0.725945, -0.717566, -0.0128712, 4.26, 0.473343, 0, 0, 0.147779, -0.146782, 2.7945e-05, 0.0118733, 0.0003635
32731, 0.221634, 0.193372, -0.00639093, 4.27, 0.462824, -1.05187, -1.04486, 0.148539, -0.148402, 2.7945e-05, 0.00162797, 0.0003635
32741, 0.62436, 0.591537, 0.00559103, 4.28, 0.452305, -1.05187, -1.05187, 0.151666, -0.151398, 2.7945e-05, 0.00320014, 0.0003635
32751, 0.175878, -0.109671, 0.00364286, 4.29, 0.452305, -0.350624, 0, 0.150871, -0.150911, 2.7945e-05, -0.000470638, 0.0003635
32760, -0.257995, -0.0304952, 0.00639939, 4.3, 0.452305, 0.350624, 0, 0.151666, -0.1516, 2.7945e-05, 0.000792041, 0.0003635
32771, -0.0632392, -0.340072, 0.00370795, 4.31, 0.455811, 0, 0.350624, 0.150871, -0.150927, 2.7945e-05, -0.000664636, 0.0003635
32781, 0.294526, 0.232845, 0.00640464, 4.32, 0.452305, -0.347118, -0.347118, 0.151666, -0.151601, 2.7945e-05, 0.00077641, 0.0003635
32791, 0.373387, 0.311453, 0.0066219, 4.33, 0.448799, -0.350624, -0.350624, 0.151666, -0.151655, 2.7945e-05, 0.000129208, 0.0003635
32801, 0.165421, 0.383973, 0.00663942, 4.34, 0.445293, 0, -0.350624, 0.151666, -0.15166, 2.7945e-05, 7.70688e-05, 0.0003635
32811, 0.263211, 0.253657, 0.00958771, 4.35, 0.445293, 0, 0, 0.152471, -0.152397, 2.7945e-05, 0.000877067, 0.0003635
32821, 0.306971, 0.297237, 0.00982523, 4.36, 0.445293, 0, 0, 0.152471, -0.152456, 2.7945e-05, 0.000169471, 0.0003635
32831, 0.204309, -0.0700164, 0.00398397, 4.37, 0.448799, 0, 0.347118, 0.150871, -0.150996, 2.7945e-05, -0.00148684, 0.0003635
32841, -1.22089, -1.22657, -0.055457, 4.38, 0.448799, 0, 0, 0.134778, -0.136136, 2.7945e-05, -0.0161781, 0.0003635
32850, -0.0565811, -0.105515, 0.00163811, 4.39, 0.448799, 0, 0, 0.151666, -0.15041, 2.7945e-05, 0.014976, 0.0003635
32861, 0.619616, 0.549753, 0.00623792, 4.4, 0.441786, -0.697742, -0.697742, 0.151666, -0.151559, 2.7945e-05, 0.00127317, 0.0003635
32871, 0.466895, 0.677163, 0.00660849, 4.41, 0.434774, -0.350624, -0.701248, 0.151666, -0.151652, 2.7945e-05, 0.000169218, 0.0003635
32881, 0.259174, -0.0194203, 0.00663835, 4.42, 0.43828, 0, 0.350624, 0.151666, -0.15166, 2.7945e-05, 8.02875e-05, 0.0003635
32890, -0.275455, -0.0361966, 0.00664073, 4.43, 0.441786, 0.701248, 0.347118, 0.151666, -0.15166, 2.7945e-05, 7.312e-05, 0.0003635
32901, 0.220147, -0.0579913, 0.00664091, 4.44, 0.445293, 0, 0.350624, 0.151666, -0.15166, 2.7945e-05, 7.25538e-05, 0.0003635
32911, 0.24647, 0.194204, 0.00664097, 4.45, 0.445293, 0, 0, 0.151666, -0.15166, 2.7945e-05, 7.25091e-05, 0.0003635
32921, 0.272793, 0.49226, 0.00664097, 4.46, 0.441786, 0, -0.350624, 0.151666, -0.15166, 2.7945e-05, 7.24941e-05, 0.0003635
32930, 0.299115, 0.292711, 0.00664097, 4.47, 0.441786, 0, 0, 0.151666, -0.15166, 2.7945e-05, 7.24941e-05, 0.0003635
32941, 0.325437, 0.0500167, 0.00664097, 4.48, 0.445293, 0, 0.347118, 0.151666, -0.15166, 2.7945e-05, 7.24941e-05, 0.0003635
32951, 0.35176, 0.030936, 0.00664097, 4.49, 0.445293, 0, 0.347118, 0.151666, -0.15166, 2.7945e-05, 7.24941e-05, 0.0003635
32961, 0.0975828, 0.280872, 0.00664097, 4.5, 0.448799, 0.350624, 0, 0.151666, -0.15166, 2.7945e-05, 7.24941e-05, 0.0003635
32970, -0.974136, -0.983838, -0.048332, 4.51, 0.448799, 0, 0, 0.136664, -0.137917, 2.7945e-05, -0.0149297, 0.0003635
32980, 0.0596074, 0.0116139, 0.00221217, 4.52, 0.448799, 0, 0, 0.151666, -0.150553, 2.7945e-05, 0.013266, 0.0003635
32991, 0.657459, 0.588339, 0.00337064, 4.53, 0.441786, -0.701248, -0.697742, 0.150871, -0.150843, 2.7945e-05, 0.000340298, 0.0003635
33001, 0.55213, 0.491844, 0.00637746, 4.54, 0.43828, -0.347118, -0.347118, 0.151666, -0.151594, 2.7945e-05, 0.000857368, 0.0003635
33011, 0.070491, 0.299199, 0.00661975, 4.55, 0.43828, 0.350624, 0, 0.151666, -0.151655, 2.7945e-05, 0.000135735, 0.0003635
33020, 0.0541452, 0.0568789, 0.00663924, 4.56, 0.441786, 0.347118, 0.347118, 0.151666, -0.15166, 2.7945e-05, 7.75754e-05, 0.0003635
33031, 0.0322903, 0.0351104, 0.00664079, 4.57, 0.445293, 0.350624, 0.350624, 0.151666, -0.15166, 2.7945e-05, 7.29114e-05, 0.0003635
33041, 0.222621, -0.0528506, 0.00372738, 4.58, 0.448799, 0, 0.350624, 0.150871, -0.150932, 2.7945e-05, -0.000722572, 0.0003635
33051, 0.302338, 0.519725, 0.00640625, 4.59, 0.445293, 0, -0.347118, 0.151666, -0.151602, 2.7945e-05, 0.000771746, 0.0003635
33060, 0.332962, 0.326572, 0.00662208, 4.6, 0.445293, 0, 0, 0.151666, -0.151656, 2.7945e-05, 0.000128821, 0.0003635
33071, 0.35963, 0.0814932, 0.00663942, 4.61, 0.448799, 0, 0.350624, 0.151666, -0.15166, 2.7945e-05, 7.70241e-05, 0.0003635
33081, 0.45742, 0.402922, 0.00958771, 4.62, 0.448799, 0, 0, 0.152471, -0.152397, 2.7945e-05, 0.000877067, 0.0003635
33091, 0.149242, 0.377295, 0.00687838, 4.63, 0.448799, 0.350624, 0, 0.151666, -0.15172, 2.7945e-05, -0.00063473, 0.0003635
33100, -0.869843, -0.836396, -0.0459623, 4.64, 0.448799, 0, 0, 0.137306, -0.138509, 2.7945e-05, -0.0143452, 0.0003635
33111, 0.120473, -0.154454, 0.00240308, 4.65, 0.452305, 0, 0.350624, 0.151666, -0.150601, 2.7945e-05, 0.0126973, 0.0003635
33121, 0.434326, 0.373043, 0.00338602, 4.66, 0.448799, -0.350624, -0.347118, 0.150871, -0.150847, 2.7945e-05, 0.000294477, 0.0003635
33131, 0.566159, 0.50215, 0.00637871, 4.67, 0.445293, -0.350624, -0.347118, 0.151666, -0.151595, 2.7945e-05, 0.000853673, 0.0003635
33141, 0.362649, 0.581216, 0.00661981, 4.68, 0.441786, 0, -0.350624, 0.151666, -0.151655, 2.7945e-05, 0.000135437, 0.0003635
33150, 0.108859, 0.113022, 0.00663924, 4.69, 0.445293, 0.350624, 0.347118, 0.151666, -0.15166, 2.7945e-05, 7.75605e-05, 0.0003635
33161, 0.0921556, -0.177763, 0.00664079, 4.7, 0.452305, 0.347118, 0.697742, 0.151666, -0.15166, 2.7945e-05, 7.29114e-05, 0.0003635
33171, 0.350772, 0.298047, 0.00664091, 4.71, 0.452305, 0, 0, 0.151666, -0.15166, 2.7945e-05, 7.25389e-05, 0.0003635
33181, 0.377095, 0.324371, 0.00664097, 4.72, 0.452305, 0, 0, 0.151666, -0.15166, 2.7945e-05, 7.25091e-05, 0.0003635
33190, 0.122918, 0.350693, 0.00664097, 4.73, 0.452305, 0.350624, 0, 0.151666, -0.15166, 2.7945e-05, 7.24941e-05, 0.0003635
33201, 0.313247, 0.308592, 0.00372744, 4.74, 0.452305, 0, 0, 0.150871, -0.150932, 2.7945e-05, -0.000722617, 0.0003635
33211, 0.392962, 0.117261, 0.00640625, 4.75, 0.455811, 0, 0.347118, 0.151666, -0.151602, 2.7945e-05, 0.000771731, 0.0003635
33221, 0.352954, 0.30291, 0.00370848, 4.76, 0.455811, 0, 0, 0.150871, -0.150927, 2.7945e-05, -0.000666291, 0.0003635
33230, 0.433016, 0.380929, 0.0064047, 4.77, 0.455811, 0, 0, 0.151666, -0.151601, 2.7945e-05, 0.000776291, 0.0003635
33241, -1.20592, -0.934263, -0.050678, 4.78, 0.455811, 0.350624, 0, 0.136029, -0.137331, 2.7945e-05, -0.0155081, 0.0003635
33251, 0.105452, 0.102546, 0.00202316, 4.79, 0.455811, 0, 0, 0.151666, -0.150506, 2.7945e-05, 0.013829, 0.0003635
33261, 0.777397, 0.479293, 0.00626892, 4.8, 0.452305, -0.701248, -0.347118, 0.151666, -0.151567, 2.7945e-05, 0.00118077, 0.0003635
33271, 0.899456, 0.557577, 0.00661099, 4.81, 0.448799, -0.697742, -0.347118, 0.151666, -0.151653, 2.7945e-05, 0.000161782, 0.0003635
33281, 0.178898, 0.360814, 0.00663853, 4.82, 0.448799, 0.350624, 0, 0.151666, -0.15166, 2.7945e-05, 7.96914e-05, 0.0003635
33291, -0.398791, 0.118162, 0.00664073, 4.83, 0.452305, 1.04837, 0.347118, 0.151666, -0.15166, 2.7945e-05, 7.30753e-05, 0.0003635
33301, 0.0486025, 0.0990845, 0.00664091, 4.84, 0.455811, 0.350624, 0.347118, 0.151666, -0.15166, 2.7945e-05, 7.25538e-05, 0.0003635
33311, 0.590063, 0.349021, 0.00664097, 4.85, 0.455811, -0.350624, 0, 0.151666, -0.15166, 2.7945e-05, 7.25091e-05, 0.0003635
33320, 0.659442, 0.375344, 0.00664097, 4.86, 0.455811, -0.347118, 0, 0.151666, -0.15166, 2.7945e-05, 7.24941e-05, 0.0003635
33331, 0.175779, 0.401666, 0.00664097, 4.87, 0.455811, 0.347118, 0, 0.151666, -0.15166, 2.7945e-05, 7.24941e-05, 0.0003635
33341, 0.225332, 0.497195, 0.00958782, 4.88, 0.455811, 0.350624, 0, 0.152471, -0.152397, 2.7945e-05, 0.000876695, 0.0003635
33351, 0.432289, 0.199833, 0.00687838, 4.89, 0.459318, 0, 0.350624, 0.151666, -0.15172, 2.7945e-05, -0.00063476, 0.0003635
33360, 0.454261, 0.176109, 0.0066601, 4.9, 0.462824, 0, 0.350624, 0.151666, -0.151665, 2.7945e-05, 1.55121e-05, 0.0003635
33371, 0.480233, 0.427966, 0.00664252, 4.91, 0.462824, 0, 0, 0.151666, -0.151661, 2.7945e-05, 6.79046e-05, 0.0003635
33381, 0.228832, 0.454261, 0.00664109, 4.92, 0.462824, 0.347118, 0, 0.151666, -0.15166, 2.7945e-05, 7.21216e-05, 0.0003635
33391, 0.206944, 0.480581, 0.00664097, 4.93, 0.462824, 0.350624, 0, 0.151666, -0.15166, 2.7945e-05, 7.24643e-05, 0.0003635
33400, 0.190087, -0.0339656, -0.00481898, 4.94, 0.46633, 0, 0.350624, 0.148539, -0.148795, 2.7945e-05, -0.00305495, 0.0003635
33411, 0.426421, 0.148524, 0.00571769, 4.95, 0.469836, 0, 0.350624, 0.151666, -0.151429, 2.7945e-05, 0.00282288, 0.0003635
33421, 0.469663, 0.416995, 0.00656658, 4.96, 0.469836, 0, 0, 0.151666, -0.151642, 2.7945e-05, 0.000294074, 0.0003635
33431, 0.216849, 0.444628, 0.00663495, 4.97, 0.469836, 0.350624, 0, 0.151666, -0.151659, 2.7945e-05, 9.03457e-05, 0.0003635
33440, 0.477919, 0.471057, 0.00664049, 4.98, 0.469836, 0, 0, 0.151666, -0.15166, 2.7945e-05, 7.39396e-05, 0.0003635
33451, 0.50425, 0.228371, 0.00664091, 4.99, 0.473343, 0, 0.347118, 0.151666, -0.15166, 2.7945e-05, 7.25985e-05, 0.0003635
33461, -0.0249376, -0.0598436, -0.00481898, 5, 0.476849, 0.347118, 0.347118, 0.148539, -0.148795, 2.7945e-05, -0.00305493, 0.0003635
33471, 0.234161, 0.189142, -0.00292528, 5.01, 0.476849, 0, 0, 0.149308, -0.149269, 2.7945e-05, 0.000464186, 0.0003635
33481, 0.226264, 0.450146, -0.00277275, 5.02, 0.473343, 0, -0.347118, 0.149308, -0.149307, 2.7945e-05, 9.70066e-06, 0.0003635
33490, 0.147283, 0.149676, -0.00557739, 5.03, 0.473343, 0, 0, 0.148539, -0.148606, 2.7945e-05, -0.000795662, 0.0003635
33501, -1.15743, -1.38398, -0.058485, 5.04, 0.476849, 0, 0.347118, 0.134162, -0.135379, 2.7945e-05, -0.0144995, 0.0003635
33511, -0.215446, -0.255055, -0.0100657, 5.05, 0.476849, 0, 0, 0.148539, -0.147484, 2.7945e-05, 0.0125753, 0.0003635
33521, 0.400221, 0.606425, -0.00616491, 5.06, 0.46633, -0.701248, -1.04486, 0.148539, -0.148459, 2.7945e-05, 0.000954658, 0.0003635
33530, 0.752944, 0.728873, 0.00560927, 5.07, 0.459318, -0.701248, -0.701248, 0.151666, -0.151402, 2.7945e-05, 0.0031459, 0.0003635
33541, 0.328897, 0.0499045, 0.00655782, 5.08, 0.462824, 0, 0.350624, 0.151666, -0.151639, 2.7945e-05, 0.000320092, 0.0003635
33551, -0.201452, 0.0345475, 0.00663424, 5.09, 0.46633, 0.697742, 0.347118, 0.151666, -0.151659, 2.7945e-05, 9.24468e-05, 0.0003635
33561, 0.291923, 0.0128685, 0.00664043, 5.1, 0.469836, 0, 0.350624, 0.151666, -0.15166, 2.7945e-05, 7.41035e-05, 0.0003635
33570, 0.318255, 0.536806, 0.00664091, 5.11, 0.46633, 0, -0.350624, 0.151666, -0.15166, 2.7945e-05, 7.26134e-05, 0.0003635
33581, 0.344579, 0.337257, 0.00664097, 5.12, 0.46633, 0, 0, 0.151666, -0.15166, 2.7945e-05, 7.25091e-05, 0.0003635
33591, 0.370901, 0.36358, 0.00664097, 5.13, 0.46633, 0, 0, 0.151666, -0.15166, 2.7945e-05, 7.24941e-05, 0.0003635
33601, 0.397223, 0.118168, 0.00664097, 5.14, 0.469836, 0, 0.350624, 0.151666, -0.15166, 2.7945e-05, 7.24941e-05, 0.0003635
33611, 0.214485, 0.439569, 0.00958782, 5.15, 0.469836, 0.350624, 0, 0.152471, -0.152397, 2.7945e-05, 0.000876695, 0.0003635
33620, 0.0760892, 0.0793801, -0.00736743, 5.16, 0.469836, 0, 0, 0.147779, -0.148158, 2.7945e-05, -0.00452247, 0.0003635
33631, -1.14109, -1.36969, -0.0563715, 5.17, 0.473343, 0, 0.347118, 0.134778, -0.135907, 2.7945e-05, -0.0134537, 0.0003635
33641, 0.0399816, -0.00889671, 0.00156444, 5.18, 0.473343, 0, 0, 0.151666, -0.150391, 2.7945e-05, 0.0151955, 0.0003635
33651, 0.720333, 0.919404, 0.00623196, 5.19, 0.46633, -0.701248, -1.04837, 0.151666, -0.151558, 2.7945e-05, 0.00129086, 0.0003635
33660, 0.284753, 0.549194, -0.00485194, 5.2, 0.455811, -0.347118, -0.697742, 0.148539, -0.148787, 2.7945e-05, -0.00295679, 0.0003635
33671, 0.2894, -0.214826, 0.00571507, 5.21, 0.462824, 0, 0.701248, 0.151666, -0.151429, 2.7945e-05, 0.00283079, 0.0003635
33681, -0.225504, -0.261187, 0.00656635, 5.22, 0.469836, 0.697742, 0.697742, 0.151666, -0.151642, 2.7945e-05, 0.0002947, 0.0003635
33691, -0.00870231, -0.0531989, -0.004825, 5.23, 0.469836, 0, 0, 0.148539, -0.148794, 2.7945e-05, -0.00303704, 0.0003635
33700, 0.227742, 0.446993, 0.00571722, 5.24, 0.46633, 0, -0.350624, 0.151666, -0.151429, 2.7945e-05, 0.00282432, 0.0003635
33711, 0.270992, 0.263727, 0.00656652, 5.25, 0.46633, 0, 0, 0.151666, -0.151642, 2.7945e-05, 0.000294194, 0.0003635
33721, 0.576373, 0.291362, 0.00663495, 5.26, 0.46633, -0.347118, 0, 0.151666, -0.151659, 2.7945e-05, 9.03606e-05, 0.0003635
33731, 0.370514, 0.0460565, 0.00664049, 5.27, 0.469836, 0, 0.350624, 0.151666, -0.15166, 2.7945e-05, 7.39396e-05, 0.0003635
33740, -0.093181, 0.0952801, -0.00200206, 5.28, 0.469836, 0.350624, 0, 0.149308, -0.149499, 2.7945e-05, -0.00228609, 0.0003635
33751, 0.0484749, 0.273972, 0.00594467, 5.29, 0.469836, 0.347118, 0, 0.151666, -0.151486, 2.7945e-05, 0.00214681, 0.0003635
33761, -0.955845, -0.923258, -0.0460375, 5.3, 0.469836, 0, 0, 0.137306, -0.138491, 2.7945e-05, -0.0141211, 0.0003635
33771, 0.0358487, 0.0317426, 0.002397, 5.31, 0.469836, 0, 0, 0.151666, -0.150599, 2.7945e-05, 0.0127153, 0.0003635
33781, 0.35559, 0.339071, -0.00794679, 5.32, 0.462824, -0.701248, -0.697742, 0.147779, -0.148013, 2.7945e-05, -0.00279666, 0.0003635
33790, 0.179846, 0.17296, -0.0059942, 5.33, 0.459318, -0.347118, -0.347118, 0.148539, -0.148501, 2.7945e-05, 0.000446111, 0.0003635
33801, -0.0723909, -0.0707179, -0.0058369, 5.34, 0.459318, 0, 0, 0.148539, -0.148541, 2.7945e-05, -2.25157e-05, 0.0003635
33811, -0.09522, -0.0935565, -0.00582427, 5.35, 0.459318, 0, 0, 0.148539, -0.148544, 2.7945e-05, -6.02603e-05, 0.0003635
33821, 0.159536, 0.152517, 0.00563669, 5.36, 0.459318, 0, 0, 0.151666, -0.151409, 2.7945e-05, 0.00306414, 0.0003635
33830, -0.073555, -0.0725918, -0.00489992, 5.37, 0.459318, 0, 0, 0.148539, -0.148775, 2.7945e-05, -0.00281392, 0.0003635
33841, -0.113554, -0.111948, -0.00574875, 5.38, 0.459318, 0, 0, 0.148539, -0.148563, 2.7945e-05, -0.000285134, 0.0003635
33851, 0.139818, 0.132794, 0.00564277, 5.39, 0.459318, 0, 0, 0.151666, -0.151411, 2.7945e-05, 0.00304602, 0.0003635
33861, 0.184433, 0.176714, 0.00656056, 5.4, 0.459318, 0, 0, 0.151666, -0.15164, 2.7945e-05, 0.00031206, 0.0003635
33870, 0.283668, 0.27366, 0.00958133, 5.41, 0.459318, 0, 0, 0.152471, -0.152395, 2.7945e-05, 0.000895992, 0.0003635
33881, 0.256105, 0.248146, 0.00687784, 5.42, 0.459318, 0, 0, 0.151666, -0.151719, 2.7945e-05, -0.000633195, 0.0003635
33891, -1.05459, -1.02074, -0.048313, 5.43, 0.459318, 0, 0, 0.136664, -0.137922, 2.7945e-05, -0.0149866, 0.0003635
33901, -0.0211995, -0.0256252, 0.00221366, 5.44, 0.459318, 0, 0, 0.151666, -0.150553, 2.7945e-05, 0.0132614, 0.0003635
33911, 0.576624, 0.551073, 0.00337076, 5.45, 0.452305, -0.701248, -0.697742, 0.150871, -0.150843, 2.7945e-05, 0.00033994, 0.0003635
33921, 0.751794, 0.454578, 0.00637752, 5.46, 0.448799, -0.697742, -0.347118, 0.151666, -0.151594, 2.7945e-05, 0.000857338, 0.0003635
33931, -0.0323097, 0.193508, 0.00370622, 5.47, 0.448799, 0.347118, 0, 0.150871, -0.150927, 2.7945e-05, -0.000659391, 0.0003635
33941, -0.000414267, -0.000166662, 0.00640452, 5.48, 0.452305, 0.350624, 0.350624, 0.151666, -0.151601, 2.7945e-05, 0.000776827, 0.0003635
33951, -0.29612, -0.015538, 0.0066219, 5.49, 0.455811, 0.701248, 0.350624, 0.151666, -0.151655, 2.7945e-05, 0.000129238, 0.0003635
33960, 0.477521, 0.236992, 0.00663942, 5.5, 0.455811, -0.347118, 0, 0.151666, -0.15166, 2.7945e-05, 7.70688e-05, 0.0003635
33971, 0.271581, 0.263342, 0.00664085, 5.51, 0.455811, 0, 0, 0.151666, -0.15166, 2.7945e-05, 7.28667e-05, 0.0003635
33981, 0.297905, 0.289667, 0.00664097, 5.52, 0.455811, 0, 0, 0.151666, -0.15166, 2.7945e-05, 7.2524e-05, 0.0003635
33991, 0.324228, 0.315989, 0.00664097, 5.53, 0.455811, 0, 0, 0.151666, -0.15166, 2.7945e-05, 7.24941e-05, 0.0003635
34000, 0.14149, 0.411518, 0.00958782, 5.54, 0.455811, 0.350624, 0, 0.152471, -0.152397, 2.7945e-05, 0.000876695, 0.0003635
34011, 0.348446, 0.38589, 0.00687838, 5.55, 0.455811, 0, 0, 0.151666, -0.15172, 2.7945e-05, -0.00063476, 0.0003635
34021, 0.370418, 0.139011, 0.0066601, 5.56, 0.459318, 0, 0.347118, 0.151666, -0.151665, 2.7945e-05, 1.55121e-05, 0.0003635
34031, 0.39639, 0.116876, 0.00664252, 5.57, 0.462824, 0, 0.350624, 0.151666, -0.151661, 2.7945e-05, 6.79046e-05, 0.0003635
34040, 0.352053, 0.300619, 0.00372756, 5.58, 0.462824, 0, 0, 0.150871, -0.150932, 2.7945e-05, -0.000722989, 0.0003635
34051, 0.431766, 0.378302, 0.00640625, 5.59, 0.462824, 0, 0, 0.151666, -0.151602, 2.7945e-05, 0.000771716, 0.0003635
34061, 0.46239, 0.408763, 0.00662208, 5.6, 0.462824, 0, 0, 0.151666, -0.151656, 2.7945e-05, 0.000128821, 0.0003635
34071, 0.137928, 0.366994, 0.00372589, 5.61, 0.462824, 0.350624, 0, 0.150871, -0.150931, 2.7945e-05, -0.000718087, 0.0003635
34081, 0.452309, 0.172973, 0.00640613, 5.62, 0.46633, 0, 0.350624, 0.151666, -0.151602, 2.7945e-05, 0.000772104, 0.0003635
34091, 0.482934, 0.429307, 0.00662202, 5.63, 0.46633, 0, 0, 0.151666, -0.151656, 2.7945e-05, 0.00012885, 0.0003635
34101, 0.509603, 0.455963, 0.00663942, 5.64, 0.46633, 0, 0, 0.151666, -0.15166, 2.7945e-05, 7.7039e-05, 0.0003635
34111, 0.255455, 0.482313, 0.00664085, 5.65, 0.46633, 0.350624, 0, 0.151666, -0.15166, 2.7945e-05, 7.28667e-05, 0.0003635
34121, -0.0418988, -0.0322314, -0.00481898, 5.66, 0.469836, 0.350624, 0.350624, 0.148539, -0.148795, 2.7945e-05, -0.00305492, 0.0003635
34130, 0.219546, -0.0527204, -0.00292528, 5.67, 0.473343, 0, 0.350624, 0.149308, -0.149269, 2.7945e-05, 0.000464186, 0.0003635
34141, 0.350546, 0.299695, 0.00295675, 5.68, 0.473343, 0, 0, 0.150871, -0.150739, 2.7945e-05, 0.00157328, 0.0003635
34151, 0.444384, 0.390967, 0.00634414, 5.69, 0.473343, 0, 0, 0.151666, -0.151586, 2.7945e-05, 0.000956699, 0.0003635
34161, 0.547585, 0.491729, 0.00956392, 5.7, 0.473343, 0, 0, 0.152471, -0.152391, 2.7945e-05, 0.000947922, 0.0003635
34170, -0.0379735, 0.197388, -0.00458348, 5.71, 0.473343, 0.350624, 0, 0.148539, -0.148854, 2.7945e-05, -0.00375646, 0.0003635
34181, 0.150866, -0.11928, -0.00572324, 5.72, 0.476849, 0, 0.350624, 0.148539, -0.148569, 2.7945e-05, -0.000361085, 0.0003635
34191, 0.125955, 0.0817497, -0.00581509, 5.73, 0.476849, 0, 0, 0.148539, -0.148546, 2.7945e-05, -8.75443e-05, 0.0003635
34201, 0.380544, 0.327662, 0.00563747, 5.74, 0.476849, 0, 0, 0.151666, -0.151409, 2.7945e-05, 0.00306195, 0.0003635
34210, 0.425255, 0.371675, 0.00656009, 5.75, 0.476849, 0, 0, 0.151666, -0.15164, 2.7945e-05, 0.000313327, 0.0003635
34221, -0.172794, 0.0648615, -0.00761139, 5.76, 0.476849, 0.350624, 0, 0.147779, -0.148097, 2.7945e-05, -0.00379582, 0.0003635
34231, 0.0715346, 0.0733064, -0.0059672, 5.77, 0.476849, 0, 0, 0.148539, -0.148508, 2.7945e-05, 0.000365615, 0.0003635
34241, 0.0510935, 0.0527649, -0.00583476, 5.78, 0.476849, 0, 0, 0.148539, -0.148541, 2.7945e-05, -2.89977e-05, 0.0003635
34250, 0.0282253, 0.0298886, -0.00582409, 5.79, 0.476849, 0, 0, 0.148539, -0.148544, 2.7945e-05, -6.07818e-05, 0.0003635
34260, 0.0734513, 0.0729799, -0.00300628, 5.8, 0.476849, 0, 0, 0.149308, -0.149248, 2.7945e-05, 0.000705421, 0.0003635
34271, -1.22365, -1.18396, -0.0560201, 5.81, 0.476849, 0, 0, 0.134778, -0.135995, 2.7945e-05, -0.0145004, 0.0003635
34281, -0.394369, -0.387532, -0.0126531, 5.82, 0.476849, 0, 0, 0.147779, -0.146837, 2.7945e-05, 0.0112235, 0.0003635
34291, -0.727921, -0.986679, -0.0590551, 5.83, 0.469836, -1.05187, -0.697742, 0.134162, -0.135236, 2.7945e-05, -0.0128013, 0.0003635
34300, 0.359415, 0.563527, 0.00134826, 5.84, 0.459318, -0.701248, -1.05187, 0.151666, -0.150337, 2.7945e-05, 0.0158395, 0.0003635
34311, 0.571648, 0.274556, 0.00621456, 5.85, 0.455811, -0.697742, -0.347118, 0.151666, -0.151554, 2.7945e-05, 0.00134274, 0.0003635
34321, -0.138962, 0.0873798, -0.00485337, 5.86, 0.452305, 0, -0.350624, 0.148539, -0.148787, 2.7945e-05, -0.00295261, 0.0003635
34331, -0.182496, -0.17855, 0.00571495, 5.87, 0.455811, 0.350624, 0.347118, 0.151666, -0.151429, 2.7945e-05, 0.00283113, 0.0003635
34340, 0.0954332, 0.0877099, 0.00656635, 5.88, 0.455811, 0, 0, 0.151666, -0.151642, 2.7945e-05, 0.00029473, 0.0003635
34351, 0.403622, 0.384364, 0.00663495, 5.89, 0.452305, -0.350624, -0.347118, 0.151666, -0.151659, 2.7945e-05, 9.04053e-05, 0.0003635
34361, 0.473112, 0.187179, 0.00664049, 5.9, 0.452305, -0.347118, 0, 0.151666, -0.15166, 2.7945e-05, 7.39396e-05, 0.0003635
34371, 0.267151, 0.21351, 0.00664091, 5.91, 0.452305, 0, 0, 0.151666, -0.15166, 2.7945e-05, 7.25985e-05, 0.0003635
34380, 0.0129754, 0.239833, 0.00664097, 5.92, 0.452305, 0.350624, 0, 0.151666, -0.15166, 2.7945e-05, 7.25091e-05, 0.0003635
34391, 0.345374, 0.335362, 0.00958782, 5.93, 0.452305, 0, 0, 0.152471, -0.152397, 2.7945e-05, 0.000876695, 0.0003635
34401, 0.534487, 0.519752, 0.0158211, 5.94, 0.452305, 0, 0, 0.154107, -0.153955, 2.7945e-05, 0.00180574, 0.0003635
34411, 0.321945, 0.315812, 0.00446701, 5.95, 0.452305, 0, 0, 0.150871, -0.151117, 2.7945e-05, -0.00292586, 0.0003635
34421, -1.22227, -1.17959, -0.0485072, 5.96, 0.455811, 0.347118, 0.347118, 0.136664, -0.137873, 2.7945e-05, -0.014408, 0.0003635
34430, 0.0469775, 0.0425637, 0.00219804, 5.97, 0.455811, 0, 0, 0.151666, -0.15055, 2.7945e-05, 0.013308, 0.0003635
34441, 0.715719, 0.416228, 0.00628304, 5.98, 0.452305, -0.701248, -0.347118, 0.151666, -0.151571, 2.7945e-05, 0.00113879, 0.0003635
34451, 0.557019, 0.765997, 0.00661212, 5.99, 0.445293, -0.347118, -0.697742, 0.151666, -0.151653, 2.7945e-05, 0.000158384, 0.0003635
34461, 0.351579, 0.343342, 0.00663865, 6, 0.445293, 0, 0, 0.151666, -0.15166, 2.7945e-05, 7.94083e-05, 0.0003635
34470, -0.183055, -0.171044, 0.00664079, 6.01, 0.452305, 0.701248, 0.697742, 0.151666, -0.15166, 2.7945e-05, 7.30455e-05, 0.0003635
34481, 0.032046, 0.0330319, 0.00664091, 6.02, 0.455811, 0.350624, 0.350624, 0.151666, -0.15166, 2.7945e-05, 7.25389e-05, 0.0003635
34491, 0.222376, 0.216804, 0.00372744, 6.03, 0.455811, 0, 0, 0.150871, -0.150932, 2.7945e-05, -0.000722602, 0.0003635
34501, 0.302091, 0.294489, 0.00640625, 6.04, 0.455811, 0, 0, 0.151666, -0.151602, 2.7945e-05, 0.000771731, 0.0003635
34510, 0.332716, 0.32495, 0.00662208, 6.05, 0.455811, 0, 0, 0.151666, -0.151656, 2.7945e-05, 0.000128821, 0.0003635
34521, 0.359383, 0.351605, 0.00663942, 6.06, 0.455811, 0, 0, 0.151666, -0.15166, 2.7945e-05, 7.70241e-05, 0.0003635
34531, 0.457173, 0.178145, 0.00958771, 6.07, 0.459318, 0, 0.347118, 0.152471, -0.152397, 2.7945e-05, 0.000877067, 0.0003635
34541, 0.148995, 0.376132, 0.00687838, 6.08, 0.459318, 0.350624, 0, 0.151666, -0.15172, 2.7945e-05, -0.00063473, 0.0003635
34550, 0.405605, 0.398269, 0.0066601, 6.09, 0.459318, 0, 0, 0.151666, -0.151665, 2.7945e-05, 1.55121e-05, 0.0003635
34561, 0.431577, 0.424255, 0.00664252, 6.1, 0.459318, 0, 0, 0.151666, -0.151661, 2.7945e-05, 6.79046e-05, 0.0003635
34571, 0.112518, -0.153028, -0.00760472, 6.11, 0.462824, 0, 0.347118, 0.147779, -0.148099, 2.7945e-05, -0.00381559, 0.0003635
34581, 0.122086, 0.078913, -0.00596666, 6.12, 0.462824, 0, 0, 0.148539, -0.148508, 2.7945e-05, 0.00036402, 0.0003635
34591, 0.098953, 0.327498, 0.00562525, 6.13, 0.462824, 0.350624, 0, 0.151666, -0.151406, 2.7945e-05, 0.00309832, 0.0003635
34600, 0.378527, 0.371726, 0.00655913, 6.14, 0.462824, 0, 0, 0.151666, -0.15164, 2.7945e-05, 0.000316262, 0.0003635
34611, 0.406348, 0.399491, 0.00663435, 6.15, 0.462824, 0, 0, 0.151666, -0.151659, 2.7945e-05, 9.21339e-05, 0.0003635
34621, 0.432792, 0.154196, 0.00664043, 6.16, 0.46633, 0, 0.350624, 0.151666, -0.15166, 2.7945e-05, 7.40737e-05, 0.0003635
34631, 0.459124, 0.4064, 0.00664091, 6.17, 0.46633, 0, 0, 0.151666, -0.15166, 2.7945e-05, 7.26134e-05, 0.0003635
34640, 0.207753, 0.432723, 0.00664097, 6.18, 0.46633, 0.347118, 0, 0.151666, -0.15166, 2.7945e-05, 7.25091e-05, 0.0003635
34651, 0.18855, 0.18991, -0.00481898, 6.19, 0.46633, 0, 0, 0.148539, -0.148795, 2.7945e-05, -0.00305495, 0.0003635
34661, 0.215357, -0.0537334, -0.00292528, 6.2, 0.469836, 0, 0.347118, 0.149308, -0.149269, 2.7945e-05, 0.000464186, 0.0003635
34671, 0.139171, 0.0957125, -0.00558966, 6.21, 0.469836, 0, 0, 0.148539, -0.148603, 2.7945e-05, -0.00075905, 0.0003635
34680, 0.111812, 0.0685164, -0.0058043, 6.22, 0.469836, 0, 0, 0.148539, -0.148549, 2.7945e-05, -0.000119597, 0.0003635
34691, 0.0883858, 0.045103, -0.00582165, 6.23, 0.469836, 0, 0, 0.148539, -0.148545, 2.7945e-05, -6.80834e-05, 0.0003635
34701, 0.0652777, 0.0219959, -0.00582302, 6.24, 0.469836, 0, 0, 0.148539, -0.148544, 2.7945e-05, -6.3926e-05, 0.0003635
34711, 0.0421944, -0.00108722, -0.00582314, 6.25, 0.469836, 0, 0, 0.148539, -0.148544, 2.7945e-05, -6.35982e-05, 0.0003635
34720, 0.296931, 0.244967, 0.00563681, 6.26, 0.469836, 0, 0, 0.151666, -0.151409, 2.7945e-05, 0.00306387, 0.0003635
34731, 0.341654, 0.288991, 0.00656003, 6.27, 0.469836, 0, 0, 0.151666, -0.15164, 2.7945e-05, 0.000313491, 0.0003635
34741, 0.369459, 0.585756, 0.00663441, 6.28, 0.46633, 0, -0.347118, 0.151666, -0.151659, 2.7945e-05, 9.19104e-05, 0.0003635
34751, 0.395901, 0.38858, 0.00664043, 6.29, 0.46633, 0, 0, 0.151666, -0.15166, 2.7945e-05, 7.40588e-05, 0.0003635
34761, 0.422233, 0.143178, 0.00664091, 6.3, 0.469836, 0, 0.350624, 0.151666, -0.15166, 2.7945e-05, 7.26134e-05, 0.0003635
34770, 0.448557, 0.395374, 0.00664097, 6.31, 0.469836, 0, 0, 0.151666, -0.15166, 2.7945e-05, 7.25091e-05, 0.0003635
34781, -0.0806323, 0.152561, -0.00481898, 6.32, 0.469836, 0.347118, 0, 0.148539, -0.148795, 2.7945e-05, -0.00305495, 0.0003635
34791, 0.178466, 0.177934, -0.00292528, 6.33, 0.469836, 0, 0, 0.149308, -0.149269, 2.7945e-05, 0.000464186, 0.0003635
34801, 0.0347442, 0.0383405, -0.00837553, 6.34, 0.469836, 0, 0, 0.147779, -0.147906, 2.7945e-05, -0.00151932, 0.0003635
34810, 0.0584377, 0.0602562, -0.00602877, 6.35, 0.469836, 0, 0, 0.148539, -0.148493, 2.7945e-05, 0.000549003, 0.0003635
34821, 0.0391253, 0.0408005, -0.00583971, 6.36, 0.469836, 0, 0, 0.148539, -0.14854, 2.7945e-05, -1.42157e-05, 0.0003635
34831, 0.294164, 0.287146, 0.00563544, 6.37, 0.469836, 0, 0, 0.151666, -0.151409, 2.7945e-05, 0.00306785, 0.0003635
34841, 0.338914, 0.331195, 0.00655997, 6.38, 0.469836, 0, 0, 0.151666, -0.15164, 2.7945e-05, 0.000313818, 0.0003635
34850, 0.088903, 0.0898099, -0.00482553, 6.39, 0.469836, 0, 0, 0.148539, -0.148794, 2.7945e-05, -0.00303552, 0.0003635
34861, 0.0475398, 0.0491416, -0.00574279, 6.4, 0.469836, 0, 0, 0.148539, -0.148564, 2.7945e-05, -0.000302985, 0.0003635
34871, 0.0229871, 0.024645, -0.00581664, 6.41, 0.469836, 0, 0, 0.148539, -0.148546, 2.7945e-05, -8.28505e-05, 0.0003635
34881, 0.277604, 0.270585, 0.00563735, 6.42, 0.469836, 0, 0, 0.151666, -0.151409, 2.7945e-05, 0.00306232, 0.0003635
34890, 0.322318, 0.3146, 0.00656009, 6.43, 0.469836, 0, 0, 0.151666, -0.15164, 2.7945e-05, 0.000313357, 0.0003635
34900, 0.350122, 0.342347, 0.00663441, 6.44, 0.469836, 0, 0, 0.151666, -0.151659, 2.7945e-05, 9.18955e-05, 0.0003635
34911, 0.0987475, 0.0996498, -0.00481951, 6.45, 0.469836, 0, 0, 0.148539, -0.148795, 2.7945e-05, -0.00305338, 0.0003635
34921, 0.125564, 0.125031, -0.00292534, 6.46, 0.469836, 0, 0, 0.149308, -0.149269, 2.7945e-05, 0.00046432, 0.0003635
34931, 0.327196, 0.32, 0.00587028, 6.47, 0.469836, 0, 0, 0.151666, -0.151468, 2.7945e-05, 0.00236841, 0.0003635
34940, 0.367642, 0.359909, 0.00657886, 6.48, 0.469836, 0, 0, 0.151666, -0.151645, 2.7945e-05, 0.000257447, 0.0003635
34951, 0.117285, 0.118191, -0.00482398, 6.49, 0.469836, 0, 0, 0.148539, -0.148794, 2.7945e-05, -0.00304005, 0.0003635
34961, 0.35371, 0.0748966, 0.00571728, 6.5, 0.473343, 0, 0.350624, 0.151666, -0.151429, 2.7945e-05, 0.00282408, 0.0003635
34971, 0.396959, 0.343374, 0.00656652, 6.51, 0.473343, 0, 0, 0.151666, -0.151642, 2.7945e-05, 0.000294179, 0.0003635
34980, 0.146829, 0.101873, -0.004825, 6.52, 0.473343, 0, 0, 0.148539, -0.148794, 2.7945e-05, -0.00303708, 0.0003635
34991, 0.105456, 0.0611962, -0.00574273, 6.53, 0.473343, 0, 0, 0.148539, -0.148564, 2.7945e-05, -0.000303119, 0.0003635
35001, 0.0809022, 0.0366983, -0.00581664, 6.54, 0.473343, 0, 0, 0.148539, -0.148546, 2.7945e-05, -8.28654e-05, 0.0003635
35011, 0.33552, 0.282638, 0.00563735, 6.55, 0.473343, 0, 0, 0.151666, -0.151409, 2.7945e-05, 0.00306232, 0.0003635
35020, 0.380233, 0.326653, 0.00656009, 6.56, 0.473343, 0, 0, 0.151666, -0.15164, 2.7945e-05, 0.000313357, 0.0003635
35031, 0.130222, 0.0852668, -0.00482547, 6.57, 0.473343, 0, 0, 0.148539, -0.148794, 2.7945e-05, -0.00303555, 0.0003635
35041, 0.366674, 0.313732, 0.00571716, 6.58, 0.473343, 0, 0, 0.151666, -0.151429, 2.7945e-05, 0.00282444, 0.0003635
35051, 0.481364, 0.425547, 0.00951338, 6.59, 0.473343, 0, 0, 0.152471, -0.152378, 2.7945e-05, 0.00109841, 0.0003635
35061, -1.0999, -1.10513, -0.0572693, 6.6, 0.473343, 0, 0, 0.134162, -0.135683, 2.7945e-05, -0.0181213, 0.0003635
35070, -0.460693, -0.221253, -0.0099678, 6.61, 0.473343, 0.350624, 0, 0.148539, -0.147508, 2.7945e-05, 0.0122835, 0.0003635
35081, -0.89212, -0.86502, -0.0588387, 6.62, 0.46633, -0.697742, -0.701248, 0.134162, -0.13529, 2.7945e-05, -0.0134458, 0.0003635
35091, 0.147613, -0.136207, -0.0100943, 6.63, 0.462824, -0.697742, -0.347118, 0.148539, -0.147476, 2.7945e-05, 0.0126602, 0.0003635
35101, 0.296874, 0.235863, -0.00616723, 6.64, 0.455811, -0.701248, -0.701248, 0.148539, -0.148458, 2.7945e-05, 0.000961512, 0.0003635
35110, -0.189177, 0.0388379, -0.00585085, 6.65, 0.452305, 0, -0.350624, 0.148539, -0.148537, 2.7945e-05, 1.90139e-05, 0.0003635
35121, 0.0660666, 0.0595079, 0.00563455, 6.66, 0.452305, 0, 0, 0.151666, -0.151409, 2.7945e-05, 0.00307053, 0.0003635
35131, 0.110831, 0.103572, 0.00655985, 6.67, 0.452305, 0, 0, 0.151666, -0.15164, 2.7945e-05, 0.000314027, 0.0003635
35141, 0.13864, 0.131324, 0.00663441, 6.68, 0.452305, 0, 0, 0.151666, -0.151659, 2.7945e-05, 9.19551e-05, 0.0003635
35150, 0.445582, 0.157762, 0.00664043, 6.69, 0.452305, -0.350624, 0, 0.151666, -0.15166, 2.7945e-05, 7.40588e-05, 0.0003635
35161, 0.51497, 0.453109, 0.00664091, 6.7, 0.448799, -0.347118, -0.347118, 0.151666, -0.15166, 2.7945e-05, 7.26134e-05, 0.0003635
35171, 0.0313081, 0.25582, 0.00664097, 6.71, 0.448799, 0.347118, 0, 0.151666, -0.15166, 2.7945e-05, 7.25091e-05, 0.0003635
35181, 0.361361, 0.351348, 0.00958782, 6.72, 0.448799, 0, 0, 0.152471, -0.152397, 2.7945e-05, 0.000876695, 0.0003635
35190, -0.942013, -0.910107, -0.0457439, 6.73, 0.448799, 0, 0, 0.137306, -0.138564, 2.7945e-05, -0.0149955, 0.0003635
35201, 0.0443016, -0.232015, 0.00242066, 6.74, 0.452305, 0, 0.350624, 0.151666, -0.150605, 2.7945e-05, 0.0126449, 0.0003635
35211, -0.904215, -0.927435, -0.048672, 6.75, 0.448799, -0.350624, -0.347118, 0.136664, -0.137832, 2.7945e-05, -0.0139169, 0.0003635
35221, 0.388683, 0.322723, -0.000728786, 6.76, 0.441786, -0.697742, -0.697742, 0.150871, -0.149818, 2.7945e-05, 0.0125525, 0.0003635
35231, 0.363632, 0.301217, 0.00604725, 6.77, 0.43828, -0.350624, -0.350624, 0.151666, -0.151512, 2.7945e-05, 0.00184123, 0.0003635
35240, 0.166197, 0.112133, 0.00659311, 6.78, 0.43828, 0, 0, 0.151666, -0.151648, 2.7945e-05, 0.000214979, 0.0003635
35251, -0.0842986, 0.139299, 0.0066371, 6.79, 0.43828, 0.347118, 0, 0.151666, -0.151659, 2.7945e-05, 8.39829e-05, 0.0003635
35261, 0.174386, 0.16569, 0.00664067, 6.8, 0.43828, 0, 0, 0.151666, -0.15166, 2.7945e-05, 7.3418e-05, 0.0003635
35271, 0.200713, 0.192016, 0.00664091, 6.81, 0.43828, 0, 0, 0.151666, -0.15166, 2.7945e-05, 7.25538e-05, 0.0003635
35280, 0.507536, 0.21834, 0.00664097, 6.82, 0.43828, -0.350624, 0, 0.151666, -0.15166, 2.7945e-05, 7.25091e-05, 0.0003635
35291, 0.299221, 0.516396, 0.00664097, 6.83, 0.434774, 0, -0.350624, 0.151666, -0.15166, 2.7945e-05, 7.24941e-05, 0.0003635
35301, 0.325543, 0.316846, 0.00664097, 6.84, 0.434774, 0, 0, 0.151666, -0.15166, 2.7945e-05, 7.24941e-05, 0.0003635
35311, 0.351866, 0.071435, 0.00664097, 6.85, 0.43828, 0, 0.350624, 0.151666, -0.15166, 2.7945e-05, 7.24941e-05, 0.0003635
35320, -0.897506, -0.912199, -0.0459814, 6.86, 0.43828, 0, 0, 0.137306, -0.138505, 2.7945e-05, -0.0142882, 0.0003635
35331, -0.184534, 0.0418133, 0.00240153, 6.87, 0.43828, 0.347118, 0, 0.151666, -0.1506, 2.7945e-05, 0.0127019, 0.0003635
35341, -0.900409, -0.876425, -0.0486736, 6.88, 0.434774, -0.350624, -0.350624, 0.136664, -0.137832, 2.7945e-05, -0.0139123, 0.0003635
35351, 0.463149, 0.439926, 0.00218463, 6.89, 0.427761, -0.697742, -0.697742, 0.151666, -0.150546, 2.7945e-05, 0.013348, 0.0003635
35361, 0.384706, 0.367057, 0.00628191, 6.9, 0.424255, -0.350624, -0.350624, 0.151666, -0.15157, 2.7945e-05, 0.00114201, 0.0003635
35371, 0.18297, 0.173836, 0.006612, 6.91, 0.424255, 0, 0, 0.151666, -0.151653, 2.7945e-05, 0.000158668, 0.0003635
35381, -0.0706759, -0.0683469, 0.00663865, 6.92, 0.427761, 0.350624, 0.347118, 0.151666, -0.15166, 2.7945e-05, 7.94381e-05, 0.0003635
35391, 0.190327, 0.18163, 0.00664079, 6.93, 0.427761, 0, 0, 0.151666, -0.15166, 2.7945e-05, 7.30455e-05, 0.0003635
35401, 0.216652, 0.207955, 0.00664091, 6.94, 0.427761, 0, 0, 0.151666, -0.15166, 2.7945e-05, 7.25389e-05, 0.0003635
35410, 0.520669, 0.234278, 0.00664097, 6.95, 0.427761, -0.347118, 0, 0.151666, -0.15166, 2.7945e-05, 7.25091e-05, 0.0003635
35421, 0.314701, 0.260601, 0.00664097, 6.96, 0.427761, 0, 0, 0.151666, -0.15166, 2.7945e-05, 7.24941e-05, 0.0003635
35431, 0.341023, 0.286923, 0.00664097, 6.97, 0.427761, 0, 0, 0.151666, -0.15166, 2.7945e-05, 7.24941e-05, 0.0003635
35441, 0.0896509, 0.313245, 0.00664097, 6.98, 0.427761, 0.347118, 0, 0.151666, -0.15166, 2.7945e-05, 7.24941e-05, 0.0003635
