QGPIORecord, QRC v6.1.0, 16-12-2021 @ 00:14:27, Windows 10 Version 2009, 10.0.19042, x86_64
Time, VoltageA, eA, desired_velocity, time, PositionB, SpeedA, SpeedB, GetFrontDistance, xhat, Phat, nu, S
29331, 0, 0, 0, 0, -3.10653, 0, 0, 0.258625, -0.258625, 3.04747e-05, 0, 0.030566
29341, 5.26667, 5.10209, 0.21725, 0.01, -3.10653, 0, 0, 0.258625, -0.258625, 3.04729e-05, 0, 0.030566
29350, 5.66623, 5.51607, 0.198211, 0.02, -3.10653, 0, 0, 0.249098, -0.249106, 3.04747e-05, -0.00735418, 0.030566
29361, 4.66886, 4.31899, 0.217227, 0.03, -3.07497, 2.80499, 3.13458, 0.258625, -0.258614, 3.04729e-05, 0.0115014, 0.030566
29371, 2.36965, 2.31939, 0.217246, 0.04, -3.01186, 6.29721, 6.29721, 0.258625, -0.258623, 3.04747e-05, 0.00218374, 0.030566
29381, 1.55154, 1.79431, 0.217246, 0.05, -2.94174, 7.36661, 7.023, 0.258625, -0.258623, 3.04729e-05, 0.00217465, 0.030566
29391, 2.11524, 2.38757, 0.198211, 0.06, -2.88564, 5.9571, 5.60648, 0.249098, -0.249106, 3.04747e-05, -0.00735204, 0.030566
29401, 4.47162, 4.17291, 0.202813, 0.07, -2.85057, 3.15912, 3.50975, 0.251411, -0.251406, 3.04729e-05, 0.00428706, 0.030566
29411, 5.21274, 4.86266, 0.193665, 0.08, -2.82252, 2.44385, 2.78746, 0.24683, -0.246833, 3.04747e-05, -0.00254813, 0.030566
29421, 2.20708, 2.18084, 0.121437, 0.09, -2.78045, 4.57214, 4.57915, 0.210684, -0.210718, 3.04729e-05, -0.0342117, 0.030566
29431, 2.56084, 3.06516, 0.198118, 0.1, -2.72084, 6.30773, 5.60999, 0.249098, -0.249059, 3.04747e-05, 0.0395943, 0.030566
29441, 3.08667, 3.66731, 0.198193, 0.11, -2.67176, 5.60297, 4.90173, 0.249098, -0.249096, 3.04729e-05, 0.0020207, 0.030566
29451, 4.25856, 4.08074, 0.198193, 0.12, -2.62618, 4.20398, 4.55461, 0.249098, -0.249096, 3.04747e-05, 0.00198394, 0.030566
29461, 3.78088, 3.30776, 0.180568, 0.13, -2.57358, 4.56162, 5.26287, 0.240277, -0.240284, 3.04729e-05, -0.0068371, 0.030566
29471, 2.78873, 3.07381, 0.180551, 0.14, -2.51748, 5.95009, 5.59947, 0.240277, -0.240276, 3.04747e-05, 0.00179885, 0.030566
29480, 2.71488, 2.77444, 0.180551, 0.15, -2.46138, 5.96412, 5.96412, 0.240277, -0.240276, 3.04729e-05, 0.0018073, 0.030566
29491, 2.66163, 2.98985, 0.180551, 0.16, -2.40528, 5.95009, 5.60297, 0.240277, -0.240276, 3.04747e-05, 0.00180732, 0.030566
29501, 2.87108, 3.23892, 0.180551, 0.17, -2.34918, 5.60999, 5.25936, 0.240277, -0.240276, 3.04729e-05, 0.00180732, 0.030566
29511, 2.83039, 2.6959, 0.168166, 0.18, -2.29308, 5.26287, 5.62051, 0.234079, -0.234083, 3.04747e-05, -0.00439122, 0.030566
29520, 2.43968, 2.27809, 0.164174, 0.19, -2.23348, 5.60297, 5.95009, 0.232086, -0.232087, 3.04729e-05, -0.0003151, 0.030566
29531, 2.44553, 2.5048, 0.16815, 0.2, -2.17738, 5.61349, 5.61349, 0.234079, -0.234075, 3.04747e-05, 0.00363381, 0.030566
29541, 2.19809, 2.26298, 0.148937, 0.21, -2.12478, 5.25586, 5.25586, 0.22446, -0.224468, 3.04729e-05, -0.00793332, 0.030566
29551, 2.0977, 2.43442, 0.148918, 0.22, -2.0757, 5.25936, 4.90874, 0.22446, -0.224459, 3.04747e-05, 0.00148146, 0.030566
29561, 2.37046, 2.46973, 0.152628, 0.23, -2.02661, 4.90874, 4.90874, 0.226317, -0.226314, 3.04729e-05, 0.00334743, 0.030566
29571, 2.24351, 2.35103, 0.148921, 0.24, -1.97752, 4.90874, 4.90173, 0.22446, -0.224461, 3.04747e-05, -0.000327155, 0.030566
29581, 2.19724, 2.29463, 0.148918, 0.25, -1.92843, 4.90173, 4.90874, 0.22446, -0.224459, 3.04729e-05, 0.00148888, 0.030566
29591, 1.99106, 1.82608, 0.131288, 0.26, -1.87935, 4.56162, 4.91224, 0.215637, -0.215644, 3.04747e-05, -0.00733286, 0.030566
29601, 1.64508, 1.98614, 0.131271, 0.27, -1.83376, 4.89822, 4.5476, 0.215637, -0.215636, 3.04729e-05, 0.00130557, 0.030566
29611, 2.07167, 1.89804, 0.131271, 0.28, -1.79169, 4.2145, 4.56513, 0.215637, -0.215636, 3.04747e-05, 0.00131401, 0.030566
29621, 1.74027, 2.07363, 0.118183, 0.29, -1.74961, 4.19347, 3.84284, 0.209086, -0.209092, 3.04729e-05, -0.00523655, 0.030566
29631, 1.99816, 2.0978, 0.121363, 0.3, -1.71105, 3.86738, 3.86388, 0.210684, -0.210682, 3.04747e-05, 0.00277463, 0.030566
29641, 1.90443, 1.73223, 0.118173, 0.31, -1.66897, 3.85687, 4.20749, 0.209086, -0.209087, 3.04729e-05, -0.000381634, 0.030566
29650, 1.59058, 1.65293, 0.11817, 0.32, -1.6304, 4.20398, 4.20398, 0.209086, -0.209085, 3.04747e-05, 0.00118135, 0.030566
29661, 1.86418, 2.18989, 0.121363, 0.33, -1.59183, 3.85687, 3.50274, 0.210684, -0.210682, 3.04729e-05, 0.00278091, 0.030566
29671, 1.7463, 1.84955, 0.105897, 0.34, -1.55677, 3.50624, 3.50274, 0.202942, -0.202948, 3.04747e-05, -0.00652598, 0.030566
29681, 1.70706, 1.80534, 0.105882, 0.35, -1.52171, 3.50624, 3.50975, 0.202942, -0.202941, 3.04729e-05, 0.00105245, 0.030566
29690, 0.476961, 0.340274, 0.0566309, 0.36, -1.48314, 3.50274, 3.85687, 0.178292, -0.178315, 3.04747e-05, -0.0235902, 0.030566
29701, 1.43606, 1.49023, 0.105834, 0.37, -1.44808, 3.50274, 3.50274, 0.202942, -0.202917, 3.04729e-05, 0.0251928, 0.030566
29711, 2.24005, 2.26789, 0.105882, 0.38, -1.42353, 2.45086, 2.45086, 0.202942, -0.202941, 3.04747e-05, 0.00108348, 0.030566
29721, 1.77614, 2.36504, 0.0943438, 0.39, -1.4025, 2.80499, 2.10374, 0.197167, -0.197172, 3.04729e-05, -0.00471486, 0.030566
29731, 1.22473, 1.37933, 0.0943325, 0.4, -1.37094, 3.50274, 3.50274, 0.197167, -0.197166, 3.04747e-05, 0.000938728, 0.030566
29741, 1.206, 1.08683, 0.0971514, 0.41, -1.33237, 3.50624, 3.85687, 0.198578, -0.198576, 3.04729e-05, 0.00235514, 0.030566
29751, 1.62519, 1.71648, 0.0943352, 0.42, -1.30082, 2.80499, 2.80499, 0.197167, -0.197168, 3.04747e-05, -0.000437021, 0.030566
29761, 1.91264, 1.99789, 0.0943325, 0.43, -1.27627, 2.45437, 2.45086, 0.197167, -0.197166, 3.04729e-05, 0.000942916, 0.030566
29771, 1.75334, 1.84025, 0.0971514, 0.44, -1.25173, 2.80499, 2.8085, 0.198578, -0.198576, 3.04747e-05, 0.00235514, 0.030566
29780, 1.44268, 1.54756, 0.083471, 0.45, -1.22017, 2.80149, 2.79447, 0.19173, -0.191735, 3.04729e-05, -0.00587457, 0.030566
29791, 1.19347, 1.5668, 0.0861138, 0.46, -1.19212, 3.14861, 2.80499, 0.193059, -0.193057, 3.04747e-05, 0.00215825, 0.030566
29801, 1.3951, 1.53858, 0.0861163, 0.47, -1.16407, 2.8085, 2.8085, 0.193059, -0.193058, 3.04729e-05, 0.000863299, 0.030566
29811, 1.5908, 1.4529, 0.0834602, 0.48, -1.13602, 2.45086, 2.80499, 0.19173, -0.19173, 3.04747e-05, -0.000467375, 0.030566
29820, 0.386471, 0.514652, 0.0334752, 0.49, -1.11148, 2.45437, 2.45437, 0.166713, -0.166738, 3.04729e-05, -0.024182, 0.030566
29831, 1.13094, 1.5017, 0.0834087, 0.5, -1.08693, 2.80149, 2.45086, 0.19173, -0.191704, 3.04747e-05, 0.0253268, 0.030566
29841, 1.93498, 1.78461, 0.0834575, 0.51, -1.0659, 1.75312, 2.10024, 0.19173, -0.191729, 3.04729e-05, 0.000859365, 0.030566
29851, 1.51034, 1.60003, 0.0732098, 0.52, -1.04486, 2.10024, 2.10024, 0.186601, -0.186605, 3.04747e-05, -0.00429359, 0.030566
29860, 0.961763, 1.06907, 0.0731997, 0.53, -1.01681, 2.80499, 2.80499, 0.186601, -0.1866, 3.04729e-05, 0.000727803, 0.030566
29871, 0.670895, 1.05663, 0.0757068, 0.54, -0.98876, 3.14861, 2.79798, 0.187855, -0.187853, 3.04747e-05, 0.00198752, 0.030566
29881, 1.3343, 1.46994, 0.0732022, 0.55, -0.967723, 2.10374, 2.10374, 0.186601, -0.186601, 3.04729e-05, -0.000495732, 0.030566
29891, 1.39499, 1.25747, 0.0635173, 0.56, -0.950192, 1.75312, 2.10374, 0.181755, -0.181759, 3.04747e-05, -0.00411454, 0.030566
29901, 1.47748, 1.29222, 0.065878, 0.57, -0.925648, 1.74961, 2.10024, 0.182941, -0.182939, 3.04729e-05, 0.00181735, 0.030566
29911, 1.17465, 1.22845, 0.0635101, 0.58, -0.90461, 2.09673, 2.09323, 0.181755, -0.181755, 3.04747e-05, -0.000525683, 0.030566
29921, 0.920615, 1.24841, 0.065878, 0.59, -0.883573, 2.45788, 2.11076, 0.182941, -0.182939, 3.04729e-05, 0.00182086, 0.030566
29931, 0.863103, 1.23893, 0.0658803, 0.6, -0.862535, 2.45437, 2.10374, 0.182941, -0.18294, 3.04747e-05, 0.000660598, 0.030566
29941, 1.30954, 1.17194, 0.0635101, 0.61, -0.841498, 1.74961, 2.10024, 0.181755, -0.181755, 3.04729e-05, -0.000526816, 0.030566
29950, 0.282841, 0.132174, 0.0203306, 0.62, -0.820461, 1.75312, 2.10374, 0.160144, -0.160165, 3.04747e-05, -0.0209756, 0.030566
29961, 0.679995, 1.00988, 0.054303, 0.63, -0.802929, 2.10024, 1.74961, 0.177169, -0.177152, 3.04729e-05, 0.0172067, 0.030566
29971, 1.17952, 1.54051, 0.0543362, 0.64, -0.792411, 1.4025, 1.04837, 0.177169, -0.177168, 3.04747e-05, 0.000560194, 0.030566
29981, 1.49194, 1.3443, 0.0543363, 0.65, -0.778386, 1.05187, 1.4025, 0.177169, -0.177168, 3.04729e-05, 0.000543922, 0.030566
29990, 1.00873, 0.832759, 0.0543363, 0.66, -0.760854, 1.75312, 2.10374, 0.177169, -0.177168, 3.04747e-05, 0.000543892, 0.030566
30001, 0.768696, 0.825663, 0.0565805, 0.67, -0.736311, 2.10374, 2.10374, 0.178292, -0.17829, 3.04729e-05, 0.00166713, 0.030566
30011, 0.723454, 1.59273, 0.0565827, 0.68, -0.725792, 2.09673, 1.04837, 0.178292, -0.178291, 3.04747e-05, 0.000567481, 0.030566
30021, 1.45496, 1.35272, 0.0543385, 0.69, -0.711767, 1.05187, 1.4025, 0.177169, -0.177169, 3.04729e-05, -0.000556841, 0.030566
30031, 1.3066, 1.16557, 0.0565805, 0.7, -0.694236, 1.4025, 1.75312, 0.178292, -0.17829, 3.04747e-05, 0.00166607, 0.030566
30041, 1.29307, 1.38232, 0.0543385, 0.71, -0.680211, 1.4025, 1.39899, 0.177169, -0.177169, 3.04729e-05, -0.000555754, 0.030566
30051, 1.04725, 1.14021, 0.0543363, 0.72, -0.66268, 1.74961, 1.75312, 0.177169, -0.177168, 3.04747e-05, 0.000542834, 0.030566
30061, 0.594352, 0.972317, 0.0477808, 0.73, -0.645149, 2.10024, 1.75312, 0.173888, -0.17389, 3.04729e-05, -0.0027371, 0.030566
30071, 0.786566, 0.932244, 0.0477744, 0.74, -0.627617, 1.75312, 1.75312, 0.173888, -0.173887, 3.04747e-05, 0.000475079, 0.030566
30081, 0.112127, 0.277634, 0.00991535, 0.75, -0.613592, 1.39899, 1.39899, 0.154939, -0.154958, 3.04729e-05, -0.0184702, 0.030566
30091, 1.16303, 1.01947, 0.0477374, 0.76, -0.599567, 1.05187, 1.4025, 0.173888, -0.173869, 3.04747e-05, 0.0190292, 0.030566
30101, 1.44727, 0.97885, 0.0456463, 0.77, -0.585542, 0.697742, 1.39899, 0.172823, -0.172823, 3.04729e-05, -0.000568703, 0.030566
30111, 1.02467, 1.29573, 0.0477723, 0.78, -0.57853, 1.4025, 1.05187, 0.173888, -0.173886, 3.04747e-05, 0.00152098, 0.030566
30120, 0.420843, 1.02856, 0.0456464, 0.79, -0.560999, 2.10024, 1.39899, 0.172823, -0.172823, 3.04729e-05, -0.000585839, 0.030566
30131, 0.659095, 0.804687, 0.0477723, 0.8, -0.543467, 1.74961, 1.74961, 0.173888, -0.173886, 3.04747e-05, 0.00152096, 0.030566
30141, 0.975456, 0.838194, 0.039426, 0.81, -0.529442, 1.05187, 1.4025, 0.169709, -0.169713, 3.04729e-05, -0.00369914, 0.030566
30151, 1.27725, 1.08256, 0.0394178, 0.82, -0.518924, 0.697742, 1.05187, 0.169709, -0.169709, 3.04747e-05, 0.000390559, 0.030566
30160, 0.778417, 1.10393, 0.0394178, 0.83, -0.508405, 1.4025, 1.04837, 0.169709, -0.169709, 3.04729e-05, 0.000394568, 0.030566
30171, 0.754014, 1.12032, 0.0394178, 0.84, -0.497886, 1.39899, 1.05187, 0.169709, -0.169709, 3.04747e-05, 0.000394568, 0.030566
30181, 0.727264, 0.869961, 0.0394178, 0.85, -0.483861, 1.39899, 1.39899, 0.169709, -0.169709, 3.04729e-05, 0.000394568, 0.030566
30191, 1.02782, 0.88856, 0.0414645, 0.86, -0.469836, 1.05187, 1.4025, 0.170734, -0.170732, 3.04747e-05, 0.00141893, 0.030566
30201, 0.724522, 1.09318, 0.0394198, 0.87, -0.459318, 1.4025, 1.05187, 0.169709, -0.16971, 3.04729e-05, -0.00060831, 0.030566
30211, 0.106639, 0.267882, 0.00336787, 0.88, -0.448799, 1.04837, 1.04837, 0.151666, -0.151684, 3.04747e-05, -0.0176494, 0.030566
30221, 0.853141, 0.715453, 0.0393826, 0.89, -0.434774, 1.05187, 1.4025, 0.169709, -0.169691, 3.04729e-05, 0.018059, 0.030566
30231, 0.914167, 1.00102, 0.0295656, 0.9, -0.427761, 0.701248, 0.701248, 0.164778, -0.164783, 3.04747e-05, -0.00451916, 0.030566
30241, 0.985971, 1.07138, 0.0314772, 0.91, -0.420749, 0.701248, 0.701248, 0.16574, -0.165739, 3.04729e-05, 0.00125268, 0.030566
30251, 0.411485, 0.787612, 0.0295579, 0.92, -0.41023, 1.4025, 1.05187, 0.164778, -0.164779, 3.04747e-05, -0.000645518, 0.030566
30261, 0.394529, 0.543242, 0.0314772, 0.93, -0.396205, 1.39899, 1.39899, 0.16574, -0.165739, 3.04729e-05, 0.00125648, 0.030566
30271, 0.894544, 0.754079, 0.0314791, 0.94, -0.385687, 0.701248, 1.05187, 0.16574, -0.16574, 3.04747e-05, 0.000316024, 0.030566
30281, 0.930397, 1.013, 0.0314791, 0.95, -0.378674, 0.697742, 0.701248, 0.16574, -0.16574, 3.04729e-05, 0.0003151, 0.030566
30290, 0.961099, 1.04605, 0.0314791, 0.96, -0.371662, 0.701248, 0.701248, 0.16574, -0.16574, 3.04747e-05, 0.0003151, 0.030566
30301, 0.713648, 1.08181, 0.0314791, 0.97, -0.364649, 1.05187, 0.697742, 0.16574, -0.16574, 3.04729e-05, 0.0003151, 0.030566
30311, 0.654261, 0.798468, 0.0295579, 0.98, -0.35413, 1.05187, 1.04837, 0.164778, -0.164779, 3.04747e-05, -0.000646442, 0.030566
30321, 0.727521, 0.866541, 0.0334225, 0.99, -0.343612, 1.05187, 1.05187, 0.166713, -0.166711, 3.04729e-05, 0.00223012, 0.030566
30330, 0.955842, 1.08757, 0.031481, 1, -0.336599, 0.701248, 0.701248, 0.16574, -0.16574, 3.04747e-05, -0.000637203, 0.030566
30341, 0.708352, 0.851562, 0.0314791, 1.01, -0.326081, 1.05187, 1.04837, 0.16574, -0.16574, 3.04729e-05, 0.000314176, 0.030566
30351, 0.515456, 0.662035, 0.023935, 1.02, -0.315562, 1.04837, 1.04837, 0.161964, -0.161967, 3.04747e-05, -0.00346072, 0.030566
30361, 0.470215, 0.616888, 0.0239276, 1.03, -0.305043, 1.05187, 1.05187, 0.161964, -0.161964, 3.04729e-05, 0.000235885, 0.030566
30371, 0.710775, 0.57686, 0.0239276, 1.04, -0.294524, 0.697742, 1.04837, 0.161964, -0.161964, 3.04747e-05, 0.000239521, 0.030566
30381, 0.711545, 0.803591, 0.0239276, 1.05, -0.287512, 0.701248, 0.701248, 0.161964, -0.161964, 3.04729e-05, 0.000239521, 0.030566
30391, 0.436968, 0.809425, 0.0239276, 1.06, -0.280499, 1.04837, 0.697742, 0.161964, -0.161964, 3.04747e-05, 0.000239521, 0.030566
30401, 0.672376, 0.810283, 0.0239276, 1.07, -0.273487, 0.701248, 0.701248, 0.161964, -0.161964, 3.04729e-05, 0.000239521, 0.030566
30411, 0.631157, 0.498715, 0.0220987, 1.08, -0.262968, 0.701248, 1.05187, 0.161049, -0.161049, 3.04747e-05, -0.000675827, 0.030566
30420, 0.393623, 0.766082, 0.0239258, 1.09, -0.255956, 1.04837, 0.697742, 0.161964, -0.161963, 3.04729e-05, 0.00113566, 0.030566
30431, 0.631873, 0.769692, 0.0239276, 1.1, -0.248943, 0.697742, 0.697742, 0.161964, -0.161964, 3.04747e-05, 0.000240386, 0.030566
30441, 0.632643, 0.77055, 0.0239276, 1.11, -0.241931, 0.701248, 0.701248, 0.161964, -0.161964, 3.04729e-05, 0.000239521, 0.030566
30451, 0.96114, 0.817145, 0.0257789, 1.12, -0.234918, 0.350624, 0.701248, 0.162891, -0.162889, 3.04747e-05, 0.00116611, 0.030566
30460, 0.367285, 0.741214, 0.0221005, 1.13, -0.227906, 1.05187, 0.701248, 0.161049, -0.16105, 3.04729e-05, -0.00158298, 0.030566
30471, 0.644852, 0.782672, 0.0239258, 1.14, -0.220893, 0.697742, 0.697742, 0.161964, -0.161963, 3.04747e-05, 0.00113477, 0.030566
30481, 0.648463, 0.786283, 0.0239276, 1.15, -0.213881, 0.697742, 0.697742, 0.161964, -0.161964, 3.04729e-05, 0.000240386, 0.030566
30491, 0.432799, 0.305736, 0.0149996, 1.16, -0.206868, 0.701248, 1.05187, 0.157496, -0.1575, 3.04747e-05, -0.0042289, 0.030566
30500, 0.445379, 0.542786, 0.016734, 1.17, -0.19635, 0.697742, 0.697742, 0.158368, -0.158367, 3.04729e-05, 0.00101818, 0.030566
30511, 0.417677, 0.786905, 0.0167357, 1.18, -0.192843, 0.701248, 0.350624, 0.158368, -0.158368, 3.04747e-05, 0.000168353, 0.030566
30521, 0.633336, 0.769159, 0.0149926, 1.19, -0.189337, 0.347118, 0.347118, 0.157496, -0.157496, 3.04729e-05, -0.000704885, 0.030566
30531, 0.409074, 0.28061, 0.016734, 1.2, -0.178818, 0.697742, 1.04837, 0.158368, -0.158367, 3.04747e-05, 0.00102162, 0.030566
30541, 0.619616, 0.437931, 0.0149926, 1.21, -0.171806, 0.350624, 0.701248, 0.157496, -0.157496, 3.04729e-05, -0.00070405, 0.030566
30551, 0.394896, 0.718263, 0.016734, 1.22, -0.1683, 0.701248, 0.350624, 0.158368, -0.158367, 3.04747e-05, 0.00102162, 0.030566
30561, 0.372346, 0.741486, 0.0167357, 1.23, -0.164793, 0.697742, 0.347118, 0.158368, -0.158368, 3.04729e-05, 0.000168353, 0.030566
30571, 0.62511, 0.759699, 0.0167357, 1.24, -0.161287, 0.350624, 0.350624, 0.158368, -0.158368, 3.04747e-05, 0.000167519, 0.030566
30581, 0.691149, 0.27813, 0.0184996, 1.25, -0.150768, 0.347118, 1.05187, 0.159251, -0.15925, 3.04729e-05, 0.00105037, 0.030566
30590, -0.366668, -0.0200212, -0.0146009, 1.26, -0.147262, 0.701248, 0.350624, 0.142683, -0.1427, 3.04747e-05, -0.0163816, 0.030566
30601, 0.242666, 0.611458, 0.016705, 1.27, -0.143756, 0.701248, 0.350624, 0.158368, -0.158353, 3.04729e-05, 0.0155224, 0.030566
30611, 0.498398, 0.904263, 0.0167356, 1.28, -0.143756, 0.350624, 0, 0.158368, -0.158368, 3.04747e-05, 0.000182554, 0.030566
30621, 0.79937, 0.698864, 0.0167357, 1.29, -0.14025, 0, 0.350624, 0.158368, -0.158368, 3.04729e-05, 0.000167534, 0.030566
30630, 0.865704, 0.45032, 0.0167357, 1.3, -0.133237, 0, 0.697742, 0.158368, -0.158368, 3.04747e-05, 0.000167519, 0.030566
30641, 0.373844, 0.156373, 0.0167357, 1.31, -0.122718, 0.697742, 1.04486, 0.158368, -0.158368, 3.04729e-05, 0.000167519, 0.030566
30651, 0.0684146, 0.895806, 0.0167357, 1.32, -0.122718, 1.04837, 0, 0.158368, -0.158368, 3.04747e-05, 0.000167519, 0.030566
30661, 0.555816, 0.690406, 0.0167357, 1.33, -0.119212, 0.350624, 0.350624, 0.158368, -0.158368, 3.04729e-05, 0.000167519, 0.030566
30670, 0.534032, 0.669943, 0.0149926, 1.34, -0.115706, 0.350624, 0.350624, 0.157496, -0.157496, 3.04747e-05, -0.000704885, 0.030566
30681, 0.589811, 0.452669, 0.016734, 1.35, -0.108693, 0.350624, 0.701248, 0.158368, -0.158367, 3.04729e-05, 0.00102162, 0.030566
30691, 0.613123, 0.43003, 0.0167357, 1.36, -0.101681, 0.347118, 0.697742, 0.158368, -0.158368, 3.04747e-05, 0.000168353, 0.030566
30701, 0.184672, 0.513228, 0.00988498, 1.37, -0.0981748, 0.701248, 0.350624, 0.154939, -0.154942, 3.04729e-05, -0.00326124, 0.030566
30711, 0.172757, 0.545905, 0.0115609, 1.38, -0.0946685, 0.701248, 0.350624, 0.155781, -0.15578, 3.04747e-05, 0.000937745, 0.030566
30721, -0.324462, -0.163082, -0.0187423, 1.39, -0.0911623, 0.347118, 0.347118, 0.140614, -0.140629, 3.04729e-05, -0.015051, 0.030566
30731, 0.486377, 0.346944, 0.00818712, 1.4, -0.087656, 0, 0.350624, 0.154107, -0.154094, 3.04747e-05, 0.0132906, 0.030566
30741, 0.600575, 0.412726, 0.0115592, 1.41, -0.0841498, 0, 0.350624, 0.155781, -0.15578, 3.04729e-05, 0.00176969, 0.030566
30751, 0.605682, 0.373244, 0.00987995, 1.42, -0.0806436, 0, 0.350624, 0.154939, -0.15494, 3.04747e-05, -0.000724778, 0.030566
30760, 0.0838037, 0.638237, 0.00987828, 1.43, -0.0806436, 0.701248, 0, 0.154939, -0.154939, 3.04729e-05, 9.80645e-05, 0.030566
30771, 0.0340393, 0.408375, 0.00987828, 1.44, -0.0771373, 0.697742, 0.347118, 0.154939, -0.154939, 3.04747e-05, 9.88841e-05, 0.030566
30781, 0.540122, 0.399408, 0.00987828, 1.45, -0.0736311, 0, 0.350624, 0.154939, -0.154939, 3.04729e-05, 9.88841e-05, 0.030566
30791, 0.579276, 0.664434, 0.00987828, 1.46, -0.0736311, 0, 0, 0.154939, -0.154939, 3.04747e-05, 9.88841e-05, 0.030566
30800, 0.337931, 0.434572, 0.00987828, 1.47, -0.0701248, 0.350624, 0.347118, 0.154939, -0.154939, 3.04729e-05, 9.88841e-05, 0.030566
30811, 0.331223, 0.697339, 0.00987828, 1.48, -0.0701248, 0.350624, 0, 0.154939, -0.154939, 3.04747e-05, 9.88841e-05, 0.030566
30821, 0.32732, 0.467476, 0.00987828, 1.49, -0.0666186, 0.347118, 0.347118, 0.154939, -0.154939, 3.04729e-05, 9.88841e-05, 0.030566
30831, 0.280752, 0.422168, 0.0082151, 1.5, -0.0631124, 0.347118, 0.347118, 0.154107, -0.154108, 3.04747e-05, -0.000733539, 0.030566
30840, 0.585885, 0.445631, 0.00987667, 1.51, -0.0596061, 0, 0.350624, 0.154939, -0.154938, 3.04729e-05, 0.000913844, 0.030566
30851, -0.0688008, 0.0384994, -0.018744, 1.52, -0.0596061, 0, 0, 0.140614, -0.140628, 3.04747e-05, -0.0142258, 0.030566
30861, 0.2696, 0.36672, 0.00985029, 1.53, -0.0560999, 0.350624, 0.347118, 0.154939, -0.154925, 3.04729e-05, 0.0141238, 0.030566
30871, 0.266264, 0.630033, 0.00987825, 1.54, -0.0560999, 0.347118, 0, 0.154939, -0.154939, 3.04747e-05, 0.000112593, 0.030566
30880, 0.537709, 0.669188, 0.00987828, 1.55, -0.0560999, 0, 0, 0.154939, -0.154939, 3.04729e-05, 9.8899e-05, 0.030566
30891, 0.536544, 0.397548, 0.0082151, 1.56, -0.0525936, 0, 0.350624, 0.154107, -0.154108, 3.04747e-05, -0.000733539, 0.030566
30901, 0.331692, 0.425988, 0.00987667, 1.57, -0.0490874, 0.347118, 0.347118, 0.154939, -0.154938, 3.04729e-05, 0.000913844, 0.030566
30911, 0.32267, 0.688786, 0.00987828, 1.58, -0.0490874, 0.350624, 0, 0.154939, -0.154939, 3.04747e-05, 9.96739e-05, 0.030566
30921, 0.596462, 0.72794, 0.00987828, 1.59, -0.0490874, 0, 0, 0.154939, -0.154939, 3.04729e-05, 9.88841e-05, 0.030566
30930, 0.635616, 0.49536, 0.00987828, 1.6, -0.0455811, 0, 0.350624, 0.154939, -0.154939, 3.04747e-05, 9.88841e-05, 0.030566
30941, 0.397075, 0.49137, 0.00987828, 1.61, -0.0420749, 0.347118, 0.347118, 0.154939, -0.154939, 3.04729e-05, 9.88841e-05, 0.030566
30951, 0.388021, 0.482403, 0.00987828, 1.62, -0.0385687, 0.350624, 0.350624, 0.154939, -0.154939, 3.04747e-05, 9.88841e-05, 0.030566
30961, 0.103619, 0.475696, 0.00987828, 1.63, -0.0350624, 0.697742, 0.350624, 0.154939, -0.154939, 3.04729e-05, 9.88841e-05, 0.030566
30970, 0.609702, 0.740722, 0.00987828, 1.64, -0.0350624, 0, 0, 0.154939, -0.154939, 3.04747e-05, 9.88841e-05, 0.030566
30981, 0.537239, 0.671746, 0.016729, 1.65, -0.0315562, 0.347118, 0.347118, 0.158368, -0.158364, 3.04729e-05, 0.00352764, 0.030566
30991, 0.669923, 0.529204, 0.00988498, 1.66, -0.0280499, 0, 0.350624, 0.154939, -0.154942, 3.04747e-05, -0.00325795, 0.030566
31001, 0.147943, 0.253349, 0.00987831, 1.67, -0.0245437, 0.701248, 0.697742, 0.154939, -0.154939, 3.04729e-05, 9.56059e-05, 0.030566
31011, 0.378677, 0.741988, 0.00987828, 1.68, -0.0210375, 0.347118, 0, 0.154939, -0.154939, 3.04747e-05, 9.88692e-05, 0.030566
31021, 0.369623, 0.781142, 0.00987828, 1.69, -0.0210375, 0.350624, 0, 0.154939, -0.154939, 3.04729e-05, 9.88841e-05, 0.030566
31031, 0.643415, 0.276829, 0.00987828, 1.7, -0.014025, 0, 0.701248, 0.154939, -0.154939, 3.04747e-05, 9.88841e-05, 0.030566
31041, 0.243541, 0.345136, 0.00333899, 1.71, -0.0105187, 0.350624, 0.347118, 0.151666, -0.15167, 3.04729e-05, -0.00317404, 0.030566
31051, 0.213564, 0.3101, 0.00333259, 1.72, -0.00701248, 0.347118, 0.350624, 0.151666, -0.151666, 3.04747e-05, 3.02196e-05, 0.030566
31060, 0.178565, 0.549181, 0.00333259, 1.73, -0.00701248, 0.350624, 0, 0.151666, -0.151666, 3.04729e-05, 3.33488e-05, 0.030566
31071, 0.58494, 0.715965, 0.0098719, 1.74, -0.00701248, 0, 0, 0.154939, -0.154936, 3.04747e-05, 0.00330627, 0.030566
31081, 0.624224, 0.486227, 0.00987828, 1.75, -0.00350624, 0, 0.347118, 0.154939, -0.154939, 3.04729e-05, 0.000102013, 0.030566
31091, 0.22435, 0.326404, 0.00333899, 1.76, 0, 0.350624, 0.347118, 0.151666, -0.15167, 3.04747e-05, -0.00317404, 0.030566
31100, 0.194373, 0.563101, 0.00333259, 1.77, 0, 0.347118, 0, 0.151666, -0.151666, 3.04729e-05, 3.02196e-05, 0.030566
31111, 0.237726, 0.380481, 0.00656462, 1.78, 0.00350624, 0.350624, 0.350624, 0.153284, -0.153282, 3.04747e-05, 0.00165099, 0.030566
31121, 0.578637, 0.710118, 0.00987506, 1.79, 0.00350624, 0, 0, 0.154939, -0.154938, 3.04729e-05, 0.00172257, 0.030566
31131, 0.617856, 0.477601, 0.00987828, 1.8, 0.00701248, 0, 0.350624, 0.154939, -0.154939, 3.04747e-05, 0.000100464, 0.030566
31140, 0.498482, 0.589053, 0.00333899, 1.81, 0.00701248, 0, 0, 0.151666, -0.15167, 3.04729e-05, -0.00317404, 0.030566
31151, -0.0466329, 0.33312, 0.00333259, 1.82, 0.0105187, 0.697742, 0.347118, 0.151666, -0.151666, 3.04747e-05, 3.02196e-05, 0.030566
31161, 0.433505, 0.298209, 0.00333259, 1.83, 0.014025, 0, 0.350624, 0.151666, -0.151666, 3.04729e-05, 3.33488e-05, 0.030566
31171, 0.130508, 0.499981, 0.00174394, 1.84, 0.014025, 0.347118, 0, 0.150871, -0.150872, 3.04747e-05, -0.000761762, 0.030566
31180, 0.408186, 0.544166, 0.00333104, 1.85, 0.014025, 0, 0, 0.151666, -0.151666, 3.04729e-05, 0.000811785, 0.030566
31191, 0.421427, 0.288389, 0.00333259, 1.86, 0.0175312, 0, 0.347118, 0.151666, -0.151666, 3.04747e-05, 3.41088e-05, 0.030566
31201, 0.156942, 0.256195, 0.00333259, 1.87, 0.0210375, 0.347118, 0.347118, 0.151666, -0.151666, 3.04729e-05, 3.33488e-05, 0.030566
31211, 0.402442, 0.493018, 0.00333259, 1.88, 0.0210375, 0, 0, 0.151666, -0.151666, 3.04747e-05, 3.33488e-05, 0.030566
31221, 0.137957, 0.506227, 0.00333259, 1.89, 0.0210375, 0.347118, 0, 0.151666, -0.151666, 3.04729e-05, 3.33488e-05, 0.030566
31230, 0.383457, 0.519436, 0.00333259, 1.9, 0.0210375, 0, 0, 0.151666, -0.151666, 3.04747e-05, 3.33488e-05, 0.030566
31241, -0.267527, -0.379808, -0.0240654, 1.91, 0.0245437, 0, 0.347118, 0.137954, -0.137967, 3.04729e-05, -0.0136793, 0.030566
31251, 0.300631, 0.391227, 0.00330579, 1.92, 0.0245437, 0, 0, 0.151666, -0.151653, 3.04747e-05, 0.0134584, 0.030566
31261, 0.036688, 0.404958, 0.00333256, 1.93, 0.0245437, 0.347118, 0, 0.151666, -0.151666, 3.04729e-05, 4.64767e-05, 0.030566
31270, 0.282189, 0.418168, 0.00333259, 1.94, 0.0245437, 0, 0, 0.151666, -0.151666, 3.04747e-05, 3.33637e-05, 0.030566
31281, 0.295398, 0.431377, 0.00333259, 1.95, 0.0245437, 0, 0, 0.151666, -0.151666, 3.04729e-05, 3.33488e-05, 0.030566
31291, 0.308607, 0.444586, 0.00333259, 1.96, 0.0245437, 0, 0, 0.151666, -0.151666, 3.04747e-05, 3.33488e-05, 0.030566
31301, 0.321817, 0.457796, 0.00333259, 1.97, 0.0245437, 0, 0, 0.151666, -0.151666, 3.04729e-05, 3.33488e-05, 0.030566
31310, 0.296513, 0.433696, 0.00174394, 1.98, 0.0245437, 0, 0, 0.150871, -0.150872, 3.04747e-05, -0.000761762, 0.030566
31321, 0.3419, 0.208864, 0.00333104, 1.99, 0.0280499, 0, 0.347118, 0.151666, -0.151666, 3.04729e-05, 0.000811785, 0.030566
31331, 0.316629, 0.408408, 0.00174394, 2, 0.0280499, 0, 0, 0.150871, -0.150872, 3.04747e-05, -0.000761002, 0.030566
31341, 0.362016, 0.452593, 0.00333104, 2.01, 0.0280499, 0, 0, 0.151666, -0.151666, 3.04729e-05, 0.000811785, 0.030566
31350, 0.375256, 0.465832, 0.00333259, 2.02, 0.0280499, 0, 0, 0.151666, -0.151666, 3.04747e-05, 3.41088e-05, 0.030566
31361, 0.388466, 0.479042, 0.00333259, 2.03, 0.0280499, 0, 0, 0.151666, -0.151666, 3.04729e-05, 3.33488e-05, 0.030566
31371, -0.262518, -0.151186, -0.0240654, 2.04, 0.0280499, 0, 0, 0.137954, -0.137967, 3.04747e-05, -0.0136793, 0.030566
31381, -0.670445, -0.277612, -0.025387, 2.05, 0.0280499, 0.350624, 0, 0.137306, -0.137306, 3.04729e-05, -0.000902385, 0.030566
31391, 0.15912, 0.295579, 0.00330448, 2.06, 0.0280499, 0, 0, 0.151666, -0.151652, 3.04747e-05, 0.014106, 0.030566
31400, 0.453398, 0.309336, 0.00333256, 2.07, 0.0280499, -0.350624, 0, 0.151666, -0.151666, 3.04729e-05, 4.71324e-05, 0.030566
31411, 0.509665, 0.322546, 0.00333259, 2.08, 0.0280499, -0.347118, 0, 0.151666, -0.151666, 3.04747e-05, 3.33637e-05, 0.030566
31421, 0.290582, 0.335755, 0.00333259, 2.09, 0.0280499, 0, 0, 0.151666, -0.151666, 3.04729e-05, 3.33488e-05, 0.030566
31431, 0.0260972, 0.348964, 0.00333259, 2.1, 0.0280499, 0.347118, 0, 0.151666, -0.151666, 3.04747e-05, 3.33488e-05, 0.030566
31440, -0.00890172, 0.362174, 0.00333259, 2.11, 0.0280499, 0.350624, 0, 0.151666, -0.151666, 3.04729e-05, 3.33488e-05, 0.030566
31451, 0.238945, 0.375383, 0.00333259, 2.12, 0.0280499, 0, 0, 0.151666, -0.151666, 3.04747e-05, 3.33488e-05, 0.030566
31461, 0.252154, 0.388592, 0.00333259, 2.13, 0.0280499, 0, 0, 0.151666, -0.151666, 3.04729e-05, 3.33488e-05, 0.030566
31471, 0.265363, 0.401801, 0.00333259, 2.14, 0.0280499, 0, 0, 0.151666, -0.151666, 3.04747e-05, 3.33488e-05, 0.030566
31480, 0.317525, 0.452746, 0.00493938, 2.15, 0.0280499, 0, 0, 0.152471, -0.15247, 3.04729e-05, 0.00083755, 0.030566
31491, 0.298188, 0.162891, 0.00333413, 2.16, 0.0315562, 0, 0.350624, 0.151666, -0.151667, 3.04747e-05, -0.000753969, 0.030566
31501, -0.352827, -0.241495, -0.0240654, 2.17, 0.0315562, 0, 0, 0.137954, -0.137967, 3.04729e-05, -0.0136801, 0.030566
31511, 0.21533, 0.305926, 0.00330579, 2.18, 0.0315562, 0, 0, 0.151666, -0.151653, 3.04747e-05, 0.0134584, 0.030566
31521, 0.229082, 0.591391, 0.00333256, 2.19, 0.0280499, 0, -0.350624, 0.151666, -0.151666, 3.04729e-05, 4.64767e-05, 0.030566
31531, 0.519986, 0.378729, 0.00333259, 2.2, 0.0280499, -0.347118, 0, 0.151666, -0.151666, 3.04747e-05, 3.33637e-05, 0.030566
31541, 0.300904, 0.120205, 0.00333259, 2.21, 0.0315562, 0, 0.350624, 0.151666, -0.151666, 3.04729e-05, 3.33488e-05, 0.030566
31551, 0.0336135, 0.359286, 0.00333259, 2.22, 0.0315562, 0.350624, 0, 0.151666, -0.151666, 3.04747e-05, 3.33488e-05, 0.030566
31561, 0.28146, 0.372495, 0.00333259, 2.23, 0.0315562, 0, 0, 0.151666, -0.151666, 3.04729e-05, 3.33488e-05, 0.030566
31570, 0.29467, 0.385704, 0.00333259, 2.24, 0.0315562, 0, 0, 0.151666, -0.151666, 3.04747e-05, 3.33488e-05, 0.030566
31581, 0.307879, 0.398913, 0.00333259, 2.25, 0.0315562, 0, 0, 0.151666, -0.151666, 3.04729e-05, 3.33488e-05, 0.030566
31591, 0.321088, 0.412122, 0.00333259, 2.26, 0.0315562, 0, 0, 0.151666, -0.151666, 3.04747e-05, 3.33488e-05, 0.030566
31601, 0.0537976, 0.425332, 0.00333259, 2.27, 0.0315562, 0.350624, 0, 0.151666, -0.151666, 3.04729e-05, 3.33488e-05, 0.030566
31610, 0.340597, 0.476276, 0.00493938, 2.28, 0.0315562, 0, 0, 0.152471, -0.15247, 3.04747e-05, 0.00083755, 0.030566
31621, 0.282748, 0.420847, 0.00174552, 2.29, 0.0315562, 0, 0, 0.150871, -0.150873, 3.04729e-05, -0.00154908, 0.030566
31631, 0.328103, 0.195984, 0.00333104, 2.3, 0.0350624, 0, 0.347118, 0.151666, -0.151666, 3.04747e-05, 0.000811011, 0.030566
31641, 0.341344, 0.432837, 0.00333259, 2.31, 0.0350624, 0, 0, 0.151666, -0.151666, 3.04729e-05, 3.41088e-05, 0.030566
31650, 0.354553, 0.446046, 0.00333259, 2.32, 0.0350624, 0, 0, 0.151666, -0.151666, 3.04747e-05, 3.33488e-05, 0.030566
31661, 0.367762, 0.459256, 0.00333259, 2.33, 0.0350624, 0, 0, 0.151666, -0.151666, 3.04729e-05, 3.33488e-05, 0.030566
31671, 0.380971, 0.472465, 0.00333259, 2.34, 0.0350624, 0, 0, 0.151666, -0.151666, 3.04747e-05, 3.33488e-05, 0.030566
31681, 0.113681, 0.485674, 0.00333259, 2.35, 0.0350624, 0.350624, 0, 0.151666, -0.151666, 3.04729e-05, 3.33488e-05, 0.030566
31691, 0.361528, 0.498883, 0.00333259, 2.36, 0.0350624, 0, 0, 0.151666, -0.151666, 3.04747e-05, 3.33488e-05, 0.030566
31700, 0.374737, 0.240359, 0.00333259, 2.37, 0.0385687, 0, 0.350624, 0.151666, -0.151666, 3.04729e-05, 3.33488e-05, 0.030566
31711, 0.387946, 0.47944, 0.00333259, 2.38, 0.0385687, 0, 0, 0.151666, -0.151666, 3.04747e-05, 3.33488e-05, 0.030566
31721, 0.120656, 0.492649, 0.00333259, 2.39, 0.0385687, 0.350624, 0, 0.151666, -0.151666, 3.04729e-05, 3.33488e-05, 0.030566
31731, 0.368503, 0.234124, 0.00333259, 2.4, 0.0420749, 0, 0.350624, 0.151666, -0.151666, 3.04747e-05, 3.33488e-05, 0.030566
31740, 0.420665, 0.510941, 0.00493938, 2.41, 0.0420749, 0, 0, 0.152471, -0.15247, 3.04729e-05, 0.00083755, 0.030566
31751, 0.401328, 0.49282, 0.00333413, 2.42, 0.0420749, 0, 0, 0.151666, -0.151667, 3.04747e-05, -0.000753969, 0.030566
31761, 0.136811, 0.505999, 0.00333259, 2.43, 0.0420749, 0.347118, 0, 0.151666, -0.151666, 3.04729e-05, 3.25888e-05, 0.030566
31771, 0.382312, 0.519208, 0.00333259, 2.44, 0.0420749, 0, 0, 0.151666, -0.151666, 3.04747e-05, 3.33488e-05, 0.030566
31780, 0.395521, 0.260684, 0.00333259, 2.45, 0.0455811, 0, 0.350624, 0.151666, -0.151666, 3.04729e-05, 3.33488e-05, 0.030566
31791, 0.40873, 0.499765, 0.00333259, 2.46, 0.0455811, 0, 0, 0.151666, -0.151666, 3.04747e-05, 3.33488e-05, 0.030566
31801, 0.144245, 0.512974, 0.00333259, 2.47, 0.0455811, 0.347118, 0, 0.151666, -0.151666, 3.04729e-05, 3.33488e-05, 0.030566
31811, 0.389745, 0.526183, 0.00333259, 2.48, 0.0455811, 0, 0, 0.151666, -0.151666, 3.04747e-05, 3.33488e-05, 0.030566
31820, 0.402954, 0.267659, 0.00333259, 2.49, 0.0490874, 0, 0.350624, 0.151666, -0.151666, 3.04729e-05, 3.33488e-05, 0.030566
31831, 0.135664, 0.50674, 0.00333259, 2.5, 0.0490874, 0.350624, 0, 0.151666, -0.151666, 3.04747e-05, 3.33488e-05, 0.030566
31841, 0.383511, 0.248215, 0.00333259, 2.51, 0.0525936, 0, 0.350624, 0.151666, -0.151666, 3.04729e-05, 3.33488e-05, 0.030566
31851, 0.39672, 0.487297, 0.00333259, 2.52, 0.0525936, 0, 0, 0.151666, -0.151666, 3.04747e-05, 3.33488e-05, 0.030566
31861, 0.12943, 0.500506, 0.00333259, 2.53, 0.0525936, 0.350624, 0, 0.151666, -0.151666, 3.04729e-05, 3.33488e-05, 0.030566
31870, 0.416229, 0.55145, 0.00493938, 2.54, 0.0525936, 0, 0, 0.152471, -0.15247, 3.04747e-05, 0.00083755, 0.030566
31881, 0.435846, 0.302049, 0.00494096, 2.55, 0.0560999, 0, 0.347118, 0.152471, -0.15247, 3.04729e-05, 5.02318e-05, 0.030566
31891, 0.416477, 0.507511, 0.00333416, 2.56, 0.0560999, 0, 0, 0.151666, -0.151667, 3.04747e-05, -0.000754744, 0.030566
31901, -0.512233, -0.122748, -0.0240654, 2.57, 0.0560999, 0.347118, 0, 0.137954, -0.137967, 3.04729e-05, -0.0136801, 0.030566
31910, 0.288215, 0.15294, 0.00330579, 2.58, 0.0596061, 0, 0.350624, 0.151666, -0.151653, 3.04747e-05, 0.0134584, 0.030566
31921, 0.301967, 0.392544, 0.00333256, 2.59, 0.0596061, 0, 0, 0.151666, -0.151666, 3.04729e-05, 4.64767e-05, 0.030566
31931, 0.592871, 0.405753, 0.00333259, 2.6, 0.0596061, -0.347118, 0, 0.151666, -0.151666, 3.04747e-05, 3.33637e-05, 0.030566
31941, 0.0932899, 0.418962, 0.00333259, 2.61, 0.0596061, 0.350624, 0, 0.151666, -0.151666, 3.04729e-05, 3.33488e-05, 0.030566
31950, 0.0606374, 0.432172, 0.00333259, 2.62, 0.0596061, 0.350624, 0, 0.151666, -0.151666, 3.04747e-05, 3.33488e-05, 0.030566
31961, 0.308484, 0.445381, 0.00333259, 2.63, 0.0596061, 0, 0, 0.151666, -0.151666, 3.04729e-05, 3.33488e-05, 0.030566
31971, 0.321693, 0.45859, 0.00333259, 2.64, 0.0596061, 0, 0, 0.151666, -0.151666, 3.04747e-05, 3.33488e-05, 0.030566
31981, 0.334903, 0.471799, 0.00333259, 2.65, 0.0596061, 0, 0, 0.151666, -0.151666, 3.04729e-05, 3.33488e-05, 0.030566
31991, 0.348112, 0.213275, 0.00333259, 2.66, 0.0631124, 0, 0.350624, 0.151666, -0.151666, 3.04747e-05, 3.33488e-05, 0.030566
32001, 0.400273, 0.490091, 0.00493938, 2.67, 0.0631124, 0, 0, 0.152471, -0.15247, 3.04729e-05, 0.00083755, 0.030566
32011, 0.142195, 0.509706, 0.00494096, 2.68, 0.0631124, 0.347118, 0, 0.152471, -0.15247, 3.04747e-05, 5.02318e-05, 0.030566
32021, 0.355118, 0.491555, 0.00333416, 2.69, 0.0631124, 0, 0, 0.151666, -0.151667, 3.04729e-05, -0.000754744, 0.030566
32031, -0.295898, -0.138704, -0.0240654, 2.7, 0.0631124, 0, 0, 0.137954, -0.137967, 3.04747e-05, -0.0136801, 0.030566
32040, 0.272259, 0.136984, 0.00330579, 2.71, 0.0666186, 0, 0.350624, 0.151666, -0.151653, 3.04729e-05, 0.0134584, 0.030566
32051, 0.286011, 0.376588, 0.00333256, 2.72, 0.0666186, 0, 0, 0.151666, -0.151666, 3.04747e-05, 4.64767e-05, 0.030566
32061, 0.299221, 0.389797, 0.00333259, 2.73, 0.0666186, 0, 0, 0.151666, -0.151666, 3.04729e-05, 3.33637e-05, 0.030566
32071, 0.31243, 0.403006, 0.00333259, 2.74, 0.0666186, 0, 0, 0.151666, -0.151666, 3.04747e-05, 3.33488e-05, 0.030566
32080, 0.325639, 0.416216, 0.00333259, 2.75, 0.0666186, 0, 0, 0.151666, -0.151666, 3.04729e-05, 3.33488e-05, 0.030566
32091, 0.0583491, 0.429425, 0.00333259, 2.76, 0.0666186, 0.350624, 0, 0.151666, -0.151666, 3.04747e-05, 3.33488e-05, 0.030566
32101, 0.267683, 0.405325, 0.00174394, 2.77, 0.0666186, 0, 0, 0.150871, -0.150872, 3.04729e-05, -0.000761762, 0.030566
32111, 0.313071, 0.44951, 0.00333104, 2.78, 0.0666186, 0, 0, 0.151666, -0.151666, 3.04747e-05, 0.000811785, 0.030566
32120, 0.326311, 0.462749, 0.00333259, 2.79, 0.0666186, 0, 0, 0.151666, -0.151666, 3.04729e-05, 3.41088e-05, 0.030566
32131, 0.33952, 0.204225, 0.00333259, 2.8, 0.0701248, 0, 0.350624, 0.151666, -0.151666, 3.04747e-05, 3.33488e-05, 0.030566
32141, 0.391682, 0.481041, 0.00493938, 2.81, 0.0701248, 0, 0, 0.152471, -0.15247, 3.04729e-05, 0.00083755, 0.030566
32151, 0.372345, 0.46292, 0.00333413, 2.82, 0.0701248, 0, 0, 0.151666, -0.151667, 3.04747e-05, -0.000753969, 0.030566
32160, -0.310061, -0.197747, -0.0253602, 2.83, 0.0701248, 0, 0, 0.137306, -0.13732, 3.04729e-05, -0.0143282, 0.030566
32171, 0.245811, 0.337612, 0.00171587, 2.84, 0.0701248, 0, 0, 0.150871, -0.150858, 3.04747e-05, 0.0132977, 0.030566
32181, 0.291767, 0.382344, 0.00333101, 2.85, 0.0701248, 0, 0, 0.151666, -0.151666, 3.04729e-05, 0.000825539, 0.030566
32191, 0.305008, 0.395584, 0.00333259, 2.86, 0.0701248, 0, 0, 0.151666, -0.151666, 3.04747e-05, 3.41237e-05, 0.030566
32201, 0.318217, 0.408794, 0.00333259, 2.87, 0.0701248, 0, 0, 0.151666, -0.151666, 3.04729e-05, 3.33488e-05, 0.030566
32210, 0.050927, 0.422003, 0.00333259, 2.88, 0.0701248, 0.350624, 0, 0.151666, -0.151666, 3.04747e-05, 3.33488e-05, 0.030566
32221, 0.298774, 0.435212, 0.00333259, 2.89, 0.0701248, 0, 0, 0.151666, -0.151666, 3.04729e-05, 3.33488e-05, 0.030566
32231, 0.311983, 0.448421, 0.00333259, 2.9, 0.0701248, 0, 0, 0.151666, -0.151666, 3.04747e-05, 3.33488e-05, 0.030566
32241, 0.325192, 0.189896, 0.00333259, 2.91, 0.0736311, 0, 0.350624, 0.151666, -0.151666, 3.04729e-05, 3.33488e-05, 0.030566
32250, 0.338401, 0.428978, 0.00333259, 2.92, 0.0736311, 0, 0, 0.151666, -0.151666, 3.04747e-05, 3.33488e-05, 0.030566
32261, 0.351611, 0.442187, 0.00333259, 2.93, 0.0736311, 0, 0, 0.151666, -0.151666, 3.04729e-05, 3.33488e-05, 0.030566
32271, 0.403772, 0.493131, 0.00493938, 2.94, 0.0736311, 0, 0, 0.152471, -0.15247, 3.04747e-05, 0.00083755, 0.030566
32281, 0.384435, 0.47501, 0.00333413, 2.95, 0.0736311, 0, 0, 0.151666, -0.151667, 3.04729e-05, -0.000753969, 0.030566
32290, -0.29797, -0.185657, -0.0253602, 2.96, 0.0736311, 0, 0, 0.137306, -0.13732, 3.04747e-05, -0.0143282, 0.030566
32301, 0.0159142, 0.387011, 0.00330451, 2.97, 0.0736311, 0.350624, 0, 0.151666, -0.151652, 3.04729e-05, 0.0140928, 0.030566
32311, 0.26433, 0.400768, 0.00333256, 2.98, 0.0736311, 0, 0, 0.151666, -0.151666, 3.04747e-05, 4.71175e-05, 0.030566
32321, 0.277539, 0.413978, 0.00333259, 2.99, 0.0736311, 0, 0, 0.151666, -0.151666, 3.04729e-05, 3.33637e-05, 0.030566
32330, 0.290749, 0.427187, 0.00333259, 3, 0.0736311, 0, 0, 0.151666, -0.151666, 3.04747e-05, 3.33488e-05, 0.030566
32340, 0.303958, 0.171379, 0.00333259, 3.01, 0.0771373, 0, 0.347118, 0.151666, -0.151666, 3.04729e-05, 3.33488e-05, 0.030566
32351, 0.317167, 0.408202, 0.00333259, 3.02, 0.0771373, 0, 0, 0.151666, -0.151666, 3.04747e-05, 3.33488e-05, 0.030566
32361, 0.330376, 0.690428, 0.00333259, 3.03, 0.0736311, 0, -0.347118, 0.151666, -0.151666, 3.04729e-05, 3.33488e-05, 0.030566
32371, 0.343585, 0.480023, 0.00333259, 3.04, 0.0736311, 0, 0, 0.151666, -0.151666, 3.04747e-05, 3.33488e-05, 0.030566
32380, 0.356794, 0.224216, 0.00333259, 3.05, 0.0771373, 0, 0.347118, 0.151666, -0.151666, 3.04729e-05, 3.33488e-05, 0.030566
32391, 0.331491, 0.42373, 0.00174394, 3.06, 0.0771373, 0, 0, 0.150871, -0.150872, 3.04747e-05, -0.000761762, 0.030566
32401, 0.138137, 0.50565, 0.00493783, 3.07, 0.0771373, 0.347118, 0, 0.152471, -0.152469, 3.04729e-05, 0.00161599, 0.030566
32411, 0.351122, 0.487559, 0.00333413, 3.08, 0.0771373, 0, 0, 0.151666, -0.151667, 3.04747e-05, -0.000753209, 0.030566
32420, 0.3643, 0.231722, 0.00333259, 3.09, 0.0806436, 0, 0.347118, 0.151666, -0.151666, 3.04729e-05, 3.25888e-05, 0.030566
32431, 0.377509, 0.468544, 0.00333259, 3.1, 0.0806436, 0, 0, 0.151666, -0.151666, 3.04747e-05, 3.33488e-05, 0.030566
32441, 0.113024, 0.481753, 0.00333259, 3.11, 0.0806436, 0.347118, 0, 0.151666, -0.151666, 3.04729e-05, 3.33488e-05, 0.030566
32451, 0.358524, 0.494962, 0.00333259, 3.12, 0.0806436, 0, 0, 0.151666, -0.151666, 3.04747e-05, 3.33488e-05, 0.030566
32460, 0.371734, 0.239155, 0.00333259, 3.13, 0.0841498, 0, 0.347118, 0.151666, -0.151666, 3.04729e-05, 3.33488e-05, 0.030566
32471, 0.384943, 0.475978, 0.00333259, 3.14, 0.0841498, 0, 0, 0.151666, -0.151666, 3.04747e-05, 3.33488e-05, 0.030566
32481, 0.398152, 0.489187, 0.00333259, 3.15, 0.0841498, 0, 0, 0.151666, -0.151666, 3.04729e-05, 3.33488e-05, 0.030566
32491, 0.130862, 0.502396, 0.00333259, 3.16, 0.0841498, 0.350624, 0, 0.151666, -0.151666, 3.04747e-05, 3.33488e-05, 0.030566
32501, 0.378709, 0.243872, 0.00333259, 3.17, 0.087656, 0, 0.350624, 0.151666, -0.151666, 3.04729e-05, 3.33488e-05, 0.030566
32510, 0.391918, 0.482953, 0.00333259, 3.18, 0.087656, 0, 0, 0.151666, -0.151666, 3.04747e-05, 3.33488e-05, 0.030566
32521, 0.253644, 0.349413, -0.00291607, 3.19, 0.087656, 0, 0, 0.148539, -0.148542, 3.04729e-05, -0.00309409, 0.030566
32531, -0.00132538, 0.373784, -0.0013862, 3.2, 0.087656, 0.350624, 0, 0.149308, -0.149307, 3.04747e-05, 0.000736505, 0.030566
32541, 0.303588, 0.441692, 0.00173932, 3.21, 0.087656, 0, 0, 0.150871, -0.15087, 3.04729e-05, 0.00155045, 0.030566
32550, 0.349068, 0.21695, 0.00333101, 3.22, 0.0911623, 0, 0.347118, 0.151666, -0.151666, 3.04747e-05, 0.00081405, 0.030566
32561, 0.210827, 0.307055, -0.00291607, 3.23, 0.0911623, 0, 0, 0.148539, -0.148542, 3.04729e-05, -0.00309332, 0.030566
32571, 0.350603, 0.442102, 0.00332648, 3.24, 0.0911623, 0, 0, 0.151666, -0.151663, 3.04747e-05, 0.00309519, 0.030566
32581, 0.363936, 0.45543, 0.00333259, 3.25, 0.0911623, 0, 0, 0.151666, -0.151666, 3.04729e-05, 3.63439e-05, 0.030566
32590, 0.0966461, 0.468639, 0.00333259, 3.26, 0.0911623, 0.350624, 0, 0.151666, -0.151666, 3.04747e-05, 3.33488e-05, 0.030566
32601, 0.19301, 0.3351, -0.00291607, 3.27, 0.0911623, 0, 0, 0.148539, -0.148542, 3.04729e-05, -0.00309409, 0.030566
32611, 0.181304, 0.323398, -0.00292218, 3.28, 0.0911623, 0, 0, 0.148539, -0.148539, 3.04747e-05, -3.22461e-05, 0.030566
32621, 0.282692, 0.421255, 0.00173783, 3.29, 0.0911623, 0, 0, 0.150871, -0.150869, 3.04729e-05, 0.00230308, 0.030566
32630, 0.328202, 0.465559, 0.00333101, 3.3, 0.0911623, 0, 0, 0.151666, -0.151666, 3.04747e-05, 0.000814781, 0.030566
32641, 0.189961, 0.33205, -0.00291607, 3.31, 0.0911623, 0, 0, 0.148539, -0.148542, 3.04729e-05, -0.00309332, 0.030566
32651, 0.14143, 0.284674, -0.0044412, 3.32, 0.0911623, 0, 0, 0.147779, -0.147779, 3.04747e-05, -0.000792518, 0.030566
32661, 0.197851, 0.0670487, -0.00138769, 3.33, 0.0946685, 0, 0.350624, 0.149308, -0.149306, 3.04729e-05, 0.00148383, 0.030566
32671, -0.357524, -0.24527, -0.02407, 3.34, 0.0946685, 0, 0, 0.137954, -0.137965, 3.04747e-05, -0.0113664, 0.030566
32680, 0.210727, 0.573975, 0.00330579, 3.35, 0.0911623, 0, -0.350624, 0.151666, -0.151653, 3.04729e-05, 0.0134606, 0.030566
32691, 0.224479, 0.361835, 0.00333256, 3.36, 0.0911623, 0, 0, 0.151666, -0.151666, 3.04747e-05, 4.64767e-05, 0.030566
32701, 0.518188, 0.375044, 0.00333259, 3.37, 0.0911623, -0.350624, 0, 0.151666, -0.151666, 3.04729e-05, 3.33637e-05, 0.030566
32711, 0.29676, 0.388253, 0.00333259, 3.38, 0.0911623, 0, 0, 0.151666, -0.151666, 3.04747e-05, 3.33488e-05, 0.030566
32720, 0.0294694, 0.401463, 0.00333259, 3.39, 0.0911623, 0.350624, 0, 0.151666, -0.151666, 3.04729e-05, 3.33488e-05, 0.030566
32731, 0.125834, 0.267923, -0.00291607, 3.4, 0.0911623, 0, 0, 0.148539, -0.148542, 3.04747e-05, -0.00309409, 0.030566
32741, 0.114127, -0.012795, -0.00292218, 3.41, 0.0946685, 0, 0.347118, 0.148539, -0.148539, 3.04729e-05, -3.22461e-05, 0.030566
32751, 0.102545, 0.199236, -0.00292218, 3.42, 0.0946685, 0, 0, 0.148539, -0.148539, 3.04747e-05, -2.9251e-05, 0.030566
32760, 0.0909625, 0.187654, -0.00292218, 3.43, 0.0946685, 0, 0, 0.148539, -0.148539, 3.04729e-05, -2.9251e-05, 0.030566
32771, 0.0793801, 0.176071, -0.00292218, 3.44, 0.0946685, 0, 0, 0.148539, -0.148539, 3.04747e-05, -2.9251e-05, 0.030566
32781, 0.21928, 0.311237, 0.00332648, 3.45, 0.0946685, 0, 0, 0.151666, -0.151663, 3.04729e-05, 0.00309819, 0.030566
32791, 0.271566, 0.634035, 0.00493938, 3.46, 0.0911623, 0, -0.350624, 0.152471, -0.15247, 3.04747e-05, 0.000840545, 0.030566
32800, 0.252229, 0.390042, 0.00333413, 3.47, 0.0911623, 0, 0, 0.151666, -0.151667, 3.04729e-05, -0.000753969, 0.030566
32811, 0.077099, -0.0509359, -0.00443509, 3.48, 0.0946685, 0, 0.350624, 0.147779, -0.147782, 3.04747e-05, -0.00385512, 0.030566
32821, 0.0961605, 0.192853, -0.00292367, 3.49, 0.0946685, 0, 0, 0.148539, -0.148538, 3.04729e-05, 0.000712082, 0.030566
32831, 0.0846083, 0.181299, -0.00292218, 3.5, 0.0946685, 0, 0, 0.148539, -0.148539, 3.04747e-05, -2.85208e-05, 0.030566
32841, 0.0730258, 0.441451, -0.00292218, 3.51, 0.0911623, 0, -0.350624, 0.148539, -0.148539, 3.04729e-05, -2.9251e-05, 0.030566
32850, 0.0614434, 0.203996, -0.00292218, 3.52, 0.0911623, 0, 0, 0.148539, -0.148539, 3.04747e-05, -2.9251e-05, 0.030566
32861, 0.0498609, -0.0793201, -0.00292218, 3.53, 0.0946685, 0, 0.350624, 0.148539, -0.148539, 3.04729e-05, -2.9251e-05, 0.030566
32871, 0.0382785, 0.13497, -0.00292218, 3.54, 0.0946685, 0, 0, 0.148539, -0.148539, 3.04747e-05, -2.9251e-05, 0.030566
32881, 0.026696, 0.395121, -0.00292218, 3.55, 0.0911623, 0, -0.350624, 0.148539, -0.148539, 3.04729e-05, -2.9251e-05, 0.030566
32890, 0.166596, 0.304415, 0.00332648, 3.56, 0.0911623, 0, 0, 0.151666, -0.151663, 3.04747e-05, 0.00309819, 0.030566
32901, 0.179929, 0.317743, 0.00333259, 3.57, 0.0911623, 0, 0, 0.151666, -0.151666, 3.04729e-05, 3.63439e-05, 0.030566
32911, 0.0416558, 0.184204, -0.00291607, 3.58, 0.0911623, 0, 0, 0.148539, -0.148542, 3.04747e-05, -0.00309409, 0.030566
32921, 0.0299494, 0.172502, -0.00292218, 3.59, 0.0911623, 0, 0, 0.148539, -0.148539, 3.04729e-05, -3.22461e-05, 0.030566
32930, -0.494344, -0.335769, -0.0240715, 3.6, 0.0911623, 0, 0, 0.137954, -0.137964, 3.04747e-05, -0.0106145, 0.030566
32941, 0.351631, 0.211771, 0.00330576, 3.61, 0.0911623, -0.347118, 0, 0.151666, -0.151653, 3.04729e-05, 0.0134614, 0.030566
32951, -0.562491, -0.176609, -0.0253603, 3.62, 0.087656, 0, -0.350624, 0.137306, -0.13732, 3.04747e-05, -0.0143142, 0.030566
32961, 0.351345, 0.207923, 0.0049113, 3.63, 0.087656, -0.350624, 0, 0.152471, -0.152456, 3.04729e-05, 0.014897, 0.030566
32970, 0.0979398, 0.19035, 0.00333413, 3.64, 0.087656, 0, 0, 0.151666, -0.151667, 3.04747e-05, -0.000740215, 0.030566
32980, 0.111118, 0.203529, 0.00333259, 3.65, 0.087656, 0, 0, 0.151666, -0.151666, 3.04729e-05, 3.25888e-05, 0.030566
32991, 0.124327, 0.216738, 0.00333259, 3.66, 0.087656, 0, 0, 0.151666, -0.151666, 3.04747e-05, 3.33488e-05, 0.030566
33001, 0.137536, 0.229947, 0.00333259, 3.67, 0.087656, 0, 0, 0.151666, -0.151666, 3.04729e-05, 3.33488e-05, 0.030566
33011, 0.150745, 0.51489, 0.00333259, 3.68, 0.0841498, 0, -0.350624, 0.151666, -0.151666, 3.04747e-05, 3.33488e-05, 0.030566
33020, 0.163954, 0.302227, 0.00333259, 3.69, 0.0841498, 0, 0, 0.151666, -0.151666, 3.04729e-05, 3.33488e-05, 0.030566
33031, 0.454858, 0.315436, 0.00333259, 3.7, 0.0841498, -0.347118, 0, 0.151666, -0.151666, 3.04747e-05, 3.33488e-05, 0.030566
33041, 0.235776, 0.328645, 0.00333259, 3.71, 0.0841498, 0, 0, 0.151666, -0.151666, 3.04729e-05, 3.33488e-05, 0.030566
33051, -0.0315146, 0.341855, 0.00333259, 3.72, 0.0841498, 0.350624, 0, 0.151666, -0.151666, 3.04747e-05, 3.33488e-05, 0.030566
33060, 0.374861, 0.508639, 0.0098719, 3.73, 0.0841498, 0, 0, 0.154939, -0.154936, 3.04729e-05, 0.00330627, 0.030566
33071, 0.255615, 0.125326, 0.00333896, 3.74, 0.087656, 0, 0.347118, 0.151666, -0.151669, 3.04747e-05, -0.00317091, 0.030566
33081, 0.268695, 0.362024, 0.00333259, 3.75, 0.087656, 0, 0, 0.151666, -0.151666, 3.04729e-05, 3.02345e-05, 0.030566
33091, 0.130422, 0.228484, -0.00291607, 3.76, 0.087656, 0, 0, 0.148539, -0.148542, 3.04747e-05, -0.00309409, 0.030566
33100, 0.118716, 0.216782, -0.00292218, 3.77, 0.087656, 0, 0, 0.148539, -0.148539, 3.04729e-05, -3.22461e-05, 0.030566
33111, 0.107133, 0.2052, -0.00292218, 3.78, 0.087656, 0, 0, 0.148539, -0.148539, 3.04747e-05, -2.9251e-05, 0.030566
33121, 0.247033, 0.340366, 0.00332648, 3.79, 0.087656, 0, 0, 0.151666, -0.151663, 3.04729e-05, 0.00309819, 0.030566
33131, 0.260366, 0.353695, 0.00333259, 3.8, 0.087656, 0, 0, 0.151666, -0.151666, 3.04747e-05, 3.63439e-05, 0.030566
33141, 0.122093, 0.220155, -0.00291607, 3.81, 0.087656, 0, 0, 0.148539, -0.148542, 3.04729e-05, -0.00309409, 0.030566
33150, 0.223357, 0.317893, 0.00173783, 3.82, 0.087656, 0, 0, 0.150871, -0.150869, 3.04747e-05, 0.00230008, 0.030566
33161, 0.268867, 0.362197, 0.00333101, 3.83, 0.087656, 0, 0, 0.151666, -0.151666, 3.04729e-05, 0.000814781, 0.030566
33171, 0.282108, 0.375437, 0.00333259, 3.84, 0.087656, 0, 0, 0.151666, -0.151666, 3.04747e-05, 3.41237e-05, 0.030566
33181, 0.143835, 0.241897, -0.00291607, 3.85, 0.087656, 0, 0, 0.148539, -0.148542, 3.04729e-05, -0.00309409, 0.030566
33190, 0.169364, 0.266268, -0.0013862, 3.86, 0.087656, 0, 0, 0.149308, -0.149307, 3.04747e-05, 0.000736505, 0.030566
33201, 0.278153, 0.371485, 0.00332797, 3.87, 0.087656, 0, 0, 0.151666, -0.151664, 3.04729e-05, 0.00234556, 0.030566
33211, 0.291456, 0.384784, 0.00333259, 3.88, 0.087656, 0, 0, 0.151666, -0.151666, 3.04747e-05, 3.56138e-05, 0.030566
33221, 0.153182, 0.251244, -0.00291607, 3.89, 0.087656, 0, 0, 0.148539, -0.148542, 3.04729e-05, -0.00309409, 0.030566
33230, 0.292958, 0.386291, 0.00332648, 3.9, 0.087656, 0, 0, 0.151666, -0.151663, 3.04747e-05, 0.00309519, 0.030566
33241, 0.306291, 0.39962, 0.00333259, 3.91, 0.087656, 0, 0, 0.151666, -0.151666, 3.04729e-05, 3.63439e-05, 0.030566
33251, 0.168018, 0.26608, -0.00291607, 3.92, 0.087656, 0, 0, 0.148539, -0.148542, 3.04747e-05, -0.00309409, 0.030566
33261, 0.307794, 0.401127, 0.00332648, 3.93, 0.087656, 0, 0, 0.151666, -0.151663, 3.04729e-05, 0.00309519, 0.030566
33270, 0.321127, 0.414456, 0.00333259, 3.94, 0.087656, 0, 0, 0.151666, -0.151666, 3.04747e-05, 3.63439e-05, 0.030566
33281, 0.0566421, 0.427665, 0.00333259, 3.95, 0.087656, 0.347118, 0, 0.151666, -0.151666, 3.04729e-05, 3.33488e-05, 0.030566
33291, 0.302143, 0.440874, 0.00333259, 3.96, 0.087656, 0, 0, 0.151666, -0.151666, 3.04747e-05, 3.33488e-05, 0.030566
33301, 0.163869, 0.307334, -0.00291607, 3.97, 0.087656, 0, 0, 0.148539, -0.148542, 3.04729e-05, -0.00309409, 0.030566
33311, 0.303645, 0.170648, 0.00332648, 3.98, 0.0911623, 0, 0.350624, 0.151666, -0.151663, 3.04747e-05, 0.00309519, 0.030566
33320, 0.355931, 0.447583, 0.00493938, 3.99, 0.0911623, 0, 0, 0.152471, -0.15247, 3.04729e-05, 0.000840545, 0.030566
33331, 0.185112, 0.551731, -0.00291449, 4, 0.087656, 0, -0.347118, 0.148539, -0.148543, 3.04747e-05, -0.00388141, 0.030566
33341, 0.173374, 0.0446513, -0.00292218, 4.01, 0.0911623, 0, 0.350624, 0.148539, -0.148539, 3.04729e-05, -3.3021e-05, 0.030566
33351, 0.313274, 0.40569, 0.00332648, 4.02, 0.0911623, 0, 0, 0.151666, -0.151663, 3.04747e-05, 0.00309819, 0.030566
33360, 0.326607, 0.419018, 0.00333259, 4.03, 0.0911623, 0, 0, 0.151666, -0.151666, 3.04729e-05, 3.63439e-05, 0.030566
33371, 0.339816, 0.432227, 0.00333259, 4.04, 0.0911623, 0, 0, 0.151666, -0.151666, 3.04747e-05, 3.33488e-05, 0.030566
33381, 0.201543, 0.298688, -0.00291607, 4.05, 0.0911623, 0, 0, 0.148539, -0.148542, 3.04729e-05, -0.00309409, 0.030566
33391, 0.0608195, 0.433735, 0.00332648, 4.06, 0.0911623, 0.350624, 0, 0.151666, -0.151663, 3.04747e-05, 0.00309519, 0.030566
33400, 0.30879, 0.447063, 0.00333259, 4.07, 0.0911623, 0, 0, 0.151666, -0.151666, 3.04729e-05, 3.63439e-05, 0.030566
33411, 0.170517, 0.0445072, -0.00291607, 4.08, 0.0946685, 0, 0.347118, 0.148539, -0.148542, 3.04747e-05, -0.00309409, 0.030566
33421, 0.158811, 0.256419, -0.00292218, 4.09, 0.0946685, 0, 0, 0.148539, -0.148539, 3.04729e-05, -3.22461e-05, 0.030566
33431, 0.147228, 0.244836, -0.00292218, 4.1, 0.0946685, 0, 0, 0.148539, -0.148539, 3.04747e-05, -2.9251e-05, 0.030566
33440, 0.135646, 0.233254, -0.00292218, 4.11, 0.0946685, 0, 0, 0.148539, -0.148539, 3.04729e-05, -2.9251e-05, 0.030566
33451, 0.161298, 0.257743, -0.00138623, 4.12, 0.0946685, 0, 0, 0.149308, -0.149307, 3.04747e-05, 0.0007395, 0.030566
33461, 0.231575, 0.594668, 0.00173932, 4.13, 0.0911623, 0, -0.347118, 0.150871, -0.15087, 3.04729e-05, 0.00155047, 0.030566
33471, 0.0887484, 0.232907, -0.00443664, 4.14, 0.0911623, 0, 0, 0.147779, -0.147782, 3.04747e-05, -0.00307366, 0.030566
33481, 0.107841, -0.0208799, -0.00292367, 4.15, 0.0946685, 0, 0.350624, 0.148539, -0.148538, 3.04729e-05, 0.000712842, 0.030566
33490, 0.0962891, 0.193439, -0.00292218, 4.16, 0.0946685, 0, 0, 0.148539, -0.148539, 3.04747e-05, -2.85208e-05, 0.030566
33501, 0.0847067, 0.450873, -0.00292218, 4.17, 0.0911623, 0, -0.347118, 0.148539, -0.148539, 3.04729e-05, -2.9251e-05, 0.030566
33511, 0.224607, 0.362426, 0.00332648, 4.18, 0.0911623, 0, 0, 0.151666, -0.151663, 3.04747e-05, 0.00309819, 0.030566
33521, 0.23794, 0.375754, 0.00333259, 4.19, 0.0911623, 0, 0, 0.151666, -0.151666, 3.04729e-05, 3.63439e-05, 0.030566
33530, 0.251149, 0.388963, 0.00333259, 4.2, 0.0911623, 0, 0, 0.151666, -0.151666, 3.04747e-05, 3.33488e-05, 0.030566
33541, 0.264358, 0.402172, 0.00333259, 4.21, 0.0911623, 0, 0, 0.151666, -0.151666, 3.04729e-05, 3.33488e-05, 0.030566
33551, 0.126085, 0.268633, -0.00291607, 4.22, 0.0911623, 0, 0, 0.148539, -0.148542, 3.04747e-05, -0.00309409, 0.030566
33561, 0.114378, 0.256931, -0.00292218, 4.23, 0.0911623, 0, 0, 0.148539, -0.148539, 3.04729e-05, -3.22461e-05, 0.030566
33570, 0.254279, 0.392097, 0.00332648, 4.24, 0.0911623, 0, 0, 0.151666, -0.151663, 3.04747e-05, 0.00309819, 0.030566
33581, 0.306564, 0.443161, 0.00493938, 4.25, 0.0911623, 0, 0, 0.152471, -0.15247, 3.04729e-05, 0.000840545, 0.030566
33591, -0.376965, -0.218396, -0.0240638, 4.26, 0.0911623, 0, 0, 0.137954, -0.137968, 3.04747e-05, -0.0144666, 0.030566
33601, 0.0396773, -0.089488, -0.00294286, 4.27, 0.0946685, 0, 0.350624, 0.148539, -0.148529, 3.04729e-05, 0.0103301, 0.030566
33611, 0.0285135, 0.396938, -0.00292221, 4.28, 0.0911623, 0, -0.350624, 0.148539, -0.148539, 3.04747e-05, -1.91182e-05, 0.030566
33620, 0.297431, 0.159484, -0.00292218, 4.29, 0.0911623, -0.350624, 0, 0.148539, -0.148539, 3.04729e-05, -2.92361e-05, 0.030566
33631, 0.0512109, 0.147902, -0.00292218, 4.3, 0.0911623, 0, 0, 0.148539, -0.148539, 3.04747e-05, -2.9251e-05, 0.030566
33641, 0.191111, 0.283068, 0.00332648, 4.31, 0.0911623, 0, 0, 0.151666, -0.151663, 3.04729e-05, 0.00309819, 0.030566
33651, -0.224733, 0.149648, -0.00291607, 4.32, 0.0911623, 0.347118, 0, 0.148539, -0.148542, 3.04747e-05, -0.0030911, 0.030566
33660, -0.00414789, 0.137946, -0.00292218, 4.33, 0.0911623, 0, 0, 0.148539, -0.148539, 3.04729e-05, -3.22461e-05, 0.030566
33671, 0.264769, 0.126364, -0.00292218, 4.34, 0.0911623, -0.350624, 0, 0.148539, -0.148539, 3.04747e-05, -2.9251e-05, 0.030566
33681, 0.0185488, 0.114781, -0.00292218, 4.35, 0.0911623, 0, 0, 0.148539, -0.148539, 3.04729e-05, -2.9251e-05, 0.030566
33691, 0.0069664, 0.103199, -0.00292218, 4.36, 0.0911623, 0, 0, 0.148539, -0.148539, 3.04747e-05, -2.9251e-05, 0.030566
33700, 0.146866, 0.238365, 0.00332648, 4.37, 0.0911623, 0, 0, 0.151666, -0.151663, 3.04729e-05, 0.00309819, 0.030566
33711, 0.160199, 0.251694, 0.00333259, 4.38, 0.0911623, 0, 0, 0.151666, -0.151666, 3.04747e-05, 3.63439e-05, 0.030566
33721, -0.614454, -0.498339, -0.0291667, 4.39, 0.0911623, 0, 0, 0.1354, -0.135417, 3.04729e-05, -0.0162325, 0.030566
33731, 0.0570314, 0.14855, 0.00330079, 4.4, 0.0911623, 0, 0, 0.151666, -0.15165, 3.04747e-05, 0.015958, 0.030566
33741, -0.347005, -0.242452, -0.0253603, 4.41, 0.087656, -0.347118, -0.347118, 0.137306, -0.13732, 3.04729e-05, -0.0143118, 0.030566
33751, 0.144106, -0.0401436, -0.00294411, 4.42, 0.087656, -0.350624, 0, 0.148539, -0.148528, 3.04747e-05, 0.0109654, 0.030566
33761, 0.0498129, 0.367184, 0.00332645, 4.43, 0.0841498, 0, -0.350624, 0.151666, -0.151663, 3.04729e-05, 0.00310893, 0.030566
33771, 0.0631466, 0.154641, 0.00333259, 4.44, 0.0841498, 0, 0, 0.151666, -0.151666, 3.04747e-05, 3.63588e-05, 0.030566
33780, -0.0751268, 0.0211012, -0.00291607, 4.45, 0.0841498, 0, 0, 0.148539, -0.148542, 3.04729e-05, -0.00309409, 0.030566
33790, -0.0868331, 0.00939952, -0.00292218, 4.46, 0.0841498, 0, 0, 0.148539, -0.148539, 3.04747e-05, -3.22461e-05, 0.030566
33801, 0.0530669, 0.144566, 0.00332648, 4.47, 0.0841498, 0, 0, 0.151666, -0.151663, 3.04729e-05, 0.00309819, 0.030566
33811, 0.0664, 0.426911, 0.00333259, 4.48, 0.0806436, 0, -0.347118, 0.151666, -0.151666, 3.04747e-05, 3.63439e-05, 0.030566
33821, 0.0796092, 0.216506, 0.00333259, 4.49, 0.0806436, 0, 0, 0.151666, -0.151666, 3.04729e-05, 3.33488e-05, 0.030566
33830, 0.0928183, -0.039301, 0.00333259, 4.5, 0.0841498, 0, 0.347118, 0.151666, -0.151666, 3.04747e-05, 3.33488e-05, 0.030566
33841, 0.106027, 0.469255, 0.00333259, 4.51, 0.0806436, 0, -0.350624, 0.151666, -0.151666, 3.04729e-05, 3.33488e-05, 0.030566
33851, -0.544956, -0.386845, -0.0240654, 4.52, 0.0806436, 0, 0, 0.137954, -0.137967, 3.04747e-05, -0.0136793, 0.030566
33861, 0.0232008, -0.111157, 0.00330579, 4.53, 0.0841498, 0, 0.350624, 0.151666, -0.151653, 3.04729e-05, 0.0134584, 0.030566
33870, -0.378131, -0.276383, -0.0253603, 4.54, 0.0806436, -0.350624, -0.347118, 0.137306, -0.13732, 3.04747e-05, -0.0143143, 0.030566
33881, -0.169866, -0.0740758, -0.00294411, 4.55, 0.0806436, 0, 0, 0.148539, -0.148528, 3.04729e-05, 0.0109654, 0.030566
33891, 0.248172, 0.061518, 0.00332645, 4.56, 0.0806436, -0.347118, 0, 0.151666, -0.151663, 3.04747e-05, 0.00310893, 0.030566
33901, 0.0292145, 0.0748469, 0.00333259, 4.57, 0.0806436, 0, 0, 0.151666, -0.151666, 3.04729e-05, 3.63588e-05, 0.030566
33910, 0.0424237, 0.0880561, 0.00333259, 4.58, 0.0806436, 0, 0, 0.151666, -0.151666, 3.04747e-05, 3.33488e-05, 0.030566
33921, 0.0556328, 0.101265, 0.00333259, 4.59, 0.0806436, 0, 0, 0.151666, -0.151666, 3.04729e-05, 3.33488e-05, 0.030566
33931, 0.068842, 0.114474, 0.00333259, 4.6, 0.0806436, 0, 0, 0.151666, -0.151666, 3.04747e-05, 3.33488e-05, 0.030566
33941, 0.0820512, 0.127684, 0.00333259, 4.61, 0.0806436, 0, 0, 0.151666, -0.151666, 3.04729e-05, 3.33488e-05, 0.030566
33951, 0.134213, 0.178628, 0.00493938, 4.62, 0.0806436, 0, 0, 0.152471, -0.15247, 3.04747e-05, 0.00083755, 0.030566
33960, 0.114876, 0.160507, 0.00333413, 4.63, 0.0806436, 0, 0, 0.151666, -0.151667, 3.04729e-05, -0.000753969, 0.030566
33971, 0.128054, 0.173686, 0.00333259, 4.64, 0.0806436, 0, 0, 0.151666, -0.151666, 3.04747e-05, 3.25888e-05, 0.030566
33981, 0.180215, 0.493647, 0.00493938, 4.65, 0.0771373, 0, -0.347118, 0.152471, -0.15247, 3.04729e-05, 0.00083755, 0.030566
33991, 0.160878, 0.251912, 0.00333413, 4.66, 0.0771373, 0, 0, 0.151666, -0.151667, 3.04747e-05, -0.000753969, 0.030566
34000, 0.174056, -0.00392508, 0.00333259, 4.67, 0.0806436, 0, 0.347118, 0.151666, -0.151666, 3.04729e-05, 3.25888e-05, 0.030566
34011, 0.187265, 0.232897, 0.00333259, 4.68, 0.0806436, 0, 0, 0.151666, -0.151666, 3.04747e-05, 3.33488e-05, 0.030566
34021, 0.200474, 0.246107, 0.00333259, 4.69, 0.0806436, 0, 0, 0.151666, -0.151666, 3.04729e-05, 3.33488e-05, 0.030566
34031, 0.213683, 0.259316, 0.00333259, 4.7, 0.0806436, 0, 0, 0.151666, -0.151666, 3.04747e-05, 3.33488e-05, 0.030566
34040, 0.226892, 0.272525, 0.00333259, 4.71, 0.0806436, 0, 0, 0.151666, -0.151666, 3.04729e-05, 3.33488e-05, 0.030566
34051, 0.240102, 0.285734, 0.00333259, 4.72, 0.0806436, 0, 0, 0.151666, -0.151666, 3.04747e-05, 3.33488e-05, 0.030566
34061, 0.253311, 0.298943, 0.00333259, 4.73, 0.0806436, 0, 0, 0.151666, -0.151666, 3.04729e-05, 3.33488e-05, 0.030566
34071, 0.26652, 0.312152, 0.00333259, 4.74, 0.0806436, 0, 0, 0.151666, -0.151666, 3.04747e-05, 3.33488e-05, 0.030566
34080, 0.279729, 0.325362, 0.00333259, 4.75, 0.0806436, 0, 0, 0.151666, -0.151666, 3.04729e-05, 3.33488e-05, 0.030566
34091, 0.292938, 0.338571, 0.00333259, 4.76, 0.0806436, 0, 0, 0.151666, -0.151666, 3.04747e-05, 3.33488e-05, 0.030566
34101, 0.154665, 0.205031, -0.00291607, 4.77, 0.0806436, 0, 0, 0.148539, -0.148542, 3.04729e-05, -0.00309409, 0.030566
34111, -0.493421, -0.423163, -0.0291728, 4.78, 0.0806436, 0, 0, 0.1354, -0.135414, 3.04747e-05, -0.0131707, 0.030566
34121, -0.0995066, 0.223844, 0.00330079, 4.79, 0.0806436, 0.347118, 0, 0.151666, -0.15165, 3.04729e-05, 0.015961, 0.030566
34130, 0.427137, 0.237674, 0.00333256, 4.8, 0.0806436, -0.350624, 0, 0.151666, -0.151666, 3.04747e-05, 4.89354e-05, 0.030566
34141, 0.054227, 0.375868, -0.00291607, 4.81, 0.0771373, 0, -0.350624, 0.148539, -0.148542, 3.04729e-05, -0.00309408, 0.030566
34151, 0.194003, 0.285043, 0.00332648, 4.82, 0.0771373, 0, 0, 0.151666, -0.151663, 3.04747e-05, 0.00309519, 0.030566
34161, 0.207336, 0.026638, 0.00333259, 4.83, 0.0806436, 0, 0.350624, 0.151666, -0.151666, 3.04729e-05, 3.63439e-05, 0.030566
34170, 0.220545, 0.265719, 0.00333259, 4.84, 0.0806436, 0, 0, 0.151666, -0.151666, 3.04747e-05, 3.33488e-05, 0.030566
34181, 0.233754, 0.278928, 0.00333259, 4.85, 0.0806436, 0, 0, 0.151666, -0.151666, 3.04729e-05, 3.33488e-05, 0.030566
34191, 0.246964, 0.292138, 0.00333259, 4.86, 0.0806436, 0, 0, 0.151666, -0.151666, 3.04747e-05, 3.33488e-05, 0.030566
34201, 0.260173, 0.305347, 0.00333259, 4.87, 0.0806436, 0, 0, 0.151666, -0.151666, 3.04729e-05, 3.33488e-05, 0.030566
34210, 0.273382, 0.318556, 0.00333259, 4.88, 0.0806436, 0, 0, 0.151666, -0.151666, 3.04747e-05, 3.33488e-05, 0.030566
34221, 0.00889678, 0.331765, 0.00333259, 4.89, 0.0806436, 0.347118, 0, 0.151666, -0.151666, 3.04729e-05, 3.33488e-05, 0.030566
34231, 0.254397, 0.344974, 0.00333259, 4.9, 0.0806436, 0, 0, 0.151666, -0.151666, 3.04747e-05, 3.33488e-05, 0.030566
34241, -0.396587, -0.285254, -0.0240654, 4.91, 0.0806436, 0, 0, 0.137954, -0.137967, 3.04729e-05, -0.0136793, 0.030566
34250, -0.524014, -0.411679, -0.025387, 4.92, 0.0806436, 0, 0, 0.137306, -0.137306, 3.04747e-05, -0.000902385, 0.030566
34260, 0.351413, 0.161512, 0.00330448, 4.93, 0.0806436, -0.350624, 0, 0.151666, -0.151652, 3.04729e-05, 0.014106, 0.030566
34271, 0.408248, 0.444285, 0.00333256, 4.94, 0.0771373, -0.347118, -0.347118, 0.151666, -0.151666, 3.04747e-05, 4.71324e-05, 0.030566
34281, 0.189166, 0.233882, 0.00333259, 4.95, 0.0771373, 0, 0, 0.151666, -0.151666, 3.04729e-05, 3.33637e-05, 0.030566
34291, -0.0781238, 0.247091, 0.00333259, 4.96, 0.0771373, 0.350624, 0, 0.151666, -0.151666, 3.04747e-05, 3.33488e-05, 0.030566
34300, 0.169723, 0.2603, 0.00333259, 4.97, 0.0771373, 0, 0, 0.151666, -0.151666, 3.04729e-05, 3.33488e-05, 0.030566
34311, 0.182932, 0.273509, 0.00333259, 4.98, 0.0771373, 0, 0, 0.151666, -0.151666, 3.04747e-05, 3.33488e-05, 0.030566
34321, 0.196141, 0.286718, 0.00333259, 4.99, 0.0771373, 0, 0, 0.151666, -0.151666, 3.04729e-05, 3.33488e-05, 0.030566
34331, 0.170838, 0.262619, 0.00174394, 5, 0.0771373, 0, 0, 0.150871, -0.150872, 3.04747e-05, -0.000761762, 0.030566
