QGPIORecord, QRC v6.1.0, 16-12-2021 @ 00:11:03, Windows 10 Version 2009, 10.0.19042, x86_64
Time, VoltageA, eA, desired_velocity, time, PositionB, SpeedA, SpeedB, GetFrontDistance, xhat, Phat, nu, S
20711, 0, 0, 0, 0, -3.09601, 0, 0, 0.258625, -0.256572, 8.24112e-06, 0.00281247, 4.17966e-05
20721, 5.22681, 5.06347, 0.215606, 0.01, -3.09601, 0, 0, 0.261127, -0.257803, 8.24112e-06, 0.00455463, 4.17966e-05
20730, 5.86137, 5.7049, 0.20653, 0.02, -3.09601, 0, 0, 0.24683, -0.253265, 8.24112e-06, -0.00881667, 4.17966e-05
20741, 3.77761, 3.99445, 0.202513, 0.03, -3.06446, 3.50624, 3.14159, 0.251411, -0.251257, 8.24112e-06, 0.00021106, 4.17966e-05
20751, 1.37022, 1.16912, 0.181233, 0.04, -2.99784, 6.30072, 6.64783, 0.217343, -0.240617, 8.24112e-06, -0.0318888, 4.17966e-05
20761, 1.01688, 0.503654, 0.183171, 0.05, -2.92771, 6.66887, 7.37012, 0.249098, -0.241585, 8.24112e-06, 0.0102942, 4.17966e-05
20771, 2.6287, 2.24055, 0.185806, 0.06, -2.87512, 4.5511, 4.90173, 0.251411, -0.242903, 8.24112e-06, 0.0116571, 4.17966e-05
20781, 4.46548, 4.52195, 0.186441, 0.07, -2.85408, 2.45086, 2.10024, 0.249098, -0.243221, 8.24112e-06, 0.00805365, 4.17966e-05
20791, 5.1726, 4.72516, 0.186895, 0.08, -2.83304, 2.10374, 2.45086, 0.249098, -0.243448, 8.24112e-06, 0.0077423, 4.17966e-05
20801, 3.9603, 3.79162, 0.187221, 0.09, -2.78746, 4.211, 4.20749, 0.249098, -0.24361, 8.24112e-06, 0.00751962, 4.17966e-05
20811, 2.49385, 2.64645, 0.187453, 0.1, -2.72786, 6.2902, 5.93957, 0.249098, -0.243726, 8.24112e-06, 0.00736035, 4.17966e-05
20820, 2.10396, 2.30124, 0.187619, 0.11, -2.66474, 6.6829, 6.3463, 0.249098, -0.24381, 8.24112e-06, 0.00724645, 4.17966e-05
20831, 2.84031, 3.0654, 0.187738, 0.12, -2.61215, 5.60297, 5.25235, 0.249098, -0.243869, 8.24112e-06, 0.00716497, 4.17966e-05
20841, 3.85448, 3.82507, 0.183057, 0.13, -2.57008, 4.20749, 4.20398, 0.240277, -0.241529, 8.24112e-06, -0.00171432, 4.17966e-05
20851, 3.94854, 3.64497, 0.179709, 0.14, -2.52449, 4.20749, 4.56162, 0.240277, -0.239855, 8.24112e-06, 0.000579387, 4.17966e-05
20860, 2.93045, 3.16362, 0.177314, 0.15, -2.4719, 5.60999, 5.25936, 0.240277, -0.238657, 8.24112e-06, 0.00221996, 4.17966e-05
20871, 2.88883, 2.63559, 0.17676, 0.16, -2.4158, 5.60648, 5.94308, 0.242421, -0.23838, 8.24112e-06, 0.00553679, 4.17966e-05
20881, 2.35184, 2.59478, 0.155842, 0.17, -2.3597, 5.60297, 5.26287, 0.204442, -0.227921, 8.24112e-06, -0.0321702, 4.17966e-05
20891, 2.50817, 2.52353, 0.155818, 0.18, -2.30711, 5.26287, 5.26287, 0.232086, -0.227909, 8.24112e-06, 0.00572364, 4.17966e-05
20900, 2.74918, 2.75479, 0.156877, 0.19, -2.25802, 4.90523, 4.90523, 0.234079, -0.228439, 8.24112e-06, 0.00772794, 4.17966e-05
20911, 2.43834, 2.45849, 0.156558, 0.2, -2.20893, 5.25936, 5.25235, 0.232086, -0.228279, 8.24112e-06, 0.00521657, 4.17966e-05
20921, 2.64873, 2.38123, 0.15633, 0.21, -2.15634, 4.90523, 5.25936, 0.232086, -0.228165, 8.24112e-06, 0.00537287, 4.17966e-05
20931, 2.3367, 2.57812, 0.156167, 0.22, -2.10374, 5.26287, 4.91224, 0.232086, -0.228084, 8.24112e-06, 0.00548466, 4.17966e-05
20941, 1.88689, 2.4578, 0.15193, 0.23, -2.05466, 5.60999, 4.90874, 0.22446, -0.225965, 8.24112e-06, -0.00206144, 4.17966e-05
20951, 2.25124, 2.08317, 0.148899, 0.24, -2.00206, 4.89822, 5.24884, 0.22446, -0.22445, 8.24112e-06, 1.47671e-05, 4.17966e-05
20961, 2.42308, 2.20763, 0.146732, 0.25, -1.95298, 4.55461, 4.89822, 0.22446, -0.223366, 8.24112e-06, 0.00149977, 4.17966e-05
20971, 2.36573, 2.37027, 0.145181, 0.26, -1.9074, 4.56162, 4.56513, 0.22446, -0.222591, 8.24112e-06, 0.00256191, 4.17966e-05
20981, 2.35037, 2.35971, 0.145076, 0.27, -1.86181, 4.5511, 4.5476, 0.226317, -0.222538, 8.24112e-06, 0.00517838, 4.17966e-05
20990, 1.89666, 2.1863, 0.139229, 0.28, -1.81623, 4.91575, 4.56863, 0.215637, -0.219615, 8.24112e-06, -0.00545013, 4.17966e-05
21001, 1.99869, 2.05868, 0.135048, 0.29, -1.77065, 4.5476, 4.5476, 0.215637, -0.217524, 8.24112e-06, -0.00258546, 4.17966e-05
21011, 1.48872, 1.5655, 0.117046, 0.3, -1.72858, 4.56513, 4.56162, 0.187855, -0.208523, 8.24112e-06, -0.028318, 4.17966e-05
21021, 1.8881, 1.67425, 0.115642, 0.31, -1.6865, 3.85687, 4.20749, 0.209086, -0.207821, 8.24112e-06, 0.00173366, 4.17966e-05
21030, 2.12187, 2.12515, 0.115501, 0.32, -1.64793, 3.50274, 3.50274, 0.210684, -0.207751, 8.24112e-06, 0.00401975, 4.17966e-05
21041, 1.81484, 2.09943, 0.114537, 0.33, -1.61287, 3.85687, 3.50624, 0.209086, -0.207268, 8.24112e-06, 0.00249076, 4.17966e-05
21051, 1.46993, 1.80958, 0.113847, 0.34, -1.5743, 4.20398, 3.85336, 0.209086, -0.206924, 8.24112e-06, 0.00296323, 4.17966e-05
21061, 1.63984, 1.47621, 0.113354, 0.35, -1.53573, 3.85336, 4.20048, 0.209086, -0.206677, 8.24112e-06, 0.00330117, 4.17966e-05
21071, 1.77377, 1.55341, 0.109681, 0.36, -1.49717, 3.50624, 3.86037, 0.202942, -0.204841, 8.24112e-06, -0.00260146, 4.17966e-05
21081, 1.96671, 1.9677, 0.107054, 0.37, -1.4621, 3.15562, 3.15562, 0.202942, -0.203527, 8.24112e-06, -0.000801846, 4.17966e-05
21091, 1.65504, 1.93787, 0.105175, 0.38, -1.43055, 3.50274, 3.15211, 0.202942, -0.202588, 8.24112e-06, 0.000485316, 4.17966e-05
21101, 1.57837, 1.90817, 0.103832, 0.39, -1.39899, 3.50624, 3.15562, 0.202942, -0.201916, 8.24112e-06, 0.00140595, 4.17966e-05
21111, 1.81937, 1.37627, 0.103681, 0.4, -1.36393, 3.14159, 3.83583, 0.204442, -0.20184, 8.24112e-06, 0.00356452, 4.17966e-05
21121, 1.42418, 1.70966, 0.0996425, 0.41, -1.32887, 3.51325, 3.16614, 0.197167, -0.199821, 8.24112e-06, -0.00363649, 4.17966e-05
21131, 1.57848, 1.63079, 0.096754, 0.42, -1.29731, 3.15211, 3.15562, 0.197167, -0.198377, 8.24112e-06, -0.00165765, 4.17966e-05
21141, 1.18906, 1.52935, 0.0821098, 0.43, -1.26926, 3.15912, 2.80499, 0.173888, -0.191055, 8.24112e-06, -0.0235218, 4.17966e-05
21151, 1.43841, 1.26831, 0.0842138, 0.44, -1.2377, 2.80149, 3.15211, 0.197167, -0.192107, 8.24112e-06, 0.00693338, 4.17966e-05
21160, 1.45793, 1.24033, 0.086481, 0.45, -1.20965, 2.80499, 3.15562, 0.198578, -0.19324, 8.24112e-06, 0.00731331, 4.17966e-05
21171, 1.66673, 1.66772, 0.0844023, 0.46, -1.1816, 2.45086, 2.45086, 0.19173, -0.192201, 8.24112e-06, -0.000646055, 4.17966e-05
21181, 1.36135, 1.64406, 0.0829155, 0.47, -1.15706, 2.80499, 2.45437, 0.19173, -0.191458, 8.24112e-06, 0.000372499, 4.17966e-05
21191, 1.01963, 1.35496, 0.0818521, 0.48, -1.12901, 3.15211, 2.80499, 0.19173, -0.190926, 8.24112e-06, 0.00110103, 4.17966e-05
21200, 1.19382, 1.30008, 0.0810915, 0.49, -1.10096, 2.80149, 2.79798, 0.19173, -0.190546, 8.24112e-06, 0.0016221, 4.17966e-05
21211, 1.69381, 1.23459, 0.0805475, 0.5, -1.07291, 2.10374, 2.8085, 0.19173, -0.190274, 8.24112e-06, 0.0019948, 4.17966e-05
21221, 1.46538, 1.4714, 0.0808766, 0.51, -1.05187, 2.45437, 2.45086, 0.193059, -0.190438, 8.24112e-06, 0.00359078, 4.17966e-05
21231, 1.38603, 1.66398, 0.0776225, 0.52, -1.02733, 2.45437, 2.10374, 0.186601, -0.188811, 8.24112e-06, -0.00302896, 4.17966e-05
21241, 1.05498, 1.38873, 0.075973, 0.53, -1.00279, 2.80149, 2.45086, 0.187855, -0.187987, 8.24112e-06, -0.000179648, 4.17966e-05
21251, 1.23877, 1.33886, 0.0747932, 0.54, -0.978241, 2.45437, 2.45437, 0.187855, -0.187397, 8.24112e-06, 0.00062862, 4.17966e-05
21261, 1.4606, 1.28126, 0.0732714, 0.55, -0.957204, 2.10024, 2.45086, 0.186601, -0.186636, 8.24112e-06, -4.80562e-05, 4.17966e-05
21271, 1.18586, 1.51591, 0.0728608, 0.56, -0.93266, 2.45086, 2.09673, 0.187855, -0.18643, 8.24112e-06, 0.00195242, 4.17966e-05
21281, 1.34475, 1.43799, 0.0692708, 0.57, -0.911623, 2.10374, 2.10725, 0.181755, -0.184635, 8.24112e-06, -0.00394727, 4.17966e-05
21291, 1.00139, 1.37934, 0.0667031, 0.58, -0.890585, 2.45437, 2.10374, 0.181755, -0.183352, 8.24112e-06, -0.00218818, 4.17966e-05
21301, 1.19907, 1.3432, 0.0655075, 0.59, -0.869548, 2.10024, 2.10024, 0.182941, -0.182754, 8.24112e-06, 0.000256285, 4.17966e-05
21311, 1.14774, 1.02127, 0.0640114, 0.6, -0.845004, 2.10024, 2.45086, 0.181755, -0.182006, 8.24112e-06, -0.000344157, 4.17966e-05
21321, 1.11354, 1.21063, 0.0635823, 0.61, -0.823967, 2.10374, 2.10725, 0.182941, -0.181791, 8.24112e-06, 0.00157522, 4.17966e-05
21330, 1.3479, 1.43921, 0.0626344, 0.62, -0.806436, 1.75312, 1.75312, 0.181755, -0.181317, 8.24112e-06, 0.000599205, 4.17966e-05
21341, 1.07273, 1.17323, 0.0619565, 0.63, -0.785398, 2.10024, 2.10024, 0.181755, -0.180978, 8.24112e-06, 0.00106366, 4.17966e-05
21351, 1.04457, 1.14504, 0.0621125, 0.64, -0.764361, 2.10374, 2.10374, 0.182941, -0.181056, 8.24112e-06, 0.00258215, 4.17966e-05
21361, 0.942687, 1.04543, 0.0591054, 0.65, -0.743323, 2.10374, 2.10374, 0.177169, -0.179553, 8.24112e-06, -0.00326645, 4.17966e-05
21370, 1.14766, 1.24273, 0.0575614, 0.66, -0.725792, 1.74961, 1.74961, 0.178292, -0.178781, 8.24112e-06, -0.000669718, 4.17966e-05
21381, 1.11739, 1.21066, 0.0564571, 0.67, -0.708261, 1.75312, 1.75663, 0.178292, -0.178229, 8.24112e-06, 8.68291e-05, 4.17966e-05
21391, 1.0808, 1.1773, 0.0550603, 0.68, -0.69073, 1.74961, 1.74961, 0.177169, -0.17753, 8.24112e-06, -0.000495285, 4.17966e-05
21401, 0.777381, 1.15477, 0.0546682, 0.69, -0.673198, 2.10374, 1.75312, 0.178292, -0.177334, 8.24112e-06, 0.00131235, 4.17966e-05
21411, 0.977884, 1.1213, 0.0537809, 0.7, -0.655667, 1.75312, 1.75312, 0.177169, -0.17689, 8.24112e-06, 0.000381246, 4.17966e-05
21421, 1.22686, 1.09026, 0.0531462, 0.71, -0.638136, 1.4025, 1.75312, 0.177169, -0.176573, 8.24112e-06, 0.000816062, 4.17966e-05
21431, 1.20288, 1.02202, 0.0509194, 0.72, -0.620605, 1.39899, 1.74961, 0.173888, -0.17546, 8.24112e-06, -0.00215393, 4.17966e-05
21441, 0.885858, 0.941364, 0.0487513, 0.73, -0.603074, 1.75312, 1.75312, 0.172823, -0.174376, 8.24112e-06, -0.00212792, 4.17966e-05
21451, 0.54564, 1.15412, 0.047776, 0.74, -0.589049, 2.10374, 1.4025, 0.173888, -0.173888, 8.24112e-06, -4.61936e-07, 4.17966e-05
21460, 1.00673, 0.87464, 0.0470785, 0.75, -0.571517, 1.39899, 1.74961, 0.173888, -0.173539, 8.24112e-06, 0.000477418, 4.17966e-05
21471, 0.981493, 1.07618, 0.0460041, 0.76, -0.557492, 1.4025, 1.4025, 0.172823, -0.173002, 8.24112e-06, -0.000245854, 4.17966e-05
21481, 0.975712, 0.801525, 0.0458111, 0.77, -0.543467, 1.4025, 1.74961, 0.173888, -0.172906, 8.24112e-06, 0.00134568, 4.17966e-05
21491, 0.959351, 1.00651, 0.0450976, 0.78, -0.525936, 1.39899, 1.4025, 0.172823, -0.172549, 8.24112e-06, 0.000375167, 4.17966e-05
21500, 0.956693, 1.2778, 0.0451627, 0.79, -0.515418, 1.39899, 1.04837, 0.173888, -0.172581, 8.24112e-06, 0.00178985, 4.17966e-05
21511, 0.615809, 0.993304, 0.0429517, 0.8, -0.501393, 1.75312, 1.4025, 0.169709, -0.171476, 8.24112e-06, -0.00242044, 4.17966e-05
21521, 0.798907, 0.673946, 0.0413703, 0.81, -0.483861, 1.4025, 1.74961, 0.169709, -0.170685, 8.24112e-06, -0.00133704, 4.17966e-05
21531, 1.04874, 0.867241, 0.0407926, 0.82, -0.473343, 1.04837, 1.39899, 0.170734, -0.170396, 8.24112e-06, 0.000462234, 4.17966e-05
21540, 0.790012, 0.84324, 0.0292228, 0.83, -0.459318, 1.05187, 1.05187, 0.150085, -0.164611, 8.24112e-06, -0.0199034, 4.17966e-05
21551, 0.533749, 0.866039, 0.0310043, 0.84, -0.448799, 1.39899, 1.04837, 0.168698, -0.165502, 8.24112e-06, 0.00437883, 4.17966e-05
21561, 0.517787, 0.89456, 0.0328249, 0.85, -0.43828, 1.39899, 1.04837, 0.169709, -0.166412, 8.24112e-06, 0.00451723, 4.17966e-05
21571, 0.774168, 0.64367, 0.0341271, 0.86, -0.424255, 1.05187, 1.4025, 0.169709, -0.167064, 8.24112e-06, 0.00362511, 4.17966e-05
21581, 1.07493, 0.889098, 0.0350585, 0.87, -0.413737, 0.701248, 1.05187, 0.169709, -0.167529, 8.24112e-06, 0.00298703, 4.17966e-05
21591, 0.857815, 0.908835, 0.0357246, 0.88, -0.403218, 1.05187, 1.04837, 0.169709, -0.167862, 8.24112e-06, 0.00253065, 4.17966e-05
21601, 0.543692, 0.874129, 0.0340564, 0.89, -0.392699, 1.39899, 1.04837, 0.16574, -0.167028, 8.24112e-06, -0.00176524, 4.17966e-05
21611, 0.744459, 0.841249, 0.0328631, 0.9, -0.38218, 1.05187, 1.05187, 0.16574, -0.166432, 8.24112e-06, -0.000947773, 4.17966e-05
21621, 0.719247, 0.813879, 0.0320097, 0.91, -0.371662, 1.04837, 1.05187, 0.16574, -0.166005, 8.24112e-06, -0.000363097, 4.17966e-05
21630, 0.691392, 0.788833, 0.0313993, 0.92, -0.361143, 1.05187, 1.05187, 0.16574, -0.1657, 8.24112e-06, 5.50896e-05, 4.17966e-05
21641, 0.950983, 1.0399, 0.0309627, 0.93, -0.35413, 0.697742, 0.697742, 0.16574, -0.165481, 8.24112e-06, 0.000354201, 4.17966e-05
21651, 0.691568, 0.789576, 0.0306504, 0.94, -0.343612, 1.05187, 1.05187, 0.16574, -0.165325, 8.24112e-06, 0.000568137, 4.17966e-05
21661, 0.405114, 0.783304, 0.0309531, 0.95, -0.333093, 1.39899, 1.04837, 0.166713, -0.165477, 8.24112e-06, 0.0016948, 4.17966e-05
21670, 0.670195, 0.540612, 0.0213496, 0.96, -0.322574, 0.701248, 1.05187, 0.148539, -0.160675, 8.24112e-06, -0.0166281, 4.17966e-05
21681, 0.709289, 0.804134, 0.0232552, 0.97, -0.315562, 0.701248, 0.701248, 0.164778, -0.161628, 8.24112e-06, 0.00431697, 4.17966e-05
21691, 0.758181, 0.851513, 0.0251376, 0.98, -0.308549, 0.697742, 0.697742, 0.16574, -0.162569, 8.24112e-06, 0.00434481, 4.17966e-05
21701, 0.518694, 0.619771, 0.026484, 0.99, -0.298031, 1.04837, 1.04837, 0.16574, -0.163242, 8.24112e-06, 0.00342241, 4.17966e-05
21710, 0.507082, 0.879251, 0.0274471, 1, -0.291018, 1.05187, 0.701248, 0.16574, -0.163724, 8.24112e-06, 0.00276266, 4.17966e-05
21721, 0.775485, 0.912494, 0.0281359, 1.01, -0.284006, 0.701248, 0.701248, 0.16574, -0.164068, 8.24112e-06, 0.00229077, 4.17966e-05
21731, 0.81003, 0.674845, 0.0286285, 1.02, -0.273487, 0.697742, 1.04837, 0.16574, -0.164314, 8.24112e-06, 0.00195327, 4.17966e-05
21741, 0.837976, 0.928483, 0.0289809, 1.03, -0.266474, 0.701248, 0.701248, 0.16574, -0.16449, 8.24112e-06, 0.00171186, 4.17966e-05
21751, 0.54008, 0.912354, 0.0271928, 1.04, -0.259462, 1.04837, 0.697742, 0.161964, -0.163596, 8.24112e-06, -0.00223662, 4.17966e-05
21761, 0.464937, 0.615487, 0.0254193, 1.05, -0.252449, 1.05187, 1.04837, 0.161049, -0.16271, 8.24112e-06, -0.00227579, 4.17966e-05
21771, 0.692648, 0.829955, 0.0246454, 1.06, -0.241931, 0.697742, 0.701248, 0.161964, -0.162323, 8.24112e-06, -0.000491425, 4.17966e-05
21781, 0.67366, 0.814019, 0.0235973, 1.07, -0.234918, 0.697742, 0.697742, 0.161049, -0.161799, 8.24112e-06, -0.00102757, 4.17966e-05
21791, 0.666937, 0.535844, 0.0233422, 1.08, -0.224399, 0.701248, 1.05187, 0.161964, -0.161671, 8.24112e-06, 0.000401363, 4.17966e-05
21800, 0.448278, 0.549915, 0.0142896, 1.09, -0.217387, 0.701248, 0.701248, 0.145547, -0.157145, 8.24112e-06, -0.0158903, 4.17966e-05
21811, 0.181576, 0.562185, 0.0161903, 1.1, -0.210375, 1.04837, 0.697742, 0.161049, -0.158095, 8.24112e-06, 0.00404677, 4.17966e-05
21821, 0.431264, 0.575918, 0.0180444, 1.11, -0.203362, 0.701248, 0.701248, 0.161964, -0.159022, 8.24112e-06, 0.00403076, 4.17966e-05
21831, 0.44321, 0.58686, 0.0193705, 1.12, -0.19635, 0.701248, 0.701248, 0.161964, -0.159685, 8.24112e-06, 0.00312227, 4.17966e-05
21840, 1.01226, 0.59419, 0.020319, 1.13, -0.189337, 0, 0.701248, 0.161964, -0.16016, 8.24112e-06, 0.00247248, 4.17966e-05
21851, 0.548242, 0.601653, 0.0209974, 1.14, -0.182325, 0.701248, 0.697742, 0.161964, -0.160499, 8.24112e-06, 0.00200771, 4.17966e-05
21861, 0.554313, 0.876744, 0.0214826, 1.15, -0.178818, 0.697742, 0.347118, 0.161964, -0.160741, 8.24112e-06, 0.00167529, 4.17966e-05
21871, 0.273307, 0.652907, 0.0218297, 1.16, -0.175312, 1.05187, 0.697742, 0.161964, -0.160915, 8.24112e-06, 0.00143753, 4.17966e-05
21881, 0.792068, 0.65128, 0.0220779, 1.17, -0.164793, 0.347118, 0.701248, 0.161964, -0.161039, 8.24112e-06, 0.00126748, 4.17966e-05
21891, 0.508071, 0.877338, 0.0203125, 1.18, -0.161287, 0.701248, 0.350624, 0.158368, -0.160156, 8.24112e-06, -0.00245018, 4.17966e-05
21901, 0.749553, 0.613317, 0.0190498, 1.19, -0.154275, 0.347118, 0.697742, 0.158368, -0.159525, 8.24112e-06, -0.00158513, 4.17966e-05
21911, 0.463031, 0.562561, 0.0176753, 1.2, -0.147262, 0.701248, 0.701248, 0.157496, -0.158838, 8.24112e-06, -0.0018388, 4.17966e-05
21921, 0.428959, 0.528878, 0.0171635, 1.21, -0.14025, 0.701248, 0.701248, 0.158368, -0.158582, 8.24112e-06, -0.000292882, 4.17966e-05
21931, 0.200175, 0.578236, 0.0087035, 1.22, -0.136743, 0.701248, 0.350624, 0.143388, -0.154352, 8.24112e-06, -0.0150224, 4.17966e-05
21941, 0.47578, 0.617568, 0.0107465, 1.23, -0.133237, 0.347118, 0.347118, 0.158368, -0.155373, 8.24112e-06, 0.00410329, 4.17966e-05
21951, 0.225092, 0.377343, 0.0122077, 1.24, -0.126225, 0.701248, 0.697742, 0.158368, -0.156104, 8.24112e-06, 0.00310223, 4.17966e-05
21961, 0.756664, 0.342506, 0.0127815, 1.25, -0.122718, 0, 0.704755, 0.157496, -0.156391, 8.24112e-06, 0.00151381, 4.17966e-05
21970, 0.539579, 0.587792, 0.0131919, 1.26, -0.115706, 0.347118, 0.347118, 0.157496, -0.156596, 8.24112e-06, 0.00123267, 4.17966e-05
21981, 0.565007, 0.61264, 0.0139568, 1.27, -0.1122, 0.347118, 0.347118, 0.158368, -0.156978, 8.24112e-06, 0.00190398, 4.17966e-05
21991, 0.0243836, 0.632688, 0.0145039, 1.28, -0.108693, 1.05187, 0.350624, 0.158368, -0.157252, 8.24112e-06, 0.00152917, 4.17966e-05
22001, 0.514772, 0.653505, 0.0148952, 1.29, -0.105187, 0.350624, 0.350624, 0.158368, -0.157448, 8.24112e-06, 0.00126109, 4.17966e-05
22010, 0.537539, 0.404239, 0.0151751, 1.3, -0.101681, 0.347118, 0.697742, 0.158368, -0.157588, 8.24112e-06, 0.00106935, 4.17966e-05
22021, 0.557137, 0.64684, 0.0153753, 1.31, -0.0946685, 0.347118, 0.350624, 0.158368, -0.157688, 8.24112e-06, 0.000932217, 4.17966e-05
22031, 0.587711, 0.679203, 0.0159954, 1.32, -0.0911623, 0.347118, 0.347118, 0.159251, -0.157998, 8.24112e-06, 0.00171697, 4.17966e-05
22041, 0.321594, 0.693698, 0.015962, 1.33, -0.087656, 0.701248, 0.350624, 0.158368, -0.157981, 8.24112e-06, 0.000530228, 4.17966e-05
22051, 0.564436, 0.702189, 0.0154667, 1.34, -0.0841498, 0.347118, 0.347118, 0.157496, -0.157733, 8.24112e-06, -0.000325799, 4.17966e-05
22061, 0.384153, 0.256304, 0.00748986, 1.35, -0.0771373, 0.350624, 0.701248, 0.143388, -0.153745, 8.24112e-06, -0.0141909, 4.17966e-05
22071, 0.136762, 0.513744, 0.00940707, 1.36, -0.0736311, 0.697742, 0.347118, 0.157496, -0.154704, 8.24112e-06, 0.00382556, 4.17966e-05
22081, 0.405148, 0.548902, 0.0112497, 1.37, -0.0701248, 0.350624, 0.347118, 0.158368, -0.155625, 8.24112e-06, 0.00375853, 4.17966e-05
22091, 0.435826, 0.576322, 0.0125676, 1.38, -0.0701248, 0.350624, 0.350624, 0.158368, -0.156284, 8.24112e-06, 0.00285564, 4.17966e-05
22100, 0.698218, 0.558904, 0.0116577, 1.39, -0.0631124, 0, 0.350624, 0.154939, -0.155829, 8.24112e-06, -0.0012189, 4.17966e-05
22111, 0.450953, 0.546682, 0.0110069, 1.4, -0.0596061, 0.347118, 0.347118, 0.154939, -0.155503, 8.24112e-06, -0.000773028, 4.17966e-05
22121, 0.143684, 0.520694, 0.0100916, 1.41, -0.0560999, 0.701248, 0.350624, 0.154107, -0.155046, 8.24112e-06, -0.00128654, 4.17966e-05
22131, 0.367493, 0.51002, 0.00988671, 1.42, -0.0525936, 0.350624, 0.350624, 0.154939, -0.154943, 8.24112e-06, -5.63264e-06, 4.17966e-05
22140, 0.637765, 0.499904, 0.00974017, 1.43, -0.0490874, 0, 0.350624, 0.154939, -0.15487, 8.24112e-06, 9.47565e-05, 4.17966e-05
22151, 0.396137, 0.492905, 0.00963536, 1.44, -0.0455811, 0.347118, 0.347118, 0.154939, -0.154818, 8.24112e-06, 0.000166565, 4.17966e-05
22161, 0.384303, 0.481215, 0.00956041, 1.45, -0.0420749, 0.350624, 0.350624, 0.154939, -0.15478, 8.24112e-06, 0.000217915, 4.17966e-05
22171, 0.0973408, 0.471989, 0.00950679, 1.46, -0.0385687, 0.697742, 0.350624, 0.154939, -0.154753, 8.24112e-06, 0.000254646, 4.17966e-05
22180, 0.309618, 0.724078, 0.00901866, 1.47, -0.0385687, 0.350624, 0, 0.154107, -0.154509, 8.24112e-06, -0.000551507, 4.17966e-05
22191, 0.394801, 0.308678, 0.0013791, 1.48, -0.0350624, 0, 0.350624, 0.140614, -0.15069, 8.24112e-06, -0.0138053, 4.17966e-05
22201, 0.455444, 0.324452, 0.00365514, 1.49, -0.0315562, 0, 0.347118, 0.154939, -0.151828, 8.24112e-06, 0.00426348, 4.17966e-05
22211, 0.231702, 0.331768, 0.00528306, 1.5, -0.0280499, 0.347118, 0.347118, 0.154939, -0.152642, 8.24112e-06, 0.00314823, 4.17966e-05
22220, 0.232662, 0.603667, 0.00644743, 1.51, -0.0280499, 0.350624, 0, 0.154939, -0.153224, 8.24112e-06, 0.00235054, 4.17966e-05
22231, 0.221641, 0.638218, 0.00683048, 1.52, -0.0280499, 0.350624, 0, 0.154107, -0.153415, 8.24112e-06, 0.00094758, 4.17966e-05
22241, 0.500897, 0.410554, 0.0075542, 1.53, -0.0245437, 0, 0.350624, 0.154939, -0.153777, 8.24112e-06, 0.00159231, 4.17966e-05
22251, 0.543388, 0.406791, 0.00807184, 1.54, -0.0210375, 0, 0.350624, 0.154939, -0.154036, 8.24112e-06, 0.00123769, 4.17966e-05
22261, 0.573455, 0.66279, 0.00799233, 1.55, -0.0210375, 0, 0, 0.154107, -0.153996, 8.24112e-06, 0.000151619, 4.17966e-05
22270, 0.336963, 0.703695, 0.00838521, 1.56, -0.0210375, 0.347118, 0, 0.154939, -0.154193, 8.24112e-06, 0.00102301, 4.17966e-05
22281, 0.331609, 0.474515, 0.00866625, 1.57, -0.0175312, 0.347118, 0.347118, 0.154939, -0.154333, 8.24112e-06, 0.000830486, 4.17966e-05
22291, 0.322624, 0.465464, 0.00886723, 1.58, -0.014025, 0.350624, 0.350624, 0.154939, -0.154434, 8.24112e-06, 0.000692785, 4.17966e-05
22301, 0.606924, 0.468812, 0.00946602, 1.59, -0.0105187, 0, 0.350624, 0.155781, -0.154733, 8.24112e-06, 0.00143644, 4.17966e-05
22310, 0.366101, 0.462559, 0.00943926, 1.6, -0.00701248, 0.347118, 0.347118, 0.154939, -0.15472, 8.24112e-06, 0.000300899, 4.17966e-05
22321, 0.167201, 0.541359, 0.00167993, 1.61, -0.00701248, 0.350624, 0, 0.140614, -0.15084, 8.24112e-06, -0.0140114, 4.17966e-05
22331, 0.183903, 0.599459, 0.00387031, 1.62, -0.00701248, 0.347118, 0, 0.154939, -0.151935, 8.24112e-06, 0.00411607, 4.17966e-05
22341, 0.469515, 0.105407, 0.00543696, 1.63, 0, 0, 0.704755, 0.154939, -0.152718, 8.24112e-06, 0.00304279, 4.17966e-05
22350, 0.518229, 0.607275, 0.00655749, 1.64, 0, 0, 0, 0.154939, -0.153279, 8.24112e-06, 0.00227514, 4.17966e-05
22361, 0.272248, 0.641527, 0.00690919, 1.65, 0, 0.350624, 0, 0.154107, -0.153455, 8.24112e-06, 0.000893652, 4.17966e-05
22371, 0.273578, 0.416366, 0.0076105, 1.66, 0.00350624, 0.347118, 0.347118, 0.154939, -0.153805, 8.24112e-06, 0.00155374, 4.17966e-05
22381, 0.548195, 0.410192, 0.00811213, 1.67, 0.00350624, 0, 0.350624, 0.154939, -0.154056, 8.24112e-06, 0.00121009, 4.17966e-05
22390, 0.589047, 0.676643, 0.00847092, 1.68, 0.00701248, 0, 0, 0.154939, -0.154235, 8.24112e-06, 0.000964299, 4.17966e-05
22401, 0.351149, 0.716245, 0.00872752, 1.69, 0.00701248, 0.347118, 0, 0.154939, -0.154364, 8.24112e-06, 0.000788495, 4.17966e-05
22411, 0.341983, 0.483415, 0.00891107, 1.7, 0.0105187, 0.350624, 0.350624, 0.154939, -0.154456, 8.24112e-06, 0.000662759, 4.17966e-05
22421, 0.615124, 0.475956, 0.00904235, 1.71, 0.014025, 0, 0.350624, 0.154939, -0.154521, 8.24112e-06, 0.000572816, 4.17966e-05
22431, 0.386577, 0.481544, 0.00959128, 1.72, 0.0175312, 0.347118, 0.347118, 0.155781, -0.154796, 8.24112e-06, 0.00135063, 4.17966e-05
22440, 0.377677, 0.741708, 0.00952885, 1.73, 0.0175312, 0.347118, 0, 0.154939, -0.154764, 8.24112e-06, 0.000239521, 4.17966e-05
22451, 0.178514, 0.324917, 0.001744, 1.74, 0.0210375, 0.350624, 0.350624, 0.140614, -0.150872, 8.24112e-06, -0.0140553, 4.17966e-05
22461, 0.472723, 0.33698, 0.00391614, 1.75, 0.0245437, 0, 0.350624, 0.154939, -0.151958, 8.24112e-06, 0.00408468, 4.17966e-05
22471, 0.245408, 0.345844, 0.00546974, 1.76, 0.0280499, 0.350624, 0.347118, 0.154939, -0.152735, 8.24112e-06, 0.00302033, 4.17966e-05
22480, 0.248165, 0.617234, 0.00658095, 1.77, 0.0280499, 0.350624, 0, 0.154939, -0.15329, 8.24112e-06, 0.00225908, 4.17966e-05
22491, 0.528155, 0.661984, 0.00737575, 1.78, 0.0280499, 0, 0, 0.154939, -0.153688, 8.24112e-06, 0.00171457, 4.17966e-05
22501, 0.57117, 0.435553, 0.0079442, 1.79, 0.0315562, 0, 0.347118, 0.154939, -0.153972, 8.24112e-06, 0.00132513, 4.17966e-05
22511, 0.289146, 0.389656, 0.00658241, 1.8, 0.0350624, 0.350624, 0.347118, 0.151666, -0.153291, 8.24112e-06, -0.00222634, 4.17966e-05
22520, 0.288632, 0.658016, 0.00737679, 1.81, 0.0350624, 0.350624, 0, 0.154939, -0.153688, 8.24112e-06, 0.00171386, 4.17966e-05
22531, 0.566283, 0.700598, 0.00794497, 1.82, 0.0350624, 0, 0, 0.154939, -0.153972, 8.24112e-06, 0.00132461, 4.17966e-05
22541, 0.607626, 0.472617, 0.00835136, 1.83, 0.0385687, 0, 0.347118, 0.154939, -0.154176, 8.24112e-06, 0.00104621, 4.17966e-05
22551, 0.324404, 0.425611, 0.00687361, 1.84, 0.0420749, 0.350624, 0.347118, 0.151666, -0.153437, 8.24112e-06, -0.00242583, 4.17966e-05
22561, 0.290698, 0.661851, 0.00625119, 1.85, 0.0420749, 0.350624, 0, 0.152471, -0.153126, 8.24112e-06, -0.000897542, 4.17966e-05
22571, 0.248287, 0.394235, 0.00537148, 1.86, 0.0455811, 0.350624, 0.350624, 0.151666, -0.152686, 8.24112e-06, -0.00139676, 4.17966e-05
22581, 0.488962, 0.354887, 0.00474226, 1.87, 0.0490874, 0, 0.350624, 0.151666, -0.152371, 8.24112e-06, -0.0009657, 4.17966e-05
22591, 0.0282455, 0.406761, -0.00346705, 1.88, 0.0490874, 0.350624, 0, 0.137306, -0.148266, 8.24112e-06, -0.0150181, 4.17966e-05
22601, 0.294901, 0.165615, -0.00157946, 1.89, 0.0525936, 0, 0.350624, 0.151666, -0.14921, 8.24112e-06, 0.00336517, 4.17966e-05
22610, 0.32137, 0.416934, -0.000229359, 1.9, 0.0525936, 0, 0, 0.151666, -0.149885, 8.24112e-06, 0.00244026, 4.17966e-05
22621, 0.0661765, 0.438703, 0.000736296, 1.91, 0.0525936, 0.347118, 0, 0.151666, -0.150368, 8.24112e-06, 0.00177871, 4.17966e-05
22631, 0.31813, 0.457842, 0.00142696, 1.92, 0.0525936, 0, 0, 0.151666, -0.150713, 8.24112e-06, 0.00130554, 4.17966e-05
22641, 0.335762, 0.475099, 0.00192097, 1.93, 0.0525936, 0, 0, 0.151666, -0.15096, 8.24112e-06, 0.000967115, 4.17966e-05
22650, 0.351941, 0.219278, 0.0022743, 1.94, 0.0560999, 0, 0.350624, 0.151666, -0.151137, 8.24112e-06, 0.000725046, 4.17966e-05
22661, 0.367082, 0.460099, 0.00252703, 1.95, 0.0560999, 0, 0, 0.151666, -0.151264, 8.24112e-06, 0.000551909, 4.17966e-05
22671, 0.38148, 0.743377, 0.00270778, 1.96, 0.0525936, 0, -0.347118, 0.151666, -0.151354, 8.24112e-06, 0.000428081, 4.17966e-05
22681, 0.395347, 0.261799, 0.00283706, 1.97, 0.0560999, 0, 0.350624, 0.151666, -0.151419, 8.24112e-06, 0.000339508, 4.17966e-05
22690, 0.141674, 0.511292, 0.00336406, 1.98, 0.0560999, 0.347118, 0, 0.152471, -0.151682, 8.24112e-06, 0.00108036, 4.17966e-05
22701, 0.385902, 0.523273, 0.00330645, 1.99, 0.0560999, 0, 0, 0.151666, -0.151653, 8.24112e-06, 1.7941e-05, 4.17966e-05
22711, 0.398009, 0.535412, 0.00326526, 2, 0.0560999, 0, 0, 0.151666, -0.151633, 8.24112e-06, 4.61638e-05, 4.17966e-05
22721, 0.197179, 0.0695279, -0.00555286, 2.01, 0.0596061, 0, 0.350624, 0.1354, -0.147224, 8.24112e-06, -0.0161995, 4.17966e-05
22730, 0.235328, 0.331669, -0.00307134, 2.02, 0.0596061, 0, 0, 0.151666, -0.148464, 8.24112e-06, 0.00438723, 4.17966e-05
22740, -0.0115124, 0.361178, -0.00129643, 2.03, 0.0596061, 0.347118, 0, 0.151666, -0.149352, 8.24112e-06, 0.00317128, 4.17966e-05
22751, 0.246416, 0.385854, -2.69413e-05, 2.04, 0.0596061, 0, 0, 0.151666, -0.149987, 8.24112e-06, 0.00230157, 4.17966e-05
22761, 0.257906, 0.396982, 0.000451446, 2.05, 0.0596061, 0, 0, 0.150871, -0.150226, 8.24112e-06, 0.000884414, 4.17966e-05
22771, 0.278406, 0.416896, 0.00122324, 2.06, 0.0596061, 0, 0, 0.151666, -0.150612, 8.24112e-06, 0.00144511, 4.17966e-05
22780, 0.296636, 0.434709, 0.00177523, 2.07, 0.0596061, 0, 0, 0.151666, -0.150888, 8.24112e-06, 0.00106694, 4.17966e-05
22791, 0.313245, 0.451018, 0.00217009, 2.08, 0.0596061, 0, 0, 0.151666, -0.151085, 8.24112e-06, 0.000796452, 4.17966e-05
22801, 0.328692, 0.466252, 0.00245249, 2.09, 0.0596061, 0, 0, 0.151666, -0.151226, 8.24112e-06, 0.000602975, 4.17966e-05
22811, 0.343309, 0.480716, 0.00265446, 2.1, 0.0596061, 0, 0, 0.151666, -0.151327, 8.24112e-06, 0.000464603, 4.17966e-05
22820, 0.367867, 0.504835, 0.00323346, 2.11, 0.0596061, 0, 0, 0.152471, -0.151617, 8.24112e-06, 0.00116983, 4.17966e-05
22831, 0.380188, 0.245438, 0.00321305, 2.12, 0.0631124, 0, 0.350624, 0.151666, -0.151607, 8.24112e-06, 8.19266e-05, 4.17966e-05
22841, 0.39257, 0.483703, 0.00319847, 2.13, 0.0631124, 0, 0, 0.151666, -0.151599, 8.24112e-06, 9.19253e-05, 4.17966e-05
22851, -0.0636079, 0.31391, -0.00457123, 2.14, 0.0631124, 0.350624, 0, 0.137306, -0.147714, 8.24112e-06, -0.0142617, 4.17966e-05
22860, 0.206293, 0.347505, -0.00236923, 2.15, 0.0631124, 0, 0, 0.151666, -0.148815, 8.24112e-06, 0.00390622, 4.17966e-05
22871, 0.235084, 0.375103, -0.000794232, 2.16, 0.0631124, 0, 0, 0.151666, -0.149603, 8.24112e-06, 0.00282724, 4.17966e-05
22881, 0.259245, 0.398411, 0.000332266, 2.17, 0.0631124, 0, 0, 0.151666, -0.150166, 8.24112e-06, 0.0020555, 4.17966e-05
22891, 0.280094, 0.41865, 0.00113797, 2.18, 0.0631124, 0, 0, 0.151666, -0.150569, 8.24112e-06, 0.00150351, 4.17966e-05
22901, 0.298575, 0.436694, 0.00171426, 2.19, 0.0631124, 0, 0, 0.151666, -0.150857, 8.24112e-06, 0.00110872, 4.17966e-05
22910, 0.315363, 0.453169, 0.00212646, 2.2, 0.0631124, 0, 0, 0.151666, -0.151063, 8.24112e-06, 0.000826329, 4.17966e-05
22921, 0.330939, 0.468522, 0.00242129, 2.21, 0.0631124, 0, 0, 0.151666, -0.151211, 8.24112e-06, 0.000624359, 4.17966e-05
22931, 0.345647, 0.483071, 0.00263214, 2.22, 0.0631124, 0, 0, 0.151666, -0.151316, 8.24112e-06, 0.000479892, 4.17966e-05
22941, 0.359737, 0.497046, 0.00278297, 2.23, 0.0631124, 0, 0, 0.151666, -0.151391, 8.24112e-06, 0.000376567, 4.17966e-05
22950, 0.383916, 0.520814, 0.00332534, 2.24, 0.0631124, 0, 0, 0.152471, -0.151663, 8.24112e-06, 0.00110687, 4.17966e-05
22961, 0.438837, 0.574431, 0.00504717, 2.25, 0.0631124, 0, 0, 0.154939, -0.152524, 8.24112e-06, 0.00330983, 4.17966e-05
22971, 0.445828, 0.310095, 0.00451031, 2.26, 0.0666186, 0, 0.350624, 0.151666, -0.152255, 8.24112e-06, -0.000806794, 4.17966e-05
22981, -0.011402, 0.3626, -0.00363296, 2.27, 0.0666186, 0.347118, 0, 0.137306, -0.148184, 8.24112e-06, -0.0149045, 4.17966e-05
22990, 0.253395, 0.39364, -0.00169814, 2.28, 0.0666186, 0, 0, 0.151666, -0.149151, 8.24112e-06, 0.00344647, 4.17966e-05
23001, 0.280213, 0.41941, -0.000314236, 2.29, 0.0666186, 0, 0, 0.151666, -0.149843, 8.24112e-06, 0.0024984, 4.17966e-05
23011, 0.302963, 0.172394, 0.000675589, 2.3, 0.0701248, 0, 0.347118, 0.151666, -0.150338, 8.24112e-06, 0.0018203, 4.17966e-05
23021, 0.312389, 0.405222, 0.000953943, 2.31, 0.0701248, 0, 0, 0.150871, -0.150477, 8.24112e-06, 0.000540167, 4.17966e-05
23030, 0.050912, 0.423768, 0.00158265, 2.32, 0.0701248, 0.350624, 0, 0.151666, -0.150791, 8.24112e-06, 0.00119889, 4.17966e-05
23041, 0.302724, 0.440601, 0.00203231, 2.33, 0.0701248, 0, 0, 0.151666, -0.151016, 8.24112e-06, 0.000890821, 4.17966e-05
23051, 0.59627, 0.45621, 0.00235394, 2.34, 0.0701248, -0.347118, 0, 0.151666, -0.151177, 8.24112e-06, 0.000670493, 4.17966e-05
23061, 0.378886, 0.470943, 0.00258398, 2.35, 0.0701248, 0, 0, 0.151666, -0.151292, 8.24112e-06, 0.000512898, 4.17966e-05
23071, 0.112617, 0.485049, 0.00274852, 2.36, 0.0701248, 0.350624, 0, 0.151666, -0.151374, 8.24112e-06, 0.000400171, 4.17966e-05
23080, 0.361002, 0.498707, 0.00286621, 2.37, 0.0701248, 0, 0, 0.151666, -0.151433, 8.24112e-06, 0.000319555, 4.17966e-05
23091, 0.384938, 0.253233, 0.00338492, 2.38, 0.0736311, 0, 0.347118, 0.152471, -0.151692, 8.24112e-06, 0.00106607, 4.17966e-05
23101, 0.396814, 0.488771, 0.00332138, 2.39, 0.0736311, 0, 0, 0.151666, -0.151661, 8.24112e-06, 7.7188e-06, 4.17966e-05
23111, -0.0512376, 0.326866, -0.00413319, 2.4, 0.0736311, 0.350624, 0, 0.137954, -0.147933, 8.24112e-06, -0.0136738, 4.17966e-05
23120, 0.217376, 0.359268, -0.00205591, 2.41, 0.0736311, 0, 0, 0.151666, -0.148972, 8.24112e-06, 0.00369158, 4.17966e-05
23131, 0.245246, 0.386012, -0.000570148, 2.42, 0.0736311, 0, 0, 0.151666, -0.149715, 8.24112e-06, 0.00267372, 4.17966e-05
23141, 0.268748, 0.408709, 0.000492543, 2.43, 0.0736311, 0, 0, 0.151666, -0.150246, 8.24112e-06, 0.00194569, 4.17966e-05
23151, 0.289126, 0.428512, 0.00125262, 2.44, 0.0736311, 0, 0, 0.151666, -0.150626, 8.24112e-06, 0.00142498, 4.17966e-05
23160, 0.30727, 0.446244, 0.00179625, 2.45, 0.0736311, 0, 0, 0.151666, -0.150898, 8.24112e-06, 0.00105254, 4.17966e-05
23171, 0.323817, 0.190762, 0.00218511, 2.46, 0.0771373, 0, 0.350624, 0.151666, -0.151093, 8.24112e-06, 0.000786155, 4.17966e-05
23181, 0.33922, 0.431827, 0.00246322, 2.47, 0.0771373, 0, 0, 0.151666, -0.151232, 8.24112e-06, 0.000595614, 4.17966e-05
23191, 0.353806, 0.717996, 0.00266215, 2.48, 0.0736311, 0, -0.350624, 0.151666, -0.151331, 8.24112e-06, 0.000459343, 4.17966e-05
23201, 0.367807, 0.234283, 0.00280443, 2.49, 0.0771373, 0, 0.350624, 0.151666, -0.151402, 8.24112e-06, 0.000361875, 4.17966e-05
23211, 0.38139, 0.473661, 0.0029062, 2.5, 0.0771373, 0, 0, 0.151666, -0.151453, 8.24112e-06, 0.000292152, 4.17966e-05
23221, 0.394673, 0.486889, 0.00297898, 2.51, 0.0771373, 0, 0, 0.151666, -0.151489, 8.24112e-06, 0.000242278, 4.17966e-05
23231, 0.127243, 0.49992, 0.00303105, 2.52, 0.0771373, 0.350624, 0, 0.151666, -0.151516, 8.24112e-06, 0.00020662, 4.17966e-05
23241, 0.374798, 0.512808, 0.00306827, 2.53, 0.0771373, 0, 0, 0.151666, -0.151534, 8.24112e-06, 0.000181109, 4.17966e-05
23250, 0.398139, 0.266783, 0.00352943, 2.54, 0.0806436, 0, 0.347118, 0.152471, -0.151765, 8.24112e-06, 0.00096707, 4.17966e-05
23261, 0.399175, 0.491838, 0.00299513, 2.55, 0.0806436, 0, 0, 0.150871, -0.151498, 8.24112e-06, -0.000858203, 4.17966e-05
23271, 0.412198, 0.504824, 0.00304261, 2.56, 0.0806436, 0, 0, 0.151666, -0.151521, 8.24112e-06, 0.000198707, 4.17966e-05
23281, 0.144581, 0.517681, 0.00307655, 2.57, 0.0806436, 0.350624, 0, 0.151666, -0.151538, 8.24112e-06, 0.000175446, 4.17966e-05
23290, 0.392002, 0.258712, 0.00310081, 2.58, 0.0841498, 0, 0.350624, 0.151666, -0.15155, 8.24112e-06, 0.000158817, 4.17966e-05
23301, 0.404713, 0.497282, 0.00311819, 2.59, 0.0841498, 0, 0, 0.151666, -0.151559, 8.24112e-06, 0.000146925, 4.17966e-05
23311, 0.417373, 0.509933, 0.00313058, 2.6, 0.0841498, 0, 0, 0.151666, -0.151565, 8.24112e-06, 0.000138417, 4.17966e-05
23321, 0.149498, 0.52255, 0.00313947, 2.61, 0.0841498, 0.350624, 0, 0.151666, -0.15157, 8.24112e-06, 0.000132337, 4.17966e-05
23330, 0.396733, 0.535143, 0.00314581, 2.62, 0.0841498, 0, 0, 0.151666, -0.151573, 8.24112e-06, 0.000127986, 4.17966e-05
23341, 0.409312, 0.278702, 0.00315037, 2.63, 0.087656, 0, 0.347118, 0.151666, -0.151575, 8.24112e-06, 0.000124872, 4.17966e-05
23351, 0.432412, 0.525083, 0.00358814, 2.64, 0.087656, 0, 0, 0.152471, -0.151794, 8.24112e-06, 0.000926837, 4.17966e-05
23361, 0.163191, 0.536454, 0.00346673, 2.65, 0.087656, 0.350624, 0, 0.151666, -0.151733, 8.24112e-06, -9.18657e-05, 4.17966e-05
23370, 0.409465, 0.548156, 0.00337991, 2.66, 0.087656, 0, 0, 0.151666, -0.15169, 8.24112e-06, -3.23802e-05, 4.17966e-05
23380, -0.0472467, 0.108852, -0.00444147, 2.67, 0.0911623, 0.350624, 0.347118, 0.137306, -0.147779, 8.24112e-06, -0.0143506, 4.17966e-05
23391, 0.222273, 0.365708, -0.00227639, 2.68, 0.0911623, 0, 0, 0.151666, -0.148862, 8.24112e-06, 0.00384264, 4.17966e-05
23401, 0.250791, 0.393053, -0.000727832, 2.69, 0.0911623, 0, 0, 0.151666, -0.149636, 8.24112e-06, 0.00278175, 4.17966e-05
23411, 0.274757, 0.416179, 0.000379741, 2.7, 0.0911623, 0, 0, 0.151666, -0.15019, 8.24112e-06, 0.00202297, 4.17966e-05
23420, 0.285052, 0.4262, 0.000742346, 2.71, 0.0911623, 0, 0, 0.150871, -0.150371, 8.24112e-06, 0.00068514, 4.17966e-05
23431, 0.304696, 0.173588, 0.00143129, 2.72, 0.0946685, 0, 0.350624, 0.151666, -0.150716, 8.24112e-06, 0.00130257, 4.17966e-05
23441, 0.322315, 0.416706, 0.00192404, 2.73, 0.0946685, 0, 0, 0.151666, -0.150962, 8.24112e-06, 0.000964999, 4.17966e-05
23451, 0.338486, 0.704343, 0.00227651, 2.74, 0.0911623, 0, -0.350624, 0.151666, -0.151138, 8.24112e-06, 0.000723541, 4.17966e-05
23460, 0.353621, 0.493415, 0.00252861, 2.75, 0.0911623, 0, 0, 0.151666, -0.151264, 8.24112e-06, 0.000550836, 4.17966e-05
23471, 0.368014, 0.235938, 0.00270891, 2.76, 0.0946685, 0, 0.350624, 0.151666, -0.151354, 8.24112e-06, 0.000427306, 4.17966e-05
23481, 0.392411, 0.485781, 0.00327238, 2.77, 0.0946685, 0, 0, 0.152471, -0.151636, 8.24112e-06, 0.00114316, 4.17966e-05
23491, 0.404619, 0.498012, 0.00324091, 2.78, 0.0946685, 0, 0, 0.151666, -0.15162, 8.24112e-06, 6.28531e-05, 4.17966e-05
23500, 0.136419, 0.510329, 0.00321838, 2.79, 0.0946685, 0.350624, 0, 0.151666, -0.151609, 8.24112e-06, 7.82758e-05, 4.17966e-05
23511, 0.383422, 0.522706, 0.00320226, 2.8, 0.0946685, 0, 0, 0.151666, -0.151601, 8.24112e-06, 8.93176e-05, 4.17966e-05
23521, 0.395835, 0.266112, 0.00319073, 2.81, 0.0981748, 0, 0.347118, 0.151666, -0.151595, 8.24112e-06, 9.72152e-05, 4.17966e-05
23531, 0.408283, 0.502179, 0.0031825, 2.82, 0.0981748, 0, 0, 0.151666, -0.151591, 8.24112e-06, 0.000102863, 4.17966e-05
23541, 0.140255, 0.514655, 0.0031766, 2.83, 0.0981748, 0.350624, 0, 0.151666, -0.151588, 8.24112e-06, 0.000106901, 4.17966e-05
23550, 0.387382, 0.527147, 0.0031724, 2.84, 0.0981748, 0, 0, 0.151666, -0.151586, 8.24112e-06, 0.000109792, 4.17966e-05
23561, 0.399883, 0.270634, 0.00316939, 2.85, 0.101681, 0, 0.347118, 0.151666, -0.151585, 8.24112e-06, 0.000111848, 4.17966e-05
23571, 0.412393, 0.506759, 0.00316724, 2.86, 0.101681, 0, 0, 0.151666, -0.151584, 8.24112e-06, 0.000113323, 4.17966e-05
23581, 0.14441, 0.519277, 0.00316569, 2.87, 0.101681, 0.350624, 0, 0.151666, -0.151583, 8.24112e-06, 0.000114366, 4.17966e-05
23590, 0.391569, 0.531798, 0.00316459, 2.88, 0.101681, 0, 0, 0.151666, -0.151582, 8.24112e-06, 0.000115126, 4.17966e-05
23601, 0.404092, 0.272589, 0.00316378, 2.89, 0.105187, 0, 0.350624, 0.151666, -0.151582, 8.24112e-06, 0.000115678, 4.17966e-05
23611, 0.427153, 0.521193, 0.00359774, 2.9, 0.105187, 0, 0, 0.152471, -0.151799, 8.24112e-06, 0.000920266, 4.17966e-05
23621, 0.189871, 0.563506, 0.00479224, 2.91, 0.105187, 0.350624, 0, 0.154107, -0.152396, 8.24112e-06, 0.00234392, 4.17966e-05
23630, 0.432249, 0.571597, 0.00432798, 2.92, 0.105187, 0, 0, 0.151666, -0.152164, 8.24112e-06, -0.000681877, 4.17966e-05
23641, 0.441353, 0.30922, 0.00399593, 2.93, 0.108693, 0, 0.350624, 0.151666, -0.151998, 8.24112e-06, -0.000454396, 4.17966e-05
23651, 0.451434, 0.545352, 0.0037584, 2.94, 0.108693, 0, 0, 0.151666, -0.151879, 8.24112e-06, -0.000291675, 4.17966e-05
23661, 0.181713, 0.287243, 0.00358853, 2.95, 0.1122, 0.350624, 0.347118, 0.151666, -0.151794, 8.24112e-06, -0.000175297, 4.17966e-05
23671, 0.147129, 0.522227, 0.00346702, 2.96, 0.1122, 0.350624, 0, 0.151666, -0.151734, 8.24112e-06, -9.20594e-05, 4.17966e-05
23681, 0.393402, 0.533928, 0.00338012, 2.97, 0.1122, 0, 0, 0.151666, -0.15169, 8.24112e-06, -3.25143e-05, 4.17966e-05
23691, 0.405293, 0.276849, 0.00331795, 2.98, 0.115706, 0, 0.347118, 0.151666, -0.151659, 8.24112e-06, 1.00583e-05, 4.17966e-05
23701, 0.417366, 0.512569, 0.00327349, 2.99, 0.115706, 0, 0, 0.151666, -0.151637, 8.24112e-06, 4.05312e-05, 4.17966e-05
23711, 0.149071, 0.524797, 0.00324169, 3, 0.115706, 0.350624, 0, 0.151666, -0.151621, 8.24112e-06, 6.23167e-05, 4.17966e-05
23720, 0.396006, 0.537112, 0.00321895, 3.01, 0.115706, 0, 0, 0.151666, -0.151609, 8.24112e-06, 7.78884e-05, 4.17966e-05
23731, 0.40837, 0.549489, 0.00320268, 3.02, 0.115706, 0, 0, 0.151666, -0.151601, 8.24112e-06, 8.90344e-05, 4.17966e-05
23741, 0.431317, 0.303098, 0.00362557, 3.03, 0.119212, 0, 0.347118, 0.152471, -0.151813, 8.24112e-06, 0.000901207, 4.17966e-05
23751, 0.17252, 0.548185, 0.00392804, 3.04, 0.119212, 0.350624, 0, 0.152471, -0.151964, 8.24112e-06, 0.000693992, 4.17966e-05
23760, 0.417438, 0.558631, 0.00370985, 3.05, 0.119212, 0, 0, 0.151666, -0.151855, 8.24112e-06, -0.000258416, 4.17966e-05
23771, 0.428359, 0.297936, 0.00355378, 3.06, 0.122718, 0, 0.350624, 0.151666, -0.151777, 8.24112e-06, -0.0001515, 4.17966e-05
23781, 0.162045, 0.535273, 0.00344217, 3.07, 0.122718, 0.347118, 0, 0.151666, -0.151721, 8.24112e-06, -7.50273e-05, 4.17966e-05
23791, 0.406044, 0.547041, 0.00336233, 3.08, 0.122718, 0, 0, 0.151666, -0.151681, 8.24112e-06, -2.03401e-05, 4.17966e-05
23800, 0.417987, 0.287294, 0.00330523, 3.09, 0.126225, 0, 0.350624, 0.151666, -0.151653, 8.24112e-06, 1.87755e-05, 4.17966e-05
23811, 0.430098, 0.525308, 0.0032644, 3.1, 0.126225, 0, 0, 0.151666, -0.151632, 8.24112e-06, 4.67598e-05, 4.17966e-05
23821, 0.164634, 0.537561, 0.00323519, 3.11, 0.126225, 0.347118, 0, 0.151666, -0.151618, 8.24112e-06, 6.67721e-05, 4.17966e-05
23831, 0.409242, 0.549893, 0.0032143, 3.12, 0.126225, 0, 0, 0.151666, -0.151607, 8.24112e-06, 8.10772e-05, 4.17966e-05
23841, 0.411205, 0.280459, 0.00276974, 3.13, 0.129731, 0, 0.350624, 0.150871, -0.151385, 8.24112e-06, -0.000703797, 4.17966e-05
23851, 0.144391, 0.519931, 0.00288138, 3.14, 0.129731, 0.350624, 0, 0.151666, -0.151441, 8.24112e-06, 0.000309154, 4.17966e-05
23861, 0.392385, 0.533227, 0.00296122, 3.15, 0.129731, 0, 0, 0.151666, -0.151481, 8.24112e-06, 0.000254452, 4.17966e-05
23871, 0.405507, 0.546306, 0.00301835, 3.16, 0.129731, 0, 0, 0.151666, -0.151509, 8.24112e-06, 0.000215322, 4.17966e-05
23881, 0.428994, 0.297699, 0.0034937, 3.17, 0.133237, 0, 0.350624, 0.152471, -0.151747, 8.24112e-06, 0.000991538, 4.17966e-05
23890, 0.119086, 0.495515, 0.00170937, 3.18, 0.133237, 0.350624, 0, 0.148539, -0.150855, 8.24112e-06, -0.00317302, 4.17966e-05
23901, 0.329561, 0.472319, 0.000433177, 3.19, 0.133237, 0, 0, 0.148539, -0.150217, 8.24112e-06, -0.00229871, 4.17966e-05
23911, 0.309149, 0.183582, -0.000479639, 3.2, 0.136743, 0, 0.347118, 0.148539, -0.14976, 8.24112e-06, -0.00167337, 4.17966e-05
23921, 0.332385, 0.429646, 0.000557274, 3.21, 0.136743, 0, 0, 0.151666, -0.150279, 8.24112e-06, 0.00190134, 4.17966e-05
23930, 0.0748793, 0.449273, 0.00129893, 3.22, 0.136743, 0.347118, 0, 0.151666, -0.150649, 8.24112e-06, 0.00139326, 4.17966e-05
23941, 0.284214, 0.427194, 0.000139594, 3.23, 0.136743, 0, 0, 0.148539, -0.15007, 8.24112e-06, -0.00209759, 4.17966e-05
23951, 0.264665, 0.408273, -0.000689626, 3.24, 0.136743, 0, 0, 0.148539, -0.149655, 8.24112e-06, -0.00152951, 4.17966e-05
23961, 0.247553, 0.119877, -0.00128272, 3.25, 0.14025, 0, 0.350624, 0.148539, -0.149359, 8.24112e-06, -0.0011232, 4.17966e-05
23970, 0.232185, 0.330703, -0.00170693, 3.26, 0.14025, 0, 0, 0.148539, -0.149147, 8.24112e-06, -0.000832587, 4.17966e-05
23981, 0.218064, 0.588545, -0.00201035, 3.27, 0.136743, 0, -0.350624, 0.148539, -0.148995, 8.24112e-06, -0.000624716, 4.17966e-05
23991, 0.204835, 0.349608, -0.00222737, 3.28, 0.136743, 0, 0, 0.148539, -0.148886, 8.24112e-06, -0.000476047, 4.17966e-05
24001, 0.192244, 0.0654009, -0.00238258, 3.29, 0.14025, 0, 0.350624, 0.148539, -0.148809, 8.24112e-06, -0.000369713, 4.17966e-05
24010, 0.00801526, 0.112507, -0.00959244, 3.3, 0.14025, 0, 0, 0.1354, -0.145204, 8.24112e-06, -0.0134321, 4.17966e-05
24020, 0.00711462, 0.110446, -0.00806123, 3.31, 0.14025, 0, 0, 0.147779, -0.145969, 8.24112e-06, 0.00247891, 4.17966e-05
24031, 0.0116719, 0.382879, -0.00655523, 3.32, 0.136743, 0, -0.347118, 0.148539, -0.146722, 8.24112e-06, 0.00248888, 4.17966e-05
24041, 0.0527674, 0.198265, -0.00378826, 3.33, 0.136743, 0, 0, 0.151666, -0.148106, 8.24112e-06, 0.00487839, 4.17966e-05
24051, 0.0447645, 0.190043, -0.003499, 3.34, 0.136743, 0, 0, 0.148539, -0.148251, 8.24112e-06, 0.000395134, 4.17966e-05
24060, 0.0359112, 0.181033, -0.00329211, 3.35, 0.136743, 0, 0, 0.148539, -0.148354, 8.24112e-06, 0.000253394, 4.17966e-05
24071, 0.345109, 0.211143, -0.00145435, 3.36, 0.136743, -0.347118, 0, 0.151666, -0.149273, 8.24112e-06, 0.00327946, 4.17966e-05
24081, 0.138918, 0.507983, -0.000139892, 3.37, 0.133237, 0, -0.350624, 0.151666, -0.14993, 8.24112e-06, 0.00237896, 4.17966e-05
24091, 0.161156, 0.303636, 0.000800282, 3.38, 0.133237, 0, 0, 0.151666, -0.1504, 8.24112e-06, 0.00173487, 4.17966e-05
24100, 0.139665, 0.0111822, -0.00021705, 3.39, 0.136743, 0, 0.350624, 0.148539, -0.149891, 8.24112e-06, -0.00185326, 4.17966e-05
24111, 0.121165, 0.219105, -0.000944704, 3.4, 0.136743, 0, 0, 0.148539, -0.149528, 8.24112e-06, -0.00135477, 4.17966e-05
24121, 0.145769, 0.242823, 0.00022465, 3.41, 0.136743, 0, 0, 0.151666, -0.150112, 8.24112e-06, 0.00212923, 4.17966e-05
24131, 0.166935, 0.535089, 0.00106102, 3.42, 0.133237, 0, -0.350624, 0.151666, -0.150531, 8.24112e-06, 0.00155625, 4.17966e-05
24140, 0.00602737, 0.153469, -0.00574988, 3.43, 0.133237, 0, 0, 0.137954, -0.147125, 8.24112e-06, -0.0125662, 4.17966e-05
24151, 0.0447554, -0.0814586, -0.00321224, 3.44, 0.136743, 0, 0.350624, 0.151666, -0.148394, 8.24112e-06, 0.00448376, 4.17966e-05
24161, 0.0760245, 0.174308, -0.00139719, 3.45, 0.136743, 0, 0, 0.151666, -0.149301, 8.24112e-06, 0.00324032, 4.17966e-05
24171, 0.0609931, 0.431307, -0.00178879, 3.46, 0.133237, 0, -0.350624, 0.148539, -0.149106, 8.24112e-06, -0.0007765, 4.17966e-05
24180, 0.0471124, 0.191766, -0.00206891, 3.47, 0.133237, 0, 0, 0.148539, -0.148966, 8.24112e-06, -0.000584602, 4.17966e-05
24190, 0.0340555, 0.178861, -0.00226924, 3.48, 0.133237, 0, 0, 0.148539, -0.148865, 8.24112e-06, -0.000447348, 4.17966e-05
24201, 0.062552, 0.206186, -0.000722736, 3.49, 0.133237, 0, 0, 0.151666, -0.149639, 8.24112e-06, 0.00277825, 4.17966e-05
24211, 0.086503, 0.229299, 0.000383407, 3.5, 0.133237, 0, 0, 0.151666, -0.150192, 8.24112e-06, 0.00202046, 4.17966e-05
24221, 0.107202, 0.249399, 0.00117457, 3.51, 0.133237, 0, 0, 0.151666, -0.150587, 8.24112e-06, 0.00147845, 4.17966e-05
24230, 0.125576, 0.267344, 0.00174046, 3.52, 0.133237, 0, 0, 0.151666, -0.15087, 8.24112e-06, 0.00109078, 4.17966e-05
24241, 0.422786, 0.283748, 0.0021452, 3.53, 0.133237, -0.350624, 0, 0.151666, -0.151073, 8.24112e-06, 0.000813499, 4.17966e-05
24251, 0.203669, 0.299049, 0.00243467, 3.54, 0.133237, 0, 0, 0.151666, -0.151217, 8.24112e-06, 0.00061518, 4.17966e-05
24261, 0.177373, 0.273877, 0.000951916, 3.55, 0.133237, 0, 0, 0.148539, -0.150476, 8.24112e-06, -0.00265411, 4.17966e-05
24270, -0.0166572, 0.0860275, -0.00720748, 3.56, 0.133237, 0, 0, 0.1354, -0.146396, 8.24112e-06, -0.015066, 4.17966e-05
24281, -0.0146092, 0.0871188, -0.00594458, 3.57, 0.133237, 0, 0, 0.148539, -0.147028, 8.24112e-06, 0.00207055, 4.17966e-05
24291, -0.0162737, 0.08477, -0.0050413, 3.58, 0.133237, 0, 0, 0.148539, -0.147479, 8.24112e-06, 0.00145173, 4.17966e-05
24301, 0.020371, 0.119645, -0.00270545, 3.59, 0.133237, 0, 0, 0.151666, -0.148647, 8.24112e-06, 0.00413656, 4.17966e-05
24310, 0.0501498, 0.419892, -0.00103474, 3.6, 0.129731, 0, -0.350624, 0.151666, -0.149483, 8.24112e-06, 0.00299199, 4.17966e-05
24321, 0.0750178, 0.217983, 0.000160247, 3.61, 0.129731, 0, 0, 0.151666, -0.15008, 8.24112e-06, 0.00217335, 4.17966e-05
24331, 0.096373, 0.23869, 0.00101495, 3.62, 0.129731, 0, 0, 0.151666, -0.150507, 8.24112e-06, 0.00158781, 4.17966e-05
24341, 0.115216, 0.25707, 0.00162628, 3.63, 0.129731, 0, 0, 0.151666, -0.150813, 8.24112e-06, 0.001169, 4.17966e-05
24350, 0.132262, 0.273785, 0.00206354, 3.64, 0.129731, 0, 0, 0.151666, -0.151032, 8.24112e-06, 0.000869438, 4.17966e-05
24360, 0.148022, 0.289308, 0.00237626, 3.65, 0.129731, 0, 0, 0.151666, -0.151188, 8.24112e-06, 0.000655189, 4.17966e-05
24371, 0.162863, 0.30398, 0.00259992, 3.66, 0.129731, 0, 0, 0.151666, -0.1513, 8.24112e-06, 0.000501961, 4.17966e-05
24381, 0.177047, 0.318042, 0.0027599, 3.67, 0.129731, 0, 0, 0.151666, -0.15138, 8.24112e-06, 0.000392362, 4.17966e-05
24391, 0.19076, 0.331669, 0.00287434, 3.68, 0.129731, 0, 0, 0.151666, -0.151437, 8.24112e-06, 0.000313967, 4.17966e-05
24400, 0.0245227, 0.170982, -0.00445291, 3.69, 0.129731, 0, 0, 0.137954, -0.147774, 8.24112e-06, -0.0134548, 4.17966e-05
24411, -0.161772, -0.0100423, -0.0114095, 3.7, 0.129731, 0, 0, 0.134778, -0.144295, 8.24112e-06, -0.01304, 4.17966e-05
24421, -0.106408, 0.0421785, -0.00726029, 3.71, 0.129731, 0, 0, 0.151666, -0.14637, 8.24112e-06, 0.00725698, 4.17966e-05
24431, -0.0632405, 0.0830977, -0.00429258, 3.72, 0.129731, 0, 0, 0.151666, -0.147854, 8.24112e-06, 0.00522387, 4.17966e-05
24440, -0.0287961, 0.115934, -0.00216991, 3.73, 0.129731, 0, 0, 0.151666, -0.148915, 8.24112e-06, 0.00376968, 4.17966e-05
24451, -0.000591464, 0.142989, -0.000651687, 3.74, 0.129731, 0, 0, 0.151666, -0.149674, 8.24112e-06, 0.00272958, 4.17966e-05
24461, -0.0178141, 0.126223, -0.00125557, 3.75, 0.129731, 0, 0, 0.148539, -0.149372, 8.24112e-06, -0.00114179, 4.17966e-05
24471, -0.0332617, 0.111103, -0.0016875, 3.76, 0.129731, 0, 0, 0.148539, -0.149156, 8.24112e-06, -0.000845894, 4.17966e-05
24480, -0.0474403, 0.0971585, -0.00199646, 3.77, 0.129731, 0, 0, 0.148539, -0.149002, 8.24112e-06, -0.000634238, 4.17966e-05
24491, -0.0197453, 0.123741, -0.00052762, 3.78, 0.129731, 0, 0, 0.151666, -0.149736, 8.24112e-06, 0.00264458, 4.17966e-05
24501, 0.00363155, 0.146322, 0.000522941, 3.79, 0.129731, 0, 0, 0.151666, -0.150261, 8.24112e-06, 0.00192486, 4.17966e-05
24511, 0.0239209, 0.166042, 0.00127438, 3.8, 0.129731, 0, 0, 0.151666, -0.150637, 8.24112e-06, 0.00141008, 4.17966e-05
24521, 0.322501, 0.183715, 0.00181183, 3.81, 0.129731, -0.350624, 0, 0.151666, -0.150906, 8.24112e-06, 0.00104187, 4.17966e-05
24530, 0.114897, 0.481863, 0.00263077, 3.82, 0.126225, 0, -0.350624, 0.152471, -0.151315, 8.24112e-06, 0.00158273, 4.17966e-05
24541, -0.0591128, 0.0877441, -0.00497729, 3.83, 0.126225, 0, 0, 0.137306, -0.147511, 8.24112e-06, -0.0139835, 4.17966e-05
24551, -0.0226559, -0.149288, -0.00265965, 3.84, 0.129731, 0, 0.350624, 0.151666, -0.14867, 8.24112e-06, 0.0041052, 4.17966e-05
24561, 0.0069888, 0.104973, -0.00100195, 3.85, 0.129731, 0, 0, 0.151666, -0.149499, 8.24112e-06, 0.00296955, 4.17966e-05
24570, 0.0317599, 0.128845, 0.000183672, 3.86, 0.129731, 0, 0, 0.151666, -0.150092, 8.24112e-06, 0.00215729, 4.17966e-05
24581, 0.0530461, 0.421223, 0.0010317, 3.87, 0.126225, 0, -0.350624, 0.151666, -0.150516, 8.24112e-06, 0.00157632, 4.17966e-05
24591, 0.07184, 0.213685, 0.00163826, 3.88, 0.126225, 0, 0, 0.151666, -0.150819, 8.24112e-06, 0.00116079, 4.17966e-05
24601, 0.0888506, 0.230367, 0.0020721, 3.89, 0.126225, 0, 0, 0.151666, -0.151036, 8.24112e-06, 0.000863567, 4.17966e-05
24610, 0.104586, 0.245868, 0.0023824, 3.9, 0.126225, 0, 0, 0.151666, -0.151191, 8.24112e-06, 0.000651002, 4.17966e-05
24621, 0.119409, 0.260523, 0.00260434, 3.91, 0.126225, 0, 0, 0.151666, -0.151302, 8.24112e-06, 0.00049895, 4.17966e-05
24631, 0.13358, 0.274573, 0.00276306, 3.92, 0.126225, 0, 0, 0.151666, -0.151382, 8.24112e-06, 0.000390202, 4.17966e-05
24641, 0.147284, 0.288191, 0.00287661, 3.93, 0.126225, 0, 0, 0.151666, -0.151438, 8.24112e-06, 0.000312418, 4.17966e-05
24650, 0.160655, 0.3015, 0.00295782, 3.94, 0.126225, 0, 0, 0.151666, -0.151479, 8.24112e-06, 0.000256777, 4.17966e-05
24660, 0.173787, 0.314588, 0.00301591, 3.95, 0.126225, 0, 0, 0.151666, -0.151508, 8.24112e-06, 0.000216991, 4.17966e-05
24671, -0.00135571, 0.145293, -0.00470182, 3.96, 0.126225, 0, 0, 0.137306, -0.147649, 8.24112e-06, -0.0141722, 4.17966e-05
24681, 0.0238763, 0.169154, -0.00289226, 3.97, 0.126225, 0, 0, 0.150871, -0.148554, 8.24112e-06, 0.00317511, 4.17966e-05
24691, 0.0542043, 0.198176, -0.00116834, 3.98, 0.126225, 0, 0, 0.151666, -0.149416, 8.24112e-06, 0.00308353, 4.17966e-05
24700, 0.0794646, 0.222502, 6.4671e-05, 3.99, 0.126225, 0, 0, 0.151666, -0.150032, 8.24112e-06, 0.00223881, 4.17966e-05
24711, 0.101101, 0.24347, 0.000946611, 4, 0.126225, 0, 0, 0.151666, -0.150473, 8.24112e-06, 0.00163463, 4.17966e-05
24721, 0.120145, 0.262037, 0.00157741, 4.01, 0.126225, 0, 0, 0.151666, -0.150789, 8.24112e-06, 0.00120248, 4.17966e-05
24731, 0.137335, 0.278884, 0.00202855, 4.02, 0.126225, 0, 0, 0.151666, -0.151014, 8.24112e-06, 0.000893399, 4.17966e-05
24740, 0.153198, 0.294503, 0.00235125, 4.03, 0.126225, 0, 0, 0.151666, -0.151176, 8.24112e-06, 0.000672325, 4.17966e-05
24751, 0.168113, 0.309243, 0.00258207, 4.04, 0.126225, 0, 0, 0.151666, -0.151291, 8.24112e-06, 0.000514209, 4.17966e-05
24761, 0.182349, 0.323354, 0.00274715, 4.05, 0.126225, 0, 0, 0.151666, -0.151374, 8.24112e-06, 0.000401109, 4.17966e-05
24771, 0.196101, 0.337016, 0.00286523, 4.06, 0.126225, 0, 0, 0.151666, -0.151433, 8.24112e-06, 0.000320226, 4.17966e-05
24780, 0.199089, 0.340267, 0.00252005, 4.07, 0.126225, 0, 0, 0.150871, -0.15126, 8.24112e-06, -0.000532746, 4.17966e-05
24791, 0.213508, 0.354547, 0.0027028, 4.08, 0.126225, 0, 0, 0.151666, -0.151351, 8.24112e-06, 0.000431493, 4.17966e-05
24801, 0.0392857, 0.186104, -0.00492579, 4.09, 0.126225, 0, 0, 0.137306, -0.147537, 8.24112e-06, -0.0140188, 4.17966e-05
24811, 0.0755914, 0.220665, -0.00262281, 4.1, 0.126225, 0, 0, 0.151666, -0.148689, 8.24112e-06, 0.00407995, 4.17966e-05
24820, 0.105127, 0.248952, -0.000975639, 4.11, 0.126225, 0, 0, 0.151666, -0.149512, 8.24112e-06, 0.0029515, 4.17966e-05
24830, 0.129821, 0.272754, 0.000202507, 4.12, 0.126225, 0, 0, 0.151666, -0.150101, 8.24112e-06, 0.00214438, 4.17966e-05
24841, 0.151052, 0.293346, 0.00104517, 4.13, 0.126225, 0, 0, 0.151666, -0.150523, 8.24112e-06, 0.0015671, 4.17966e-05
24851, 0.169806, 0.311644, 0.00164789, 4.14, 0.126225, 0, 0, 0.151666, -0.150824, 8.24112e-06, 0.00115418, 4.17966e-05
24861, 0.186788, 0.328299, 0.00207898, 4.15, 0.126225, 0, 0, 0.151666, -0.151039, 8.24112e-06, 0.000858858, 4.17966e-05
24870, 0.202503, 0.343781, 0.00238732, 4.16, 0.126225, 0, 0, 0.151666, -0.151194, 8.24112e-06, 0.000647619, 4.17966e-05
24881, 0.217312, 0.358423, 0.00260785, 4.17, 0.126225, 0, 0, 0.151666, -0.151304, 8.24112e-06, 0.000496536, 4.17966e-05
24891, 0.231473, 0.372464, 0.0027656, 4.18, 0.126225, 0, 0, 0.151666, -0.151383, 8.24112e-06, 0.000388473, 4.17966e-05
24901, 0.24517, 0.386076, 0.00287843, 4.19, 0.126225, 0, 0, 0.151666, -0.151439, 8.24112e-06, 0.000311181, 4.17966e-05
24910, 0.269069, 0.409584, 0.00339362, 4.2, 0.126225, 0, 0, 0.152471, -0.151697, 8.24112e-06, 0.0010601, 4.17966e-05
24921, 0.280919, 0.421485, 0.00332761, 4.21, 0.126225, 0, 0, 0.151666, -0.151664, 8.24112e-06, 3.44217e-06, 4.17966e-05
24931, 0.113349, 0.259563, -0.00412872, 4.22, 0.126225, 0, 0, 0.137954, -0.147936, 8.24112e-06, -0.0136769, 4.17966e-05
24941, 0.147312, 0.291953, -0.00205272, 4.23, 0.126225, 0, 0, 0.151666, -0.148974, 8.24112e-06, 0.00368939, 4.17966e-05
24950, 0.175172, 0.318689, -0.000567853, 4.24, 0.126225, 0, 0, 0.151666, -0.149716, 8.24112e-06, 0.00267215, 4.17966e-05
24961, 0.157703, 0.301695, -0.00119561, 4.25, 0.126225, 0, 0, 0.148539, -0.149402, 8.24112e-06, -0.00118287, 4.17966e-05
24971, 0.183044, 0.326096, 4.51803e-05, 4.26, 0.126225, 0, 0, 0.151666, -0.150023, 8.24112e-06, 0.00225218, 4.17966e-05
24981, 0.204738, 0.347117, 0.000932664, 4.27, 0.126225, 0, 0, 0.151666, -0.150466, 8.24112e-06, 0.00164418, 4.17966e-05
24991, 0.223823, 0.365721, 0.00156742, 4.28, 0.126225, 0, 0, 0.151666, -0.150784, 8.24112e-06, 0.00120932, 4.17966e-05
25000, 0.241042, 0.382596, 0.00202143, 4.29, 0.126225, 0, 0, 0.151666, -0.151011, 8.24112e-06, 0.000898287, 4.17966e-05
25011, 0.256926, 0.398235, 0.00234616, 4.3, 0.126225, 0, 0, 0.151666, -0.151173, 8.24112e-06, 0.000675827, 4.17966e-05
25021, 0.271856, 0.412989, 0.00257844, 4.31, 0.126225, 0, 0, 0.151666, -0.151289, 8.24112e-06, 0.000516698, 4.17966e-05
25031, 0.286103, 0.42711, 0.00274456, 4.32, 0.126225, 0, 0, 0.151666, -0.151372, 8.24112e-06, 0.000402883, 4.17966e-05
25040, 0.299862, 0.440779, 0.00286338, 4.33, 0.126225, 0, 0, 0.151666, -0.151432, 8.24112e-06, 0.000321493, 4.17966e-05
25051, 0.313272, 0.454124, 0.00294834, 4.34, 0.126225, 0, 0, 0.151666, -0.151474, 8.24112e-06, 0.000263274, 4.17966e-05
25061, 0.336965, 0.208426, 0.00344363, 4.35, 0.129731, 0, 0.347118, 0.152471, -0.151722, 8.24112e-06, 0.00102584, 4.17966e-05
25071, 0.348668, 0.443803, 0.00336337, 4.36, 0.129731, 0, 0, 0.151666, -0.151682, 8.24112e-06, -2.10553e-05, 4.17966e-05
25080, 0.0829136, 0.455787, 0.00330597, 4.37, 0.129731, 0.347118, 0, 0.151666, -0.151653, 8.24112e-06, 1.82688e-05, 4.17966e-05
25091, 0.327313, 0.467926, 0.0032649, 4.38, 0.129731, 0, 0, 0.151666, -0.151632, 8.24112e-06, 4.64022e-05, 4.17966e-05
25101, 0.339542, 0.480177, 0.00323555, 4.39, 0.129731, 0, 0, 0.151666, -0.151618, 8.24112e-06, 6.65188e-05, 4.17966e-05
25111, 0.351858, 0.492509, 0.00321457, 4.4, 0.129731, 0, 0, 0.151666, -0.151607, 8.24112e-06, 8.08984e-05, 4.17966e-05
25121, 0.364235, 0.233164, 0.00319955, 4.41, 0.133237, 0, 0.350624, 0.151666, -0.1516, 8.24112e-06, 9.11802e-05, 4.17966e-05
25131, 0.376657, 0.471466, 0.00318882, 4.42, 0.133237, 0, 0, 0.151666, -0.151594, 8.24112e-06, 9.85414e-05, 4.17966e-05
25141, 0.111416, 0.483925, 0.00318113, 4.43, 0.133237, 0.347118, 0, 0.151666, -0.151591, 8.24112e-06, 0.000103801, 4.17966e-05
25151, 0.356182, 0.496404, 0.00317562, 4.44, 0.133237, 0, 0, 0.151666, -0.151588, 8.24112e-06, 0.000107571, 4.17966e-05
25161, 0.368674, 0.508899, 0.00317168, 4.45, 0.133237, 0, 0, 0.151666, -0.151586, 8.24112e-06, 0.000110269, 4.17966e-05
25170, 0.381177, 0.249671, 0.00316888, 4.46, 0.136743, 0, 0.350624, 0.151666, -0.151584, 8.24112e-06, 0.000112191, 4.17966e-05
25181, 0.393688, 0.488055, 0.00316685, 4.47, 0.136743, 0, 0, 0.151666, -0.151583, 8.24112e-06, 0.000113577, 4.17966e-05
25191, 0.125707, 0.500574, 0.00316542, 4.48, 0.136743, 0.350624, 0, 0.151666, -0.151583, 8.24112e-06, 0.00011456, 4.17966e-05
25201, 0.151656, 0.298799, -0.00596052, 4.49, 0.136743, 0, 0, 0.134778, -0.14702, 8.24112e-06, -0.016773, 4.17966e-05
25210, 0.14008, 0.015113, -0.00546348, 4.5, 0.14025, 0, 0.350624, 0.147779, -0.147268, 8.24112e-06, 0.000699267, 4.17966e-05
25221, 0.137001, 0.237326, -0.0046972, 4.51, 0.14025, 0, 0, 0.148539, -0.147651, 8.24112e-06, 0.00121599, 4.17966e-05
25231, 0.172635, 0.271264, -0.00245932, 4.52, 0.14025, 0, 0, 0.151666, -0.14877, 8.24112e-06, 0.00396796, 4.17966e-05
25241, 0.20169, 0.299107, -0.000858694, 4.53, 0.14025, 0, 0, 0.151666, -0.149571, 8.24112e-06, 0.00287139, 4.17966e-05
25250, 0.185076, 0.554639, -0.00140363, 4.54, 0.136743, 0, -0.350624, 0.148539, -0.149298, 8.24112e-06, -0.00104035, 4.17966e-05
25261, 0.170063, 0.31405, -0.00179341, 4.55, 0.136743, 0, 0, 0.148539, -0.149103, 8.24112e-06, -0.00077334, 4.17966e-05
25271, 0.156197, 0.0313778, -0.00207219, 4.56, 0.14025, 0, 0.347118, 0.148539, -0.148964, 8.24112e-06, -0.000582352, 4.17966e-05
25281, 0.14315, 0.242095, -0.00227156, 4.57, 0.14025, 0, 0, 0.148539, -0.148864, 8.24112e-06, -0.000445753, 4.17966e-05
25291, 0.171653, 0.538443, -0.000724405, 4.58, 0.136743, 0, -0.347118, 0.151666, -0.149638, 8.24112e-06, 0.00277939, 4.17966e-05
25300, 0.206143, 0.348152, 0.000816733, 4.59, 0.136743, 0, 0, 0.152471, -0.150408, 8.24112e-06, 0.00282548, 4.17966e-05
25311, 0.184604, 0.0583707, -0.000205278, 4.6, 0.14025, 0, 0.347118, 0.148539, -0.149897, 8.24112e-06, -0.00186132, 4.17966e-05
25321, -0.0060248, 0.0972871, -0.00803515, 4.61, 0.14025, 0, 0, 0.1354, -0.145982, 8.24112e-06, -0.014499, 4.17966e-05
25331, -0.189861, 0.189934, -0.0143046, 4.62, 0.136743, 0, -0.350624, 0.134162, -0.142848, 8.24112e-06, -0.0119008, 4.17966e-05
25340, -0.176909, -0.0251625, -0.0114316, 4.63, 0.136743, 0, 0, 0.147779, -0.144284, 8.24112e-06, 0.00478788, 4.17966e-05
25351, -0.162445, -0.012566, -0.00896585, 4.64, 0.136743, 0, 0, 0.148539, -0.145517, 8.24112e-06, 0.00414035, 4.17966e-05
25361, -0.155228, -0.00668585, -0.00720227, 4.65, 0.136743, 0, 0, 0.148539, -0.146399, 8.24112e-06, 0.00293215, 4.17966e-05
25371, -0.153196, -0.00560892, -0.00594085, 4.66, 0.136743, 0, 0, 0.148539, -0.14703, 8.24112e-06, 0.002068, 4.17966e-05
25380, 0.125628, -0.00796814, -0.00503865, 4.67, 0.136743, -0.350624, 0, 0.148539, -0.147481, 8.24112e-06, 0.0014499, 4.17966e-05
25391, -0.0723729, 0.298634, -0.00270355, 4.68, 0.133237, 0, -0.350624, 0.151666, -0.148648, 8.24112e-06, 0.00413527, 4.17966e-05
25401, -0.0425995, 0.10127, -0.00103337, 4.69, 0.133237, 0, 0, 0.151666, -0.149483, 8.24112e-06, 0.00299107, 4.17966e-05
25411, -0.0177362, 0.125228, 0.000161201, 4.7, 0.133237, 0, 0, 0.151666, -0.150081, 8.24112e-06, 0.00217268, 4.17966e-05
25420, -0.0373484, 0.106249, -0.000674158, 4.71, 0.133237, 0, 0, 0.148539, -0.149663, 8.24112e-06, -0.00154011, 4.17966e-05
25431, -0.0444356, 0.0992995, -0.00085628, 4.72, 0.133237, 0, 0, 0.149308, -0.149572, 8.24112e-06, -0.000362024, 4.17966e-05
25441, -0.0610567, 0.0830917, -0.0014019, 4.73, 0.133237, 0, 0, 0.148539, -0.149299, 8.24112e-06, -0.00104155, 4.17966e-05
25451, -0.0760742, 0.0683698, -0.00179216, 4.74, 0.133237, 0, 0, 0.148539, -0.149104, 8.24112e-06, -0.00077419, 4.17966e-05
25460, -0.237083, -0.0878298, -0.00814077, 4.75, 0.133237, 0, 0, 0.137306, -0.14593, 8.24112e-06, -0.0118163, 4.17966e-05
25470, -0.232292, -0.0841967, -0.00661212, 4.76, 0.133237, 0, 0, 0.148539, -0.146694, 8.24112e-06, 0.00252786, 4.17966e-05
25481, 0.0456997, -0.0847274, -0.00551876, 4.77, 0.133237, -0.347118, 0, 0.148539, -0.147241, 8.24112e-06, 0.00177883, 4.17966e-05
25491, -0.189507, -0.0882356, -0.00473672, 4.78, 0.133237, 0, 0, 0.148539, -0.147632, 8.24112e-06, 0.00124307, 4.17966e-05
25501, -0.153758, 0.214826, -0.0024876, 4.79, 0.129731, 0, -0.347118, 0.151666, -0.148756, 8.24112e-06, 0.00398731, 4.17966e-05
25510, -0.12462, 0.0191325, -0.00087893, 4.8, 0.129731, 0, 0, 0.151666, -0.149561, 8.24112e-06, 0.00288525, 4.17966e-05
25521, -0.10021, 0.0426705, 0.000271678, 4.81, 0.129731, 0, 0, 0.151666, -0.150136, 8.24112e-06, 0.002097, 4.17966e-05
25531, -0.0791818, 0.0630752, 0.00109467, 4.82, 0.129731, 0, 0, 0.151666, -0.150547, 8.24112e-06, 0.0015332, 4.17966e-05
25541, -0.0605733, 0.0812378, 0.00168329, 4.83, 0.129731, 0, 0, 0.151666, -0.150842, 8.24112e-06, 0.00112994, 4.17966e-05
25550, -0.0846602, 0.0581121, 0.000414491, 4.84, 0.129731, 0, 0, 0.148539, -0.150207, 8.24112e-06, -0.00228593, 4.17966e-05
25561, -0.0949476, 0.0481975, -7.7635e-05, 4.85, 0.129731, 0, 0, 0.149308, -0.149961, 8.24112e-06, -0.00089547, 4.17966e-05
25571, -0.0728931, 0.0695532, 0.000844806, 4.86, 0.129731, 0, 0, 0.151666, -0.150422, 8.24112e-06, 0.00170437, 4.17966e-05
25581, -0.0535503, 0.0883962, 0.00150457, 4.87, 0.129731, 0, 0, 0.151666, -0.150752, 8.24112e-06, 0.00125237, 4.17966e-05
25590, -0.224251, -0.0767833, -0.00578281, 4.88, 0.129731, 0, 0, 0.137306, -0.147109, 8.24112e-06, -0.0134317, 4.17966e-05
25601, -0.226391, -0.079573, -0.00492561, 4.89, 0.129731, 0, 0, 0.148539, -0.147537, 8.24112e-06, 0.00137246, 4.17966e-05
25611, -0.231051, -0.0846972, -0.00431249, 4.9, 0.129731, 0, 0, 0.148539, -0.147844, 8.24112e-06, 0.000952423, 4.17966e-05
25621, -0.196548, -0.0518067, -0.00218415, 4.91, 0.129731, 0, 0, 0.151666, -0.148908, 8.24112e-06, 0.00377944, 4.17966e-05
25631, -0.168301, -0.0247136, -0.00066188, 4.92, 0.129731, 0, 0, 0.151666, -0.149669, 8.24112e-06, 0.00273655, 4.17966e-05
25640, -0.14453, -0.00176676, 0.000426918, 4.93, 0.129731, 0, 0, 0.151666, -0.150213, 8.24112e-06, 0.00199065, 4.17966e-05
25651, -0.123958, 0.0182146, 0.00120568, 4.94, 0.129731, 0, 0, 0.151666, -0.150603, 8.24112e-06, 0.00145714, 4.17966e-05
25661, -0.105676, 0.0360746, 0.00176269, 4.95, 0.129731, 0, 0, 0.151666, -0.150881, 8.24112e-06, 0.00107554, 4.17966e-05
25671, 0.188663, 0.0524176, 0.00216109, 4.96, 0.129731, -0.347118, 0, 0.151666, -0.151081, 8.24112e-06, 0.000802606, 4.17966e-05
25680, -0.0281544, 0.0676758, 0.00244606, 4.97, 0.129731, 0, 0, 0.151666, -0.151223, 8.24112e-06, 0.000607386, 4.17966e-05
25691, -0.00298434, 0.0923623, 0.00308439, 4.98, 0.129731, 0, 0, 0.152471, -0.151542, 8.24112e-06, 0.00127196, 4.17966e-05
25701, -0.031189, 0.334438, 0.00141665, 4.99, 0.126225, 0, -0.347118, 0.148539, -0.150708, 8.24112e-06, -0.00297247, 4.17966e-05
25711, -0.0135272, 0.128109, 0.00191358, 5, 0.126225, 0, 0, 0.151666, -0.150957, 8.24112e-06, 0.000972167, 4.17966e-05
