QGPIORecord, QRC v6.1.0, 22-12-2021 @ 16:31:35, Windows 10 Version 2009, 10.0.22000, x86_64
Time, trajectoryV, P11, P12, P13, P22, P23, P33, x1, x2, x3, y1, y2
11964, 0, 4.51076e-09, 0, 0, 4.57026e-06, 1.09549e-05, 5.81861e-05, 0, 0, 0, 0, 0
11974, 0, 4.51076e-09, 0, 0, 4.57026e-06, 1.09549e-05, 5.81861e-05, 0, 0, 0, 0, 0
11984, 0, 4.51076e-09, 0, 0, 4.57026e-06, 1.09549e-05, 5.81861e-05, 0, 0, 0, 0, 0
11995, 0, 4.51076e-09, 0, 0, 4.57026e-06, 1.09549e-05, 5.81861e-05, 0, 0, 0, 0, 0
12004, 0, 4.51076e-09, 0, 0, 4.57026e-06, 1.09549e-05, 5.81861e-05, 0, 0, 0, 0, 0
12014, 0, 4.51076e-09, 0, 0, 4.57026e-06, 1.09549e-05, 5.81861e-05, 0, 0, 0, 0, 0
12024, 0, 4.51076e-09, 0, 0, 4.57026e-06, 1.09549e-05, 5.81861e-05, 0, 0, 0, 0, 0
12034, 0, 4.51076e-09, 0, 0, 4.57026e-06, 1.09549e-05, 5.81861e-05, 0, 0, 0, 0, 0
12044, 0, 4.51076e-09, 0, 0, 4.57026e-06, 1.09549e-05, 5.81861e-05, 0, 0, 0, 0, 0
12054, 0, 4.51076e-09, 0, 0, 4.57026e-06, 1.09549e-05, 5.81861e-05, 0, 0, 0, 0, 0
12064, 0, 4.51076e-09, 0, 0, 4.57026e-06, 1.09549e-05, 5.81861e-05, 0, 0, 0, 0, 0
12073, 0, 4.51076e-09, 0, 0, 4.57026e-06, 1.09549e-05, 5.81861e-05, 0, 0, 0, 0, 0
12084, 0, 4.51076e-09, 0, 0, 4.57026e-06, 1.09549e-05, 5.81861e-05, 0, 0, 0, 0, 0
12094, 0, 4.51076e-09, 0, 0, 4.57026e-06, 1.09549e-05, 5.81861e-05, 0, 0, 0, 0, 0
12104, 0, 4.51076e-09, 0, 0, 4.57026e-06, 1.09549e-05, 5.81861e-05, 0, 0, 0, 0, 0
12114, 0, 4.51076e-09, 0, 0, 4.57026e-06, 1.09549e-05, 5.81861e-05, 0, 0, 0, 0, 0
12124, 0, 4.51076e-09, 0, 0, 4.57026e-06, 1.09549e-05, 5.81861e-05, 0, 0, 0, 0, 0
12134, 0, 4.51076e-09, 0, 0, 4.57026e-06, 1.09549e-05, 5.81861e-05, 0, 0, 0, 0, 0
12144, 0, 4.51076e-09, 0, 0, 4.57026e-06, 1.09549e-05, 5.81861e-05, 0, 0, 0, 0, 0
12154, 0, 4.51076e-09, 0, 0, 4.57026e-06, 1.09549e-05, 5.81861e-05, 0, 0, 0, 0, 0
12164, 0, 4.51076e-09, 0, 0, 4.57026e-06, 1.09549e-05, 5.81861e-05, 0, 0, 0, 0, 0
12174, 0, 4.51076e-09, 0, 0, 4.57026e-06, 1.09549e-05, 5.81861e-05, 0, 0, 0, 0, 0
12184, 0, 4.51076e-09, 0, 0, 4.57026e-06, 1.09549e-05, 5.81861e-05, 0, 0, 0, 0, 0
12194, 0, 4.51076e-09, 0, 0, 4.57026e-06, 1.09549e-05, 5.81861e-05, 0, 0, 0, 0, 0
12204, 0, 4.51076e-09, 0, 0, 4.57026e-06, 1.09549e-05, 5.81861e-05, 0, 0, 0, 0, 0
12214, 0, 4.51076e-09, 0, 0, 4.57026e-06, 1.09549e-05, 5.81861e-05, 0, 0, 0, 0, 0
12224, 0, 4.51076e-09, 0, 0, 4.57026e-06, 1.09549e-05, 5.81861e-05, 0, 0, 0, 0, 0
12234, 0, 4.51076e-09, 0, 0, 4.57026e-06, 1.09549e-05, 5.81861e-05, 0, 0, 0, 0, 0
12244, 0, 4.51076e-09, 0, 0, 4.57026e-06, 1.09549e-05, 5.81861e-05, 0, 0, 0, 0, 0
12254, 0, 4.51076e-09, 0, 0, 4.57026e-06, 1.09549e-05, 5.81861e-05, 0, 0, 0, 0, 0
12264, 0, 4.51076e-09, 0, 0, 4.57026e-06, 1.09549e-05, 5.81861e-05, 0, 0, 0, 0, 0
12274, 0, 4.51076e-09, 0, 0, 4.57026e-06, 1.09549e-05, 5.81861e-05, 0, 0, 0, 0, 0
12284, 0, 4.51076e-09, 0, 0, 4.57026e-06, 1.09549e-05, 5.81861e-05, 0, 0, 0, 0, 0
12294, 0, 4.51076e-09, 0, 0, 4.57026e-06, 1.09549e-05, 5.81861e-05, 0, 0, 0, 0, 0
12304, 0, 4.51076e-09, 0, 0, 4.57026e-06, 1.09549e-05, 5.81861e-05, 0, 0, 0, 0, 0
12314, 0, 4.51076e-09, 0, 0, 4.57026e-06, 1.09549e-05, 5.81861e-05, 0, 0, 0, 0, 0
12324, 0, 4.51076e-09, 0, 0, 4.57026e-06, 1.09549e-05, 5.81861e-05, 0, 0, 0, 0, 0
12334, 0, 4.51076e-09, 0, 0, 4.57026e-06, 1.09549e-05, 5.81861e-05, 0, 0, 0, 0, 0
12344, 0, 4.51076e-09, 0, 0, 4.57026e-06, 1.09549e-05, 5.81861e-05, 0, 0, 0, 0, 0
12354, 0, 4.51076e-09, 0, 0, 4.57026e-06, 1.09549e-05, 5.81861e-05, 0, 0, 0, 0, 0
12364, 0, 4.51076e-09, 0, 0, 4.57026e-06, 1.09549e-05, 5.81861e-05, 0, 0, 0, 0, 0
12374, 0, 4.51076e-09, 0, 0, 4.57026e-06, 1.09549e-05, 5.81861e-05, 0, 0, 0, 0, 0
12384, 0, 4.51076e-09, 0, 0, 4.57026e-06, 1.09549e-05, 5.81861e-05, 0, 0, 0, 0, 0
12394, 0, 4.51076e-09, 0, 0, 4.57026e-06, 1.09549e-05, 5.81861e-05, 0, 0, 0, 0, 0
12404, 0, 4.51076e-09, 0, 0, 4.57026e-06, 1.09549e-05, 5.81861e-05, 0, 0, 0, 0, 0
12414, 0, 4.51076e-09, 0, 0, 4.57026e-06, 1.09549e-05, 5.81861e-05, 0, 0, 0, 0, 0
12424, 0, 4.51076e-09, 0, 0, 4.57026e-06, 1.09549e-05, 5.81861e-05, 0, 0, 0, 0, 0
12434, 0, 4.51076e-09, 0, 0, 4.57026e-06, 1.09549e-05, 5.81861e-05, 0, 0, 0, 0, 0
12444, 0, 4.51076e-09, 0, 0, 4.57026e-06, 1.09549e-05, 5.81861e-05, 0, 0, 0, 0, 0
12454, 0, 4.51076e-09, 0, 0, 4.57026e-06, 1.09549e-05, 5.81861e-05, 0, 0, 0, 0, 0
12464, 0, 4.51076e-09, 0, 0, 4.57026e-06, 1.09549e-05, 5.81861e-05, 0, 0, 0, 0, 0
12474, 0, 4.51076e-09, 0, 0, 4.57026e-06, 1.09549e-05, 5.81861e-05, 0, 0, 0, 0, 0
12484, 0, 4.51076e-09, 0, 0, 4.57026e-06, 1.09549e-05, 5.81861e-05, 0, 0, 0, 0, 0
12494, 0, 4.51076e-09, 0, 0, 4.57026e-06, 1.09549e-05, 5.81861e-05, 0, 0, 0, 0, 0
12504, 0, 4.51076e-09, 0, 0, 4.57026e-06, 1.09549e-05, 5.81861e-05, 0, 0, 0, 0, 0
12514, 0, 4.51076e-09, 0, 0, 4.57026e-06, 1.09549e-05, 5.81861e-05, 0, 0, 0, 0, 0
12524, 0, 4.51076e-09, 0, 0, 4.57026e-06, 1.09549e-05, 5.81861e-05, 0, 0, 0, 0, 0
12534, 0, 4.51076e-09, 0, 0, 4.57026e-06, 1.09549e-05, 5.81861e-05, 0, 0, 0, 0, 0
12544, 0, 4.51076e-09, 0, 0, 4.57026e-06, 1.09549e-05, 5.81861e-05, 0, 0, 0, 0, 0
12554, 0, 4.51076e-09, 0, 0, 4.57026e-06, 1.09549e-05, 5.81861e-05, 0, 0, 0, 0, 0
12564, 0, 4.51076e-09, 0, 0, 4.57026e-06, 1.09549e-05, 5.81861e-05, 0, 0, 0, 0, 0
12574, 0, 4.51076e-09, 0, 0, 4.57026e-06, 1.09549e-05, 5.81861e-05, 0, 0, 0, 0, 0
12584, 0, 4.51076e-09, 0, 0, 4.57026e-06, 1.09549e-05, 5.81861e-05, 0, 0, 0, 0, 0
12594, 0, 4.51076e-09, 0, 0, 4.57026e-06, 1.09549e-05, 5.81861e-05, 0, 0, 0, 0, 0
12604, 0, 4.51076e-09, 0, 0, 4.57026e-06, 1.09549e-05, 5.81861e-05, 0, 0, 0, 0, 0
12614, 0, 4.51076e-09, 0, 0, 4.57026e-06, 1.09549e-05, 5.81861e-05, 0, 0, 0, 0, 0
12624, 0, 4.51076e-09, 0, 0, 4.57026e-06, 1.09549e-05, 5.81861e-05, 0, 0, 0, 0, 0
12634, 0, 4.51076e-09, 0, 0, 4.57026e-06, 1.09549e-05, 5.81861e-05, 0, 0, 0, 0, 0
12644, 0, 4.51076e-09, 0, 0, 4.57026e-06, 1.09549e-05, 5.81861e-05, 0, 0, 0, 0, 0
12654, 0, 4.51076e-09, 0, 0, 4.57026e-06, 1.09549e-05, 5.81861e-05, 0, 0, 0, 0, 0
12664, 0, 4.51076e-09, 0, 0, 4.57026e-06, 1.09549e-05, 5.81861e-05, 0, 0, 0, 0, 0
12674, 0, 4.51076e-09, 0, 0, 4.57026e-06, 1.09549e-05, 5.81861e-05, 0, 0, 0, 0, 0
12684, 0, 4.51076e-09, 0, 0, 4.57026e-06, 1.09549e-05, 5.81861e-05, 0, 0, 0, 0, 0
12694, 0, 4.51076e-09, 0, 0, 4.57026e-06, 1.09549e-05, 5.81861e-05, 0, 0, 0, 0, 0
12704, 0, 4.51076e-09, 0, 0, 4.57026e-06, 1.09549e-05, 5.81861e-05, 0, 0, 0, 0, 0
12713, 0, 4.51076e-09, 0, 0, 4.57026e-06, 1.09549e-05, 5.81861e-05, 0, 0, 0, 0, 0
12724, 0, 4.51076e-09, 0, 0, 4.57026e-06, 1.09549e-05, 5.81861e-05, 0, 0, 0, 0, 0
12734, 0, 4.51076e-09, 0, 0, 4.57026e-06, 1.09549e-05, 5.81861e-05, 0, 0, 0, 0, 0
12744, 0, 4.51076e-09, 0, 0, 4.57026e-06, 1.09549e-05, 5.81861e-05, 0, 0, 0, 0, 0
12754, 0, 4.51076e-09, 0, 0, 4.57026e-06, 1.09549e-05, 5.81861e-05, 0, 0, 0, 0, 0
12764, 0, 4.51076e-09, 0, 0, 4.57026e-06, 1.09549e-05, 5.81861e-05, 0, 0, 0, 0, 0
12774, 0, 4.51076e-09, 0, 0, 4.57026e-06, 1.09549e-05, 5.81861e-05, 0, 0, 0, 0, 0
12784, 0, 4.51076e-09, 0, 0, 4.57026e-06, 1.09549e-05, 5.81861e-05, 0, 0, 0, 0, 0
12794, 0, 4.51076e-09, 0, 0, 4.57026e-06, 1.09549e-05, 5.81861e-05, 0, 0, 0, 0, 0
12804, 0, 4.51076e-09, 0, 0, 4.57026e-06, 1.09549e-05, 5.81861e-05, 0, 0, 0, 0, 0
12814, 0, 4.51076e-09, 0, 0, 4.57026e-06, 1.09549e-05, 5.81861e-05, 0, 0, 0, 0, 0
12824, 0, 4.51076e-09, 0, 0, 4.57026e-06, 1.09549e-05, 5.81861e-05, 0, 0, 0, 0, 0
12834, 0, 4.51076e-09, 0, 0, 4.57026e-06, 1.09549e-05, 5.81861e-05, 0, 0, 0, 0, 0
12844, 0, 4.51076e-09, 0, 0, 4.57026e-06, 1.09549e-05, 5.81861e-05, 0, 0, 0, 0, 0
12854, 0, 4.51076e-09, 0, 0, 4.57026e-06, 1.09549e-05, 5.81861e-05, 0, 0, 0, 0, 0
12864, 0, 4.51076e-09, 0, 0, 4.57026e-06, 1.09549e-05, 5.81861e-05, 0, 0, 0, 0, 0
12874, 0, 4.51076e-09, 0, 0, 4.57026e-06, 1.09549e-05, 5.81861e-05, 0, 0, 0, 0, 0
12884, 0, 4.51076e-09, 0, 0, 4.57026e-06, 1.09549e-05, 5.81861e-05, 0, 0, 0, 0, 0
12894, 0, 4.51076e-09, 0, 0, 4.57026e-06, 1.09549e-05, 5.81861e-05, 0, 0, 0, 0, 0
12904, 0, 4.51076e-09, 0, 0, 4.57026e-06, 1.09549e-05, 5.81861e-05, 0, 0, 0, 0, 0
12914, 0, 4.51076e-09, 0, 0, 4.57026e-06, 1.09549e-05, 5.81861e-05, 0, 0, 0, 0, 0
12924, 0, 4.51076e-09, 0, 0, 4.57026e-06, 1.09549e-05, 5.81861e-05, 0, 0, 0, 0, 0
12934, 0, 4.51076e-09, 0, 0, 4.57026e-06, 1.09549e-05, 5.81861e-05, 0, 0, 0, 0, 0
12944, 0, 4.51076e-09, 0, 0, 4.57026e-06, 1.09549e-05, 5.81861e-05, 0, 0, 0, 0, 0
12954, 0, 4.51076e-09, 0, 0, 4.57026e-06, 1.09549e-05, 5.81861e-05, 0, 0, 0, 0, 0
12964, 0, 4.51076e-09, 0, 0, 4.57026e-06, 1.09549e-05, 5.81861e-05, 0, 0, 0, 0, 0
12974, 0, 4.51076e-09, 0, 0, 4.57026e-06, 1.09549e-05, 5.81861e-05, 0, 0, 0, 0, 0
12984, 0, 4.51076e-09, 0, 0, 4.57026e-06, 1.09549e-05, 5.81861e-05, 0, 0, 0, 0, 0
12994, 0, 4.51076e-09, 0, 0, 4.57026e-06, 1.09549e-05, 5.81861e-05, 0, 0, 0, 0, 0
13004, 0, 4.51076e-09, 0, 0, 4.57026e-06, 1.09549e-05, 5.81861e-05, 0, 0, 0, 0, 0
13014, 0, 4.51076e-09, 0, 0, 4.57026e-06, 1.09549e-05, 5.81861e-05, 0, 0, 0, 0, 0
13024, 0, 4.51076e-09, 0, 0, 4.57026e-06, 1.09549e-05, 5.81861e-05, 0, 0, 0, 0, 0
13034, 0, 4.51076e-09, 0, 0, 4.57026e-06, 1.09549e-05, 5.81861e-05, 0, 0, 0, 0, 0
13044, 0, 4.51076e-09, 0, 0, 4.57026e-06, 1.09549e-05, 5.81861e-05, 0, 0, 0, 0, 0
13054, 0, 4.51076e-09, 0, 0, 4.57026e-06, 1.09549e-05, 5.81861e-05, 0, 0, 0, 0, 0
13064, 0, 4.51076e-09, 0, 0, 4.57026e-06, 1.09549e-05, 5.81861e-05, 0, 0, 0, 0, 0
13074, 0, 4.51076e-09, 0, 0, 4.57026e-06, 1.09549e-05, 5.81861e-05, 0, 0, 0, 0, 0
13084, 0, 4.51076e-09, 0, 0, 4.57026e-06, 1.09549e-05, 5.81861e-05, 0, 0, 0, 0, 0
13094, 0, 4.51076e-09, 0, 0, 4.57026e-06, 1.09549e-05, 5.81861e-05, 0, 0, 0, 0, 0
13104, 0, 4.51076e-09, 0, 0, 4.57026e-06, 1.09549e-05, 5.81861e-05, 0, 0, 0, 0, 0
13114, 0, 4.51076e-09, 0, 0, 4.57026e-06, 1.09549e-05, 5.81861e-05, 0, 0, 0, 0, 0
13124, 0, 4.51076e-09, 0, 0, 4.57026e-06, 1.09549e-05, 5.81861e-05, 0, 0, 0, 0, 0
13134, 0, 4.51076e-09, 0, 0, 4.57026e-06, 1.09549e-05, 5.81861e-05, 0, 0, 0, 0, 0
13144, 0, 4.51076e-09, 0, 0, 4.57026e-06, 1.09549e-05, 5.81861e-05, 0, 0, 0, 0, 0
13154, 0, 4.51076e-09, 0, 0, 4.57026e-06, 1.09549e-05, 5.81861e-05, 0, 0, 0, 0, 0
13164, 0, 4.51076e-09, 0, 0, 4.57026e-06, 1.09549e-05, 5.81861e-05, 0, 0, 0, 0, 0
13174, 0, 4.51076e-09, 0, 0, 4.57026e-06, 1.09549e-05, 5.81861e-05, 0, 0, 0, 0, 0
13184, 0, 4.51076e-09, 0, 0, 4.57026e-06, 1.09549e-05, 5.81861e-05, 0, 0, 0, 0, 0
13194, 0, 4.51076e-09, 0, 0, 4.57026e-06, 1.09549e-05, 5.81861e-05, 0, 0, 0, 0, 0
13204, 0, 4.51076e-09, 0, 0, 4.57026e-06, 1.09549e-05, 5.81861e-05, 0, 0, 0, 0, 0
13214, 0, 4.51076e-09, 0, 0, 4.57026e-06, 1.09549e-05, 5.81861e-05, 0, 0, 0, 0, 0
13224, 0, 4.51076e-09, 0, 0, 4.57026e-06, 1.09549e-05, 5.81861e-05, 0, 0, 0, 0, 0
13234, 0, 4.51076e-09, 0, 0, 4.57026e-06, 1.09549e-05, 5.81861e-05, 0, 0, 0, 0, 0
13244, 0, 4.51076e-09, 0, 0, 4.57026e-06, 1.09549e-05, 5.81861e-05, 0, 0, 0, 0, 0
13254, 0, 4.51076e-09, 0, 0, 4.57026e-06, 1.09549e-05, 5.81861e-05, 0, 0, 0, 0, 0
13264, 0, 4.51076e-09, 0, 0, 4.57026e-06, 1.09549e-05, 5.81861e-05, 0, 0, 0, 0, 0
13274, 0, 4.51076e-09, 0, 0, 4.57026e-06, 1.09549e-05, 5.81861e-05, 0, 0, 0, 0, 0
13284, 0, 4.51076e-09, 0, 0, 4.57026e-06, 1.09549e-05, 5.81861e-05, 0, 0, 0, 0, 0
13294, 0, 4.51076e-09, 0, 0, 4.57026e-06, 1.09549e-05, 5.81861e-05, 0, 0, 0, 0, 0
13304, 0, 4.51076e-09, 0, 0, 4.57026e-06, 1.09549e-05, 5.81861e-05, 0, 0, 0, 0, 0
13314, 0, 4.51076e-09, 0, 0, 4.57026e-06, 1.09549e-05, 5.81861e-05, 0, 0, 0, 0, 0
13324, 0, 4.51076e-09, 0, 0, 4.57026e-06, 1.09549e-05, 5.81861e-05, 0, 0, 0, 0, 0
13334, 0, 4.51076e-09, 0, 0, 4.57026e-06, 1.09549e-05, 5.81861e-05, 0, 0, 0, 0, 0
13344, 0, 4.51076e-09, 0, 0, 4.57026e-06, 1.09549e-05, 5.81861e-05, 0, 0, 0, 0, 0
13353, 0, 4.51076e-09, 0, 0, 4.57026e-06, 1.09549e-05, 5.81861e-05, 0, 0, 0, 0, 0
13364, 0, 4.51076e-09, 0, 0, 4.57026e-06, 1.09549e-05, 5.81861e-05, 0, 0, 0, 0, 0
13374, 0, 4.51076e-09, 0, 0, 4.57026e-06, 1.09549e-05, 5.81861e-05, 0, 0, 0, 0, 0
13384, 0, 4.51076e-09, 0, 0, 4.57026e-06, 1.09549e-05, 5.81861e-05, 0, 0, 0, 0, 0
13394, 0, 4.51076e-09, 0, 0, 4.57026e-06, 1.09549e-05, 5.81861e-05, 0, 0, 0, 0, 0
13404, 0, 4.51076e-09, 0, 0, 4.57026e-06, 1.09549e-05, 5.81861e-05, 0, 0, 0, 0, 0
13415, 0.0229582, 4.51076e-09, 0, 0, 4.57026e-06, 1.09551e-05, 5.81867e-05, 0.000229582, -0.00182353, 0, 0, 0
13424, 0.0459165, 4.51076e-09, 0, 0, 4.57025e-06, 1.09557e-05, 5.81891e-05, 0.000546858, -0.00476108, 0.00154891, 0, 0
13434, 0.0688747, 4.51076e-09, 0, 0, 4.57022e-06, 1.09569e-05, 5.81945e-05, 0.000969139, -0.00825615, 0.00559259, 0.000115706, 0
13445, 0.091833, 4.51076e-09, 0, 0, 4.57017e-06, 1.0959e-05, 5.82038e-05, 0.00143153, -0.012491, 0.0114498, 0.000231412, -0.00153548
13455, 0.114791, 4.51076e-09, 0, 0, 4.57011e-06, 1.09622e-05, 5.82175e-05, 0.00205226, -0.0170335, 0.019748, 0.00057853, -0.00307096
13465, 0.137749, 4.51076e-09, 0, 0, 4.57003e-06, 1.09665e-05, 5.82365e-05, 0.00287649, -0.022167, 0.0295925, 0.00115706, -0.00614192
13474, 0.160708, 4.51076e-09, 0, 0, 4.56994e-06, 1.0972e-05, 5.82612e-05, 0.00399298, -0.0275383, 0.0414839, 0.00208271, -0.00921288
13485, 0.183666, 4.51076e-09, 0, 0, 4.56976e-06, 1.0979e-05, 5.82933e-05, 0.00536413, -0.0340861, 0.0533094, 0.00323977, -0.0153548
13495, 0.206601, 4.51076e-09, 0, 0, 4.56948e-06, 1.09876e-05, 5.83341e-05, 0.00690382, -0.0413547, 0.0660641, 0.00451253, -0.0214967
13505, 0.229559, 4.51076e-09, 0, 0, 4.56909e-06, 1.09982e-05, 5.83854e-05, 0.00865115, -0.049587, 0.0791968, 0.00601671, -0.0291741
13515, 0.252518, 4.51076e-09, 0, 0, 4.56854e-06, 1.10112e-05, 5.84492e-05, 0.0105493, -0.0589725, 0.0923596, 0.00763659, -0.038387
13524, 0.275476, 4.51076e-09, 0, 0, 4.56789e-06, 1.10268e-05, 5.85268e-05, 0.0127196, -0.069056, 0.106524, 0.0096036, -0.0475999
13535, 0.298434, 4.51076e-09, 0, 0, 4.56712e-06, 1.10453e-05, 5.86195e-05, 0.0151368, -0.0800787, 0.121113, 0.011802, -0.0583483
13545, 0.321392, 4.51076e-09, 0, 0, 4.56631e-06, 1.1067e-05, 5.87279e-05, 0.0177914, -0.0916348, 0.136914, 0.0142318, -0.0690966
13555, 0.344351, 4.51076e-09, 0, 0, 4.56551e-06, 1.10918e-05, 5.88514e-05, 0.0206797, -0.103413, 0.154377, 0.0168931, -0.079845
13564, 0.367309, 4.51076e-09, 0, 0, 4.56479e-06, 1.11195e-05, 5.89889e-05, 0.0238003, -0.115187, 0.173687, 0.0197857, -0.0905933
13575, 0.390267, 4.51076e-09, 0, 0, 4.56406e-06, 1.11502e-05, 5.91411e-05, 0.0270811, -0.1274, 0.19366, 0.0227941, -0.102877
13585, 0.413225, 4.51076e-09, 0, 0, 4.56319e-06, 1.1184e-05, 5.93105e-05, 0.0304946, -0.140415, 0.21348, 0.0259181, -0.116697
13595, 0.436184, 4.51076e-09, 0, 0, 4.56234e-06, 1.12209e-05, 5.94957e-05, 0.0341018, -0.15332, 0.235009, 0.0292736, -0.12898
13605, 0.459142, 4.51076e-09, 0, 0, 4.56158e-06, 1.12607e-05, 5.96951e-05, 0.0380691, -0.166012, 0.258153, 0.0330919, -0.141264
13615, 0.4821, 4.51076e-09, 0, 0, 4.56079e-06, 1.13033e-05, 5.99098e-05, 0.0423169, -0.179028, 0.281532, 0.0371416, -0.155084
13625, 0.505058, 4.51076e-09, 0, 0, 4.5601e-06, 1.13485e-05, 6.01374e-05, 0.0468149, -0.191613, 0.306623, 0.0414227, -0.167367
13635, 0.528017, 4.51076e-09, 0, 0, 4.55938e-06, 1.13961e-05, 6.0379e-05, 0.0514799, -0.204382, 0.331848, 0.0458196, -0.181187
13645, 0.550975, 4.51076e-09, 0, 0, 4.55876e-06, 1.1446e-05, 6.06321e-05, 0.0563518, -0.21664, 0.358578, 0.0504478, -0.193471
13655, 0.57391, 4.51076e-09, 0, 0, 4.55825e-06, 1.14976e-05, 6.08949e-05, 0.0614455, -0.228452, 0.386377, 0.0553075, -0.205754
13665, 0.596868, 4.51076e-09, 0, 0, 4.55779e-06, 1.15508e-05, 6.11665e-05, 0.0668386, -0.239897, 0.414863, 0.0605142, -0.218038
13675, 0.619826, 4.51076e-09, 0, 0, 4.55734e-06, 1.16053e-05, 6.14467e-05, 0.0724892, -0.251051, 0.443714, 0.0659524, -0.230322
13685, 0.642785, 4.51076e-09, 0, 0, 4.55702e-06, 1.16607e-05, 6.17322e-05, 0.0783811, -0.261389, 0.473923, 0.071622, -0.24107
13696, 0.665743, 4.51076e-09, 0, 0, 4.55661e-06, 1.1717e-05, 6.20252e-05, 0.0844367, -0.27171, 0.503527, 0.0774073, -0.253354
13705, 0.688701, 4.51076e-09, 0, 0, 4.5564e-06, 1.17737e-05, 6.23201e-05, 0.0906978, -0.280863, 0.535023, 0.083424, -0.262567
13715, 0.711659, 4.51076e-09, 0, 0, 4.55638e-06, 1.18302e-05, 6.26142e-05, 0.0971805, -0.289154, 0.567395, 0.0896721, -0.27178
13725, 0.734618, 4.51076e-09, 0, 0, 4.55661e-06, 1.18857e-05, 6.29027e-05, 0.103891, -0.296251, 0.601155, 0.0961517, -0.279457
13735, 0.757576, 4.51076e-09, 0, 0, 4.55693e-06, 1.19396e-05, 6.31843e-05, 0.110831, -0.302516, 0.635248, 0.102863, -0.287135
13745, 0.757576, 4.51076e-09, 0, 0, 4.56129e-06, 1.19849e-05, 6.338e-05, 0.117844, -0.305912, 0.670656, 0.109921, -0.293277
13755, 0.757576, 4.51076e-09, 0, 0, 4.56674e-06, 1.20159e-05, 6.34916e-05, 0.125028, -0.306902, 0.706024, 0.11721, -0.297883
13765, 0.757576, 4.51076e-09, 0, 0, 4.57137e-06, 1.20319e-05, 6.35365e-05, 0.132349, -0.306468, 0.739089, 0.124615, -0.30249
13775, 0.757576, 4.51076e-09, 0, 0, 4.57448e-06, 1.20352e-05, 6.35333e-05, 0.139722, -0.30478, 0.769757, 0.132021, -0.305561
13785, 0.757576, 4.51076e-09, 0, 0, 4.57635e-06, 1.20286e-05, 6.34929e-05, 0.146971, -0.301343, 0.799387, 0.139194, -0.305561
13795, 0.757576, 4.51076e-09, 0, 0, 4.5771e-06, 1.20147e-05, 6.34272e-05, 0.154103, -0.296954, 0.826309, 0.146252, -0.305561
13805, 0.757576, 4.51076e-09, 0, 0, 4.57689e-06, 1.19961e-05, 6.33478e-05, 0.161189, -0.292214, 0.849576, 0.15331, -0.305561
13815, 0.757576, 4.51076e-09, 0, 0, 4.57633e-06, 1.19745e-05, 6.32561e-05, 0.168544, -0.286359, 0.871374, 0.160831, -0.30249
13826, 0.757576, 4.51076e-09, 0, 0, 4.57561e-06, 1.19508e-05, 6.31548e-05, 0.176073, -0.279957, 0.890624, 0.168468, -0.299419
13835, 0.757576, 4.51076e-09, 0, 0, 4.57494e-06, 1.19254e-05, 6.30437e-05, 0.183597, -0.272833, 0.908047, 0.175989, -0.294812
13845, 0.757576, 4.51076e-09, 0, 0, 4.57428e-06, 1.18988e-05, 6.2925e-05, 0.190976, -0.265421, 0.922933, 0.183278, -0.290206
13855, 0.757576, 4.51076e-09, 0, 0, 4.57375e-06, 1.18709e-05, 6.2798e-05, 0.198371, -0.257439, 0.936243, 0.190683, -0.284064
13865, 0.757576, 4.51076e-09, 0, 0, 4.57348e-06, 1.18417e-05, 6.266e-05, 0.205701, -0.248643, 0.948685, 0.197973, -0.276386
13875, 0.757576, 4.51076e-09, 0, 0, 4.57334e-06, 1.18108e-05, 6.25117e-05, 0.21322, -0.239426, 0.959478, 0.20561, -0.268709
13885, 0.757576, 4.51076e-09, 0, 0, 4.57337e-06, 1.17781e-05, 6.23519e-05, 0.220812, -0.229487, 0.969461, 0.213246, -0.259496
13895, 0.757576, 4.51076e-09, 0, 0, 4.57343e-06, 1.17436e-05, 6.21821e-05, 0.228431, -0.219177, 0.977947, 0.220883, -0.250283
13905, 0.757576, 4.51076e-09, 0, 0, 4.57381e-06, 1.17068e-05, 6.19971e-05, 0.23599, -0.207562, 0.987068, 0.228404, -0.237999
13915, 0.757576, 4.51076e-09, 0, 0, 4.57417e-06, 1.16677e-05, 6.18003e-05, 0.243597, -0.195709, 0.994365, 0.23604, -0.227251
13925, 0.757576, 4.51076e-09, 0, 0, 4.57473e-06, 1.16259e-05, 6.15884e-05, 0.251294, -0.182654, 1.00207, 0.243792, -0.213432
13935, 0.757576, 4.51076e-09, 0, 0, 4.57537e-06, 1.15813e-05, 6.13616e-05, 0.258953, -0.168838, 1.00908, 0.251429, -0.199612
13945, 0.757576, 4.51076e-09, 0, 0, 4.57592e-06, 1.15341e-05, 6.1123e-05, 0.26667, -0.15461, 1.01466, 0.259181, -0.185793
13956, 0.757576, 4.51076e-09, 0, 0, 4.57668e-06, 1.14841e-05, 6.08687e-05, 0.274409, -0.139041, 1.02086, 0.266934, -0.168903
13965, 0.757576, 4.51076e-09, 0, 0, 4.57777e-06, 1.14307e-05, 6.05947e-05, 0.282084, -0.122003, 1.02768, 0.27457, -0.150477
13975, 0.757576, 4.51076e-09, 0, 0, 4.57876e-06, 1.13739e-05, 6.03061e-05, 0.289807, -0.104616, 1.03253, 0.282323, -0.133587
13985, 0.757576, 4.51076e-09, 0, 0, 4.57984e-06, 1.13137e-05, 6.0001e-05, 0.297477, -0.0859593, 1.0375, 0.289959, -0.113626
13996, 0.757576, 4.51076e-09, 0, 0, 4.58092e-06, 1.12504e-05, 5.96813e-05, 0.305198, -0.0665072, 1.04141, 0.297711, -0.0936643
14005, 0.757576, 4.51076e-09, 0, 0, 4.58207e-06, 1.11839e-05, 5.93471e-05, 0.312866, -0.046037, 1.04471, 0.305348, -0.0721676
14015, 0.757576, 4.51076e-09, 0, 0, 4.58315e-06, 1.11146e-05, 5.90013e-05, 0.320658, -0.0249737, 1.04648, 0.313216, -0.0506709
14025, 0.757576, 4.51076e-09, 0, 0, 4.58426e-06, 1.10428e-05, 5.86444e-05, 0.328354, -0.00304693, 1.04735, 0.320853, -0.0276386
14035, 0.757576, 4.51076e-09, 0, 0, 4.5851e-06, 1.09693e-05, 5.82833e-05, 0.336013, 0.0187621, 1.04538, 0.328489, -0.00614192
14045, 0.757576, 4.51076e-09, 0, 0, 4.5856e-06, 1.08952e-05, 5.79241e-05, 0.343659, 0.0403028, 1.04067, 0.336126, 0.0153548
14055, 0.757576, 4.51076e-09, 0, 0, 4.58583e-06, 1.08217e-05, 5.7571e-05, 0.351227, 0.0614908, 1.03348, 0.343647, 0.0368515
14065, 0.757576, 4.51076e-09, 0, 0, 4.58593e-06, 1.07496e-05, 5.72267e-05, 0.358766, 0.082293, 1.02413, 0.351168, 0.0583483
14075, 0.734618, 4.51076e-09, 0, 0, 4.58494e-06, 1.0677e-05, 5.68951e-05, 0.366064, 0.10453, 1.01288, 0.358689, 0.079845
14086, 0.711659, 4.51076e-09, 0, 0, 4.58318e-06, 1.06071e-05, 5.65855e-05, 0.373342, 0.126922, 0.997443, 0.366325, 0.0998062
14095, 0.688701, 4.51076e-09, 0, 0, 4.58095e-06, 1.05421e-05, 5.63044e-05, 0.380612, 0.149095, 0.977733, 0.373962, 0.119767
14105, 0.665743, 4.51076e-09, 0, 0, 4.57835e-06, 1.0484e-05, 5.60583e-05, 0.387736, 0.170214, 0.952911, 0.381367, 0.138193
14115, 0.642785, 4.51076e-09, 0, 0, 4.57564e-06, 1.04341e-05, 5.58494e-05, 0.394518, 0.190288, 0.923936, 0.388309, 0.156619
14126, 0.619826, 4.51076e-09, 0, 0, 4.57292e-06, 1.0393e-05, 5.56797e-05, 0.401098, 0.208799, 0.890661, 0.395136, 0.173509
14135, 0.596868, 4.51076e-09, 0, 0, 4.57044e-06, 1.03609e-05, 5.55474e-05, 0.40753, 0.226003, 0.854439, 0.401847, 0.1904
14145, 0.57391, 4.51076e-09, 0, 0, 4.56837e-06, 1.03373e-05, 5.54483e-05, 0.413904, 0.242165, 0.816387, 0.408558, 0.20729
14155, 0.550975, 4.51076e-09, 0, 0, 4.56699e-06, 1.03211e-05, 5.53749e-05, 0.419971, 0.258126, 0.778454, 0.414806, 0.225716
14166, 0.528017, 4.51076e-09, 0, 0, 4.56626e-06, 1.03109e-05, 5.53217e-05, 0.425849, 0.27397, 0.740817, 0.420938, 0.244141
14175, 0.505058, 4.51076e-09, 0, 0, 4.56587e-06, 1.03056e-05, 5.52871e-05, 0.431512, 0.289162, 0.702518, 0.426839, 0.261032
14185, 0.4821, 4.51076e-09, 0, 0, 4.56567e-06, 1.03047e-05, 5.52702e-05, 0.436878, 0.30389, 0.664105, 0.432393, 0.277922
14195, 0.459142, 4.51076e-09, 0, 0, 4.56571e-06, 1.03075e-05, 5.52679e-05, 0.441987, 0.318909, 0.627038, 0.437716, 0.296348
14205, 0.436184, 4.51076e-09, 0, 0, 4.56579e-06, 1.03136e-05, 5.52804e-05, 0.446927, 0.33361, 0.59002, 0.442923, 0.313238
14215, 0.413225, 4.51076e-09, 0, 0, 4.56586e-06, 1.03229e-05, 5.53078e-05, 0.451659, 0.348109, 0.553324, 0.447898, 0.330128
14225, 0.390267, 4.51076e-09, 0, 0, 4.56578e-06, 1.03355e-05, 5.53516e-05, 0.456098, 0.361899, 0.516055, 0.452526, 0.345483
14235, 0.367309, 4.51076e-09, 0, 0, 4.56539e-06, 1.03516e-05, 5.54154e-05, 0.460281, 0.373997, 0.476649, 0.456923, 0.357767
14245, 0.344351, 4.51076e-09, 0, 0, 4.56489e-06, 1.03716e-05, 5.5498e-05, 0.464223, 0.385459, 0.437558, 0.461088, 0.371586
14255, 0.321392, 4.51076e-09, 0, 0, 4.56428e-06, 1.03953e-05, 5.55999e-05, 0.467931, 0.395344, 0.397134, 0.465022, 0.382335
14265, 0.298434, 4.51076e-09, 0, 0, 4.56365e-06, 1.04228e-05, 5.57198e-05, 0.471478, 0.404134, 0.356645, 0.468841, 0.393083
14275, 0.275476, 4.51076e-09, 0, 0, 4.56299e-06, 1.04537e-05, 5.58571e-05, 0.474891, 0.411033, 0.314789, 0.472543, 0.40076
14285, 0.252518, 4.51076e-09, 0, 0, 4.56237e-06, 1.04877e-05, 5.60097e-05, 0.478039, 0.416641, 0.273078, 0.475899, 0.408438
14295, 0.229559, 4.51076e-09, 0, 0, 4.56184e-06, 1.05244e-05, 5.61756e-05, 0.480871, 0.420857, 0.231437, 0.478907, 0.41458
14305, 0.206601, 4.51076e-09, 0, 0, 4.56132e-06, 1.05634e-05, 5.63533e-05, 0.48344, 0.423016, 0.188769, 0.481684, 0.417651
14315, 0.183666, 4.51076e-09, 0, 0, 4.56087e-06, 1.06041e-05, 5.65406e-05, 0.485764, 0.423816, 0.146713, 0.48423, 0.420722
14325, 0.160708, 4.51076e-09, 0, 0, 4.56046e-06, 1.06461e-05, 5.67356e-05, 0.487925, 0.422632, 0.104124, 0.486659, 0.420722
14334, 0.137749, 4.51076e-09, 0, 0, 4.56011e-06, 1.06889e-05, 5.69358e-05, 0.48995, 0.420182, 0.0625906, 0.488973, 0.420722
14345, 0.114791, 4.51076e-09, 0, 0, 4.55984e-06, 1.0732e-05, 5.71391e-05, 0.49171, 0.416442, 0.0220001, 0.49094, 0.419186
14355, 0.091833, 4.51076e-09, 0, 0, 4.55963e-06, 1.0775e-05, 5.73434e-05, 0.493154, 0.411392, -0.0177402, 0.49256, 0.416115
14365, 0.0688747, 4.51076e-09, 0, 0, 4.55945e-06, 1.08174e-05, 5.75469e-05, 0.494405, 0.404418, -0.0578422, 0.494065, 0.409973
14374, 0.0459165, 4.51076e-09, 0, 0, 4.5593e-06, 1.08588e-05, 5.77475e-05, 0.495441, 0.396243, -0.0967355, 0.495337, 0.403831
14385, 0.0229582, 4.51076e-09, 0, 0, 4.55921e-06, 1.0899e-05, 5.79433e-05, 0.49625, 0.386843, -0.134581, 0.496379, 0.396154
14395, 0, 4.51076e-09, 0, 0, 4.55917e-06, 1.09374e-05, 5.81324e-05, 0.49683, 0.376191, -0.171517, 0.497189, 0.386941
14404, 0, 4.51076e-09, 0, 0, 4.56408e-06, 1.09721e-05, 5.82515e-05, 0.497338, 0.363165, -0.2064, 0.497651, 0.377728
14414, -0.0229582, 4.51076e-09, 0, 0, 4.56528e-06, 1.09978e-05, 5.83685e-05, 0.497588, 0.349958, -0.238486, 0.498114, 0.36698
14425, -0.0459165, 4.51076e-09, 0, 0, 4.56452e-06, 1.10201e-05, 5.84908e-05, 0.497597, 0.336283, -0.268776, 0.498346, 0.354696
14435, -0.0688747, 4.51076e-09, 0, 0, 4.56308e-06, 1.10416e-05, 5.8618e-05, 0.497442, 0.322481, -0.296862, 0.498461, 0.342412
14445, -0.091833, 4.51076e-09, 0, 0, 4.56172e-06, 1.10631e-05, 5.87451e-05, 0.497082, 0.307598, -0.324954, 0.498346, 0.327057
14454, -0.114791, 4.51076e-09, 0, 0, 4.56081e-06, 1.10842e-05, 5.88664e-05, 0.496572, 0.292071, -0.35212, 0.498114, 0.311703
14465, -0.137749, 4.51076e-09, 0, 0, 4.56048e-06, 1.11039e-05, 5.89755e-05, 0.495862, 0.275049, -0.380139, 0.497651, 0.293277
14475, -0.160708, 4.51076e-09, 0, 0, 4.56067e-06, 1.11211e-05, 5.90677e-05, 0.494932, 0.257063, -0.407715, 0.496957, 0.274851
14485, -0.183666, 4.51076e-09, 0, 0, 4.56123e-06, 1.11352e-05, 5.91407e-05, 0.493775, 0.23854, -0.433999, 0.496032, 0.256425
14495, -0.206601, 4.51076e-09, 0, 0, 4.56203e-06, 1.11456e-05, 5.91934e-05, 0.492388, 0.219804, -0.458498, 0.494874, 0.237999
14504, -0.229559, 4.51076e-09, 0, 0, 4.56293e-06, 1.11523e-05, 5.92263e-05, 0.490771, 0.201091, -0.480997, 0.493486, 0.219574
14515, -0.252518, 4.51076e-09, 0, 0, 4.56388e-06, 1.11552e-05, 5.92401e-05, 0.488994, 0.182562, -0.501483, 0.491982, 0.201148
14525, -0.275476, 4.51076e-09, 0, 0, 4.56476e-06, 1.11549e-05, 5.92376e-05, 0.486942, 0.164906, -0.518906, 0.490131, 0.184258
14535, -0.298434, 4.51076e-09, 0, 0, 4.56567e-06, 1.11515e-05, 5.92192e-05, 0.484569, 0.147432, -0.535173, 0.487932, 0.165832
14544, -0.321392, 4.51076e-09, 0, 0, 4.56655e-06, 1.11454e-05, 5.9187e-05, 0.482004, 0.130762, -0.549241, 0.485618, 0.148942
14555, -0.344351, 4.51076e-09, 0, 0, 4.56734e-06, 1.11371e-05, 5.91441e-05, 0.479292, 0.115353, -0.560608, 0.483188, 0.133587
14565, -0.367309, 4.51076e-09, 0, 0, 4.56807e-06, 1.11272e-05, 5.90925e-05, 0.476311, 0.100925, -0.570352, 0.480411, 0.118232
14575, -0.390267, 4.51076e-09, 0, 0, 4.56872e-06, 1.11162e-05, 5.90351e-05, 0.473083, 0.0878201, -0.578138, 0.477403, 0.104413
14585, -0.413225, 4.51076e-09, 0, 0, 4.56936e-06, 1.11044e-05, 5.89729e-05, 0.469618, 0.0756736, -0.585103, 0.474163, 0.0905933
14595, -0.436184, 4.51076e-09, 0, 0, 4.56984e-06, 1.10925e-05, 5.89105e-05, 0.46592, 0.0653688, -0.589732, 0.470692, 0.079845
14605, -0.459142, 4.51076e-09, 0, 0, 4.57023e-06, 1.10811e-05, 5.88499e-05, 0.461989, 0.0563687, -0.593614, 0.466989, 0.0690966
14615, -0.4821, 4.51076e-09, 0, 0, 4.57054e-06, 1.10705e-05, 5.87932e-05, 0.457827, 0.0488182, -0.596709, 0.463055, 0.0598837
14625, -0.505058, 4.51076e-09, 0, 0, 4.57059e-06, 1.10617e-05, 5.87459e-05, 0.453433, 0.0434065, -0.597935, 0.45889, 0.0537418
14635, -0.528017, 4.51076e-09, 0, 0, 4.57051e-06, 1.1055e-05, 5.87096e-05, 0.448808, 0.0394452, -0.599135, 0.454493, 0.0475999
14645, -0.550975, 4.51076e-09, 0, 0, 4.57035e-06, 1.10511e-05, 5.8686e-05, 0.443951, 0.0369665, -0.600393, 0.449865, 0.0429934
14655, -0.57391, 4.51076e-09, 0, 0, 4.57011e-06, 1.10502e-05, 5.86768e-05, 0.438792, 0.0359819, -0.601819, 0.444889, 0.0399225
14665, -0.596868, 4.51076e-09, 0, 0, 4.56977e-06, 1.10526e-05, 5.86839e-05, 0.433374, 0.0364937, -0.603531, 0.439683, 0.038387
14675, -0.619826, 4.51076e-09, 0, 0, 4.56949e-06, 1.10584e-05, 5.87061e-05, 0.427785, 0.0378944, -0.60681, 0.43436, 0.0368515
14685, -0.642785, 4.51076e-09, 0, 0, 4.56906e-06, 1.10679e-05, 5.87469e-05, 0.421988, 0.0409068, -0.610083, 0.428806, 0.038387
14695, -0.665743, 4.51076e-09, 0, 0, 4.56839e-06, 1.10815e-05, 5.88098e-05, 0.416041, 0.0454979, -0.613555, 0.423137, 0.041458
14705, -0.688701, 4.51076e-09, 0, 0, 4.56767e-06, 1.10995e-05, 5.88943e-05, 0.409821, 0.0510332, -0.618572, 0.41712, 0.0445289
14715, -0.711659, 4.51076e-09, 0, 0, 4.5667e-06, 1.11223e-05, 5.90047e-05, 0.403354, 0.0582124, -0.623588, 0.410872, 0.0506709
14725, -0.734618, 4.51076e-09, 0, 0, 4.56565e-06, 1.11502e-05, 5.91409e-05, 0.396721, 0.0663883, -0.629998, 0.404508, 0.0568128
14735, -0.757576, 4.51076e-09, 0, 0, 4.56452e-06, 1.11833e-05, 5.93039e-05, 0.38981, 0.0756512, -0.637467, 0.397797, 0.0644902
14745, -0.757576, 4.51076e-09, 0, 0, 4.56427e-06, 1.12154e-05, 5.94582e-05, 0.382809, 0.084262, -0.645853, 0.390739, 0.0737031
14755, -0.757576, 4.51076e-09, 0, 0, 4.56416e-06, 1.1246e-05, 5.96073e-05, 0.375629, 0.092996, -0.65341, 0.38345, 0.0844514
14766, -0.757576, 4.51076e-09, 0, 0, 4.56366e-06, 1.12758e-05, 5.97593e-05, 0.36831, 0.102463, -0.659043, 0.376044, 0.0967353
14775, -0.757576, 4.51076e-09, 0, 0, 4.56276e-06, 1.1306e-05, 5.99191e-05, 0.361009, 0.112521, -0.66337, 0.368755, 0.109019
14785, -0.757576, 4.51076e-09, 0, 0, 4.5614e-06, 1.13379e-05, 6.00933e-05, 0.353715, 0.123632, -0.665688, 0.361465, 0.122838
14795, -0.757576, 4.51076e-09, 0, 0, 4.56005e-06, 1.13722e-05, 6.02797e-05, 0.346353, 0.134934, -0.668101, 0.35406, 0.135122
14806, -0.757576, 4.51076e-09, 0, 0, 4.55895e-06, 1.14086e-05, 6.04751e-05, 0.338749, 0.146337, -0.670772, 0.346308, 0.147406
14815, -0.757576, 4.51076e-09, 0, 0, 4.55862e-06, 1.14459e-05, 6.06678e-05, 0.331054, 0.156581, -0.676228, 0.338556, 0.156619
14825, -0.757576, 4.51076e-09, 0, 0, 4.55898e-06, 1.14824e-05, 6.08505e-05, 0.323323, 0.165898, -0.683481, 0.330803, 0.165832
14835, -0.757576, 4.51076e-09, 0, 0, 4.55995e-06, 1.15167e-05, 6.1016e-05, 0.315579, 0.173913, -0.692964, 0.323051, 0.173509
14845, -0.757576, 4.51076e-09, 0, 0, 4.56118e-06, 1.15474e-05, 6.11623e-05, 0.307973, 0.180962, -0.703551, 0.31553, 0.181187
14855, -0.757576, 4.51076e-09, 0, 0, 4.56278e-06, 1.15737e-05, 6.12831e-05, 0.30042, 0.186147, -0.716871, 0.308009, 0.185793
14865, -0.757576, 4.51076e-09, 0, 0, 4.56446e-06, 1.15947e-05, 6.13775e-05, 0.292815, 0.189994, -0.731292, 0.300373, 0.1904
14875, -0.757576, 4.51076e-09, 0, 0, 4.56633e-06, 1.16098e-05, 6.14409e-05, 0.28519, 0.191753, -0.748107, 0.292736, 0.191935
14885, -0.757576, 4.51076e-09, 0, 0, 4.56855e-06, 1.16179e-05, 6.14662e-05, 0.277415, 0.190876, -0.767947, 0.284868, 0.1904
14895, -0.757576, 4.51076e-09, 0, 0, 4.57074e-06, 1.16184e-05, 6.14542e-05, 0.269726, 0.188177, -0.78846, 0.277232, 0.188864
14905, -0.757576, 4.51076e-09, 0, 0, 4.57272e-06, 1.16113e-05, 6.14072e-05, 0.262141, 0.183734, -0.809234, 0.269711, 0.185793
14915, -0.757576, 4.51076e-09, 0, 0, 4.5742e-06, 1.15975e-05, 6.13321e-05, 0.254595, 0.178224, -0.82868, 0.26219, 0.182722
14925, -0.757576, 4.51076e-09, 0, 0, 4.57542e-06, 1.15777e-05, 6.12297e-05, 0.247065, 0.170983, -0.84828, 0.254669, 0.17658
14936, -0.757576, 4.51076e-09, 0, 0, 4.57653e-06, 1.15521e-05, 6.11001e-05, 0.239541, 0.162091, -0.867682, 0.247148, 0.168903
14945, -0.757576, 4.51076e-09, 0, 0, 4.5776e-06, 1.15211e-05, 6.0944e-05, 0.231947, 0.151621, -0.886599, 0.239511, 0.15969
14955, -0.757576, 4.51076e-09, 0, 0, 4.57841e-06, 1.14851e-05, 6.07659e-05, 0.224398, 0.140237, -0.903579, 0.23199, 0.150477
14965, -0.757576, 4.51076e-09, 0, 0, 4.57881e-06, 1.14452e-05, 6.05731e-05, 0.216795, 0.12845, -0.917767, 0.224354, 0.141264
14976, -0.757576, 4.51076e-09, 0, 0, 4.57893e-06, 1.14026e-05, 6.0369e-05, 0.209243, 0.116036, -0.929986, 0.216833, 0.130516
14985, -0.757576, 4.51076e-09, 0, 0, 4.5788e-06, 1.1358e-05, 6.01581e-05, 0.20171, 0.103391, -0.93965, 0.209312, 0.119767
14995, -0.757576, 4.51076e-09, 0, 0, 4.57886e-06, 1.13118e-05, 5.99367e-05, 0.194113, 0.0896044, -0.948933, 0.201676, 0.105948
15005, -0.757576, 4.51076e-09, 0, 0, 4.57911e-06, 1.12637e-05, 5.97046e-05, 0.186491, 0.0751476, -0.956797, 0.194039, 0.0921288
15015, -0.757576, 4.51076e-09, 0, 0, 4.57939e-06, 1.12141e-05, 5.94642e-05, 0.178861, 0.0603863, -0.962629, 0.186402, 0.0783095
15025, -0.757576, 4.51076e-09, 0, 0, 4.57956e-06, 1.11632e-05, 5.92191e-05, 0.171298, 0.0455892, -0.966146, 0.178881, 0.0644902
15035, -0.757576, 4.51076e-09, 0, 0, 4.57978e-06, 1.11115e-05, 5.89693e-05, 0.163761, 0.0303425, -0.968482, 0.171361, 0.0491354
15045, -0.757576, 4.51076e-09, 0, 0, 4.57981e-06, 1.10596e-05, 5.872e-05, 0.156234, 0.0155015, -0.968067, 0.16384, 0.0353161
15055, -0.757576, 4.51076e-09, 0, 0, 4.57985e-06, 1.10078e-05, 5.84714e-05, 0.148639, 0.000513658, -0.966417, 0.156203, 0.0199612
15066, -0.757576, 4.51076e-09, 0, 0, 4.57995e-06, 1.09564e-05, 5.82239e-05, 0.141018, -0.0144789, -0.963402, 0.148566, 0.00460644
15075, -0.734618, 4.51076e-09, 0, 0, 4.57972e-06, 1.09024e-05, 5.7971e-05, 0.133618, -0.0306044, -0.95786, 0.14093, -0.00921288
15085, -0.711659, 4.51076e-09, 0, 0, 4.5792e-06, 1.08475e-05, 5.77179e-05, 0.126301, -0.0478333, -0.949957, 0.133293, -0.0245677
15095, -0.688701, 4.51076e-09, 0, 0, 4.57815e-06, 1.07933e-05, 5.74752e-05, 0.119159, -0.0649658, -0.937622, 0.125888, -0.038387
15106, -0.665743, 4.51076e-09, 0, 0, 4.57676e-06, 1.07418e-05, 5.72478e-05, 0.112155, -0.0822994, -0.922098, 0.118599, -0.0537418
15115, -0.642785, 4.51076e-09, 0, 0, 4.57499e-06, 1.06943e-05, 5.70427e-05, 0.105276, -0.0989171, -0.902121, 0.111425, -0.0675611
15125, -0.619826, 4.51076e-09, 0, 0, 4.57319e-06, 1.06519e-05, 5.68606e-05, 0.0986588, -0.11535, -0.879454, 0.104598, -0.0829159
15135, -0.596868, 4.51076e-09, 0, 0, 4.57151e-06, 1.06148e-05, 5.67013e-05, 0.0922133, -0.131462, -0.854281, 0.0978873, -0.0982707
15145, -0.57391, 4.51076e-09, 0, 0, 4.57004e-06, 1.05832e-05, 5.6564e-05, 0.0860478, -0.147185, -0.8269, 0.0915234, -0.113626
15155, -0.550975, 4.51076e-09, 0, 0, 4.56896e-06, 1.05566e-05, 5.64449e-05, 0.0800606, -0.163089, -0.798763, 0.0852753, -0.130516
15165, -0.528017, 4.51076e-09, 0, 0, 4.56823e-06, 1.05344e-05, 5.63419e-05, 0.0742133, -0.179051, -0.769738, 0.0791429, -0.147406
15175, -0.505058, 4.51076e-09, 0, 0, 4.56788e-06, 1.0516e-05, 5.62516e-05, 0.0686338, -0.195574, -0.740894, 0.0733576, -0.165832
15185, -0.4821, 4.51076e-09, 0, 0, 4.56763e-06, 1.05009e-05, 5.61754e-05, 0.0632998, -0.211862, -0.710688, 0.0678037, -0.182722
15195, -0.459142, 4.51076e-09, 0, 0, 4.56722e-06, 1.04895e-05, 5.61168e-05, 0.0582025, -0.227297, -0.678253, 0.0624812, -0.198077
15205, -0.436184, 4.51076e-09, 0, 0, 4.56676e-06, 1.04819e-05, 5.60758e-05, 0.0533386, -0.242621, -0.645412, 0.0573902, -0.214967
15215, -0.413225, 4.51076e-09, 0, 0, 4.56633e-06, 1.04781e-05, 5.60518e-05, 0.0486354, -0.257839, -0.612274, 0.0524148, -0.231858
15225, -0.390267, 4.51076e-09, 0, 0, 4.56594e-06, 1.0478e-05, 5.60441e-05, 0.0441366, -0.272963, -0.578946, 0.0476709, -0.248748
15235, -0.367309, 4.51076e-09, 0, 0, 4.56551e-06, 1.04817e-05, 5.6054e-05, 0.0398589, -0.287409, -0.544432, 0.0431583, -0.264103
15245, -0.344351, 4.51076e-09, 0, 0, 4.56495e-06, 1.04892e-05, 5.60829e-05, 0.0358802, -0.300735, -0.508215, 0.0389929, -0.277922
15255, -0.321392, 4.51076e-09, 0, 0, 4.56433e-06, 1.05008e-05, 5.61308e-05, 0.0322302, -0.313224, -0.471227, 0.0351746, -0.291741
15265, -0.298434, 4.51076e-09, 0, 0, 4.56375e-06, 1.05161e-05, 5.61963e-05, 0.0287773, -0.325124, -0.434161, 0.031472, -0.305561
15275, -0.275476, 4.51076e-09, 0, 0, 4.56313e-06, 1.05352e-05, 5.62798e-05, 0.0254712, -0.335449, -0.395308, 0.0278851, -0.316309
15285, -0.252518, 4.51076e-09, 0, 0, 4.56252e-06, 1.05579e-05, 5.63802e-05, 0.0222926, -0.344648, -0.355958, 0.024414, -0.327057
15295, -0.229559, 4.51076e-09, 0, 0, 4.56201e-06, 1.05837e-05, 5.64954e-05, 0.0193773, -0.353102, -0.317026, 0.0212899, -0.337806
15305, -0.206601, 4.51076e-09, 0, 0, 4.56153e-06, 1.06124e-05, 5.66247e-05, 0.0167771, -0.359926, -0.276901, 0.018513, -0.345483
15314, -0.183666, 4.51076e-09, 0, 0, 4.5611e-06, 1.06436e-05, 5.67662e-05, 0.01444, -0.365638, -0.236905, 0.0159674, -0.353161
15325, -0.160708, 4.51076e-09, 0, 0, 4.56069e-06, 1.06769e-05, 5.69189e-05, 0.0122752, -0.369477, -0.195704, 0.0135376, -0.357767
15335, -0.137749, 4.51076e-09, 0, 0, 4.56033e-06, 1.0712e-05, 5.70809e-05, 0.0103192, -0.37206, -0.15482, 0.0113392, -0.362373
15345, -0.114791, 4.51076e-09, 0, 0, 4.56003e-06, 1.07484e-05, 5.72502e-05, 0.0085145, -0.373294, -0.114142, 0.00925648, -0.365444
15354, -0.091833, 4.51076e-09, 0, 0, 4.55978e-06, 1.07857e-05, 5.74249e-05, 0.0070536, -0.373116, -0.0736347, 0.00763659, -0.36698
15365, -0.0688747, 4.51076e-09, 0, 0, 4.55959e-06, 1.08235e-05, 5.76031e-05, 0.00586704, -0.371488, -0.0333121, 0.00624812, -0.36698
15375, -0.0459165, 4.51076e-09, 0, 0, 4.55946e-06, 1.08614e-05, 5.77829e-05, 0.00492829, -0.368985, 0.00563901, 0.00509106, -0.36698
15385, -0.0229582, 4.51076e-09, 0, 0, 4.55938e-06, 1.08989e-05, 5.79624e-05, 0.00415572, -0.364865, 0.0447948, 0.00404971, -0.363909
15394, 0, 4.51076e-09, 0, 0, 4.55934e-06, 1.09357e-05, 5.814e-05, 0.00358963, -0.359744, 0.0828204, 0.00323977, -0.360838
15405, 0, 4.51076e-09, 0, 0, 4.56403e-06, 1.09693e-05, 5.82527e-05, 0.00294434, -0.351204, 0.121154, 0.00254553, -0.354696
15415, 0, 4.51076e-09, 0, 0, 4.56975e-06, 1.0993e-05, 5.83084e-05, 0.00248333, -0.340551, 0.156904, 0.00219841, -0.348554
15424, 0, 4.51076e-09, 0, 0, 4.57454e-06, 1.10063e-05, 5.83235e-05, 0.00216422, -0.328813, 0.188263, 0.001967, -0.342412
15434, 0, 4.51076e-09, 0, 0, 4.57771e-06, 1.1011e-05, 5.83147e-05, 0.00197082, -0.316166, 0.215461, 0.0018513, -0.334735
15444, 0, 4.51076e-09, 0, 0, 4.5793e-06, 1.10099e-05, 5.82951e-05, 0.00168242, -0.302699, 0.238884, 0.00150418, -0.325522
15455, 0, 4.51076e-09, 0, 0, 4.57965e-06, 1.10055e-05, 5.82731e-05, 0.00135773, -0.288431, 0.258996, 0.00115706, -0.314773
15464, 0, 4.51076e-09, 0, 0, 4.57922e-06, 1.09998e-05, 5.82534e-05, 0.00101918, -0.273938, 0.275115, 0.000809942, -0.304025
15474, 0, 4.51076e-09, 0, 0, 4.57838e-06, 1.0994e-05, 5.82378e-05, 0.000746843, -0.259623, 0.287047, 0.00057853, -0.293277
15484, 0, 4.51076e-09, 0, 0, 4.57741e-06, 1.09888e-05, 5.82264e-05, 0.000499799, -0.24515, 0.2961, 0.000347118, -0.280993
15495, 0, 4.51076e-09, 0, 0, 4.57647e-06, 1.09842e-05, 5.82181e-05, 0.000333927, -0.230212, 0.303296, 0.000231412, -0.267174
15505, 0, 4.51076e-09, 0, 0, 4.57562e-06, 1.09802e-05, 5.82119e-05, 0.000199059, -0.215136, 0.308231, 0.000115706, -0.253354
15514, 0, 4.51076e-09, 0, 0, 4.57488e-06, 1.09769e-05, 5.82072e-05, 7.60337e-05, -0.200156, 0.310785, 0, -0.239535
15524, 0, 4.51076e-09, 0, 0, 4.57425e-06, 1.09738e-05, 5.82031e-05, 2.90423e-05, -0.184228, 0.313348, 0, -0.222645
15535, 0, 4.51076e-09, 0, 0, 4.57369e-06, 1.0971e-05, 5.8199e-05, 1.10932e-05, -0.167123, 0.316264, 0, -0.204219
15544, 0, 4.51076e-09, 0, 0, 4.57318e-06, 1.09683e-05, 5.81949e-05, 4.23722e-06, -0.149272, 0.318528, 0, -0.185793
15554, 0, 4.51076e-09, 0, 0, 4.57271e-06, 1.09656e-05, 5.81908e-05, 1.61847e-06, -0.12982, 0.32181, 0, -0.164296
15564, 0, 4.51076e-09, 0, 0, 4.57224e-06, 1.09631e-05, 5.81868e-05, 6.18202e-07, -0.109312, 0.324746, 0, -0.1428
15575, 0, 4.51076e-09, 0, 0, 4.5718e-06, 1.09607e-05, 5.81832e-05, 2.36132e-07, -0.0875874, 0.327584, 0, -0.119767
15585, 0, 4.51076e-09, 0, 0, 4.57138e-06, 1.09585e-05, 5.81803e-05, 9.01944e-08, -0.0651281, 0.329288, 0, -0.0967353
15594, 0, 4.51076e-09, 0, 0, 4.57099e-06, 1.09566e-05, 5.81781e-05, 3.44512e-08, -0.0417128, 0.330381, 0, -0.0721676
15604, 0, 4.51076e-09, 0, 0, 4.57065e-06, 1.09552e-05, 5.81771e-05, 1.31592e-08, -0.0177621, 0.330048, 0, -0.0475999
15614, 0, 4.51076e-09, 0, 0, 4.57038e-06, 1.09542e-05, 5.81771e-05, 5.02637e-09, 0.00640242, 0.32783, 0, -0.0230322
15625, 0, 4.51076e-09, 0, 0, 4.57018e-06, 1.09538e-05, 5.81784e-05, 1.9199e-09, 0.0305477, 0.323546, 0, 0.00153548
15634, 0, 4.51076e-09, 0, 0, 4.57007e-06, 1.09539e-05, 5.81809e-05, 7.33337e-10, 0.0545171, 0.31721, 0, 0.0261032
15644, 0, 4.51076e-09, 0, 0, 4.57006e-06, 1.09545e-05, 5.81845e-05, 2.8011e-10, 0.078216, 0.308974, 0, 0.0506709
15654, 0, 4.51076e-09, 0, 0, 4.57014e-06, 1.09557e-05, 5.81891e-05, 1.06992e-10, 0.101001, 0.297918, 0, 0.0737031
15665, 0, 4.51076e-09, 0, 0, 4.57032e-06, 1.09574e-05, 5.81944e-05, 4.08675e-11, 0.123005, 0.28482, 0, 0.0967353
15674, 0, 4.51076e-09, 0, 0, 4.57058e-06, 1.09596e-05, 5.82004e-05, 1.561e-11, 0.14377, 0.269195, 0, 0.118232
15684, 0, 4.51076e-09, 0, 0, 4.57092e-06, 1.0962e-05, 5.82066e-05, 5.96249e-12, 0.162982, 0.250946, 0, 0.138193
15694, 0, 4.51076e-09, 0, 0, 4.57133e-06, 1.09647e-05, 5.8213e-05, 2.27747e-12, 0.180438, 0.230241, 0, 0.156619
15705, 0, 4.51076e-09, 0, 0, 4.57178e-06, 1.09675e-05, 5.82192e-05, 8.69915e-13, 0.196627, 0.208578, 0, 0.175045
15714, 0, 4.51076e-09, 0, 0, 4.57226e-06, 1.09704e-05, 5.82251e-05, 3.32278e-13, 0.21077, 0.184725, 0, 0.1904
15724, 0, 4.51076e-09, 0, 0, 4.57276e-06, 1.09732e-05, 5.82305e-05, 1.26919e-13, 0.22349, 0.160424, 0, 0.205754
15734, 0, 4.51076e-09, 0, 0, 4.57325e-06, 1.09759e-05, 5.82352e-05, 4.84787e-14, 0.23411, 0.134575, 0, 0.218038
15745, 0, 4.51076e-09, 0, 0, 4.57372e-06, 1.09783e-05, 5.82391e-05, 1.85172e-14, 0.242726, 0.107806, 0, 0.228787
15754, 0, 4.51076e-09, 0, 0, 4.57416e-06, 1.09804e-05, 5.8242e-05, 7.07295e-15, 0.249449, 0.0806649, 0, 0.237999
15764, 0, 4.51076e-09, 0, 0, 4.57455e-06, 1.09822e-05, 5.82439e-05, 2.70163e-15, 0.253789, 0.0524454, 0, 0.244141
15774, 0, 4.51076e-09, 0, 0, 4.57487e-06, 1.09835e-05, 5.82448e-05, 1.03193e-15, 0.25659, 0.0251713, 0, 0.250283
15784, 0, 4.51076e-09, 0, 0, 4.57513e-06, 1.09843e-05, 5.82445e-05, 3.94162e-16, 0.256731, -0.00332295, 0, 0.251819
15794, 0, 4.51076e-09, 0, 0, 4.5753e-06, 1.09847e-05, 5.82432e-05, 1.50557e-16, 0.255152, -0.0307793, 0, 0.253354
15804, 0, 4.51076e-09, 0, 0, 4.57539e-06, 1.09846e-05, 5.82409e-05, 5.75075e-17, 0.251409, -0.058053, 0, 0.251819
15814, 0, 4.51076e-09, 0, 0, 4.5754e-06, 1.09839e-05, 5.82376e-05, 2.19659e-17, 0.245761, -0.0844643, 0, 0.248748
15824, 0, 4.51076e-09, 0, 0, 4.57532e-06, 1.09829e-05, 5.82336e-05, 8.39024e-18, 0.238422, -0.109553, 0, 0.244141
15835, 0, 4.51076e-09, 0, 0, 4.57516e-06, 1.09814e-05, 5.82289e-05, 3.20479e-18, 0.228958, -0.134198, 0, 0.236464
15844, 0, 4.51076e-09, 0, 0, 4.57493e-06, 1.09795e-05, 5.82236e-05, 1.22412e-18, 0.217634, -0.157749, 0, 0.227251
15854, 0, 4.51076e-09, 0, 0, 4.57462e-06, 1.09773e-05, 5.82179e-05, 4.67572e-19, 0.204664, -0.179783, 0, 0.216503
15864, 0, 4.51076e-09, 0, 0, 4.57426e-06, 1.09748e-05, 5.8212e-05, 1.78597e-19, 0.190211, -0.200056, 0, 0.204219
15875, 0, 4.51076e-09, 0, 0, 4.57385e-06, 1.09722e-05, 5.82063e-05, 6.82179e-20, 0.174992, -0.217305, 0, 0.191935
15884, 0, 4.51076e-09, 0, 0, 4.57341e-06, 1.09696e-05, 5.82008e-05, 2.60569e-20, 0.15835, -0.233188, 0, 0.17658
15894, 0, 4.51076e-09, 0, 0, 4.57295e-06, 1.09669e-05, 5.81956e-05, 9.95285e-21, 0.14035, -0.247649, 0, 0.15969
15904, 0, 4.51076e-09, 0, 0, 4.57249e-06, 1.09644e-05, 5.81909e-05, 3.80165e-21, 0.121633, -0.259529, 0, 0.1428
15915, 0, 4.51076e-09, 0, 0, 4.57204e-06, 1.0962e-05, 5.81867e-05, 1.4521e-21, 0.101488, -0.270526, 0, 0.122838
15925, 0, 4.51076e-09, 0, 0, 4.57162e-06, 1.09597e-05, 5.81833e-05, 5.54654e-22, 0.0811392, -0.278266, 0, 0.104413
15934, 0, 4.51076e-09, 0, 0, 4.57122e-06, 1.09578e-05, 5.81808e-05, 2.11859e-22, 0.0603261, -0.283727, 0, 0.0844514
15944, 0, 4.51076e-09, 0, 0, 4.57087e-06, 1.09563e-05, 5.81791e-05, 8.09229e-23, 0.0388131, -0.287665, 0, 0.0629547
15954, 0, 4.51076e-09, 0, 0, 4.57058e-06, 1.09551e-05, 5.81783e-05, 3.09098e-23, 0.0169935, -0.289485, 0, 0.041458
15965, 0, 4.51076e-09, 0, 0, 4.57034e-06, 1.09543e-05, 5.81785e-05, 1.18065e-23, -0.00484494, -0.288922, 0, 0.0199612
15974, 0, 4.51076e-09, 0, 0, 4.57018e-06, 1.09539e-05, 5.81797e-05, 4.50968e-24, -0.0265058, -0.28596, 0, -0.00153548
15984, 0, 4.51076e-09, 0, 0, 4.5701e-06, 1.0954e-05, 5.81818e-05, 1.72254e-24, -0.0472701, -0.279596, 0, -0.0214967
15994, 0, 4.51076e-09, 0, 0, 4.57009e-06, 1.09545e-05, 5.81846e-05, 6.57954e-25, -0.067814, -0.271747, 0, -0.0429934
16005, 0, 4.51076e-09, 0, 0, 4.57015e-06, 1.09555e-05, 5.81881e-05, 2.51316e-25, -0.0875078, -0.261448, 0, -0.0629547
16014, 0, 4.51076e-09, 0, 0, 4.57029e-06, 1.09568e-05, 5.81922e-05, 9.59942e-26, -0.106488, -0.249424, 0, -0.0829159
16024, 0, 4.51076e-09, 0, 0, 4.57049e-06, 1.09584e-05, 5.81968e-05, 3.66665e-26, -0.124894, -0.236283, 0, -0.102877
16034, 0, 4.51076e-09, 0, 0, 4.57075e-06, 1.09603e-05, 5.82016e-05, 1.40054e-26, -0.142264, -0.221363, 0, -0.121303
16045, 0, 4.51076e-09, 0, 0, 4.57106e-06, 1.09624e-05, 5.82066e-05, 5.34957e-27, -0.158262, -0.204392, 0, -0.138193
16054, 0, 4.51076e-09, 0, 0, 4.57142e-06, 1.09646e-05, 5.82116e-05, 2.04336e-27, -0.172662, -0.185385, 0, -0.153548
16064, 0, 4.51076e-09, 0, 0, 4.57179e-06, 1.09669e-05, 5.82163e-05, 7.80493e-28, -0.185924, -0.165701, 0, -0.168903
16074, 0, 4.51076e-09, 0, 0, 4.57218e-06, 1.09691e-05, 5.82208e-05, 2.98122e-28, -0.197839, -0.145157, 0, -0.182722
16084, 0, 4.51076e-09, 0, 0, 4.57258e-06, 1.09713e-05, 5.82247e-05, 1.13872e-28, -0.207668, -0.122586, 0, -0.193471
16094, 0, 4.51076e-09, 0, 0, 4.57296e-06, 1.09733e-05, 5.82281e-05, 4.34954e-29, -0.216062, -0.0997625, 0, -0.204219
16104, 0, 4.51076e-09, 0, 0, 4.57332e-06, 1.09751e-05, 5.82308e-05, 1.66138e-29, -0.222962, -0.0767498, 0, -0.213432
16114, 0, 4.51076e-09, 0, 0, 4.57365e-06, 1.09767e-05, 5.82327e-05, 6.34589e-30, -0.227739, -0.0525049, 0, -0.219574
16124, 0, 4.51076e-09, 0, 0, 4.57393e-06, 1.09779e-05, 5.82338e-05, 2.42392e-30, -0.231122, -0.0288315, 0, -0.225716
16135, 0, 4.51076e-09, 0, 0, 4.57416e-06, 1.09788e-05, 5.82341e-05, 9.25853e-31, -0.232502, -0.00460002, 0, -0.228787
16144, 0, 4.51076e-09, 0, 0, 4.57434e-06, 1.09793e-05, 5.82335e-05, 3.53645e-31, -0.232019, 0.0196469, 0, -0.230322
16154, 0, 4.51076e-09, 0, 0, 4.57445e-06, 1.09794e-05, 5.82321e-05, 1.3508e-31, -0.229798, 0.0434832, 0, -0.230322
16164, 0, 4.51076e-09, 0, 0, 4.57449e-06, 1.09791e-05, 5.823e-05, 5.1596e-32, -0.22595, 0.0665905, 0, -0.228787
16175, 0, 4.51076e-09, 0, 0, 4.57447e-06, 1.09785e-05, 5.82272e-05, 1.97079e-32, -0.22057, 0.0887448, 0, -0.225716
16184, 0, 4.51076e-09, 0, 0, 4.57438e-06, 1.09775e-05, 5.82239e-05, 7.52776e-33, -0.213731, 0.109801, 0, -0.221109
16194, 0, 4.51076e-09, 0, 0, 4.57423e-06, 1.09762e-05, 5.822e-05, 2.87535e-33, -0.204893, 0.130834, 0, -0.213432
16204, 0, 4.51076e-09, 0, 0, 4.57403e-06, 1.09747e-05, 5.82158e-05, 1.09829e-33, -0.194837, 0.150145, 0, -0.205754
16215, 0, 4.51076e-09, 0, 0, 4.57377e-06, 1.09729e-05, 5.82114e-05, 4.19508e-34, -0.183575, 0.167854, 0, -0.196541
16224, 0, 4.51076e-09, 0, 0, 4.57348e-06, 1.0971e-05, 5.82069e-05, 1.60238e-34, -0.171106, 0.184091, 0, -0.185793
16234, 0, 4.51076e-09, 0, 0, 4.57315e-06, 1.09689e-05, 5.82024e-05, 6.12054e-35, -0.15742, 0.198985, 0, -0.173509
16244, 0, 4.51076e-09, 0, 0, 4.5728e-06, 1.09668e-05, 5.8198e-05, 2.33784e-35, -0.142498, 0.212656, 0, -0.15969
16254, 0, 4.51076e-09, 0, 0, 4.57244e-06, 1.09647e-05, 5.81939e-05, 8.92975e-36, -0.12692, 0.22405, 0, -0.145871
16265, 0, 4.51076e-09, 0, 0, 4.57208e-06, 1.09627e-05, 5.81903e-05, 3.41086e-36, -0.110524, 0.233763, 0, -0.130516
16274, 0, 4.51076e-09, 0, 0, 4.57172e-06, 1.09608e-05, 5.8187e-05, 1.30283e-36, -0.0931637, 0.242251, 0, -0.113626
16284, 0, 4.51076e-09, 0, 0, 4.57138e-06, 1.0959e-05, 5.81843e-05, 4.97638e-37, -0.0753121, 0.248692, 0, -0.0967353
16294, 0, 4.51076e-09, 0, 0, 4.57107e-06, 1.09575e-05, 5.81822e-05, 1.90081e-37, -0.057323, 0.252665, 0, -0.079845
16305, 0, 4.51076e-09, 0, 0, 4.57079e-06, 1.09562e-05, 5.81809e-05, 7.26044e-38, -0.0388482, 0.255207, 0, -0.0614192
16314, 0, 4.51076e-09, 0, 0, 4.57055e-06, 1.09552e-05, 5.81802e-05, 2.77324e-38, -0.0201906, 0.255902, 0, -0.0429934
16324, 0, 4.51076e-09, 0, 0, 4.57036e-06, 1.09545e-05, 5.81802e-05, 1.05928e-38, -0.00216532, 0.25344, 0, -0.0261032
16334, 0, 4.51076e-09, 0, 0, 4.57023e-06, 1.09542e-05, 5.81809e-05, 4.04611e-39, 0.0158203, 0.249511, 0, -0.0076774
16345, 0, 4.51076e-09, 0, 0, 4.57015e-06, 1.09542e-05, 5.81822e-05, 1.54548e-39, 0.0336651, 0.244148, 0, 0.0107484
16354, 0, 4.51076e-09, 0, 0, 4.57012e-06, 1.09544e-05, 5.81841e-05, 5.90319e-40, 0.05131, 0.237472, 0, 0.0291741
16364, 0, 4.51076e-09, 0, 0, 4.57015e-06, 1.0955e-05, 5.81865e-05, 2.25482e-40, 0.068131, 0.228499, 0, 0.0460644
16374, 0, 4.51076e-09, 0, 0, 4.57024e-06, 1.09559e-05, 5.81893e-05, 8.61266e-41, 0.0842662, 0.21793, 0, 0.0629547
16385, 0, 4.51076e-09, 0, 0, 4.57036e-06, 1.09569e-05, 5.81924e-05, 3.28969e-41, 0.0992584, 0.205197, 0, 0.0783095
16395, 0, 4.51076e-09, 0, 0, 4.57054e-06, 1.09581e-05, 5.81956e-05, 1.25654e-41, 0.11338, 0.19127, 0, 0.0936643
16404, 0, 4.51076e-09, 0, 0, 4.57074e-06, 1.09595e-05, 5.8199e-05, 4.79945e-42, 0.126875, 0.176893, 0, 0.109019
16414, 0, 4.51076e-09, 0, 0, 4.57097e-06, 1.0961e-05, 5.82023e-05, 1.8329e-42, 0.138757, 0.16029, 0, 0.121303
16424, 0, 4.51076e-09, 0, 0, 4.57122e-06, 1.09625e-05, 5.82055e-05, 7.00649e-43, 0.149477, 0.142832, 0, 0.133587
16435, 0, 4.51076e-09, 0, 0, 4.57148e-06, 1.0964e-05, 5.82084e-05, 2.67648e-43, 0.158821, 0.124356, 0, 0.144335
16444, 0, 4.51076e-09, 0, 0, 4.57174e-06, 1.09654e-05, 5.8211e-05, 1.02295e-43, 0.167244, 0.106029, 0, 0.155084
16454, 0, 4.51076e-09, 0, 0, 4.572e-06, 1.09668e-05, 5.82132e-05, 3.92364e-44, 0.173921, 0.0863255, 0, 0.162761
16464, 0, 4.51076e-09, 0, 0, 4.57223e-06, 1.0968e-05, 5.8215e-05, 1.54143e-44, 0.179422, 0.0667289, 0, 0.170438
16475, 0, 4.51076e-09, 0, 0, 4.57245e-06, 1.0969e-05, 5.82162e-05, 5.60519e-45, 0.183018, 0.0459272, 0, 0.175045
16484, 0, 4.51076e-09, 0, 0, 4.57263e-06, 1.09697e-05, 5.82168e-05, 2.8026e-45, 0.185356, 0.0255384, 0, 0.179651
16494, 0, 4.51076e-09, 0, 0, 4.57278e-06, 1.09702e-05, 5.82168e-05, 1.4013e-45, 0.185761, 0.00432041, 0, 0.181187
16504, 0, 4.51076e-09, 0, 0, 4.57288e-06, 1.09705e-05, 5.82162e-05, 0, 0.184921, -0.0160862, 0, 0.182722
16515, 0, 4.51076e-09, 0, 0, 4.57294e-06, 1.09705e-05, 5.8215e-05, 0, 0.18219, -0.0369356, 0, 0.181187
16524, 0, 4.51076e-09, 0, 0, 4.57295e-06, 1.09702e-05, 5.82133e-05, 0, 0.178268, -0.0566209, 0, 0.179651
16534, 0, 4.51076e-09, 0, 0, 4.57292e-06, 1.09696e-05, 5.82112e-05, 0, 0.173114, -0.075287, 0, 0.17658
16544, 0, 4.51076e-09, 0, 0, 4.57284e-06, 1.09689e-05, 5.82088e-05, 0, 0.16669, -0.0930427, 0, 0.171974
16555, 0, 4.51076e-09, 0, 0, 4.57272e-06, 1.09679e-05, 5.8206e-05, 0, 0.158368, -0.111121, 0, 0.164296
16564, 0, 4.51076e-09, 0, 0, 4.57257e-06, 1.09668e-05, 5.82031e-05, 0, 0.149459, -0.126753, 0, 0.158154
16574, 0, 4.51076e-09, 0, 0, 4.57238e-06, 1.09655e-05, 5.82e-05, 0, 0.13919, -0.141749, 0, 0.148942
16584, 0, 4.51076e-09, 0, 0, 4.57217e-06, 1.09642e-05, 5.8197e-05, 0, 0.128141, -0.154954, 0, 0.139729
16594, 0, 4.51076e-09, 0, 0, 4.57194e-06, 1.09628e-05, 5.81941e-05, 0, 0.11616, -0.166859, 0, 0.12898
16605, 0, 4.51076e-09, 0, 0, 4.5717e-06, 1.09614e-05, 5.81913e-05, 0, 0.103115, -0.177825, 0, 0.116697
16614, 0, 4.51076e-09, 0, 0, 4.57146e-06, 1.096e-05, 5.81888e-05, 0, 0.089496, -0.186947, 0, 0.104413
16624, 0, 4.51076e-09, 0, 0, 4.57122e-06, 1.09587e-05, 5.81866e-05, 0, 0.0750742, -0.19489, 0, 0.0905933
16634, 0, 4.51076e-09, 0, 0, 4.571e-06, 1.09576e-05, 5.81848e-05, 0, 0.0602559, -0.20097, 0, 0.076774
16645, 0, 4.51076e-09, 0, 0, 4.57079e-06, 1.09565e-05, 5.81833e-05, 0, 0.0447459, -0.206003, 0, 0.0614192
16654, 0, 4.51076e-09, 0, 0, 4.5706e-06, 1.09557e-05, 5.81824e-05, 0, 0.029494, -0.208246, 0, 0.0475999
16664, 0, 4.51076e-09, 0, 0, 4.57044e-06, 1.0955e-05, 5.8182e-05, 0, 0.0140238, -0.209072, 0, 0.0322451
16674, 0, 4.51076e-09, 0, 0, 4.57031e-06, 1.09546e-05, 5.81821e-05, 0, -0.00146705, -0.208294, 0, 0.0168903
16685, 0, 4.51076e-09, 0, 0, 4.57023e-06, 1.09544e-05, 5.81826e-05, 0, -0.0168432, -0.205894, 0, 0.00153548
16694, 0, 4.51076e-09, 0, 0, 4.57018e-06, 1.09544e-05, 5.81837e-05, 0, -0.0320205, -0.20197, 0, -0.0138193
16704, 0, 4.51076e-09, 0, 0, 4.57017e-06, 1.09547e-05, 5.81851e-05, 0, -0.0469551, -0.19669, 0, -0.0291741
16714, 0, 4.51076e-09, 0, 0, 4.5702e-06, 1.09551e-05, 5.81869e-05, 0, -0.0616339, -0.190263, 0, -0.0445289
16724, 0, 4.51076e-09, 0, 0, 4.57027e-06, 1.09558e-05, 5.8189e-05, 0, -0.0754677, -0.181751, 0, -0.0583483
16735, 0, 4.51076e-09, 0, 0, 4.57037e-06, 1.09566e-05, 5.81914e-05, 0, -0.0886198, -0.171875, 0, -0.0721676
16744, 0, 4.51076e-09, 0, 0, 4.5705e-06, 1.09576e-05, 5.81939e-05, 0, -0.101247, -0.161213, 0, -0.0859869
16754, 0, 4.51076e-09, 0, 0, 4.57066e-06, 1.09587e-05, 5.81965e-05, 0, -0.112894, -0.149061, 0, -0.0982707
16764, 0, 4.51076e-09, 0, 0, 4.57084e-06, 1.09598e-05, 5.8199e-05, 0, -0.123226, -0.135096, 0, -0.109019
16775, 0, 4.51076e-09, 0, 0, 4.57104e-06, 1.0961e-05, 5.82015e-05, 0, -0.13261, -0.120438, 0, -0.119767
16784, 0, 4.51076e-09, 0, 0, 4.57124e-06, 1.09621e-05, 5.82038e-05, 0, -0.141361, -0.105891, 0, -0.130516
16794, 0, 4.51076e-09, 0, 0, 4.57144e-06, 1.09633e-05, 5.82058e-05, 0, -0.148539, -0.089687, 0, -0.138193
16804, 0, 4.51076e-09, 0, 0, 4.57164e-06, 1.09643e-05, 5.82076e-05, 0, -0.154624, -0.0731613, 0, -0.145871
16815, 0, 4.51076e-09, 0, 0, 4.57183e-06, 1.09653e-05, 5.8209e-05, 0, -0.159419, -0.056088, 0, -0.152013
16824, 0, 4.51076e-09, 0, 0, 4.572e-06, 1.09661e-05, 5.821e-05, 0, -0.163382, -0.0395637, 0, -0.158154
16834, 0, 4.51076e-09, 0, 0, 4.57214e-06, 1.09667e-05, 5.82106e-05, 0, -0.165685, -0.0219845, 0, -0.161225
16844, 0, 4.51076e-09, 0, 0, 4.57227e-06, 1.09672e-05, 5.82108e-05, 0, -0.166891, -0.00476011, 0, -0.164296
16855, 0, 4.51076e-09, 0, 0, 4.57236e-06, 1.09675e-05, 5.82106e-05, 0, -0.166857, 0.0123328, 0, -0.165832
16864, 0, 4.51076e-09, 0, 0, 4.57242e-06, 1.09676e-05, 5.821e-05, 0, -0.165478, 0.0293969, 0, -0.165832
16874, 0, 4.51076e-09, 0, 0, 4.57245e-06, 1.09675e-05, 5.82089e-05, 0, -0.162683, 0.0464457, 0, -0.164296
16884, 0, 4.51076e-09, 0, 0, 4.57244e-06, 1.09672e-05, 5.82075e-05, 0, -0.159024, 0.0622762, 0, -0.162761
16894, 0, 4.51076e-09, 0, 0, 4.5724e-06, 1.09667e-05, 5.82057e-05, 0, -0.153739, 0.0784655, 0, -0.158154
16905, 0, 4.51076e-09, 0, 0, 4.57232e-06, 1.0966e-05, 5.82037e-05, 0, -0.147432, 0.0936319, 0, -0.153548
16914, 0, 4.51076e-09, 0, 0, 4.57222e-06, 1.09652e-05, 5.82014e-05, 0, -0.139985, 0.108063, 0, -0.147406
16924, 0, 4.51076e-09, 0, 0, 4.57208e-06, 1.09642e-05, 5.81991e-05, 0, -0.1319, 0.120788, 0, -0.141264
16934, 0, 4.51076e-09, 0, 0, 4.57193e-06, 1.09632e-05, 5.81968e-05, 0, -0.122962, 0.132421, 0, -0.133587
16945, 0, 4.51076e-09, 0, 0, 4.57176e-06, 1.09621e-05, 5.81944e-05, 0, -0.112994, 0.143392, 0, -0.124374
16954, 0, 4.51076e-09, 0, 0, 4.57157e-06, 1.0961e-05, 5.81922e-05, 0, -0.102448, 0.152823, 0, -0.115161
16964, 0, 4.51076e-09, 0, 0, 4.57139e-06, 1.096e-05, 5.81902e-05, 0, -0.0916717, 0.160224, 0, -0.105948
16974, 0, 4.51076e-09, 0, 0, 4.5712e-06, 1.0959e-05, 5.81883e-05, 0, -0.0803184, 0.166551, 0, -0.0951998
16985, 0, 4.51076e-09, 0, 0, 4.57102e-06, 1.0958e-05, 5.81867e-05, 0, -0.0681004, 0.17247, 0, -0.0829159
16994, 0, 4.51076e-09, 0, 0, 4.57085e-06, 1.09571e-05, 5.81854e-05, 0, -0.0559841, 0.176088, 0, -0.0721676
17004, 0, 4.51076e-09, 0, 0, 4.57069e-06, 1.09563e-05, 5.81843e-05, 0, -0.0435152, 0.178646, 0, -0.0598837
17014, 0, 4.51076e-09, 0, 0, 4.57055e-06, 1.09557e-05, 5.81836e-05, 0, -0.030915, 0.179844, 0, -0.0475999
17025, 0, 4.51076e-09, 0, 0, 4.57043e-06, 1.09552e-05, 5.81832e-05, 0, -0.0177453, 0.180723, 0, -0.0337806
17034, 0, 4.51076e-09, 0, 0, 4.57033e-06, 1.09548e-05, 5.81831e-05, 0, -0.00485047, 0.179645, 0, -0.0214967
17044, 0, 4.51076e-09, 0, 0, 4.57026e-06, 1.09546e-05, 5.81834e-05, 0, 0.00772105, 0.176843, 0, -0.00921288
17054, 0, 4.51076e-09, 0, 0, 4.57021e-06, 1.09545e-05, 5.8184e-05, 0, 0.0199581, 0.172592, 0, 0.00307096
17064, 0, 4.51076e-09, 0, 0, 4.5702e-06, 1.09546e-05, 5.81848e-05, 0, 0.0318757, 0.167175, 0, 0.0153548
17075, 0, 4.51076e-09, 0, 0, 4.5702e-06, 1.09549e-05, 5.81859e-05, 0, 0.0435055, 0.160865, 0, 0.0276386
17084, 0, 4.51076e-09, 0, 0, 4.57023e-06, 1.09552e-05, 5.81872e-05, 0, 0.0548886, 0.153906, 0, 0.0399225
17094, 0, 4.51076e-09, 0, 0, 4.57029e-06, 1.09557e-05, 5.81886e-05, 0, 0.065472, 0.145354, 0, 0.0506709
17104, 0, 4.51076e-09, 0, 0, 4.57037e-06, 1.09563e-05, 5.81902e-05, 0, 0.0754403, 0.13589, 0, 0.0614192
17115, 0, 4.51076e-09, 0, 0, 4.57046e-06, 1.09569e-05, 5.81917e-05, 0, 0.084363, 0.124883, 0, 0.0706321
17124, 0, 4.51076e-09, 0, 0, 4.57056e-06, 1.09576e-05, 5.81932e-05, 0, 0.0925243, 0.113221, 0, 0.079845
17134, 0, 4.51076e-09, 0, 0, 4.57068e-06, 1.09583e-05, 5.81947e-05, 0, 0.0995709, 0.100397, 0, 0.0875224
17144, 0, 4.51076e-09, 0, 0, 4.5708e-06, 1.09589e-05, 5.8196e-05, 0, 0.105844, 0.0873593, 0, 0.0951998
17155, 0, 4.51076e-09, 0, 0, 4.57091e-06, 1.09596e-05, 5.81972e-05, 0, 0.111629, 0.0747646, 0, 0.102877
17164, 0, 4.51076e-09, 0, 0, 4.57103e-06, 1.09602e-05, 5.81981e-05, 0, 0.115954, 0.06072, 0, 0.107484
17174, 0, 4.51076e-09, 0, 0, 4.57114e-06, 1.09607e-05, 5.81989e-05, 0, 0.119273, 0.0464649, 0, 0.11209
17184, 0, 4.51076e-09, 0, 0, 4.57123e-06, 1.09611e-05, 5.81994e-05, 0, 0.121961, 0.0328543, 0, 0.116697
17195, 0, 4.51076e-09, 0, 0, 4.57131e-06, 1.09615e-05, 5.81997e-05, 0, 0.123717, 0.0192698, 0, 0.119767
17204, 0, 4.51076e-09, 0, 0, 4.57138e-06, 1.09617e-05, 5.81998e-05, 0, 0.124308, 0.00534863, 0, 0.121303
17214, 0, 4.51076e-09, 0, 0, 4.57143e-06, 1.09619e-05, 5.81995e-05, 0, 0.123563, -0.00907469, 0, 0.121303
17224, 0, 4.51076e-09, 0, 0, 4.57146e-06, 1.09619e-05, 5.8199e-05, 0, 0.121963, -0.0228655, 0, 0.121303
17234, 0, 4.51076e-09, 0, 0, 4.57146e-06, 1.09617e-05, 5.81983e-05, 0, 0.119292, -0.0364515, 0, 0.119767
17245, 0, 4.51076e-09, 0, 0, 4.57145e-06, 1.09615e-05, 5.81973e-05, 0, 0.115387, -0.0500785, 0, 0.116697
17254, 0, 4.51076e-09, 0, 0, 4.57141e-06, 1.09611e-05, 5.81961e-05, 0, 0.110724, -0.0626974, 0, 0.113626
17264, 0, 4.51076e-09, 0, 0, 4.57136e-06, 1.09607e-05, 5.81948e-05, 0, 0.10508, -0.0748191, 0, 0.109019
17274, 0, 4.51076e-09, 0, 0, 4.57129e-06, 1.09601e-05, 5.81934e-05, 0, 0.0982803, -0.0867652, 0, 0.102877
17285, 0, 4.51076e-09, 0, 0, 4.5712e-06, 1.09595e-05, 5.8192e-05, 0, 0.091385, -0.0963981, 0, 0.0982707
17294, 0, 4.51076e-09, 0, 0, 4.5711e-06, 1.09589e-05, 5.81906e-05, 0, 0.0834202, -0.105946, 0, 0.0905933
17304, 0, 4.51076e-09, 0, 0, 4.57099e-06, 1.09583e-05, 5.81893e-05, 0, 0.0754064, -0.113344, 0, 0.0844514
17314, 0, 4.51076e-09, 0, 0, 4.57088e-06, 1.09576e-05, 5.8188e-05, 0, 0.0663384, -0.120861, 0, 0.0752385
17325, 0, 4.51076e-09, 0, 0, 4.57077e-06, 1.0957e-05, 5.8187e-05, 0, 0.0572144, -0.126445, 0, 0.0675611
17334, 0, 4.51076e-09, 0, 0, 4.57066e-06, 1.09565e-05, 5.8186e-05, 0, 0.0476123, -0.131202, 0, 0.0583483
17344, 0, 4.51076e-09, 0, 0, 4.57056e-06, 1.0956e-05, 5.81853e-05, 0, 0.0377838, -0.134727, 0, 0.0491354
17354, 0, 4.51076e-09, 0, 0, 4.57047e-06, 1.09555e-05, 5.81847e-05, 0, 0.0279149, -0.136825, 0, 0.0399225
17364, 0, 4.51076e-09, 0, 0, 4.57039e-06, 1.09552e-05, 5.81844e-05, 0, 0.017537, -0.138617, 0, 0.0291741
17375, 0, 4.51076e-09, 0, 0, 4.57033e-06, 1.09549e-05, 5.81843e-05, 0, 0.00747017, -0.138516, 0, 0.0199612
17384, 0, 4.51076e-09, 0, 0, 4.57028e-06, 1.09547e-05, 5.81844e-05, 0, -0.00285383, -0.137939, 0, 0.00921288
17394, 0, 4.51076e-09, 0, 0, 4.57024e-06, 1.09547e-05, 5.81846e-05, 0, -0.0132971, -0.136669, 0, -0.00153548
17404, 0, 4.51076e-09, 0, 0, 4.57022e-06, 1.09547e-05, 5.81851e-05, 0, -0.0231608, -0.133449, 0, -0.0107484
17415, 0, 4.51076e-09, 0, 0, 4.57022e-06, 1.09548e-05, 5.81858e-05, 0, -0.033113, -0.129927, 0, -0.0214967
17424, 0, 4.51076e-09, 0, 0, 4.57024e-06, 1.09551e-05, 5.81866e-05, 0, -0.0424977, -0.124873, 0, -0.0307096
17434, 0, 4.51076e-09, 0, 0, 4.57027e-06, 1.09554e-05, 5.81875e-05, 0, -0.0514142, -0.11877, 0, -0.0399225
17444, 0, 4.51076e-09, 0, 0, 4.57032e-06, 1.09557e-05, 5.81886e-05, 0, -0.0599612, -0.112016, 0, -0.0491354
17455, 0, 4.51076e-09, 0, 0, 4.57038e-06, 1.09562e-05, 5.81897e-05, 0, -0.0682309, -0.104925, 0, -0.0583483
17464, 0, 4.51076e-09, 0, 0, 4.57045e-06, 1.09566e-05, 5.81908e-05, 0, -0.0757069, -0.0965799, 0, -0.0660257
17474, 0, 4.51076e-09, 0, 0, 4.57053e-06, 1.09571e-05, 5.81919e-05, 0, -0.0825984, -0.087654, 0, -0.0737031
17484, 0, 4.51076e-09, 0, 0, 4.57062e-06, 1.09576e-05, 5.8193e-05, 0, -0.0884892, -0.0774908, 0, -0.079845
17495, 0, 4.51076e-09, 0, 0, 4.5707e-06, 1.09581e-05, 5.81939e-05, 0, -0.0936705, -0.0669403, 0, -0.0859869
17504, 0, 4.51076e-09, 0, 0, 4.57079e-06, 1.09586e-05, 5.81947e-05, 0, -0.0983875, -0.0566058, 0, -0.0921288
17514, 0, 4.51076e-09, 0, 0, 4.57087e-06, 1.09591e-05, 5.81955e-05, 0, -0.102241, -0.0457274, 0, -0.0967353
17524, 0, 4.51076e-09, 0, 0, 4.57095e-06, 1.09595e-05, 5.81961e-05, 0, -0.105523, -0.0350391, 0, -0.101342
17534, 0, 4.51076e-09, 0, 0, 4.57102e-06, 1.09598e-05, 5.81965e-05, 0, -0.107874, -0.0238718, 0, -0.104413
17545, 0, 4.51076e-09, 0, 0, 4.57109e-06, 1.09601e-05, 5.81967e-05, 0, -0.109021, -0.0118619, 0, -0.105948
17554, 0, 4.51076e-09, 0, 0, 4.57114e-06, 1.09602e-05, 5.81967e-05, 0, -0.109365, -3.24408e-05, 0, -0.107484
17564, 0, 4.51076e-09, 0, 0, 4.57117e-06, 1.09603e-05, 5.81966e-05, 0, -0.109233, 0.0109347, 0, -0.109019
17574, 0, 4.51076e-09, 0, 0, 4.5712e-06, 1.09604e-05, 5.81963e-05, 0, -0.108281, 0.0217898, 0, -0.109019
17585, 0, 4.51076e-09, 0, 0, 4.5712e-06, 1.09603e-05, 5.81958e-05, 0, -0.10624, 0.0329911, 0, -0.107484
17594, 0, 4.51076e-09, 0, 0, 4.5712e-06, 1.09601e-05, 5.81951e-05, 0, -0.103506, 0.0436131, 0, -0.105948
17604, 0, 4.51076e-09, 0, 0, 4.57118e-06, 1.09599e-05, 5.81943e-05, 0, -0.0997972, 0.0542217, 0, -0.102877
17614, 0, 4.51076e-09, 0, 0, 4.57114e-06, 1.09596e-05, 5.81934e-05, 0, -0.095494, 0.0639888, 0, -0.0998062
17625, 0, 4.51076e-09, 0, 0, 4.57109e-06, 1.09592e-05, 5.81924e-05, 0, -0.0908945, 0.0724093, 0, -0.0967353
17634, 0, 4.51076e-09, 0, 0, 4.57103e-06, 1.09588e-05, 5.81915e-05, 0, -0.0856235, 0.0803859, 0, -0.0921288
17644, 0, 4.51076e-09, 0, 0, 4.57096e-06, 1.09584e-05, 5.81905e-05, 0, -0.0799775, 0.0873478, 0, -0.0875224
17654, 0, 4.51076e-09, 0, 0, 4.57089e-06, 1.0958e-05, 5.81896e-05, 0, -0.0735856, 0.0941306, 0, -0.0813805
17665, 0, 4.51076e-09, 0, 0, 4.57082e-06, 1.09575e-05, 5.81887e-05, 0, -0.0673497, 0.0989462, 0, -0.076774
17674, 0, 4.51076e-09, 0, 0, 4.57074e-06, 1.09571e-05, 5.81879e-05, 0, -0.0601703, 0.104235, 0, -0.0690966
17684, 0, 4.51076e-09, 0, 0, 4.57066e-06, 1.09567e-05, 5.81871e-05, 0, -0.0529746, 0.108042, 0, -0.0629547
17694, 0, 4.51076e-09, 0, 0, 4.57059e-06, 1.09563e-05, 5.81865e-05, 0, -0.0458865, 0.110351, 0, -0.0568128
17704, 0, 4.51076e-09, 0, 0, 4.57052e-06, 1.09559e-05, 5.81859e-05, 0, -0.0383856, 0.11241, 0, -0.0491354
17715, 0, 4.51076e-09, 0, 0, 4.57045e-06, 1.09556e-05, 5.81855e-05, 0, -0.0306526, 0.113866, 0, -0.041458
17724, 0, 4.51076e-09, 0, 0, 4.5704e-06, 1.09553e-05, 5.81852e-05, 0, -0.0228255, 0.114522, 0, -0.0337806
17734, 0, 4.51076e-09, 0, 0, 4.57035e-06, 1.09551e-05, 5.8185e-05, 0, -0.0150046, 0.114298, 0, -0.0261032
17744, 0, 4.51076e-09, 0, 0, 4.57031e-06, 1.09549e-05, 5.81849e-05, 0, -0.00725726, 0.113199, 0, -0.0184258
17755, 0, 4.51076e-09, 0, 0, 4.57027e-06, 1.09548e-05, 5.8185e-05, 0, 0.000375586, 0.111288, 0, -0.0107484
17764, 0, 4.51076e-09, 0, 0, 4.57025e-06, 1.09548e-05, 5.81851e-05, 0, 0.00787397, 0.108661, 0, -0.00307096
17774, 0, 4.51076e-09, 0, 0, 4.57024e-06, 1.09548e-05, 5.81854e-05, 0, 0.0152334, 0.105433, 0, 0.00460644
17784, 0, 4.51076e-09, 0, 0, 4.57024e-06, 1.09548e-05, 5.81858e-05, 0, 0.0224602, 0.101723, 0, 0.0122838
17795, 0, 4.51076e-09, 0, 0, 4.57024e-06, 1.09549e-05, 5.81862e-05, 0, 0.0295675, 0.097642, 0, 0.0199612
17804, 0, 4.51076e-09, 0, 0, 4.57026e-06, 1.09551e-05, 5.81867e-05, 0, 0.0359751, 0.0921387, 0, 0.0261032
17815, 0, 4.51076e-09, 0, 0, 4.57028e-06, 1.09553e-05, 5.81872e-05, 0, 0.0418422, 0.0858074, 0, 0.0322451
17824, 0, 4.51076e-09, 0, 0, 4.57031e-06, 1.09555e-05, 5.81878e-05, 0, 0.0473134, 0.0791074, 0, 0.038387
17835, 0, 4.51076e-09, 0, 0, 4.57035e-06, 1.09557e-05, 5.81883e-05, 0, 0.0525133, 0.0723753, 0, 0.0445289
17844, 0, 4.51076e-09, 0, 0, 4.57039e-06, 1.0956e-05, 5.81888e-05, 0, 0.0569476, 0.0646875, 0, 0.0491354
17854, 0, 4.51076e-09, 0, 0, 4.57043e-06, 1.09562e-05, 5.81893e-05, 0, 0.0608383, 0.0566947, 0, 0.0537418
17864, 0, 4.51076e-09, 0, 0, 4.57047e-06, 1.09564e-05, 5.81897e-05, 0, 0.0637751, 0.0477049, 0, 0.0568128
17874, 0, 4.51076e-09, 0, 0, 4.57051e-06, 1.09566e-05, 5.819e-05, 0, 0.0660501, 0.0385281, 0, 0.0598837
17885, 0, 4.51076e-09, 0, 0, 4.57055e-06, 1.09568e-05, 5.81902e-05, 0, 0.0679059, 0.0297269, 0, 0.0629547
17894, 0, 4.51076e-09, 0, 0, 4.57058e-06, 1.09569e-05, 5.81904e-05, 0, 0.0695354, 0.0216573, 0, 0.0660257
17904, 0, 4.51076e-09, 0, 0, 4.5706e-06, 1.0957e-05, 5.81904e-05, 0, 0.06989, 0.0122034, 0, 0.0660257
17914, 0, 4.51076e-09, 0, 0, 4.57062e-06, 1.09571e-05, 5.81904e-05, 0, 0.0699531, 0.00360243, 0, 0.0675611
17925, 0, 4.51076e-09, 0, 0, 4.57064e-06, 1.09571e-05, 5.81903e-05, 0, 0.0693085, -0.00505218, 0, 0.0675611
17934, 0, 4.51076e-09, 0, 0, 4.57064e-06, 1.09571e-05, 5.81901e-05, 0, 0.0682273, -0.0131592, 0, 0.0675611
17944, 0, 4.51076e-09, 0, 0, 4.57064e-06, 1.0957e-05, 5.81898e-05, 0, 0.0663254, -0.0215019, 0, 0.0660257
17954, 0, 4.51076e-09, 0, 0, 4.57064e-06, 1.09569e-05, 5.81895e-05, 0, 0.0639034, -0.029383, 0, 0.0644902
17965, 0, 4.51076e-09, 0, 0, 4.57062e-06, 1.09568e-05, 5.81891e-05, 0, 0.0612004, -0.0363607, 0, 0.0629547
17974, 0, 4.51076e-09, 0, 0, 4.5706e-06, 1.09567e-05, 5.81887e-05, 0, 0.0578, -0.0433504, 0, 0.0598837
17984, 0, 4.51076e-09, 0, 0, 4.57058e-06, 1.09565e-05, 5.81882e-05, 0, 0.0539727, -0.0497594, 0, 0.0568128
17994, 0, 4.51076e-09, 0, 0, 4.57055e-06, 1.09563e-05, 5.81878e-05, 0, 0.0499305, -0.055225, 0, 0.0537418
18004, 0, 4.51076e-09, 0, 0, 4.57051e-06, 1.09561e-05, 5.81873e-05, 0, 0.0452347, -0.0607187, 0, 0.0491354
18014, 0, 4.51076e-09, 0, 0, 4.57048e-06, 1.09559e-05, 5.81869e-05, 0, 0.0401373, -0.0656851, 0, 0.0445289
18024, 0, 4.51076e-09, 0, 0, 4.57044e-06, 1.09557e-05, 5.81865e-05, 0, 0.0354339, -0.0686291, 0, 0.041458
18034, 0, 4.51076e-09, 0, 0, 4.57041e-06, 1.09555e-05, 5.81862e-05, 0, 0.029937, -0.072193, 0, 0.0353161
18044, 0, 4.51076e-09, 0, 0, 4.57038e-06, 1.09553e-05, 5.81859e-05, 0, 0.0245034, -0.0745488, 0, 0.0307096
18055, 0, 4.51076e-09, 0, 0, 4.57035e-06, 1.09552e-05, 5.81857e-05, 0, 0.0192046, -0.0757503, 0, 0.0261032
18064, 0, 4.51076e-09, 0, 0, 4.57032e-06, 1.09551e-05, 5.81856e-05, 0, 0.0134823, -0.0770656, 0, 0.0199612
18074, 0, 4.51076e-09, 0, 0, 4.5703e-06, 1.0955e-05, 5.81855e-05, 0, 0.00808969, -0.0769812, 0, 0.0153548
18084, 0, 4.51076e-09, 0, 0, 4.57028e-06, 1.09549e-05, 5.81855e-05, 0, 0.00241223, -0.0769308, 0, 0.00921288
18095, 0, 4.51076e-09, 0, 0, 4.57026e-06, 1.09548e-05, 5.81856e-05, 0, -0.00284451, -0.0755187, 0, 0.00460644
18104, 0, 4.51076e-09, 0, 0, 4.57025e-06, 1.09548e-05, 5.81857e-05, 0, -0.0083335, -0.0742561, 0, -0.00153548
18114, 0, 4.51076e-09, 0, 0, 4.57025e-06, 1.09549e-05, 5.81858e-05, 0, -0.0139762, -0.0729456, 0, -0.0076774
18124, 0, 4.51076e-09, 0, 0, 4.57025e-06, 1.09549e-05, 5.81861e-05, 0, -0.0197091, -0.0714566, 0, -0.0138193
18135, 0, 4.51076e-09, 0, 0, 4.57026e-06, 1.0955e-05, 5.81863e-05, 0, -0.0248855, -0.068559, 0, -0.0184258
18144, 0, 4.51076e-09, 0, 0, 4.57027e-06, 1.09551e-05, 5.81866e-05, 0, -0.0296099, -0.0647254, 0, -0.0230322
18154, 0, 4.51076e-09, 0, 0, 4.57028e-06, 1.09552e-05, 5.81869e-05, 0, -0.0345814, -0.0614936, 0, -0.0291741
18164, 0, 4.51076e-09, 0, 0, 4.5703e-06, 1.09553e-05, 5.81873e-05, 0, -0.0391541, -0.0575001, 0, -0.0337806
18174, 0, 4.51076e-09, 0, 0, 4.57033e-06, 1.09555e-05, 5.81876e-05, 0, -0.0434228, -0.0530837, 0, -0.038387
18185, 0, 4.51076e-09, 0, 0, 4.57035e-06, 1.09556e-05, 5.8188e-05, 0, -0.0468746, -0.0473487, 0, -0.041458
18194, 0, 4.51076e-09, 0, 0, 4.57038e-06, 1.09558e-05, 5.81883e-05, 0, -0.0503202, -0.0421432, 0, -0.0460644
18204, 0, 4.51076e-09, 0, 0, 4.57041e-06, 1.0956e-05, 5.81886e-05, 0, -0.0532065, -0.0363184, 0, -0.0491354
18214, 0, 4.51076e-09, 0, 0, 4.57044e-06, 1.09561e-05, 5.81888e-05, 0, -0.0557021, -0.0303497, 0, -0.0522063
18225, 0, 4.51076e-09, 0, 0, 4.57046e-06, 1.09562e-05, 5.8189e-05, 0, -0.05735, -0.0234149, 0, -0.0537418
18234, 0, 4.51076e-09, 0, 0, 4.57048e-06, 1.09564e-05, 5.81892e-05, 0, -0.0590007, -0.0173883, 0, -0.0568128
18244, 0, 4.51076e-09, 0, 0, 4.57051e-06, 1.09564e-05, 5.81893e-05, 0, -0.060128, -0.0111133, 0, -0.0583483
18254, 0, 4.51076e-09, 0, 0, 4.57052e-06, 1.09565e-05, 5.81893e-05, 0, -0.0603182, -0.00388071, 0, -0.0583483
18265, 0, 4.51076e-09, 0, 0, 4.57054e-06, 1.09566e-05, 5.81893e-05, 0, -0.0604574, 0.00235944, 0, -0.0598837
18274, 0, 4.51076e-09, 0, 0, 4.57055e-06, 1.09566e-05, 5.81892e-05, 0, -0.0600468, 0.00871783, 0, -0.0598837
18284, 0, 4.51076e-09, 0, 0, 4.57055e-06, 1.09566e-05, 5.81891e-05, 0, -0.0592909, 0.0147274, 0, -0.0598837
18294, 0, 4.51076e-09, 0, 0, 4.57055e-06, 1.09565e-05, 5.81889e-05, 0, -0.0577543, 0.0212489, 0, -0.0583483
18305, 0, 4.51076e-09, 0, 0, 4.57055e-06, 1.09565e-05, 5.81887e-05, 0, -0.0557002, 0.0276191, 0, -0.0568128
18314, 0, 4.51076e-09, 0, 0, 4.57054e-06, 1.09564e-05, 5.81884e-05, 0, -0.0533419, 0.0333983, 0, -0.0552773
18324, 0, 4.51076e-09, 0, 0, 4.57052e-06, 1.09563e-05, 5.81881e-05, 0, -0.0508448, 0.0383281, 0, -0.0537418
18334, 0, 4.51076e-09, 0, 0, 4.5705e-06, 1.09561e-05, 5.81878e-05, 0, -0.0477328, 0.0434445, 0, -0.0506709
18344, 0, 4.51076e-09, 0, 0, 4.57048e-06, 1.0956e-05, 5.81875e-05, 0, -0.0448278, 0.0470713, 0, -0.0491354
18355, 0, 4.51076e-09, 0, 0, 4.57046e-06, 1.09559e-05, 5.81872e-05, 0, -0.0415702, 0.0505381, 0, -0.0460644
18364, 0, 4.51076e-09, 0, 0, 4.57044e-06, 1.09557e-05, 5.81869e-05, 0, -0.0381098, 0.0535454, 0, -0.0429934
18374, 0, 4.51076e-09, 0, 0, 4.57041e-06, 1.09556e-05, 5.81867e-05, 0, -0.0345621, 0.0559209, 0, -0.0399225
18384, 0, 4.51076e-09, 0, 0, 4.57039e-06, 1.09555e-05, 5.81865e-05, 0, -0.0310112, 0.0575903, 0, -0.0368515
18395, 0, 4.51076e-09, 0, 0, 4.57037e-06, 1.09554e-05, 5.81863e-05, 0, -0.0275144, 0.058551, 0, -0.0337806
18404, 0, 4.51076e-09, 0, 0, 4.57035e-06, 1.09553e-05, 5.81862e-05, 0, -0.0241071, 0.0588489, 0, -0.0307096
18414, 0, 4.51076e-09, 0, 0, 4.57033e-06, 1.09552e-05, 5.81861e-05, 0, -0.0208069, 0.0585598, 0, -0.0276386
18424, 0, 4.51076e-09, 0, 0, 4.57032e-06, 1.09551e-05, 5.8186e-05, 0, -0.0170214, 0.0589287, 0, -0.0230322
18435, 0, 4.51076e-09, 0, 0, 4.5703e-06, 1.0955e-05, 5.81859e-05, 0, -0.0134847, 0.0583894, 0, -0.0199612
18444, 0, 4.51076e-09, 0, 0, 4.57029e-06, 1.0955e-05, 5.81858e-05, 0, -0.010172, 0.0571532, 0, -0.0168903
18454, 0, 4.51076e-09, 0, 0, 4.57028e-06, 1.09549e-05, 5.81858e-05, 0, -0.0064541, 0.0565642, 0, -0.0122838
18464, 0, 4.51076e-09, 0, 0, 4.57027e-06, 1.09549e-05, 5.81858e-05, 0, -0.00303471, 0.0551244, 0, -0.00921288
18475, 0, 4.51076e-09, 0, 0, 4.57026e-06, 1.09549e-05, 5.81858e-05, 0, 0.000134755, 0.0530873, 0, -0.00614192
18485, 0, 4.51076e-09, 0, 0, 4.57026e-06, 1.09549e-05, 5.81859e-05, 0, 0.00370152, 0.0518191, 0, -0.00153548
18494, 0, 4.51076e-09, 0, 0, 4.57026e-06, 1.09549e-05, 5.81859e-05, 0, 0.00697465, 0.0498284, 0, 0.00153548
18504, 0, 4.51076e-09, 0, 0, 4.57026e-06, 1.09549e-05, 5.8186e-05, 0, 0.010011, 0.0473647, 0, 0.00460644
18514, 0, 4.51076e-09, 0, 0, 4.57026e-06, 1.09549e-05, 5.81861e-05, 0, 0.0128651, 0.0446292, 0, 0.0076774
18525, 0, 4.51076e-09, 0, 0, 4.57026e-06, 1.09549e-05, 5.81862e-05, 0, 0.0149889, 0.0406228, 0, 0.00921288
18534, 0, 4.51076e-09, 0, 0, 4.57027e-06, 1.0955e-05, 5.81862e-05, 0, 0.017163, 0.0371199, 0, 0.0122838
18544, 0, 4.51076e-09, 0, 0, 4.57027e-06, 1.0955e-05, 5.81863e-05, 0, 0.0188104, 0.0329238, 0, 0.0138193
18554, 0, 4.51076e-09, 0, 0, 4.57028e-06, 1.0955e-05, 5.81864e-05, 0, 0.0206784, 0.0296358, 0, 0.0168903
18565, 0, 4.51076e-09, 0, 0, 4.57028e-06, 1.09551e-05, 5.81865e-05, 0, 0.0221559, 0.0259147, 0, 0.0184258
18574, 0, 4.51076e-09, 0, 0, 4.57029e-06, 1.09551e-05, 5.81865e-05, 0, 0.0233603, 0.0220923, 0, 0.0199612
18584, 0, 4.51076e-09, 0, 0, 4.57029e-06, 1.09551e-05, 5.81866e-05, 0, 0.0237926, 0.0172468, 0, 0.0199612
18594, 0, 4.51076e-09, 0, 0, 4.5703e-06, 1.09551e-05, 5.81866e-05, 0, 0.0242692, 0.0131878, 0, 0.0214967
18605, 0, 4.51076e-09, 0, 0, 4.5703e-06, 1.09552e-05, 5.81866e-05, 0, 0.0242379, 0.00872395, 0, 0.0214967
18614, 0, 4.51076e-09, 0, 0, 4.57031e-06, 1.09552e-05, 5.81866e-05, 0, 0.0238643, 0.00428663, 0, 0.0214967
18624, 0, 4.51076e-09, 0, 0, 4.57031e-06, 1.09552e-05, 5.81865e-05, 0, 0.0232836, 0.000166714, 0, 0.0214967
18634, 0, 4.51076e-09, 0, 0, 4.57031e-06, 1.09552e-05, 5.81865e-05, 0, 0.0226016, -0.00345989, 0, 0.0214967
18644, 0, 4.51076e-09, 0, 0, 4.57031e-06, 1.09551e-05, 5.81864e-05, 0, 0.0212995, -0.00766094, 0, 0.0199612
18655, 0, 4.51076e-09, 0, 0, 4.5703e-06, 1.09551e-05, 5.81864e-05, 0, 0.0201703, -0.0107558, 0, 0.0199612
18664, 0, 4.51076e-09, 0, 0, 4.5703e-06, 1.09551e-05, 5.81863e-05, 0, 0.0186372, -0.0140453, 0, 0.0184258
18674, 0, 4.51076e-09, 0, 0, 4.5703e-06, 1.09551e-05, 5.81863e-05, 0, 0.0168419, -0.0171861, 0, 0.0168903
18684, 0, 4.51076e-09, 0, 0, 4.57029e-06, 1.0955e-05, 5.81862e-05, 0, 0.0148982, -0.0199557, 0, 0.0153548
18695, 0, 4.51076e-09, 0, 0, 4.57029e-06, 1.0955e-05, 5.81861e-05, 0, 0.0128934, -0.0222279, 0, 0.0138193
18704, 0, 4.51076e-09, 0, 0, 4.57028e-06, 1.0955e-05, 5.81861e-05, 0, 0.0108907, -0.0239507, 0, 0.0122838
18714, 0, 4.51076e-09, 0, 0, 4.57028e-06, 1.0955e-05, 5.8186e-05, 0, 0.00893297, -0.025126, 0, 0.0107484
18724, 0, 4.51076e-09, 0, 0, 4.57027e-06, 1.09549e-05, 5.8186e-05, 0, 0.00704617, -0.025792, 0, 0.00921288
18735, 0, 4.51076e-09, 0, 0, 4.57027e-06, 1.09549e-05, 5.8186e-05, 0, 0.00464573, -0.0271627, 0, 0.00614192
18744, 0, 4.51076e-09, 0, 0, 4.57027e-06, 1.09549e-05, 5.8186e-05, 0, 0.00247296, -0.027648, 0, 0.00460644
18754, 0, 4.51076e-09, 0, 0, 4.57026e-06, 1.09549e-05, 5.8186e-05, 0, 0.000509607, -0.0274412, 0, 0.00307096
18764, 0, 4.51076e-09, 0, 0, 4.57026e-06, 1.09549e-05, 5.8186e-05, 0, -0.00127085, -0.0267204, 0, 0.00153548
18775, 0, 4.51076e-09, 0, 0, 4.57026e-06, 1.09549e-05, 5.8186e-05, 0, -0.00289874, -0.0256408, 0, 0
18784, 0, 4.51076e-09, 0, 0, 4.57026e-06, 1.09549e-05, 5.8186e-05, 0, -0.00440492, -0.0243321, 0, -0.00153548
18794, 0, 4.51076e-09, 0, 0, 4.57026e-06, 1.09549e-05, 5.81861e-05, 0, -0.00581855, -0.0228976, 0, -0.00307096
18804, 0, 4.51076e-09, 0, 0, 4.57026e-06, 1.09549e-05, 5.81861e-05, 0, -0.00716566, -0.021416, 0, -0.00460644
18814, 0, 4.51076e-09, 0, 0, 4.57026e-06, 1.09549e-05, 5.81861e-05, 0, -0.00846838, -0.0199439, 0, -0.00614192
18825, 0, 4.51076e-09, 0, 0, 4.57026e-06, 1.09549e-05, 5.81861e-05, 0, -0.00974473, -0.0185188, 0, -0.0076774
18834, 0, 4.51076e-09, 0, 0, 4.57027e-06, 1.09549e-05, 5.81861e-05, 0, -0.0104113, -0.0160094, 0, -0.0076774
18844, 0, 4.51076e-09, 0, 0, 4.57027e-06, 1.09549e-05, 5.81862e-05, 0, -0.0112166, -0.0140876, 0, -0.00921288
18854, 0, 4.51076e-09, 0, 0, 4.57027e-06, 1.0955e-05, 5.81862e-05, 0, -0.0121534, -0.0126355, 0, -0.0107484
18865, 0, 4.51076e-09, 0, 0, 4.57027e-06, 1.0955e-05, 5.81862e-05, 0, -0.0126103, -0.0103875, 0, -0.0107484
18874, 0, 4.51076e-09, 0, 0, 4.57027e-06, 1.0955e-05, 5.81862e-05, 0, -0.0127109, -0.00775139, 0, -0.0107484
18884, 0, 4.51076e-09, 0, 0, 4.57027e-06, 1.0955e-05, 5.81862e-05, 0, -0.0131604, -0.00618357, 0, -0.0122838
18894, 0, 4.51076e-09, 0, 0, 4.57027e-06, 1.0955e-05, 5.81862e-05, 0, -0.0133105, -0.00423389, 0, -0.0122838
18905, 0, 4.51076e-09, 0, 0, 4.57028e-06, 1.0955e-05, 5.81862e-05, 0, -0.0132473, -0.00215672, 0, -0.0122838
18915, 0, 4.51076e-09, 0, 0, 4.57028e-06, 1.0955e-05, 5.81862e-05, 0, -0.0130438, -0.000133205, 0, -0.0122838
18924, 0, 4.51076e-09, 0, 0, 4.57028e-06, 1.0955e-05, 5.81862e-05, 0, -0.0127587, 0.00171737, 0, -0.0122838
18934, 0, 4.51076e-09, 0, 0, 4.57028e-06, 1.0955e-05, 5.81862e-05, 0, -0.0124375, 0.00332575, 0, -0.0122838
18945, 0, 4.51076e-09, 0, 0, 4.57028e-06, 1.0955e-05, 5.81862e-05, 0, -0.0121136, 0.00466131, 0, -0.0122838
18954, 0, 4.51076e-09, 0, 0, 4.57028e-06, 1.0955e-05, 5.81862e-05, 0, -0.0112122, 0.00687545, 0, -0.0107484
18964, 0, 4.51076e-09, 0, 0, 4.57027e-06, 1.0955e-05, 5.81861e-05, 0, -0.0104856, 0.00832383, 0, -0.0107484
18974, 0, 4.51076e-09, 0, 0, 4.57027e-06, 1.0955e-05, 5.81861e-05, 0, -0.00992669, 0.00915501, 0, -0.0107484
18984, 0, 4.51076e-09, 0, 0, 4.57027e-06, 1.0955e-05, 5.81861e-05, 0, -0.00892179, 0.0106652, 0, -0.00921288
18995, 0, 4.51076e-09, 0, 0, 4.57027e-06, 1.09549e-05, 5.81861e-05, 0, -0.00818794, 0.0113216, 0, -0.00921288
19004, 0, 4.51076e-09, 0, 0, 4.57027e-06, 1.09549e-05, 5.81861e-05, 0, -0.00709004, 0.0125085, 0, -0.0076774
19014, 0, 4.51076e-09, 0, 0, 4.57027e-06, 1.09549e-05, 5.81861e-05, 0, -0.00632505, 0.0127627, 0, -0.0076774
19024, 0, 4.51076e-09, 0, 0, 4.57027e-06, 1.09549e-05, 5.81861e-05, 0, -0.00583751, 0.012367, 0, -0.0076774
19035, 0, 4.51076e-09, 0, 0, 4.57027e-06, 1.09549e-05, 5.81861e-05, 0, -0.00497366, 0.0127109, 0, -0.00614192
19044, 0, 4.51076e-09, 0, 0, 4.57027e-06, 1.09549e-05, 5.81861e-05, 0, -0.00441861, 0.012321, 0, -0.00614192
19054, 0, 4.51076e-09, 0, 0, 4.57027e-06, 1.09549e-05, 5.81861e-05, 0, -0.00411048, 0.0114596, 0, -0.00614192
19064, 0, 4.51076e-09, 0, 0, 4.57026e-06, 1.09549e-05, 5.81861e-05, 0, -0.00339324, 0.0114901, 0, -0.00460644
19075, 0, 4.51076e-09, 0, 0, 4.57026e-06, 1.09549e-05, 5.81861e-05, 0, -0.00295263, 0.0109114, 0, -0.00460644
19084, 0, 4.51076e-09, 0, 0, 4.57026e-06, 1.09549e-05, 5.81861e-05, 0, -0.00272943, 0.00995839, 0, -0.00460644
19094, 0, 4.51076e-09, 0, 0, 4.57026e-06, 1.09549e-05, 5.81861e-05, 0, -0.00266876, 0.00881576, 0, -0.00460644
19104, 0, 4.51076e-09, 0, 0, 4.57026e-06, 1.09549e-05, 5.81861e-05, 0, -0.00272246, 0.00762159, 0, -0.00460644
19115, 0, 4.51076e-09, 0, 0, 4.57026e-06, 1.09549e-05, 5.81861e-05, 0, -0.00225268, 0.0076268, 0, -0.00307096
19124, 0, 4.51076e-09, 0, 0, 4.57026e-06, 1.09549e-05, 5.81861e-05, 0, -0.00196528, 0.00723294, 0, -0.00307096
19134, 0, 4.51076e-09, 0, 0, 4.57026e-06, 1.09549e-05, 5.81861e-05, 0, -0.00182098, 0.00659492, 0, -0.00307096
19144, 0, 4.51076e-09, 0, 0, 4.57026e-06, 1.09549e-05, 5.81861e-05, 0, -0.0017835, 0.00583432, 0, -0.00307096
19154, 0, 4.51076e-09, 0, 0, 4.57026e-06, 1.09549e-05, 5.81861e-05, 0, -0.00182102, 0.00504189, 0, -0.00307096
19165, 0, 4.51076e-09, 0, 0, 4.57026e-06, 1.09549e-05, 5.81861e-05, 0, -0.00250431, 0.00312757, 0, -0.00460644
19174, 0, 4.51076e-09, 0, 0, 4.57026e-06, 1.09549e-05, 5.81861e-05, 0, -0.00307379, 0.00179369, 0, -0.00460644
19184, 0, 4.51076e-09, 0, 0, 4.57026e-06, 1.09549e-05, 5.81861e-05, 0, -0.00352765, 0.000943599, 0, -0.00460644
19194, 0, 4.51076e-09, 0, 0, 4.57026e-06, 1.09549e-05, 5.81861e-05, 0, -0.00387244, 0.000479054, 0, -0.00460644
19205, 0, 4.51076e-09, 0, 0, 4.57026e-06, 1.09549e-05, 5.81861e-05, 0, -0.00411997, 0.000307408, 0, -0.00460644
19214, 0, 4.51076e-09, 0, 0, 4.57026e-06, 1.09549e-05, 5.81861e-05, 0, -0.00428483, 0.000346045, 0, -0.00460644
19224, 0, 4.51076e-09, 0, 0, 4.57026e-06, 1.09549e-05, 5.81861e-05, 0, -0.00438248, 0.000524729, 0, -0.00460644
19234, 0, 4.51076e-09, 0, 0, 4.57026e-06, 1.09549e-05, 5.81861e-05, 0, -0.00442794, 0.000786363, 0, -0.00460644
19245, 0, 4.51076e-09, 0, 0, 4.57027e-06, 1.09549e-05, 5.81861e-05, 0, -0.00503236, -6.71436e-05, 0, -0.00614192
19254, 0, 4.51076e-09, 0, 0, 4.57027e-06, 1.09549e-05, 5.81861e-05, 0, -0.0054694, -0.000407198, 0, -0.00614192
19264, 0, 4.51076e-09, 0, 0, 4.57027e-06, 1.09549e-05, 5.81861e-05, 0, -0.00576341, -0.000375984, 0, -0.00614192
19274, 0, 4.51076e-09, 0, 0, 4.57027e-06, 1.09549e-05, 5.81861e-05, 0, -0.00594055, -9.50106e-05, 0, -0.00614192
19284, 0, 4.51076e-09, 0, 0, 4.57027e-06, 1.09549e-05, 5.81861e-05, 0, -0.00602644, 0.000336439, 0, -0.00614192
19294, 0, 4.51076e-09, 0, 0, 4.57027e-06, 1.09549e-05, 5.81861e-05, 0, -0.00604465, 0.000840859, 0, -0.00614192
19304, 0, 4.51076e-09, 0, 0, 4.57027e-06, 1.09549e-05, 5.81861e-05, 0, -0.00601571, 0.00136075, 0, -0.00614192
19314, 0, 4.51076e-09, 0, 0, 4.57027e-06, 1.09549e-05, 5.81861e-05, 0, -0.00595673, 0.00185605, 0, -0.00614192
19324, 0, 4.51076e-09, 0, 0, 4.57027e-06, 1.09549e-05, 5.81861e-05, 0, -0.00588136, 0.00230125, 0, -0.00614192
19335, 0, 4.51076e-09, 0, 0, 4.57027e-06, 1.09549e-05, 5.81861e-05, 0, -0.00579996, 0.00268243, 0, -0.00614192
19344, 0, 4.51076e-09, 0, 0, 4.57027e-06, 1.09549e-05, 5.81861e-05, 0, -0.00571995, 0.00299445, 0, -0.00614192
19354, 0, 4.51076e-09, 0, 0, 4.57027e-06, 1.09549e-05, 5.81861e-05, 0, -0.00564629, 0.0032385, 0, -0.00614192
19364, 0, 4.51076e-09, 0, 0, 4.57027e-06, 1.09549e-05, 5.81861e-05, 0, -0.0055819, 0.00341998, 0, -0.00614192
19375, 0, 4.51076e-09, 0, 0, 4.57027e-06, 1.09549e-05, 5.81861e-05, 0, -0.00552815, 0.00354676, 0, -0.00614192
19384, 0, 4.51076e-09, 0, 0, 4.57027e-06, 1.09549e-05, 5.81861e-05, 0, -0.00548525, 0.00362788, 0, -0.00614192
19394, 0, 4.51076e-09, 0, 0, 4.57027e-06, 1.09549e-05, 5.81861e-05, 0, -0.00545259, 0.00367256, 0, -0.00614192
19404, 0, 4.51076e-09, 0, 0, 4.57027e-06, 1.09549e-05, 5.81861e-05, 0, -0.00542909, 0.00368949, 0, -0.00614192
19415, 0, 4.51076e-09, 0, 0, 4.57027e-06, 1.09549e-05, 5.81861e-05, 0, -0.00541339, 0.00368646, 0, -0.00614192
19424, 0, 4.51076e-09, 0, 0, 4.57027e-06, 1.09549e-05, 5.81861e-05, 0, -0.00540404, 0.00367009, 0, -0.00614192
19434, 0, 4.51076e-09, 0, 0, 4.57027e-06, 1.09549e-05, 5.81861e-05, 0, -0.0048022, 0.00479954, 0, -0.00460644
19444, 0, 4.51076e-09, 0, 0, 4.57027e-06, 1.09549e-05, 5.81861e-05, 0, -0.00434482, 0.00541773, 0, -0.00460644
19454, 0, 4.51076e-09, 0, 0, 4.57027e-06, 1.09549e-05, 5.81861e-05, 0, -0.00401629, 0.00564737, 0, -0.00460644
19465, 0, 4.51076e-09, 0, 0, 4.57026e-06, 1.09549e-05, 5.81861e-05, 0, -0.00379735, 0.00559793, 0, -0.00460644
19474, 0, 4.51076e-09, 0, 0, 4.57026e-06, 1.09549e-05, 5.81861e-05, 0, -0.00366752, 0.00536249, 0, -0.00460644
19484, 0, 4.51076e-09, 0, 0, 4.57026e-06, 1.09549e-05, 5.81861e-05, 0, -0.0036069, 0.00501677, 0, -0.00460644
19494, 0, 4.51076e-09, 0, 0, 4.57026e-06, 1.09549e-05, 5.81861e-05, 0, -0.00359733, 0.00461955, 0, -0.00460644
19505, 0, 4.51076e-09, 0, 0, 4.57026e-06, 1.09549e-05, 5.81861e-05, 0, -0.00362304, 0.0042142, 0, -0.00460644
19514, 0, 4.51076e-09, 0, 0, 4.57026e-06, 1.09549e-05, 5.81861e-05, 0, -0.00367093, 0.00383069, 0, -0.00460644
19524, 0, 4.51076e-09, 0, 0, 4.57026e-06, 1.09549e-05, 5.81861e-05, 0, -0.00432808, 0.00233411, 0, -0.00614192
19534, 0, 4.51076e-09, 0, 0, 4.57026e-06, 1.09549e-05, 5.81861e-05, 0, -0.00484842, 0.00139577, 0, -0.00614192
19545, 0, 4.51076e-09, 0, 0, 4.57026e-06, 1.09549e-05, 5.81861e-05, 0, -0.00524083, 0.000899464, 0, -0.00614192
19554, 0, 4.51076e-09, 0, 0, 4.57026e-06, 1.09549e-05, 5.81861e-05, 0, -0.00551999, 0.00073651, 0, -0.00614192
19564, 0, 4.51076e-09, 0, 0, 4.57026e-06, 1.09549e-05, 5.81861e-05, 0, -0.00570347, 0.000810696, 0, -0.00614192
19574, 0, 4.51076e-09, 0, 0, 4.57027e-06, 1.09549e-05, 5.81861e-05, 0, -0.00580967, 0.00104075, 0, -0.00614192
19585, 0, 4.51076e-09, 0, 0, 4.57027e-06, 1.09549e-05, 5.81861e-05, 0, -0.00585628, 0.00136102, 0, -0.00614192
19594, 0, 4.51076e-09, 0, 0, 4.57027e-06, 1.09549e-05, 5.81861e-05, 0, -0.00585931, 0.00172089, 0, -0.00614192
19604, 0, 4.51076e-09, 0, 0, 4.57027e-06, 1.09549e-05, 5.81861e-05, 0, -0.00583258, 0.00208333, 0, -0.00614192
19614, 0, 4.51076e-09, 0, 0, 4.57027e-06, 1.09549e-05, 5.81861e-05, 0, -0.00578747, 0.00242307, 0, -0.00614192
19624, 0, 4.51076e-09, 0, 0, 4.57027e-06, 1.09549e-05, 5.81861e-05, 0, -0.00573292, 0.00272448, 0, -0.00614192
19635, 0, 4.51076e-09, 0, 0, 4.57027e-06, 1.09549e-05, 5.81861e-05, 0, -0.00567565, 0.00297955, 0, -0.00614192
19644, 0, 4.51076e-09, 0, 0, 4.57027e-06, 1.09549e-05, 5.81861e-05, 0, -0.00562041, 0.00318597, 0, -0.00614192
19654, 0, 4.51076e-09, 0, 0, 4.57027e-06, 1.09549e-05, 5.81861e-05, 0, -0.00557026, 0.00334547, 0, -0.00614192
19664, 0, 4.51076e-09, 0, 0, 4.57027e-06, 1.09549e-05, 5.81861e-05, 0, -0.00552696, 0.00346237, 0, -0.00614192
19675, 0, 4.51076e-09, 0, 0, 4.57027e-06, 1.09549e-05, 5.81861e-05, 0, -0.00549122, 0.00354248, 0, -0.00614192
19684, 0, 4.51076e-09, 0, 0, 4.57027e-06, 1.09549e-05, 5.81861e-05, 0, -0.00546303, 0.00359223, 0, -0.00614192
19694, 0, 4.51076e-09, 0, 0, 4.57027e-06, 1.09549e-05, 5.81861e-05, 0, -0.00544185, 0.00361802, 0, -0.00614192
19704, 0, 4.51076e-09, 0, 0, 4.57027e-06, 1.09549e-05, 5.81861e-05, 0, -0.00542686, 0.00362583, 0, -0.00614192
19715, 0, 4.51076e-09, 0, 0, 4.57027e-06, 1.09549e-05, 5.81861e-05, 0, -0.00541708, 0.0036209, 0, -0.00614192
19724, 0, 4.51076e-09, 0, 0, 4.57027e-06, 1.09549e-05, 5.81861e-05, 0, -0.0054115, 0.00360767, 0, -0.00614192
19734, 0, 4.51076e-09, 0, 0, 4.57027e-06, 1.09549e-05, 5.81861e-05, 0, -0.00540914, 0.0035897, 0, -0.00614192
19744, 0, 4.51076e-09, 0, 0, 4.57027e-06, 1.09549e-05, 5.81861e-05, 0, -0.00540913, 0.00356973, 0, -0.00614192
19755, 0, 4.51076e-09, 0, 0, 4.57027e-06, 1.09549e-05, 5.81861e-05, 0, -0.00541071, 0.00354974, 0, -0.00614192
19764, 0, 4.51076e-09, 0, 0, 4.57027e-06, 1.09549e-05, 5.81861e-05, 0, -0.00541326, 0.0035311, 0, -0.00614192
19774, 0, 4.51076e-09, 0, 0, 4.57027e-06, 1.09549e-05, 5.81861e-05, 0, -0.0054163, 0.00351462, 0, -0.00614192
19784, 0, 4.51076e-09, 0, 0, 4.57027e-06, 1.09549e-05, 5.81861e-05, 0, -0.00541947, 0.00350072, 0, -0.00614192
19794, 0, 4.51076e-09, 0, 0, 4.57027e-06, 1.09549e-05, 5.81861e-05, 0, -0.0054225, 0.00348952, 0, -0.00614192
19805, 0, 4.51076e-09, 0, 0, 4.57027e-06, 1.09549e-05, 5.81861e-05, 0, -0.00542525, 0.00348089, 0, -0.00614192
19815, 0, 4.51076e-09, 0, 0, 4.57027e-06, 1.09549e-05, 5.81861e-05, 0, -0.00542761, 0.0034746, 0, -0.00614192
19824, 0, 4.51076e-09, 0, 0, 4.57027e-06, 1.09549e-05, 5.81861e-05, 0, -0.00542956, 0.00347031, 0, -0.00614192
19834, 0, 4.51076e-09, 0, 0, 4.57027e-06, 1.09549e-05, 5.81861e-05, 0, -0.00543108, 0.00346768, 0, -0.00614192
19845, 0, 4.51076e-09, 0, 0, 4.57027e-06, 1.09549e-05, 5.81861e-05, 0, -0.00543223, 0.00346634, 0, -0.00614192
19854, 0, 4.51076e-09, 0, 0, 4.57027e-06, 1.09549e-05, 5.81861e-05, 0, -0.00543303, 0.00346597, 0, -0.00614192
19864, 0, 4.51076e-09, 0, 0, 4.57027e-06, 1.09549e-05, 5.81861e-05, 0, -0.00543355, 0.00346629, 0, -0.00614192
19874, 0, 4.51076e-09, 0, 0, 4.57027e-06, 1.09549e-05, 5.81861e-05, 0, -0.00543384, 0.00346705, 0, -0.00614192
19885, 0, 4.51076e-09, 0, 0, 4.57027e-06, 1.09549e-05, 5.81861e-05, 0, -0.00543396, 0.00346806, 0, -0.00614192
19894, 0, 4.51076e-09, 0, 0, 4.57027e-06, 1.09549e-05, 5.81861e-05, 0, -0.00543395, 0.00346916, 0, -0.00614192
19904, 0, 4.51076e-09, 0, 0, 4.57027e-06, 1.09549e-05, 5.81861e-05, 0, -0.00543386, 0.00347027, 0, -0.00614192
19914, 0, 4.51076e-09, 0, 0, 4.57027e-06, 1.09549e-05, 5.81861e-05, 0, -0.00543372, 0.00347129, 0, -0.00614192
19924, 0, 4.51076e-09, 0, 0, 4.57027e-06, 1.09549e-05, 5.81861e-05, 0, -0.00543355, 0.00347219, 0, -0.00614192
19934, 0, 4.51076e-09, 0, 0, 4.57027e-06, 1.09549e-05, 5.81861e-05, 0, -0.00543337, 0.00347295, 0, -0.00614192
19944, 0, 4.51076e-09, 0, 0, 4.57027e-06, 1.09549e-05, 5.81861e-05, 0, -0.00543321, 0.00347356, 0, -0.00614192
19954, 0, 4.51076e-09, 0, 0, 4.57027e-06, 1.09549e-05, 5.81861e-05, 0, -0.00543306, 0.00347402, 0, -0.00614192
19964, 0, 4.51076e-09, 0, 0, 4.57027e-06, 1.09549e-05, 5.81861e-05, 0, -0.00543293, 0.00347436, 0, -0.00614192
19975, 0, 4.51076e-09, 0, 0, 4.57027e-06, 1.09549e-05, 5.81861e-05, 0, -0.00543282, 0.00347459, 0, -0.00614192
19984, 0, 4.51076e-09, 0, 0, 4.57027e-06, 1.09549e-05, 5.81861e-05, 0, -0.00543274, 0.00347473, 0, -0.00614192
19994, 0, 4.51076e-09, 0, 0, 4.57027e-06, 1.09549e-05, 5.81861e-05, 0, -0.00543268, 0.0034748, 0, -0.00614192
20004, 0, 4.51076e-09, 0, 0, 4.57027e-06, 1.09549e-05, 5.81861e-05, 0, -0.00543263, 0.00347481, 0, -0.00614192
20015, 0, 4.51076e-09, 0, 0, 4.57027e-06, 1.09549e-05, 5.81861e-05, 0, -0.00543261, 0.00347479, 0, -0.00614192
20024, 0, 4.51076e-09, 0, 0, 4.57027e-06, 1.09549e-05, 5.81861e-05, 0, -0.00543259, 0.00347475, 0, -0.00614192
20034, 0, 4.51076e-09, 0, 0, 4.57027e-06, 1.09549e-05, 5.81861e-05, 0, -0.00543259, 0.00347469, 0, -0.00614192
20044, 0, 4.51076e-09, 0, 0, 4.57027e-06, 1.09549e-05, 5.81861e-05, 0, -0.00543259, 0.00347463, 0, -0.00614192
20055, 0, 4.51076e-09, 0, 0, 4.57027e-06, 1.09549e-05, 5.81861e-05, 0, -0.00543259, 0.00347457, 0, -0.00614192
20064, 0, 4.51076e-09, 0, 0, 4.57027e-06, 1.09549e-05, 5.81861e-05, 0, -0.0054326, 0.00347452, 0, -0.00614192
20074, 0, 4.51076e-09, 0, 0, 4.57027e-06, 1.09549e-05, 5.81861e-05, 0, -0.00543261, 0.00347447, 0, -0.00614192
20084, 0, 4.51076e-09, 0, 0, 4.57027e-06, 1.09549e-05, 5.81861e-05, 0, -0.00543262, 0.00347443, 0, -0.00614192
20094, 0, 4.51076e-09, 0, 0, 4.57027e-06, 1.09549e-05, 5.81861e-05, 0, -0.00543263, 0.00347439, 0, -0.00614192
20105, 0, 4.51076e-09, 0, 0, 4.57027e-06, 1.09549e-05, 5.81861e-05, 0, -0.00543264, 0.00347437, 0, -0.00614192
20114, 0, 4.51076e-09, 0, 0, 4.57027e-06, 1.09549e-05, 5.81861e-05, 0, -0.00543264, 0.00347435, 0, -0.00614192
20124, 0, 4.51076e-09, 0, 0, 4.57027e-06, 1.09549e-05, 5.81861e-05, 0, -0.00543265, 0.00347434, 0, -0.00614192
20134, 0, 4.51076e-09, 0, 0, 4.57027e-06, 1.09549e-05, 5.81861e-05, 0, -0.00543265, 0.00347433, 0, -0.00614192
20145, 0, 4.51076e-09, 0, 0, 4.57027e-06, 1.09549e-05, 5.81861e-05, 0, -0.00543266, 0.00347433, 0, -0.00614192
20154, 0, 4.51076e-09, 0, 0, 4.57027e-06, 1.09549e-05, 5.81861e-05, 0, -0.00543266, 0.00347433, 0, -0.00614192
20164, 0, 4.51076e-09, 0, 0, 4.57027e-06, 1.09549e-05, 5.81861e-05, 0, -0.00543266, 0.00347433, 0, -0.00614192
20174, 0, 4.51076e-09, 0, 0, 4.57027e-06, 1.09549e-05, 5.81861e-05, 0, -0.00543266, 0.00347433, 0, -0.00614192
20185, 0, 4.51076e-09, 0, 0, 4.57027e-06, 1.09549e-05, 5.81861e-05, 0, -0.00543266, 0.00347433, 0, -0.00614192
20194, 0, 4.51076e-09, 0, 0, 4.57027e-06, 1.09549e-05, 5.81861e-05, 0, -0.00543266, 0.00347434, 0, -0.00614192
20204, 0, 4.51076e-09, 0, 0, 4.57027e-06, 1.09549e-05, 5.81861e-05, 0, -0.00543266, 0.00347434, 0, -0.00614192
20214, 0, 4.51076e-09, 0, 0, 4.57027e-06, 1.09549e-05, 5.81861e-05, 0, -0.00543266, 0.00347434, 0, -0.00614192
20225, 0, 4.51076e-09, 0, 0, 4.57027e-06, 1.09549e-05, 5.81861e-05, 0, -0.00543266, 0.00347434, 0, -0.00614192
20234, 0, 4.51076e-09, 0, 0, 4.57027e-06, 1.09549e-05, 5.81861e-05, 0, -0.00543266, 0.00347435, 0, -0.00614192
20244, 0, 4.51076e-09, 0, 0, 4.57027e-06, 1.09549e-05, 5.81861e-05, 0, -0.00543266, 0.00347435, 0, -0.00614192
20254, 0, 4.51076e-09, 0, 0, 4.57027e-06, 1.09549e-05, 5.81861e-05, 0, -0.00543266, 0.00347435, 0, -0.00614192
20264, 0, 4.51076e-09, 0, 0, 4.57027e-06, 1.09549e-05, 5.81861e-05, 0, -0.00543266, 0.00347435, 0, -0.00614192
20275, 0, 4.51076e-09, 0, 0, 4.57027e-06, 1.09549e-05, 5.81861e-05, 0, -0.00543266, 0.00347435, 0, -0.00614192
20284, 0, 4.51076e-09, 0, 0, 4.57027e-06, 1.09549e-05, 5.81861e-05, 0, -0.00543266, 0.00347435, 0, -0.00614192
20294, 0, 4.51076e-09, 0, 0, 4.57027e-06, 1.09549e-05, 5.81861e-05, 0, -0.00543266, 0.00347435, 0, -0.00614192
20304, 0, 4.51076e-09, 0, 0, 4.57027e-06, 1.09549e-05, 5.81861e-05, 0, -0.00543266, 0.00347435, 0, -0.00614192
20315, 0, 4.51076e-09, 0, 0, 4.57027e-06, 1.09549e-05, 5.81861e-05, 0, -0.00543266, 0.00347435, 0, -0.00614192
20324, 0, 4.51076e-09, 0, 0, 4.57027e-06, 1.09549e-05, 5.81861e-05, 0, -0.00543266, 0.00347435, 0, -0.00614192
20334, 0, 4.51076e-09, 0, 0, 4.57027e-06, 1.09549e-05, 5.81861e-05, 0, -0.00543266, 0.00347435, 0, -0.00614192
20344, 0, 4.51076e-09, 0, 0, 4.57027e-06, 1.09549e-05, 5.81861e-05, 0, -0.00543266, 0.00347435, 0, -0.00614192
20355, 0, 4.51076e-09, 0, 0, 4.57027e-06, 1.09549e-05, 5.81861e-05, 0, -0.00543266, 0.00347435, 0, -0.00614192
20364, 0, 4.51076e-09, 0, 0, 4.57027e-06, 1.09549e-05, 5.81861e-05, 0, -0.00543266, 0.00347435, 0, -0.00614192
20374, 0, 4.51076e-09, 0, 0, 4.57027e-06, 1.09549e-05, 5.81861e-05, 0, -0.00543266, 0.00347435, 0, -0.00614192
20384, 0, 4.51076e-09, 0, 0, 4.57027e-06, 1.09549e-05, 5.81861e-05, 0, -0.00543266, 0.00347435, 0, -0.00614192
20395, 0, 4.51076e-09, 0, 0, 4.57027e-06, 1.09549e-05, 5.81861e-05, 0, -0.00543266, 0.00347435, 0, -0.00614192
20404, 0, 4.51076e-09, 0, 0, 4.57027e-06, 1.09549e-05, 5.81861e-05, 0, -0.00543266, 0.00347435, 0, -0.00614192
20414, 0, 4.51076e-09, 0, 0, 4.57027e-06, 1.09549e-05, 5.81861e-05, 0, -0.00543266, 0.00347435, 0, -0.00614192
20424, 0, 4.51076e-09, 0, 0, 4.57027e-06, 1.09549e-05, 5.81861e-05, 0, -0.00543266, 0.00347435, 0, -0.00614192
20434, 0, 4.51076e-09, 0, 0, 4.57027e-06, 1.09549e-05, 5.81861e-05, 0, -0.00543266, 0.00347435, 0, -0.00614192
20445, 0, 4.51076e-09, 0, 0, 4.57027e-06, 1.09549e-05, 5.81861e-05, 0, -0.00543266, 0.00347435, 0, -0.00614192
20454, 0, 4.51076e-09, 0, 0, 4.57027e-06, 1.09549e-05, 5.81861e-05, 0, -0.00543266, 0.00347435, 0, -0.00614192
20464, 0, 4.51076e-09, 0, 0, 4.57027e-06, 1.09549e-05, 5.81861e-05, 0, -0.00543266, 0.00347435, 0, -0.00614192
20474, 0, 4.51076e-09, 0, 0, 4.57027e-06, 1.09549e-05, 5.81861e-05, 0, -0.00543266, 0.00347435, 0, -0.00614192
20485, 0, 4.51076e-09, 0, 0, 4.57027e-06, 1.09549e-05, 5.81861e-05, 0, -0.00543266, 0.00347435, 0, -0.00614192
20494, 0, 4.51076e-09, 0, 0, 4.57027e-06, 1.09549e-05, 5.81861e-05, 0, -0.00543266, 0.00347435, 0, -0.00614192
20504, 0, 4.51076e-09, 0, 0, 4.57027e-06, 1.09549e-05, 5.81861e-05, 0, -0.00543266, 0.00347435, 0, -0.00614192
20514, 0, 4.51076e-09, 0, 0, 4.57027e-06, 1.09549e-05, 5.81861e-05, 0, -0.00543266, 0.00347435, 0, -0.00614192
20525, 0, 4.51076e-09, 0, 0, 4.57027e-06, 1.09549e-05, 5.81861e-05, 0, -0.00543266, 0.00347435, 0, -0.00614192
20534, 0, 4.51076e-09, 0, 0, 4.57027e-06, 1.09549e-05, 5.81861e-05, 0, -0.00543266, 0.00347435, 0, -0.00614192
20544, 0, 4.51076e-09, 0, 0, 4.57027e-06, 1.09549e-05, 5.81861e-05, 0, -0.00543266, 0.00347435, 0, -0.00614192
20554, 0, 4.51076e-09, 0, 0, 4.57027e-06, 1.09549e-05, 5.81861e-05, 0, -0.00543266, 0.00347435, 0, -0.00614192
20564, 0, 4.51076e-09, 0, 0, 4.57027e-06, 1.09549e-05, 5.81861e-05, 0, -0.00543266, 0.00347435, 0, -0.00614192
20575, 0, 4.51076e-09, 0, 0, 4.57027e-06, 1.09549e-05, 5.81861e-05, 0, -0.00543266, 0.00347435, 0, -0.00614192
20584, 0, 4.51076e-09, 0, 0, 4.57027e-06, 1.09549e-05, 5.81861e-05, 0, -0.00543266, 0.00347435, 0, -0.00614192
20594, 0, 4.51076e-09, 0, 0, 4.57027e-06, 1.09549e-05, 5.81861e-05, 0, -0.00543266, 0.00347435, 0, -0.00614192
20604, 0, 4.51076e-09, 0, 0, 4.57027e-06, 1.09549e-05, 5.81861e-05, 0, -0.00543266, 0.00347435, 0, -0.00614192
20615, 0, 4.51076e-09, 0, 0, 4.57027e-06, 1.09549e-05, 5.81861e-05, 0, -0.00543266, 0.00347435, 0, -0.00614192
20624, 0, 4.51076e-09, 0, 0, 4.57027e-06, 1.09549e-05, 5.81861e-05, 0, -0.00543266, 0.00347435, 0, -0.00614192
20634, 0, 4.51076e-09, 0, 0, 4.57027e-06, 1.09549e-05, 5.81861e-05, 0, -0.00543266, 0.00347435, 0, -0.00614192
20644, 0, 4.51076e-09, 0, 0, 4.57027e-06, 1.09549e-05, 5.81861e-05, 0, -0.00543266, 0.00347435, 0, -0.00614192
20655, 0, 4.51076e-09, 0, 0, 4.57027e-06, 1.09549e-05, 5.81861e-05, 0, -0.00543266, 0.00347435, 0, -0.00614192
20664, 0, 4.51076e-09, 0, 0, 4.57027e-06, 1.09549e-05, 5.81861e-05, 0, -0.00543266, 0.00347435, 0, -0.00614192
20674, 0, 4.51076e-09, 0, 0, 4.57027e-06, 1.09549e-05, 5.81861e-05, 0, -0.00543266, 0.00347435, 0, -0.00614192
20684, 0, 4.51076e-09, 0, 0, 4.57027e-06, 1.09549e-05, 5.81861e-05, 0, -0.00543266, 0.00347435, 0, -0.00614192
20695, 0, 4.51076e-09, 0, 0, 4.57027e-06, 1.09549e-05, 5.81861e-05, 0, -0.00543266, 0.00347435, 0, -0.00614192
20704, 0, 4.51076e-09, 0, 0, 4.57027e-06, 1.09549e-05, 5.81861e-05, 0, -0.00543266, 0.00347435, 0, -0.00614192
20714, 0, 4.51076e-09, 0, 0, 4.57027e-06, 1.09549e-05, 5.81861e-05, 0, -0.00543266, 0.00347435, 0, -0.00614192
20724, 0, 4.51076e-09, 0, 0, 4.57027e-06, 1.09549e-05, 5.81861e-05, 0, -0.00543266, 0.00347435, 0, -0.00614192
20734, 0, 4.51076e-09, 0, 0, 4.57027e-06, 1.09549e-05, 5.81861e-05, 0, -0.00543266, 0.00347435, 0, -0.00614192
20744, 0, 4.51076e-09, 0, 0, 4.57027e-06, 1.09549e-05, 5.81861e-05, 0, -0.00543266, 0.00347435, 0, -0.00614192
20754, 0, 4.51076e-09, 0, 0, 4.57027e-06, 1.09549e-05, 5.81861e-05, 0, -0.00543266, 0.00347435, 0, -0.00614192
20764, 0, 4.51076e-09, 0, 0, 4.57027e-06, 1.09549e-05, 5.81861e-05, 0, -0.00543266, 0.00347435, 0, -0.00614192
20774, 0, 4.51076e-09, 0, 0, 4.57027e-06, 1.09549e-05, 5.81861e-05, 0, -0.00543266, 0.00347435, 0, -0.00614192
20785, 0, 4.51076e-09, 0, 0, 4.57027e-06, 1.09549e-05, 5.81861e-05, 0, -0.00543266, 0.00347435, 0, -0.00614192
20794, 0, 4.51076e-09, 0, 0, 4.57027e-06, 1.09549e-05, 5.81861e-05, 0, -0.00543266, 0.00347435, 0, -0.00614192
20804, 0, 4.51076e-09, 0, 0, 4.57027e-06, 1.09549e-05, 5.81861e-05, 0, -0.00543266, 0.00347435, 0, -0.00614192
20814, 0, 4.51076e-09, 0, 0, 4.57027e-06, 1.09549e-05, 5.81861e-05, 0, -0.00543266, 0.00347435, 0, -0.00614192
