QGPIORecord, QRC v6.1.0, 23-12-2021 @ 01:37:00, Windows 10 Version 2009, 10.0.22000, x86_64
Time, trajectoryV, VoltA, P12, P13, P22, P23, P33, x1, x2, x3, y1, y2
32913, 0, 0, 0, 0, 4.57026e-06, 1.09549e-05, 5.81861e-05, 0, 0, 0, 0, 0
32924, 0, 0, 0, 0, 4.57026e-06, 1.09549e-05, 5.81861e-05, 0, 0, 0, 0, 0
32933, 0, 0, 0, 0, 4.57026e-06, 1.09549e-05, 5.81861e-05, 0, 0, 0, 0, 0
32944, 0, 0, 0, 0, 4.57026e-06, 1.09549e-05, 5.81861e-05, 0, 0, 0, 0, 0
32954, 0, 0, 0, 0, 4.57026e-06, 1.09549e-05, 5.81861e-05, 0, 0, 0, 0, 0
32963, 0, 0, 0, 0, 4.57026e-06, 1.09549e-05, 5.81861e-05, 0, 0, 0, 0, 0
32973, 0, 0, 0, 0, 4.57026e-06, 1.09549e-05, 5.81861e-05, 0, 0, 0, 0, 0
32984, 0, 0, 0, 0, 4.57026e-06, 1.09549e-05, 5.81861e-05, 0, 0, 0, 0, 0
32994, 0, 0, 0, 0, 4.57026e-06, 1.09549e-05, 5.81861e-05, 0, 0, 0, 0, 0
33003, 0, 0, 0, 0, 4.57026e-06, 1.09549e-05, 5.81861e-05, 0, 0, 0, 0, 0
33013, 0, 0, 0, 0, 4.57026e-06, 1.09549e-05, 5.81861e-05, 0, 0, 0, 0, 0
33024, 0, 0, 0, 0, 4.57026e-06, 1.09549e-05, 5.81861e-05, 0, 0, 0, 0, 0
33034, 0, 0, 0, 0, 4.57026e-06, 1.09549e-05, 5.81861e-05, 0, 0, 0, 0, 0
33043, 0, 0, 0, 0, 4.57026e-06, 1.09549e-05, 5.81861e-05, 0, 0, 0, 0, 0
33053, 0, 0, 0, 0, 4.57026e-06, 1.09549e-05, 5.81861e-05, 0, 0, 0, 0, 0
33063, 0, 0, 0, 0, 4.57026e-06, 1.09549e-05, 5.81861e-05, 0, 0, 0, 0, 0
33074, 0, 0, 0, 0, 4.57026e-06, 1.09549e-05, 5.81861e-05, 0, 0, 0, 0, 0
33083, 0, 0, 0, 0, 4.57026e-06, 1.09549e-05, 5.81861e-05, 0, 0, 0, 0, 0
33093, 0, 0, 0, 0, 4.57026e-06, 1.09549e-05, 5.81861e-05, 0, 0, 0, 0, 0
33103, 0, 0, 0, 0, 4.57026e-06, 1.09549e-05, 5.81861e-05, 0, 0, 0, 0, 0
33114, 0, 0, 0, 0, 4.57026e-06, 1.09549e-05, 5.81861e-05, 0, 0, 0, 0, 0
33124, 0, 0, 0, 0, 4.57026e-06, 1.09549e-05, 5.81861e-05, 0, 0, 0, 0, 0
33133, 0, 0, 0, 0, 4.57026e-06, 1.09549e-05, 5.81861e-05, 0, 0, 0, 0, 0
33143, 0, 0, 0, 0, 4.57026e-06, 1.09549e-05, 5.81861e-05, 0, 0, 0, 0, 0
33154, 0, 0, 0, 0, 4.57026e-06, 1.09549e-05, 5.81861e-05, 0, 0, 0, 0, 0
33164, 0, 0, 0, 0, 4.57026e-06, 1.09549e-05, 5.81861e-05, 0, 0, 0, 0, 0
33173, 0, 0, 0, 0, 4.57026e-06, 1.09549e-05, 5.81861e-05, 0, 0, 0, 0, 0
33183, 0, 0, 0, 0, 4.57026e-06, 1.09549e-05, 5.81861e-05, 0, 0, 0, 0, 0
33193, 0, 0, 0, 0, 4.57026e-06, 1.09549e-05, 5.81861e-05, 0, 0, 0, 0, 0
33204, 0, 0, 0, 0, 4.57026e-06, 1.09549e-05, 5.81861e-05, 0, 0, 0, 0, 0
33214, 0, 0, 0, 0, 4.57026e-06, 1.09549e-05, 5.81861e-05, 0, 0, 0, 0, 0
33223, 0, 0, 0, 0, 4.57026e-06, 1.09549e-05, 5.81861e-05, 0, 0, 0, 0, 0
33233, 0, 0, 0, 0, 4.57026e-06, 1.09549e-05, 5.81861e-05, 0, 0, 0, 0, 0
33244, 0, 0, 0, 0, 4.57026e-06, 1.09549e-05, 5.81861e-05, 0, 0, 0, 0, 0
33254, 0, 0, 0, 0, 4.57026e-06, 1.09549e-05, 5.81861e-05, 0, 0, 0, 0, 0
33263, 0, 0, 0, 0, 4.57026e-06, 1.09549e-05, 5.81861e-05, 0, 0, 0, 0, 0
33273, 0, 0, 0, 0, 4.57026e-06, 1.09549e-05, 5.81861e-05, 0, 0, 0, 0, 0
33284, 0, 0, 0, 0, 4.57026e-06, 1.09549e-05, 5.81861e-05, 0, 0, 0, 0, 0
33294, 0, 0, 0, 0, 4.57026e-06, 1.09549e-05, 5.81861e-05, 0, 0, 0, 0, 0
33303, 0, 0, 0, 0, 4.57026e-06, 1.09549e-05, 5.81861e-05, 0, 0, 0, 0, 0
33313, 0, 0, 0, 0, 4.57026e-06, 1.09549e-05, 5.81861e-05, 0, 0, 0, 0, 0
33324, 0, 0, 0, 0, 4.57026e-06, 1.09549e-05, 5.81861e-05, 0, 0, 0, 0, 0
33334, 0, 0, 0, 0, 4.57026e-06, 1.09549e-05, 5.81861e-05, 0, 0, 0, 0, 0
33343, 0, 0, 0, 0, 4.57026e-06, 1.09549e-05, 5.81861e-05, 0, 0, 0, 0, 0
33353, 0, 0, 0, 0, 4.57026e-06, 1.09549e-05, 5.81861e-05, 0, 0, 0, 0, 0
33363, 0, 0, 0, 0, 4.57026e-06, 1.09549e-05, 5.81861e-05, 0, 0, 0, 0, 0
33374, 0, 0, 0, 0, 4.57026e-06, 1.09549e-05, 5.81861e-05, 0, 0, 0, 0, 0
33383, 0, 0, 0, 0, 4.57026e-06, 1.09549e-05, 5.81861e-05, 0, 0, 0, 0, 0
33393, 0, 0, 0, 0, 4.57026e-06, 1.09549e-05, 5.81861e-05, 0, 0, 0, 0, 0
33403, 0, 0, 0, 0, 4.57026e-06, 1.09549e-05, 5.81861e-05, 0, 0, 0, 0, 0
33414, 0, 0, 0, 0, 4.57026e-06, 1.09549e-05, 5.81861e-05, 0, 0, 0, 0, 0
33424, 0, 0, 0, 0, 4.57026e-06, 1.09549e-05, 5.81861e-05, 0, 0, 0, 0, 0
33433, 0, 0, 0, 0, 4.57026e-06, 1.09549e-05, 5.81861e-05, 0, 0, 0, 0, 0
33443, 0, 0, 0, 0, 4.57026e-06, 1.09549e-05, 5.81861e-05, 0, 0, 0, 0, 0
33454, 0, 0, 0, 0, 4.57026e-06, 1.09549e-05, 5.81861e-05, 0, 0, 0, 0, 0
33464, 0, 0, 0, 0, 4.57026e-06, 1.09549e-05, 5.81861e-05, 0, 0, 0, 0, 0
33473, 0, 0, 0, 0, 4.57026e-06, 1.09549e-05, 5.81861e-05, 0, 0, 0, 0, 0
33483, 0, 0, 0, 0, 4.57026e-06, 1.09549e-05, 5.81861e-05, 0, 0, 0, 0, 0
33494, 0, 0, 0, 0, 4.57026e-06, 1.09549e-05, 5.81861e-05, 0, 0, 0, 0, 0
33504, 0, 0, 0, 0, 4.57026e-06, 1.09549e-05, 5.81861e-05, 0, 0, 0, 0, 0
33513, 0, 0, 0, 0, 4.57026e-06, 1.09549e-05, 5.81861e-05, 0, 0, 0, 0, 0
33523, 0, 0, 0, 0, 4.57026e-06, 1.09549e-05, 5.81861e-05, 0, 0, 0, 0, 0
33533, 0, 0, 0, 0, 4.57026e-06, 1.09549e-05, 5.81861e-05, 0, 0, 0, 0, 0
33544, 0, 0, 0, 0, 4.57026e-06, 1.09549e-05, 5.81861e-05, 0, 0, 0, 0, 0
33553, 0, 0, 0, 0, 4.57026e-06, 1.09549e-05, 5.81861e-05, 0, 0, 0, 0, 0
33563, 0, 0, 0, 0, 4.57026e-06, 1.09549e-05, 5.81861e-05, 0, 0, 0, 0, 0
33573, 0, 0, 0, 0, 4.57026e-06, 1.09549e-05, 5.81861e-05, 0, 0, 0, 0, 0
33584, 0, 0, 0, 0, 4.57026e-06, 1.09549e-05, 5.81861e-05, 0, 0, 0, 0, 0
33594, 0, 0, 0, 0, 4.57026e-06, 1.09549e-05, 5.81861e-05, 0, 0, 0, 0, 0
33603, 0, 0, 0, 0, 4.57026e-06, 1.09549e-05, 5.81861e-05, 0, 0, 0, 0, 0
33613, 0, 0, 0, 0, 4.57026e-06, 1.09549e-05, 5.81861e-05, 0, 0, 0, 0, 0
33624, 0, 0, 0, 0, 4.57026e-06, 1.09549e-05, 5.81861e-05, 0, 0, 0, 0, 0
33634, 0, 0, 0, 0, 4.57026e-06, 1.09549e-05, 5.81861e-05, 0, 0, 0, 0, 0
33643, 0, 0, 0, 0, 4.57026e-06, 1.09549e-05, 5.81861e-05, 0, 0, 0, 0, 0
33653, 0, 0, 0, 0, 4.57026e-06, 1.09549e-05, 5.81861e-05, 0, 0, 0, 0, 0
33664, 0, 0, 0, 0, 4.57026e-06, 1.09549e-05, 5.81861e-05, 0, 0, 0, 0, 0
33674, 0, 0, 0, 0, 4.57026e-06, 1.09549e-05, 5.81861e-05, 0, 0, 0, 0, 0
33683, 0, 0, 0, 0, 4.57026e-06, 1.09549e-05, 5.81861e-05, 0, 0, 0, 0, 0
33693, 0, 0, 0, 0, 4.57026e-06, 1.09549e-05, 5.81861e-05, 0, 0, 0, 0, 0
33703, 0, 0, 0, 0, 4.57026e-06, 1.09549e-05, 5.81861e-05, 0, 0, 0, 0, 0
33714, 0, 0, 0, 0, 4.57026e-06, 1.09549e-05, 5.81861e-05, 0, 0, 0, 0, 0
33723, 0, 0, 0, 0, 4.57026e-06, 1.09549e-05, 5.81861e-05, 0, 0, 0, 0, 0
33733, 0, 0, 0, 0, 4.57026e-06, 1.09549e-05, 5.81861e-05, 0, 0, 0, 0, 0
33743, 0, 0, 0, 0, 4.57026e-06, 1.09549e-05, 5.81861e-05, 0, 0, 0, 0, 0
33754, 0, 0, 0, 0, 4.57026e-06, 1.09549e-05, 5.81861e-05, 0, 0, 0, 0, 0
33764, 0, 0, 0, 0, 4.57026e-06, 1.09549e-05, 5.81861e-05, 0, 0, 0, 0, 0
33773, 0, 0, 0, 0, 4.57026e-06, 1.09549e-05, 5.81861e-05, 0, 0, 0, 0, 0
33783, 0, 0, 0, 0, 4.57026e-06, 1.09549e-05, 5.81861e-05, 0, 0, 0, 0, 0
33794, 0, 0, 0, 0, 4.57026e-06, 1.09549e-05, 5.81861e-05, 0, 0, 0, 0, 0
33804, 0, 0, 0, 0, 4.57026e-06, 1.09549e-05, 5.81861e-05, 0, 0, 0, 0, 0
33813, 0, 0, 0, 0, 4.57026e-06, 1.09549e-05, 5.81861e-05, 0, 0, 0, 0, 0
33823, 0, 0, 0, 0, 4.57026e-06, 1.09549e-05, 5.81861e-05, 0, 0, 0, 0, 0
33833, 0, 0, 0, 0, 4.57026e-06, 1.09549e-05, 5.81861e-05, 0, 0, 0, 0, 0
33844, 0, 0, 0, 0, 4.57026e-06, 1.09549e-05, 5.81861e-05, 0, 0, 0, 0, 0
33853, 0, 0, 0, 0, 4.57026e-06, 1.09549e-05, 5.81861e-05, 0, 0, 0, 0, 0
33863, 0, 0, 0, 0, 4.57026e-06, 1.09549e-05, 5.81861e-05, 0, 0, 0, 0, 0
33873, 0, 0, 0, 0, 4.57026e-06, 1.09549e-05, 5.81861e-05, 0, 0, 0, 0, 0
34224, 0, 0, 0, 0, 4.57026e-06, 1.09549e-05, 5.81861e-05, 0.0280011, -0.222407, 0, 0, 0
34234, 0, 2.305, 0, 0, 4.57026e-06, 1.09549e-05, 5.81861e-05, 0.0349674, -0.32866, 0.188935, 0, 0
34244, 0, 4.376, 0, 0, 4.57026e-06, 1.09549e-05, 5.81861e-05, 0.0342778, -0.349681, 0.468132, 0.000462824, 0
34253, 0, 4.047, 0, 0, 4.57026e-06, 1.09549e-05, 5.81861e-05, 0.0313899, -0.313821, 0.765186, 0.00161988, 0
34264, 0, 2.023, 0, 0, 4.57026e-06, 1.09549e-05, 5.81861e-05, 0.0285792, -0.246834, 1.03062, 0.00335547, -0.00153548
34274, 0, 0.752, 0, 0, 4.57026e-06, 1.09549e-05, 5.81861e-05, 0.0264023, -0.169874, 1.23685, 0.00485965, -0.00460644
34284, 0, 1.223, 0, 0, 4.57026e-06, 1.09549e-05, 5.81861e-05, 0.0248435, -0.0991146, 1.37308, 0.00566959, -0.0107484
34294, 0, 4.282, 0, 0, 4.57026e-06, 1.09549e-05, 5.81861e-05, 0.0239797, -0.0424546, 1.44574, 0.00613242, -0.0153548
34304, 0, 7.905, 0, 0, 4.57026e-06, 1.09549e-05, 5.81861e-05, 0.0243397, -0.00369045, 1.46565, 0.00740518, -0.0214967
34314, 0, 9.788, 0, 0, 4.57026e-06, 1.09549e-05, 5.81861e-05, 0.0261912, 0.0180653, 1.44802, 0.00995071, -0.0276386
34324, 0, 10.729, 0, 0, 4.57026e-06, 1.09549e-05, 5.81861e-05, 0.0296019, 0.0259723, 1.40729, 0.0140004, -0.0337806
34334, 0, 10.588, 0, 0, 4.57026e-06, 1.09549e-05, 5.81861e-05, 0.0344326, 0.022657, 1.35292, 0.0194386, -0.0429934
34344, 0, 10.823, 0, 0, 4.57026e-06, 1.09549e-05, 5.81861e-05, 0.04009, 0.0119848, 1.29445, 0.0254553, -0.0522063
34354, 0, 11.435, 0, 0, 4.57026e-06, 1.09549e-05, 5.81861e-05, 0.0461928, -0.00343159, 1.23696, 0.0318191, -0.0629547
34364, 0, 12, 0, 0, 4.57026e-06, 1.09549e-05, 5.81861e-05, 0.0525856, -0.0215136, 1.18334, 0.0385301, -0.0752385
34374, 0, 12, 0, 0, 4.57026e-06, 1.09549e-05, 5.81861e-05, 0.0591986, -0.0400814, 1.13585, 0.0455882, -0.0875224
34384, 0, 12, 0, 0, 4.57026e-06, 1.09549e-05, 5.81861e-05, 0.0660847, -0.0582866, 1.09375, 0.053109, -0.101342
34394, 0, 12, 0, 0, 4.57026e-06, 1.09549e-05, 5.81861e-05, 0.0730761, -0.075281, 1.05674, 0.0607456, -0.115161
34404, 0, 12, 0, 0, 4.57026e-06, 1.09549e-05, 5.81861e-05, 0.0800738, -0.0914604, 1.02262, 0.0683822, -0.130516
34414, 0, 12, 0, 0, 4.57026e-06, 1.09549e-05, 5.81861e-05, 0.0870521, -0.106739, 0.990706, 0.0760188, -0.145871
34424, 0, 12, 0, 0, 4.57026e-06, 1.09549e-05, 5.81861e-05, 0.0941404, -0.121087, 0.960236, 0.0838868, -0.161225
34434, 0, 12, 0, 0, 4.57026e-06, 1.09549e-05, 5.81861e-05, 0.101187, -0.134063, 0.931571, 0.0916391, -0.175045
34444, 0, 12, 0, 0, 4.57026e-06, 1.09549e-05, 5.81861e-05, 0.108292, -0.146671, 0.902391, 0.0995071, -0.1904
34454, 0, 12, 0, 0, 4.57026e-06, 1.09549e-05, 5.81861e-05, 0.115363, -0.159214, 0.872385, 0.107259, -0.205754
34464, 0, 10.776, 0, 0, 4.57026e-06, 1.09549e-05, 5.81861e-05, 0.122486, -0.171137, 0.842649, 0.115127, -0.219574
34475, 0, 10.07, 0, 0, 4.57026e-06, 1.09549e-05, 5.81861e-05, 0.129491, -0.182109, 0.813812, 0.122764, -0.231858
34484, 0, 8.988, 0, 0, 4.57026e-06, 1.09549e-05, 5.81861e-05, 0.136199, -0.192689, 0.785065, 0.129938, -0.244141
34494, 0, 8.894, 0, 0, 4.57026e-06, 1.09549e-05, 5.81861e-05, 0.142407, -0.202776, 0.75723, 0.136417, -0.25489
34504, 0, 9.411, 0, 0, 4.57026e-06, 1.09549e-05, 5.81861e-05, 0.14818, -0.212812, 0.729888, 0.142434, -0.265638
34514, 0, 9.505, 0, 0, 4.57026e-06, 1.09549e-05, 5.81861e-05, 0.153722, -0.222237, 0.704148, 0.148335, -0.274851
34524, 0, 8.705, 0, 0, 4.57026e-06, 1.09549e-05, 5.81861e-05, 0.15924, -0.231095, 0.679493, 0.154352, -0.284064
34534, 0, 7.952, 0, 0, 4.57026e-06, 1.09549e-05, 5.81861e-05, 0.164528, -0.23829, 0.657747, 0.160021, -0.290206
34544, 0, 7.2, 0, 0, 4.57026e-06, 1.09549e-05, 5.81861e-05, 0.169596, -0.244319, 0.637499, 0.16546, -0.296348
34554, 0, 7.152, 0, 0, 4.57026e-06, 1.09549e-05, 5.81861e-05, 0.174382, -0.249043, 0.61891, 0.170551, -0.300954
34564, 0, 6.635, 0, 0, 4.57026e-06, 1.09549e-05, 5.81861e-05, 0.179056, -0.252222, 0.602028, 0.175642, -0.304025
34574, 0, 5.552, 0, 0, 4.57026e-06, 1.09549e-05, 5.81861e-05, 0.183598, -0.252373, 0.589, 0.180617, -0.30249
34584, 0, 4.611, 0, 0, 4.57026e-06, 1.09549e-05, 5.81861e-05, 0.187819, -0.249899, 0.578408, 0.18513, -0.299419
34594, 0, 4.423, 0, 0, 4.57026e-06, 1.09549e-05, 5.81861e-05, 0.191773, -0.243834, 0.571483, 0.189411, -0.291741
34604, 0, 3.811, 0, 0, 4.57026e-06, 1.09549e-05, 5.81861e-05, 0.19549, -0.234138, 0.567481, 0.19346, -0.280993
34614, 0, 2.823, 0, 0, 4.57026e-06, 1.09549e-05, 5.81861e-05, 0.198966, -0.219551, 0.567935, 0.197279, -0.264103
34624, 0, 2.588, 0, 0, 4.57026e-06, 1.09549e-05, 5.81861e-05, 0.202025, -0.200688, 0.570996, 0.200518, -0.244141
34634, 0, 2.588, 0, 0, 4.57026e-06, 1.09549e-05, 5.81861e-05, 0.204674, -0.17749, 0.576493, 0.203295, -0.219574
34644, 0, 2.635, 0, 0, 4.57026e-06, 1.09549e-05, 5.81861e-05, 0.207058, -0.150525, 0.583051, 0.205841, -0.191935
34654, 0, 2.352, 0, 0, 4.57026e-06, 1.09549e-05, 5.81861e-05, 0.209353, -0.119489, 0.590931, 0.208386, -0.15969
34664, 0, 1.552, 0, 0, 4.57026e-06, 1.09549e-05, 5.81861e-05, 0.211503, -0.0849153, 0.598983, 0.210701, -0.124374
34674, 0, 1.317, 0, 0, 4.57026e-06, 1.09549e-05, 5.81861e-05, 0.213559, -0.0472329, 0.606508, 0.212899, -0.0859869
34684, 0, 0.894, 0, 0, 4.57026e-06, 1.09549e-05, 5.81861e-05, 0.215411, -0.00686892, 0.613173, 0.21475, -0.0445289
34694, 0, 1.176, 0, 0, 4.57026e-06, 1.09549e-05, 5.81861e-05, 0.21703, 0.0351915, 0.617854, 0.216254, -0.00153548
34704, 0, 1.647, 0, 0, 4.57026e-06, 1.09549e-05, 5.81861e-05, 0.21846, 0.0789802, 0.621418, 0.217527, 0.0445289
34714, 0, 2.117, 0, 0, 4.57026e-06, 1.09549e-05, 5.81861e-05, 0.219913, 0.12415, 0.62355, 0.218916, 0.0921288
34724, 0, 1.882, 0, 0, 4.57026e-06, 1.09549e-05, 5.81861e-05, 0.221482, 0.169171, 0.621924, 0.22042, 0.138193
34734, 0, 1.741, 0, 0, 4.57026e-06, 1.09549e-05, 5.81861e-05, 0.222989, 0.214098, 0.617818, 0.221693, 0.185793
34744, 0, 2.494, 0, 0, 4.57026e-06, 1.09549e-05, 5.81861e-05, 0.224522, 0.25719, 0.609006, 0.222965, 0.230322
34754, 0, 2.964, 0, 0, 4.57026e-06, 1.09549e-05, 5.81861e-05, 0.226113, 0.297207, 0.594739, 0.224238, 0.27178
34764, 0, 3.576, 0, 0, 4.57026e-06, 1.09549e-05, 5.81861e-05, 0.227756, 0.334079, 0.576475, 0.225511, 0.311703
34774, 0, 4.376, 0, 0, 4.57026e-06, 1.09549e-05, 5.81861e-05, 0.229583, 0.366756, 0.553425, 0.227015, 0.347019
34784, 0, 4.8, 0, 0, 4.57026e-06, 1.09549e-05, 5.81861e-05, 0.231699, 0.394658, 0.525691, 0.228866, 0.377728
34794, 0, 4.894, 0, 0, 4.57026e-06, 1.09549e-05, 5.81861e-05, 0.234058, 0.418161, 0.495021, 0.230949, 0.405367
34804, 0, 5.27, 0, 0, 4.57026e-06, 1.09549e-05, 5.81861e-05, 0.236715, 0.43643, 0.460539, 0.233379, 0.426864
34813, 0, 5.317, 0, 0, 4.57026e-06, 1.09549e-05, 5.81861e-05, 0.239612, 0.449533, 0.423228, 0.23604, 0.443754
34824, 0, 5.6, 0, 0, 4.57026e-06, 1.09549e-05, 5.81861e-05, 0.242646, 0.458275, 0.38517, 0.238817, 0.457573
34834, 0, 6.07, 0, 0, 4.57026e-06, 1.09549e-05, 5.81861e-05, 0.245798, 0.461352, 0.344301, 0.24171, 0.463715
34844, 0, 6.588, 0, 0, 4.57026e-06, 1.09549e-05, 5.81861e-05, 0.249103, 0.459834, 0.303125, 0.244834, 0.466786
34854, 0, 6.776, 0, 0, 4.57026e-06, 1.09549e-05, 5.81861e-05, 0.252632, 0.45407, 0.262086, 0.248305, 0.465251
34864, 0, 6.541, 0, 0, 4.57026e-06, 1.09549e-05, 5.81861e-05, 0.256356, 0.443603, 0.220174, 0.252008, 0.457573
34874, 0, 6.447, 0, 0, 4.57026e-06, 1.09549e-05, 5.81861e-05, 0.260131, 0.428594, 0.177923, 0.25571, 0.445289
34884, 0, 6.729, 0, 0, 4.57026e-06, 1.09549e-05, 5.81861e-05, 0.263902, 0.409173, 0.135732, 0.259413, 0.428399
34894, 0, 6.729, 0, 0, 4.57026e-06, 1.09549e-05, 5.81861e-05, 0.267767, 0.386243, 0.0950399, 0.263347, 0.408438
34904, 0, 6.87, 0, 0, 4.57026e-06, 1.09549e-05, 5.81861e-05, 0.271646, 0.359071, 0.0542127, 0.267281, 0.382335
34914, 0, 6.682, 0, 0, 4.57026e-06, 1.09549e-05, 5.81861e-05, 0.275491, 0.329022, 0.0157008, 0.271215, 0.354696
34924, 0, 6.635, 0, 0, 4.57026e-06, 1.09549e-05, 5.81861e-05, 0.279368, 0.295208, -0.0226679, 0.275265, 0.320915
34934, 0, 6.164, 0, 0, 4.57026e-06, 1.09549e-05, 5.81861e-05, 0.283284, 0.258867, -0.0588477, 0.27943, 0.285599
34945, 0, 5.552, 0, 0, 4.57026e-06, 1.09549e-05, 5.81861e-05, 0.28705, 0.220138, -0.0929997, 0.283364, 0.247212
34954, 0, 5.317, 0, 0, 4.57026e-06, 1.09549e-05, 5.81861e-05, 0.290787, 0.179852, -0.12425, 0.287414, 0.20729
34964, 0, 4.988, 0, 0, 4.57026e-06, 1.09549e-05, 5.81861e-05, 0.294335, 0.139132, -0.151274, 0.291232, 0.167367
34974, 0, 4.517, 0, 0, 4.57026e-06, 1.09549e-05, 5.81861e-05, 0.29772, 0.0974268, -0.176012, 0.294935, 0.124374
34984, 0, 3.952, 0, 0, 4.57026e-06, 1.09549e-05, 5.81861e-05, 0.300993, 0.0569066, -0.19532, 0.298637, 0.0844514
34994, 0, 2.964, 0, 0, 4.57026e-06, 1.09549e-05, 5.81861e-05, 0.303987, 0.017705, -0.210203, 0.301993, 0.0445289
35004, 0, 2.305, 0, 0, 4.57026e-06, 1.09549e-05, 5.81861e-05, 0.306712, -0.0195915, -0.220628, 0.305117, 0.00614192
35014, 0, 2.164, 0, 0, 4.57026e-06, 1.09549e-05, 5.81861e-05, 0.30904, -0.0540999, -0.225906, 0.307778, -0.0291741
35024, 0, 1.411, 0, 0, 4.57026e-06, 1.09549e-05, 5.81861e-05, 0.311068, -0.0858626, -0.227253, 0.310208, -0.0629547
35034, 0, 1.27, 0, 0, 4.57026e-06, 1.09549e-05, 5.81861e-05, 0.312693, -0.113823, -0.223538, 0.312175, -0.0921288
35044, 0, 0.8, 0, 0, 4.57026e-06, 1.09549e-05, 5.81861e-05, 0.314029, -0.138532, -0.216839, 0.31391, -0.119767
35054, 0, 0.094, 0, 0, 4.57026e-06, 1.09549e-05, 5.81861e-05, 0.315049, -0.159279, -0.206456, 0.315299, -0.1428
35064, 0, -0.329, 0, 0, 4.57026e-06, 1.09549e-05, 5.81861e-05, 0.315686, -0.176326, -0.193447, 0.316224, -0.162761
35074, 0, -0.423, 0, 0, 4.57026e-06, 1.09549e-05, 5.81861e-05, 0.316059, -0.189892, -0.178648, 0.316919, -0.179651
35084, 0, -0.988, 0, 0, 4.57026e-06, 1.09549e-05, 5.81861e-05, 0.316202, -0.199519, -0.161554, 0.317382, -0.191935
35094, 0, -1.552, 0, 0, 4.57026e-06, 1.09549e-05, 5.81861e-05, 0.316063, -0.204927, -0.142052, 0.317497, -0.199612
35103, 0, -1.835, 0, 0, 4.57026e-06, 1.09549e-05, 5.81861e-05, 0.315767, -0.206546, -0.121416, 0.317497, -0.204219
35113, 0, -2.541, 0, 0, 4.57026e-06, 1.09549e-05, 5.81861e-05, 0.315226, -0.204196, -0.0994054, 0.31715, -0.204219
35124, 0, -2.682, 0, 0, 4.57026e-06, 1.09549e-05, 5.81861e-05, 0.314483, -0.198399, -0.0770831, 0.316572, -0.201148
35134, 0, -2.964, 0, 0, 4.57026e-06, 1.09549e-05, 5.81861e-05, 0.313559, -0.189583, -0.0550711, 0.315762, -0.195006
35144, 0, -3.152, 0, 0, 4.57026e-06, 1.09549e-05, 5.81861e-05, 0.312517, -0.177337, -0.0324711, 0.314836, -0.184258
35153, 0, -3.529, 0, 0, 4.57026e-06, 1.09549e-05, 5.81861e-05, 0.311254, -0.162066, -0.00989029, 0.313563, -0.170438
35164, 0, -3.2, 0, 0, 4.57026e-06, 1.09549e-05, 5.81861e-05, 0.309867, -0.144002, 0.0124091, 0.312175, -0.153548
35174, 0, -3.011, 0, 0, 4.57026e-06, 1.09549e-05, 5.81861e-05, 0.308324, -0.123334, 0.0343621, 0.310555, -0.133587
35184, 0, -3.247, 0, 0, 4.57026e-06, 1.09549e-05, 5.81861e-05, 0.306753, -0.100751, 0.05491, 0.308935, -0.11209
35194, 0, -3.105, 0, 0, 4.57026e-06, 1.09549e-05, 5.81861e-05, 0.305146, -0.0774795, 0.0724263, 0.307199, -0.0905933
35204, 0, -2.776, 0, 0, 4.57026e-06, 1.09549e-05, 5.81861e-05, 0.303482, -0.0530617, 0.0886335, 0.305348, -0.0660257
35214, 0, -2.352, 0, 0, 4.57026e-06, 1.09549e-05, 5.81861e-05, 0.301827, -0.0282889, 0.102558, 0.303497, -0.041458
35224, 0, -2.023, 0, 0, 4.57026e-06, 1.09549e-05, 5.81861e-05, 0.300269, -0.00365683, 0.113898, 0.301761, -0.0168903
35234, 0, -1.835, 0, 0, 4.57026e-06, 1.09549e-05, 5.81861e-05, 0.298836, 0.0205547, 0.122773, 0.300141, 0.0076774
35244, 0, -1.647, 0, 0, 4.57026e-06, 1.09549e-05, 5.81861e-05, 0.297478, 0.0434975, 0.128387, 0.298521, 0.0307096
35254, 0, -1.082, 0, 0, 4.57026e-06, 1.09549e-05, 5.81861e-05, 0.296242, 0.0646431, 0.130664, 0.297017, 0.0522063
35264, 0, -0.658, 0, 0, 4.57026e-06, 1.09549e-05, 5.81861e-05, 0.295201, 0.0837734, 0.129976, 0.295744, 0.0721676
35274, 0, -0.47, 0, 0, 4.57026e-06, 1.09549e-05, 5.81861e-05, 0.294311, 0.100807, 0.126883, 0.294587, 0.0905933
35283, 0, 0, 0, 0, 4.57026e-06, 1.09549e-05, 5.81861e-05, 0.293689, 0.115207, 0.120857, 0.293777, 0.105948
35294, 0, -0.047, 0, 0, 4.57026e-06, 1.09549e-05, 5.81861e-05, 0.293244, 0.126541, 0.111828, 0.293083, 0.118232
35304, 0, 0.329, 0, 0, 4.57026e-06, 1.09549e-05, 5.81861e-05, 0.293061, 0.135331, 0.101247, 0.292736, 0.12898
35314, 0, 0.235, 0, 0, 4.57026e-06, 1.09549e-05, 5.81861e-05, 0.292975, 0.141274, 0.0889683, 0.292389, 0.136658
35323, 0, 0.894, 0, 0, 4.57026e-06, 1.09549e-05, 5.81861e-05, 0.292991, 0.144195, 0.0751023, 0.292158, 0.141264
35334, 0, 1.364, 0, 0, 4.57026e-06, 1.09549e-05, 5.81861e-05, 0.293098, 0.144704, 0.0610621, 0.292042, 0.144335
35344, 0, 1.788, 0, 0, 4.57026e-06, 1.09549e-05, 5.81861e-05, 0.293359, 0.14272, 0.0465891, 0.292158, 0.144335
35354, 0, 1.929, 0, 0, 4.57026e-06, 1.09549e-05, 5.81861e-05, 0.293863, 0.138228, 0.0314943, 0.29262, 0.141264
35363, 0, 1.647, 0, 0, 4.57026e-06, 1.09549e-05, 5.81861e-05, 0.294447, 0.131055, 0.0156005, 0.293083, 0.135122
35374, 0, 2.117, 0, 0, 4.57026e-06, 1.09549e-05, 5.81861e-05, 0.29511, 0.12177, 3.11192e-05, 0.293662, 0.127445
35384, 0, 2.258, 0, 0, 4.57026e-06, 1.09549e-05, 5.81861e-05, 0.295856, 0.110172, -0.0157271, 0.294356, 0.116697
35394, 0, 2.352, 0, 0, 4.57026e-06, 1.09549e-05, 5.81861e-05, 0.296745, 0.0968049, -0.0308626, 0.295282, 0.104413
35404, 0, 2.07, 0, 0, 4.57026e-06, 1.09549e-05, 5.81861e-05, 0.297729, 0.0820471, -0.0450265, 0.296323, 0.0905933
35415, 0, 1.929, 0, 0, 4.57026e-06, 1.09549e-05, 5.81861e-05, 0.298665, 0.0660314, -0.0581913, 0.297249, 0.0752385
35424, 0, 2.258, 0, 0, 4.57026e-06, 1.09549e-05, 5.81861e-05, 0.299697, 0.0489487, -0.0704421, 0.298406, 0.0583483
35434, 0, 1.741, 0, 0, 4.57026e-06, 1.09549e-05, 5.81861e-05, 0.30074, 0.0314972, -0.0808725, 0.299563, 0.041458
35444, 0, 1.6, 0, 0, 4.57026e-06, 1.09549e-05, 5.81861e-05, 0.301697, 0.0141082, -0.0891692, 0.300604, 0.0245677
35453, 0, 1.647, 0, 0, 4.57026e-06, 1.09549e-05, 5.81861e-05, 0.302667, -0.00286588, -0.0953854, 0.301761, 0.0076774
35464, 0, 1.082, 0, 0, 4.57026e-06, 1.09549e-05, 5.81861e-05, 0.303494, -0.0193843, -0.0998733, 0.302687, -0.00921288
35474, 0, 0.988, 0, 0, 4.57026e-06, 1.09549e-05, 5.81861e-05, 0.304248, -0.0347431, -0.101867, 0.303613, -0.0245677
35484, 0, 1.176, 0, 0, 4.57026e-06, 1.09549e-05, 5.81861e-05, 0.304899, -0.0491666, -0.10235, 0.304422, -0.0399225
35493, 0, 0.752, 0, 0, 4.57026e-06, 1.09549e-05, 5.81861e-05, 0.305445, -0.0629416, -0.102118, 0.305117, -0.0552773
35504, 0, 0.611, 0, 0, 4.57026e-06, 1.09549e-05, 5.81861e-05, 0.305999, -0.0748834, -0.0994149, 0.305927, -0.0675611
35514, 0, -0.094, 0, 0, 4.57026e-06, 1.09549e-05, 5.81861e-05, 0.306421, -0.0855777, -0.095797, 0.306505, -0.079845
35524, 0, -0.094, 0, 0, 4.57026e-06, 1.09549e-05, 5.81861e-05, 0.306718, -0.0942117, -0.0900168, 0.306968, -0.0890579
35533, 0, -0.376, 0, 0, 4.57026e-06, 1.09549e-05, 5.81861e-05, 0.306897, -0.100839, -0.0826709, 0.307315, -0.0967353
35544, 0, -0.658, 0, 0, 4.57026e-06, 1.09549e-05, 5.81861e-05, 0.306969, -0.105582, -0.0743105, 0.307546, -0.102877
35554, 0, -0.941, 0, 0, 4.57026e-06, 1.09549e-05, 5.81861e-05, 0.306865, -0.107968, -0.064228, 0.307546, -0.105948
35564, 0, -0.894, 0, 0, 4.57026e-06, 1.09549e-05, 5.81861e-05, 0.306636, -0.108283, -0.0532719, 0.307431, -0.107484
35574, 0, -1.082, 0, 0, 4.57026e-06, 1.09549e-05, 5.81861e-05, 0.306379, -0.107424, -0.0432027, 0.307315, -0.109019
35584, 0, -1.505, 0, 0, 4.57026e-06, 1.09549e-05, 5.81861e-05, 0.306051, -0.104812, -0.0327095, 0.307084, -0.107484
35594, 0, -1.694, 0, 0, 4.57026e-06, 1.09549e-05, 5.81861e-05, 0.305575, -0.100677, -0.0221274, 0.306621, -0.104413
35604, 0, -1.505, 0, 0, 4.57026e-06, 1.09549e-05, 5.81861e-05, 0.304991, -0.0951605, -0.0115969, 0.306042, -0.0998062
35614, 0, -1.458, 0, 0, 4.57026e-06, 1.09549e-05, 5.81861e-05, 0.304376, -0.088295, -0.00113743, 0.305464, -0.0936643
35623, 0, -1.647, 0, 0, 4.57026e-06, 1.09549e-05, 5.81861e-05, 0.303693, -0.0801312, 0.00925864, 0.30477, -0.0859869
35634, 0, -1.552, 0, 0, 4.57026e-06, 1.09549e-05, 5.81861e-05, 0.303003, -0.0713306, 0.0184883, 0.304075, -0.0783095
35644, 0, -1.647, 0, 0, 4.57026e-06, 1.09549e-05, 5.81861e-05, 0.302256, -0.0617724, 0.0271645, 0.303265, -0.0690966
35654, 0, -1.411, 0, 0, 4.57026e-06, 1.09549e-05, 5.81861e-05, 0.301505, -0.0519332, 0.0346435, 0.302455, -0.0598837
35663, 0, -1.364, 0, 0, 4.57026e-06, 1.09549e-05, 5.81861e-05, 0.300693, -0.0415234, 0.0418404, 0.30153, -0.0491354
35674, 0, -0.988, 0, 0, 4.57026e-06, 1.09549e-05, 5.81861e-05, 0.299936, -0.0308314, 0.0482705, 0.30072, -0.038387
35684, 0, -1.129, 0, 0, 4.57026e-06, 1.09549e-05, 5.81861e-05, 0.299273, -0.0200535, 0.0536942, 0.300026, -0.0276386
35694, 0, -1.223, 0, 0, 4.57026e-06, 1.09549e-05, 5.81861e-05, 0.298656, -0.00937148, 0.0580383, 0.299331, -0.0168903
35704, 0, -1.082, 0, 0, 4.57026e-06, 1.09549e-05, 5.81861e-05, 0.298065, 0.00109503, 0.0613843, 0.298637, -0.00614192
35714, 0, -0.894, 0, 0, 4.57026e-06, 1.09549e-05, 5.81861e-05, 0.297437, 0.0105605, 0.0627616, 0.297827, 0.00307096
35724, 0, -0.329, 0, 0, 4.57026e-06, 1.09549e-05, 5.81861e-05, 0.29687, 0.0192279, 0.0630205, 0.297133, 0.0122838
35734, 0, -0.235, 0, 0, 4.57026e-06, 1.09549e-05, 5.81861e-05, 0.296401, 0.0266911, 0.0616853, 0.296554, 0.0199612
35744, 0, -0.141, 0, 0, 4.57026e-06, 1.09549e-05, 5.81861e-05, 0.296099, 0.0334056, 0.0597789, 0.296207, 0.0276386
35753, 0, -0.376, 0, 0, 4.57026e-06, 1.09549e-05, 5.81861e-05, 0.295873, 0.0383296, 0.0556298, 0.29586, 0.0322451
35764, 0, -0.047, 0, 0, 4.57026e-06, 1.09549e-05, 5.81861e-05, 0.295674, 0.0419837, 0.050759, 0.295513, 0.0368515
35774, 0, 0.282, 0, 0, 4.57026e-06, 1.09549e-05, 5.81861e-05, 0.295553, 0.0442479, 0.0450916, 0.295282, 0.0399225
35784, 0, 0.376, 0, 0, 4.57026e-06, 1.09549e-05, 5.81861e-05, 0.295526, 0.0450621, 0.0386545, 0.295166, 0.041458
35793, 0, 0.47, 0, 0, 4.57026e-06, 1.09549e-05, 5.81861e-05, 0.295586, 0.0450837, 0.0326795, 0.295166, 0.0429934
35804, 0, 0.47, 0, 0, 4.57026e-06, 1.09549e-05, 5.81861e-05, 0.295662, 0.0447998, 0.02784, 0.295166, 0.0445289
35814, 0, 0.705, 0, 0, 4.57026e-06, 1.09549e-05, 5.81861e-05, 0.295812, 0.0432465, 0.0220878, 0.295282, 0.0429934
35824, 0, 0.705, 0, 0, 4.57026e-06, 1.09549e-05, 5.81861e-05, 0.295983, 0.0409112, 0.0165015, 0.295397, 0.041458
35833, 0, 0.894, 0, 0, 4.57026e-06, 1.09549e-05, 5.81861e-05, 0.29615, 0.0382077, 0.0117451, 0.295513, 0.0399225
35844, 0, 1.082, 0, 0, 4.57026e-06, 1.09549e-05, 5.81861e-05, 0.296441, 0.0348784, 0.00697795, 0.29586, 0.0368515
35854, 0, 0.705, 0, 0, 4.57026e-06, 1.09549e-05, 5.81861e-05, 0.296768, 0.0312614, 0.00273143, 0.296207, 0.0337806
35864, 0, 0.752, 0, 0, 4.57026e-06, 1.09549e-05, 5.81861e-05, 0.297044, 0.0268609, -0.0019037, 0.296439, 0.0291741
35874, 0, 1.082, 0, 0, 4.57026e-06, 1.09549e-05, 5.81861e-05, 0.297361, 0.0220322, -0.00626192, 0.296786, 0.0245677
35884, 0, 0.894, 0, 0, 4.57026e-06, 1.09549e-05, 5.81861e-05, 0.297684, 0.0170414, -0.00997941, 0.297133, 0.0199612
35894, 0, 0.941, 0, 0, 4.57026e-06, 1.09549e-05, 5.81861e-05, 0.298066, 0.0121284, -0.0129185, 0.297596, 0.0153548
35904, 0, 0.611, 0, 0, 4.57026e-06, 1.09549e-05, 5.81861e-05, 0.298405, 0.00666864, -0.016299, 0.297943, 0.00921288
35914, 0, 0.847, 0, 0, 4.57026e-06, 1.09549e-05, 5.81861e-05, 0.298718, 0.00152233, -0.0185027, 0.29829, 0.00460644
35923, 0, 0.8, 0, 0, 4.57026e-06, 1.09549e-05, 5.81861e-05, 0.299012, -0.00327543, -0.0197959, 0.298637, 0
35934, 0, 0.705, 0, 0, 4.57026e-06, 1.09549e-05, 5.81861e-05, 0.29937, -0.00837459, -0.0216285, 0.2991, -0.00614192
35944, 0, 0.329, 0, 0, 4.57026e-06, 1.09549e-05, 5.81861e-05, 0.299677, -0.0130738, -0.0225906, 0.299447, -0.0107484
35954, 0, 0.423, 0, 0, 4.57026e-06, 1.09549e-05, 5.81861e-05, 0.299896, -0.0174908, -0.023022, 0.299678, -0.0153548
35963, 0, 0.611, 0, 0, 4.57026e-06, 1.09549e-05, 5.81861e-05, 0.300083, -0.0216995, -0.0231624, 0.29991, -0.0199612
35974, 0, 0.47, 0, 0, 4.57026e-06, 1.09549e-05, 5.81861e-05, 0.300183, -0.025136, -0.0220351, 0.300026, -0.0230322
35984, 0, 0.658, 0, 0, 4.57026e-06, 1.09549e-05, 5.81861e-05, 0.300314, -0.0279374, -0.0202959, 0.300257, -0.0261032
35994, 0, 0.235, 0, 0, 4.57026e-06, 1.09549e-05, 5.81861e-05, 0.300521, -0.0302495, -0.0184845, 0.300604, -0.0291741
36003, 0, -0.188, 0, 0, 4.57026e-06, 1.09549e-05, 5.81861e-05, 0.30063, -0.0323829, -0.0170165, 0.30072, -0.0322451
36014, 0, 0.094, 0, 0, 4.57026e-06, 1.09549e-05, 5.81861e-05, 0.300701, -0.03383, -0.01489, 0.300836, -0.0337806
36024, 0, 0, 0, 0, 4.57026e-06, 1.09549e-05, 5.81861e-05, 0.300684, -0.0342001, -0.0115341, 0.300836, -0.0337806
36034, 0, 0.047, 0, 0, 4.57026e-06, 1.09549e-05, 5.81861e-05, 0.300648, -0.0345173, -0.00901756, 0.300836, -0.0353161
36043, 0, 0, 0, 0, 4.57026e-06, 1.09549e-05, 5.81861e-05, 0.300604, -0.034273, -0.00623159, 0.300836, -0.0353161
36054, 0, -0.141, 0, 0, 4.57026e-06, 1.09549e-05, 5.81861e-05, 0.300561, -0.0336978, -0.00365316, 0.300836, -0.0353161
36064, 0, -0.235, 0, 0, 4.57026e-06, 1.09549e-05, 5.81861e-05, 0.300515, -0.0323076, -0.000409579, 0.300836, -0.0337806
36074, 0, -0.423, 0, 0, 4.57026e-06, 1.09549e-05, 5.81861e-05, 0.300471, -0.0303896, 0.00280677, 0.300836, -0.0322451
36084, 0, -0.564, 0, 0, 4.57026e-06, 1.09549e-05, 5.81861e-05, 0.300379, -0.028937, 0.00439376, 0.30072, -0.0322451
36093, 0, -0.376, 0, 0, 4.57026e-06, 1.09549e-05, 5.81861e-05, 0.300262, -0.0266484, 0.00705428, 0.300604, -0.0291741
36104, 0, -0.47, 0, 0, 4.57026e-06, 1.09549e-05, 5.81861e-05, 0.300081, -0.024492, 0.00892445, 0.300373, -0.0276386
36114, 0, -0.235, 0, 0, 4.57026e-06, 1.09549e-05, 5.81861e-05, 0.299949, -0.0224997, 0.0101165, 0.300257, -0.0261032
36124, 0, -0.47, 0, 0, 4.57026e-06, 1.09549e-05, 5.81861e-05, 0.29983, -0.020011, 0.0119236, 0.300141, -0.0230322
36133, 0, -0.517, 0, 0, 4.57026e-06, 1.09549e-05, 5.81861e-05, 0.299724, -0.0178412, 0.0127703, 0.300026, -0.0214967
36144, 0, -0.564, 0, 0, 4.57026e-06, 1.09549e-05, 5.81861e-05, 0.299555, -0.0153643, 0.0140813, 0.299794, -0.0184258
36154, 0, -0.282, 0, 0, 4.57026e-06, 1.09549e-05, 5.81861e-05, 0.299362, -0.0126707, 0.0155957, 0.299563, -0.0153548
36164, 0, -0.235, 0, 0, 4.57026e-06, 1.09549e-05, 5.81861e-05, 0.299226, -0.00978574, 0.0171293, 0.299447, -0.0122838
36173, 0, -0.47, 0, 0, 4.57026e-06, 1.09549e-05, 5.81861e-05, 0.299123, -0.00746239, 0.017366, 0.299331, -0.0107484
36184, 0, -0.47, 0, 0, 4.57026e-06, 1.09549e-05, 5.81861e-05, 0.299028, -0.00495415, 0.0179365, 0.299216, -0.0076774
36194, 0, -0.423, 0, 0, 4.57026e-06, 1.09549e-05, 5.81861e-05, 0.298934, -0.00229333, 0.0186838, 0.2991, -0.00460644
36204, 0, -0.423, 0, 0, 4.57026e-06, 1.09549e-05, 5.81861e-05, 0.298786, -0.000256694, 0.0183244, 0.298869, -0.00307096
36214, 0, -0.094, 0, 0, 4.57026e-06, 1.09549e-05, 5.81861e-05, 0.298688, 0.0013136, 0.0173887, 0.298753, -0.00153548
36224, 0, -0.235, 0, 0, 4.57026e-06, 1.09549e-05, 5.81861e-05, 0.298599, 0.00324241, 0.0174266, 0.298637, 0.00153548
36234, 0, -0.188, 0, 0, 4.57026e-06, 1.09549e-05, 5.81861e-05, 0.29858, 0.00489276, 0.0169797, 0.298637, 0.00307096
36244, 0, -0.376, 0, 0, 4.57026e-06, 1.09549e-05, 5.81861e-05, 0.298524, 0.00628697, 0.0162846, 0.298521, 0.00460644
36254, 0, -0.047, 0, 0, 4.57026e-06, 1.09549e-05, 5.81861e-05, 0.298465, 0.00681849, 0.0144051, 0.298406, 0.00460644
36263, 0, 0, 0, 0, 4.57026e-06, 1.09549e-05, 5.81861e-05, 0.298471, 0.00676269, 0.012074, 0.298406, 0.00460644
36274, 0, -0.094, 0, 0, 4.57026e-06, 1.09549e-05, 5.81861e-05, 0.298423, 0.00697535, 0.0109442, 0.29829, 0.00614192
36284, 0, 0.188, 0, 0, 4.57026e-06, 1.09549e-05, 5.81861e-05, 0.298421, 0.00688346, 0.00963364, 0.29829, 0.00614192
36294, 0, 0, 0, 0, 4.57026e-06, 1.09549e-05, 5.81861e-05, 0.298433, 0.00661836, 0.00840118, 0.29829, 0.00614192
36303, 0, 0.094, 0, 0, 4.57026e-06, 1.09549e-05, 5.81861e-05, 0.298448, 0.00628134, 0.00739393, 0.29829, 0.00614192
36314, 0, 0.141, 0, 0, 4.57026e-06, 1.09549e-05, 5.81861e-05, 0.298405, 0.00521308, 0.00551921, 0.298174, 0.00460644
36324, 0, 0.517, 0, 0, 4.57026e-06, 1.09549e-05, 5.81861e-05, 0.298398, 0.00434154, 0.00455199, 0.298174, 0.00460644
36334, 0, 0.376, 0, 0, 4.57026e-06, 1.09549e-05, 5.81861e-05, 0.29847, 0.00310531, 0.00317137, 0.29829, 0.00307096
36343, 0, 0.141, 0, 0, 4.57026e-06, 1.09549e-05, 5.81861e-05, 0.298495, 0.00226206, 0.00284093, 0.29829, 0.00307096
36354, 0, 0.423, 0, 0, 4.57026e-06, 1.09549e-05, 5.81861e-05, 0.298572, 0.00115519, 0.00207307, 0.298406, 0.00153548
36364, 0, 0.188, 0, 0, 4.57026e-06, 1.09549e-05, 5.81861e-05, 0.298604, -0.000197875, 0.00109174, 0.298406, 0
36374, 0, 0.47, 0, 0, 4.57026e-06, 1.09549e-05, 5.81861e-05, 0.298619, -0.00172556, 0.000106075, 0.298406, -0.00153548
36383, 0, 0.564, 0, 0, 4.57026e-06, 1.09549e-05, 5.81861e-05, 0.298691, -0.00329525, -0.000735583, 0.298521, -0.00307096
36393, 0, 0.282, 0, 0, 4.57026e-06, 1.09549e-05, 5.81861e-05, 0.298782, -0.00484647, -0.00139755, 0.298637, -0.00460644
36404, 0, 0.282, 0, 0, 4.57026e-06, 1.09549e-05, 5.81861e-05, 0.298811, -0.00640638, -0.00189551, 0.298637, -0.00614192
36414, 0, 0.564, 0, 0, 4.57026e-06, 1.09549e-05, 5.81861e-05, 0.298818, -0.00796069, -0.0022221, 0.298637, -0.0076774
36424, 0, 0.611, 0, 0, 4.57026e-06, 1.09549e-05, 5.81861e-05, 0.29888, -0.00943708, -0.00238205, 0.298753, -0.00921288
36433, 0, 0.329, 0, 0, 4.57026e-06, 1.09549e-05, 5.81861e-05, 0.299025, -0.0107772, -0.00244156, 0.298984, -0.0107484
36444, 0, 0, 0, 0, 4.57026e-06, 1.09549e-05, 5.81861e-05, 0.29907, -0.0121133, -0.00251638, 0.298984, -0.0122838
36454, 0, 0.47, 0, 0, 4.57026e-06, 1.09549e-05, 5.81861e-05, 0.299135, -0.012746, -0.00145622, 0.2991, -0.0122838
36464, 0, 0.141, 0, 0, 4.57026e-06, 1.09549e-05, 5.81861e-05, 0.299148, -0.0135558, -0.00101237, 0.2991, -0.0138193
36473, 0, 0.376, 0, 0, 4.57026e-06, 1.09549e-05, 5.81861e-05, 0.299148, -0.0145734, -0.00103431, 0.2991, -0.0153548
36484, 0, 0.376, 0, 0, 4.57026e-06, 1.09549e-05, 5.81861e-05, 0.299201, -0.0150463, -0.000191823, 0.299216, -0.0153548
36494, 0, 0.094, 0, 0, 4.57026e-06, 1.09549e-05, 5.81861e-05, 0.299269, -0.0150815, 0.00105244, 0.299331, -0.0153548
36504, 0, 0, 0, 0, 4.57026e-06, 1.09549e-05, 5.81861e-05, 0.299278, -0.0148738, 0.00232656, 0.299331, -0.0153548
36514, 0, 0.188, 0, 0, 4.57026e-06, 1.09549e-05, 5.81861e-05, 0.299281, -0.0152324, 0.00227052, 0.299331, -0.0168903
36524, 0, 0.141, 0, 0, 4.57026e-06, 1.09549e-05, 5.81861e-05, 0.299278, -0.0154251, 0.00251908, 0.299331, -0.0168903
36534, 0, 0.141, 0, 0, 4.57026e-06, 1.09549e-05, 5.81861e-05, 0.299272, -0.0154836, 0.00293134, 0.299331, -0.0168903
36544, 0, 0.094, 0, 0, 4.57026e-06, 1.09549e-05, 5.81861e-05, 0.299254, -0.0147678, 0.00454709, 0.299331, -0.0153548
36553, 0, 0.047, 0, 0, 4.57026e-06, 1.09549e-05, 5.81861e-05, 0.299239, -0.0141373, 0.00555476, 0.299331, -0.0153548
36563, 0, 0, 0, 0, 4.57026e-06, 1.09549e-05, 5.81861e-05, 0.299231, -0.0136506, 0.00602679, 0.299331, -0.0153548
36574, 0, 0, 0, 0, 4.57026e-06, 1.09549e-05, 5.81861e-05, 0.299218, -0.0126456, 0.00723914, 0.299331, -0.0138193
36584, 0, 0, 0, 0, 4.57026e-06, 1.09549e-05, 5.81861e-05, 0.299213, -0.011932, 0.00759772, 0.299331, -0.0138193
36593, 0, -0.047, 0, 0, 4.57026e-06, 1.09549e-05, 5.81861e-05, 0.299216, -0.0115076, 0.0073501, 0.299331, -0.0138193
36603, 0, -0.047, 0, 0, 4.57026e-06, 1.09549e-05, 5.81861e-05, 0.29915, -0.0107038, 0.00789575, 0.299216, -0.0122838
36614, 0, 0.141, 0, 0, 4.57026e-06, 1.09549e-05, 5.81861e-05, 0.299131, -0.0102193, 0.00775851, 0.299216, -0.0122838
36624, 0, -0.047, 0, 0, 4.57026e-06, 1.09549e-05, 5.81861e-05, 0.299122, -0.00931943, 0.00836344, 0.299216, -0.0107484
36634, 0, -0.094, 0, 0, 4.57026e-06, 1.09549e-05, 5.81861e-05, 0.299123, -0.00875978, 0.00820397, 0.299216, -0.0107484
36643, 0, -0.094, 0, 0, 4.57026e-06, 1.09549e-05, 5.81861e-05, 0.299132, -0.00849857, 0.00756909, 0.299216, -0.0107484
36654, 0, -0.094, 0, 0, 4.57026e-06, 1.09549e-05, 5.81861e-05, 0.29908, -0.00852025, 0.0067123, 0.2991, -0.0107484
36664, 0, 0.141, 0, 0, 4.57026e-06, 1.09549e-05, 5.81861e-05, 0.299061, -0.0080089, 0.00702769, 0.2991, -0.00921288
36674, 0, -0.047, 0, 0, 4.57026e-06, 1.09549e-05, 5.81861e-05, 0.299058, -0.00769946, 0.00690869, 0.2991, -0.00921288
36683, 0, -0.047, 0, 0, 4.57026e-06, 1.09549e-05, 5.81861e-05, 0.299061, -0.0075614, 0.00652682, 0.2991, -0.00921288
36694, 0, -0.047, 0, 0, 4.57026e-06, 1.09549e-05, 5.81861e-05, 0.299058, -0.00687356, 0.00718143, 0.2991, -0.0076774
36704, 0, -0.047, 0, 0, 4.57026e-06, 1.09549e-05, 5.81861e-05, 0.299058, -0.00641274, 0.00725172, 0.2991, -0.0076774
36714, 0, -0.047, 0, 0, 4.57026e-06, 1.09549e-05, 5.81861e-05, 0.299063, -0.00616441, 0.00693055, 0.2991, -0.0076774
36723, 0, -0.047, 0, 0, 4.57026e-06, 1.09549e-05, 5.81861e-05, 0.299072, -0.00608879, 0.00639841, 0.2991, -0.0076774
36733, 0, -0.047, 0, 0, 4.57026e-06, 1.09549e-05, 5.81861e-05, 0.299081, -0.0061359, 0.00580205, 0.2991, -0.0076774
36744, 0, -0.047, 0, 0, 4.57026e-06, 1.09549e-05, 5.81861e-05, 0.299091, -0.0062563, 0.00524569, 0.2991, -0.0076774
36754, 0, -0.047, 0, 0, 4.57026e-06, 1.09549e-05, 5.81861e-05, 0.299098, -0.00640782, 0.00479163, 0.2991, -0.0076774
36764, 0, -0.047, 0, 0, 4.57026e-06, 1.09549e-05, 5.81861e-05, 0.299029, -0.0059325, 0.00562003, 0.298984, -0.00614192
36773, 0, 0.188, 0, 0, 4.57026e-06, 1.09549e-05, 5.81861e-05, 0.299002, -0.0055707, 0.00604465, 0.298984, -0.00614192
36784, 0, 0, 0, 0, 4.57026e-06, 1.09549e-05, 5.81861e-05, 0.298992, -0.00532223, 0.00616192, 0.298984, -0.00614192
36794, 0, 0, 0, 0, 4.57026e-06, 1.09549e-05, 5.81861e-05, 0.298991, -0.00517792, 0.00606811, 0.298984, -0.00614192
36804, 0, 0, 0, 0, 4.57026e-06, 1.09549e-05, 5.81861e-05, 0.299003, -0.00579905, 0.00469795, 0.298984, -0.0076774
36813, 0, 0, 0, 0, 4.57026e-06, 1.09549e-05, 5.81861e-05, 0.299015, -0.00634167, 0.00385545, 0.298984, -0.0076774
36824, 0, 0.047, 0, 0, 4.57026e-06, 1.09549e-05, 5.81861e-05, 0.299021, -0.00675675, 0.0034739, 0.298984, -0.0076774
36834, 0, 0.047, 0, 0, 4.57026e-06, 1.09549e-05, 5.81861e-05, 0.299023, -0.00703129, 0.00344496, 0.298984, -0.0076774
36844, 0, 0.047, 0, 0, 4.57026e-06, 1.09549e-05, 5.81861e-05, 0.29902, -0.00717664, 0.00364924, 0.298984, -0.0076774
36853, 0, 0.047, 0, 0, 4.57026e-06, 1.09549e-05, 5.81861e-05, 0.299015, -0.00721811, 0.003977, 0.298984, -0.0076774
36864, 0, 0.047, 0, 0, 4.57026e-06, 1.09549e-05, 5.81861e-05, 0.298945, -0.00723943, 0.00433998, 0.298869, -0.0076774
36874, 0, 0.329, 0, 0, 4.57026e-06, 1.09549e-05, 5.81861e-05, 0.298916, -0.00721018, 0.00472107, 0.298869, -0.0076774
36884, 0, 0.094, 0, 0, 4.57026e-06, 1.09549e-05, 5.81861e-05, 0.298902, -0.00714005, 0.00507732, 0.298869, -0.0076774
36893, 0, 0.094, 0, 0, 4.57026e-06, 1.09549e-05, 5.81861e-05, 0.298894, -0.00704884, 0.00537399, 0.298869, -0.0076774
36903, 0, 0.094, 0, 0, 4.57026e-06, 1.09549e-05, 5.81861e-05, 0.2989, -0.00763425, 0.00443943, 0.298869, -0.00921288
36914, 0, 0.141, 0, 0, 4.57026e-06, 1.09549e-05, 5.81861e-05, 0.298905, -0.00808825, 0.00400216, 0.298869, -0.00921288
36924, 0, 0.141, 0, 0, 4.57026e-06, 1.09549e-05, 5.81861e-05, 0.298906, -0.0083925, 0.00395057, 0.298869, -0.00921288
36934, 0, 0.141, 0, 0, 4.57026e-06, 1.09549e-05, 5.81861e-05, 0.298903, -0.008557, 0.00415744, 0.298869, -0.00921288
36943, 0, 0.141, 0, 0, 4.57026e-06, 1.09549e-05, 5.81861e-05, 0.298897, -0.00860794, 0.00450405, 0.298869, -0.00921288
36954, 0, 0.141, 0, 0, 4.57026e-06, 1.09549e-05, 5.81861e-05, 0.298891, -0.00857807, 0.00489394, 0.298869, -0.00921288
36964, 0, 0.141, 0, 0, 4.57026e-06, 1.09549e-05, 5.81861e-05, 0.298885, -0.00849985, 0.00525845, 0.298869, -0.00921288
36974, 0, 0.141, 0, 0, 4.57026e-06, 1.09549e-05, 5.81861e-05, 0.29888, -0.00840089, 0.00555651, 0.298869, -0.00921288
36983, 0, 0.141, 0, 0, 4.57026e-06, 1.09549e-05, 5.81861e-05, 0.298876, -0.0083021, 0.00577051, 0.298869, -0.00921288
36994, 0, 0.141, 0, 0, 4.57026e-06, 1.09549e-05, 5.81861e-05, 0.298874, -0.00821697, 0.00590059, 0.298869, -0.00921288
37004, 0, 0.141, 0, 0, 4.57026e-06, 1.09549e-05, 5.81861e-05, 0.298873, -0.00815238, 0.00595834, 0.298869, -0.00921288
37014, 0, 0.141, 0, 0, 4.57026e-06, 1.09549e-05, 5.81861e-05, 0.298872, -0.00810996, 0.00596123, 0.298869, -0.00921288
37023, 0, 0.141, 0, 0, 4.57026e-06, 1.09549e-05, 5.81861e-05, 0.298873, -0.00808779, 0.00592808, 0.298869, -0.00921288
37033, 0, 0.141, 0, 0, 4.57026e-06, 1.09549e-05, 5.81861e-05, 0.298874, -0.00808178, 0.0058761, 0.298869, -0.00921288
37044, 0, 0.141, 0, 0, 4.57026e-06, 1.09549e-05, 5.81861e-05, 0.298874, -0.00808709, 0.00581902, 0.298869, -0.00921288
37054, 0, 0.141, 0, 0, 4.57026e-06, 1.09549e-05, 5.81861e-05, 0.298875, -0.00809905, 0.00576644, 0.298869, -0.00921288
37063, 0, 0.141, 0, 0, 4.57026e-06, 1.09549e-05, 5.81861e-05, 0.298876, -0.00811368, 0.00572403, 0.298869, -0.00921288
37073, 0, 0.141, 0, 0, 4.57026e-06, 1.09549e-05, 5.81861e-05, 0.298877, -0.00812801, 0.00569404, 0.298869, -0.00921288
37084, 0, 0.141, 0, 0, 4.57026e-06, 1.09549e-05, 5.81861e-05, 0.298877, -0.00814017, 0.00567623, 0.298869, -0.00921288
37094, 0, 0.188, 0, 0, 4.57026e-06, 1.09549e-05, 5.81861e-05, 0.298877, -0.00814928, 0.00566875, 0.298869, -0.00921288
37104, 0, 0.188, 0, 0, 4.57026e-06, 1.09549e-05, 5.81861e-05, 0.298877, -0.00815517, 0.00566901, 0.298869, -0.00921288
37113, 0, 0.188, 0, 0, 4.57026e-06, 1.09549e-05, 5.81861e-05, 0.298877, -0.00815813, 0.00567427, 0.298869, -0.00921288
37124, 0, 0.188, 0, 0, 4.57026e-06, 1.09549e-05, 5.81861e-05, 0.298877, -0.00815882, 0.00568204, 0.298869, -0.00921288
37134, 0, 0.188, 0, 0, 4.57026e-06, 1.09549e-05, 5.81861e-05, 0.298877, -0.0081579, 0.0056904, 0.298869, -0.00921288
37144, 0, 0.188, 0, 0, 4.57026e-06, 1.09549e-05, 5.81861e-05, 0.298866, -0.00747683, 0.00685173, 0.298869, -0.0076774
37153, 0, 0.141, 0, 0, 4.57026e-06, 1.09549e-05, 5.81861e-05, 0.298858, -0.0069375, 0.0074345, 0.298869, -0.0076774
37164, 0, 0.141, 0, 0, 4.57026e-06, 1.09549e-05, 5.81861e-05, 0.298856, -0.00656615, 0.00755911, 0.298869, -0.0076774
37174, 0, 0.141, 0, 0, 4.57026e-06, 1.09549e-05, 5.81861e-05, 0.298869, -0.00703477, 0.00621449, 0.298869, -0.00921288
37184, 0, 0.188, 0, 0, 4.57026e-06, 1.09549e-05, 5.81861e-05, 0.298882, -0.00749485, 0.00526797, 0.298869, -0.00921288
37193, 0, 0.188, 0, 0, 4.57026e-06, 1.09549e-05, 5.81861e-05, 0.298891, -0.00788429, 0.00471229, 0.298869, -0.00921288
37203, 0, 0.188, 0, 0, 4.57026e-06, 1.09549e-05, 5.81861e-05, 0.298896, -0.00817379, 0.00448744, 0.298869, -0.00921288
37214, 0, 0.235, 0, 0, 4.57026e-06, 1.09549e-05, 5.81861e-05, 0.298896, -0.00835846, 0.00450851, 0.298869, -0.00921288
37224, 0, 0.235, 0, 0, 4.57026e-06, 1.09549e-05, 5.81861e-05, 0.298894, -0.00844964, 0.00468646, 0.298869, -0.00921288
37234, 0, 0.235, 0, 0, 4.57026e-06, 1.09549e-05, 5.81861e-05, 0.29888, -0.00778836, 0.00609563, 0.298869, -0.0076774
37243, 0, 0.188, 0, 0, 4.57026e-06, 1.09549e-05, 5.81861e-05, 0.298867, -0.0072191, 0.00694304, 0.298869, -0.0076774
37254, 0, 0.188, 0, 0, 4.57026e-06, 1.09549e-05, 5.81861e-05, 0.298861, -0.00678968, 0.00730686, 0.298869, -0.0076774
37264, 0, 0.188, 0, 0, 4.57026e-06, 1.09549e-05, 5.81861e-05, 0.29886, -0.00651071, 0.00730589, 0.298869, -0.0076774
37274, 0, 0.188, 0, 0, 4.57026e-06, 1.09549e-05, 5.81861e-05, 0.298874, -0.00704715, 0.00591419, 0.298869, -0.00921288
37283, 0, 0.188, 0, 0, 4.57026e-06, 1.09549e-05, 5.81861e-05, 0.298887, -0.00754963, 0.00497818, 0.298869, -0.00921288
37294, 0, 0.235, 0, 0, 4.57026e-06, 1.09549e-05, 5.81861e-05, 0.298895, -0.00795915, 0.00446904, 0.298869, -0.00921288
37304, 0, 0.235, 0, 0, 4.57026e-06, 1.09549e-05, 5.81861e-05, 0.298899, -0.00825142, 0.00430778, 0.298869, -0.00921288
37314, 0, 0.235, 0, 0, 4.57026e-06, 1.09549e-05, 5.81861e-05, 0.298898, -0.00842719, 0.0043948, 0.298869, -0.00921288
37323, 0, 0.235, 0, 0, 4.57026e-06, 1.09549e-05, 5.81861e-05, 0.298895, -0.0085032, 0.00463114, 0.298869, -0.00921288
37334, 0, 0.235, 0, 0, 4.57026e-06, 1.09549e-05, 5.81861e-05, 0.29889, -0.00850395, 0.00493205, 0.298869, -0.00921288
37344, 0, 0.235, 0, 0, 4.57026e-06, 1.09549e-05, 5.81861e-05, 0.298885, -0.00845576, 0.00523359, 0.298869, -0.00921288
37354, 0, 0.235, 0, 0, 4.57026e-06, 1.09549e-05, 5.81861e-05, 0.298881, -0.00838237, 0.0054942, 0.298869, -0.00921288
37363, 0, 0.235, 0, 0, 4.57026e-06, 1.09549e-05, 5.81861e-05, 0.298878, -0.00830271, 0.00569246, 0.298869, -0.00921288
37373, 0, 0.235, 0, 0, 4.57026e-06, 1.09549e-05, 5.81861e-05, 0.298875, -0.00822988, 0.00582305, 0.298869, -0.00921288
37384, 0, 0.235, 0, 0, 4.57026e-06, 1.09549e-05, 5.81861e-05, 0.298874, -0.00817152, 0.00589178, 0.298869, -0.00921288
37394, 0, 0.235, 0, 0, 4.57026e-06, 1.09549e-05, 5.81861e-05, 0.298873, -0.00813054, 0.00591093, 0.298869, -0.00921288
37404, 0, 0.235, 0, 0, 4.57026e-06, 1.09549e-05, 5.81861e-05, 0.298873, -0.00810644, 0.00589526, 0.298869, -0.00921288
37413, 0, 0.235, 0, 0, 4.57026e-06, 1.09549e-05, 5.81861e-05, 0.298874, -0.00809664, 0.00585912, 0.298869, -0.00921288
37424, 0, 0.235, 0, 0, 4.57026e-06, 1.09549e-05, 5.81861e-05, 0.298875, -0.00809746, 0.00581465, 0.298869, -0.00921288
37434, 0, 0.235, 0, 0, 4.57026e-06, 1.09549e-05, 5.81861e-05, 0.298875, -0.00810505, 0.00577089, 0.298869, -0.00921288
37444, 0, 0.235, 0, 0, 4.57026e-06, 1.09549e-05, 5.81861e-05, 0.298876, -0.00811603, 0.00573357, 0.298869, -0.00921288
37453, 0, 0.235, 0, 0, 4.57026e-06, 1.09549e-05, 5.81861e-05, 0.298876, -0.00812767, 0.00570557, 0.298869, -0.00921288
37464, 0, 0.235, 0, 0, 4.57026e-06, 1.09549e-05, 5.81861e-05, 0.298877, -0.00813815, 0.00568747, 0.298869, -0.00921288
37474, 0, 0.282, 0, 0, 4.57026e-06, 1.09549e-05, 5.81861e-05, 0.298877, -0.00814646, 0.00567827, 0.298869, -0.00921288
37484, 0, 0.282, 0, 0, 4.57026e-06, 1.09549e-05, 5.81861e-05, 0.298877, -0.00815216, 0.00567612, 0.298869, -0.00921288
37493, 0, 0.282, 0, 0, 4.57026e-06, 1.09549e-05, 5.81861e-05, 0.298877, -0.00815544, 0.00567883, 0.298869, -0.00921288
37504, 0, 0.282, 0, 0, 4.57026e-06, 1.09549e-05, 5.81861e-05, 0.298877, -0.0081567, 0.00568432, 0.298869, -0.00921288
37514, 0, 0.282, 0, 0, 4.57026e-06, 1.09549e-05, 5.81861e-05, 0.298877, -0.00815644, 0.00569087, 0.298869, -0.00921288
37524, 0, 0.282, 0, 0, 4.57026e-06, 1.09549e-05, 5.81861e-05, 0.298877, -0.00815524, 0.00569721, 0.298869, -0.00921288
37533, 0, 0.282, 0, 0, 4.57026e-06, 1.09549e-05, 5.81861e-05, 0.298877, -0.0081536, 0.00570252, 0.298869, -0.00921288
37543, 0, 0.282, 0, 0, 4.57026e-06, 1.09549e-05, 5.81861e-05, 0.298941, -0.00809891, 0.00570645, 0.298984, -0.00921288
37554, 0, 0, 0, 0, 4.57026e-06, 1.09549e-05, 5.81861e-05, 0.298964, -0.00805183, 0.00566391, 0.298984, -0.00921288
37564, 0, 0.188, 0, 0, 4.57026e-06, 1.09549e-05, 5.81861e-05, 0.298973, -0.00802817, 0.00558138, 0.298984, -0.00921288
37574, 0, 0.188, 0, 0, 4.57026e-06, 1.09549e-05, 5.81861e-05, 0.298978, -0.00802717, 0.00547875, 0.298984, -0.00921288
37583, 0, 0.188, 0, 0, 4.57026e-06, 1.09549e-05, 5.81861e-05, 0.29898, -0.00804247, 0.00537527, 0.298984, -0.00921288
37594, 0, 0.188, 0, 0, 4.57026e-06, 1.09549e-05, 5.81861e-05, 0.298982, -0.00806674, 0.00528479, 0.298984, -0.00921288
37604, 0, 0.235, 0, 0, 4.57026e-06, 1.09549e-05, 5.81861e-05, 0.298984, -0.0080937, 0.00521493, 0.298984, -0.00921288
37614, 0, 0.235, 0, 0, 4.57026e-06, 1.09549e-05, 5.81861e-05, 0.298984, -0.00811875, 0.00516797, 0.298984, -0.00921288
37623, 0, 0.235, 0, 0, 4.57026e-06, 1.09549e-05, 5.81861e-05, 0.298985, -0.00813912, 0.00514229, 0.298984, -0.00921288
37634, 0, 0.235, 0, 0, 4.57026e-06, 1.09549e-05, 5.81861e-05, 0.298985, -0.00815371, 0.00513391, 0.298984, -0.00921288
37644, 0, 0.235, 0, 0, 4.57026e-06, 1.09549e-05, 5.81861e-05, 0.298985, -0.00816254, 0.00513793, 0.298984, -0.00921288
37654, 0, 0.235, 0, 0, 4.57026e-06, 1.09549e-05, 5.81861e-05, 0.298985, -0.00816641, 0.00514945, 0.298984, -0.00921288
37663, 0, 0.235, 0, 0, 4.57026e-06, 1.09549e-05, 5.81861e-05, 0.298985, -0.00816653, 0.00516425, 0.298984, -0.00921288
37673, 0, 0.235, 0, 0, 4.57026e-06, 1.09549e-05, 5.81861e-05, 0.298985, -0.0081642, 0.00517916, 0.298984, -0.00921288
37684, 0, 0.235, 0, 0, 4.57026e-06, 1.09549e-05, 5.81861e-05, 0.298984, -0.00816059, 0.00519209, 0.298984, -0.00921288
37694, 0, 0.235, 0, 0, 4.57026e-06, 1.09549e-05, 5.81861e-05, 0.298984, -0.00815667, 0.00520194, 0.298984, -0.00921288
37704, 0, 0.235, 0, 0, 4.57026e-06, 1.09549e-05, 5.81861e-05, 0.298984, -0.00815306, 0.00520848, 0.298984, -0.00921288
37713, 0, 0.235, 0, 0, 4.57026e-06, 1.09549e-05, 5.81861e-05, 0.298984, -0.00815017, 0.00521194, 0.298984, -0.00921288
37724, 0, 0.235, 0, 0, 4.57026e-06, 1.09549e-05, 5.81861e-05, 0.298984, -0.0081481, 0.00521295, 0.298984, -0.00921288
37734, 0, 0.235, 0, 0, 4.57026e-06, 1.09549e-05, 5.81861e-05, 0.298984, -0.0081469, 0.0052122, 0.298984, -0.00921288
37744, 0, 0.235, 0, 0, 4.57026e-06, 1.09549e-05, 5.81861e-05, 0.298984, -0.00814639, 0.00521043, 0.298984, -0.00921288
37753, 0, 0.235, 0, 0, 4.57026e-06, 1.09549e-05, 5.81861e-05, 0.298984, -0.00814641, 0.00520823, 0.298984, -0.00921288
37764, 0, 0.235, 0, 0, 4.57026e-06, 1.09549e-05, 5.81861e-05, 0.298984, -0.00814678, 0.00520604, 0.298984, -0.00921288
37774, 0, 0.235, 0, 0, 4.57026e-06, 1.09549e-05, 5.81861e-05, 0.298984, -0.00814734, 0.00520417, 0.298984, -0.00921288
37784, 0, 0.235, 0, 0, 4.57026e-06, 1.09549e-05, 5.81861e-05, 0.298984, -0.00814792, 0.00520277, 0.298984, -0.00921288
37793, 0, 0.235, 0, 0, 4.57026e-06, 1.09549e-05, 5.81861e-05, 0.298984, -0.00814844, 0.00520187, 0.298984, -0.00921288
37804, 0, 0.235, 0, 0, 4.57026e-06, 1.09549e-05, 5.81861e-05, 0.298984, -0.00814885, 0.00520142, 0.298984, -0.00921288
37814, 0, 0.235, 0, 0, 4.57026e-06, 1.09549e-05, 5.81861e-05, 0.298984, -0.00814914, 0.00520131, 0.298984, -0.00921288
37824, 0, 0.235, 0, 0, 4.57026e-06, 1.09549e-05, 5.81861e-05, 0.298984, -0.00814932, 0.00520144, 0.298984, -0.00921288
37833, 0, 0.235, 0, 0, 4.57026e-06, 1.09549e-05, 5.81861e-05, 0.298984, -0.00814939, 0.00520173, 0.298984, -0.00921288
37843, 0, 0.235, 0, 0, 4.57026e-06, 1.09549e-05, 5.81861e-05, 0.298984, -0.00814938, 0.00520208, 0.298984, -0.00921288
37854, 0, 0.235, 0, 0, 4.57026e-06, 1.09549e-05, 5.81861e-05, 0.298984, -0.00814932, 0.00520242, 0.298984, -0.00921288
37864, 0, 0.235, 0, 0, 4.57026e-06, 1.09549e-05, 5.81861e-05, 0.298984, -0.00814923, 0.00520271, 0.298984, -0.00921288
37874, 0, 0.235, 0, 0, 4.57026e-06, 1.09549e-05, 5.81861e-05, 0.298984, -0.00814914, 0.00520292, 0.298984, -0.00921288
37883, 0, 0.235, 0, 0, 4.57026e-06, 1.09549e-05, 5.81861e-05, 0.298984, -0.00814904, 0.00520305, 0.298984, -0.00921288
37894, 0, 0.235, 0, 0, 4.57026e-06, 1.09549e-05, 5.81861e-05, 0.298984, -0.00814897, 0.0052031, 0.298984, -0.00921288
37904, 0, 0.235, 0, 0, 4.57026e-06, 1.09549e-05, 5.81861e-05, 0.298984, -0.00814893, 0.0052031, 0.298984, -0.00921288
37914, 0, 0.235, 0, 0, 4.57026e-06, 1.09549e-05, 5.81861e-05, 0.298984, -0.0081489, 0.00520305, 0.298984, -0.00921288
37923, 0, 0.235, 0, 0, 4.57026e-06, 1.09549e-05, 5.81861e-05, 0.298984, -0.00814889, 0.00520298, 0.298984, -0.00921288
37934, 0, 0.235, 0, 0, 4.57026e-06, 1.09549e-05, 5.81861e-05, 0.298984, -0.0081489, 0.0052029, 0.298984, -0.00921288
37944, 0, 0.235, 0, 0, 4.57026e-06, 1.09549e-05, 5.81861e-05, 0.298984, -0.00814892, 0.00520284, 0.298984, -0.00921288
37954, 0, 0.235, 0, 0, 4.57026e-06, 1.09549e-05, 5.81861e-05, 0.298984, -0.00814894, 0.00520279, 0.298984, -0.00921288
37963, 0, 0.235, 0, 0, 4.57026e-06, 1.09549e-05, 5.81861e-05, 0.298984, -0.00814895, 0.00520275, 0.298984, -0.00921288
37974, 0, 0.235, 0, 0, 4.57026e-06, 1.09549e-05, 5.81861e-05, 0.298984, -0.00814898, 0.00520272, 0.298984, -0.00921288
37984, 0, 0.235, 0, 0, 4.57026e-06, 1.09549e-05, 5.81861e-05, 0.298984, -0.008149, 0.00520272, 0.298984, -0.00921288
37994, 0, 0.235, 0, 0, 4.57026e-06, 1.09549e-05, 5.81861e-05, 0.298984, -0.00814901, 0.00520274, 0.298984, -0.00921288
38003, 0, 0.235, 0, 0, 4.57026e-06, 1.09549e-05, 5.81861e-05, 0.298984, -0.008149, 0.00520277, 0.298984, -0.00921288
38013, 0, 0.235, 0, 0, 4.57026e-06, 1.09549e-05, 5.81861e-05, 0.298984, -0.00814899, 0.00520278, 0.298984, -0.00921288
38024, 0, 0.235, 0, 0, 4.57026e-06, 1.09549e-05, 5.81861e-05, 0.298984, -0.00814898, 0.00520279, 0.298984, -0.00921288
38034, 0, 0.235, 0, 0, 4.57026e-06, 1.09549e-05, 5.81861e-05, 0.298984, -0.00814898, 0.00520279, 0.298984, -0.00921288
38044, 0, 0.235, 0, 0, 4.57026e-06, 1.09549e-05, 5.81861e-05, 0.298984, -0.00814897, 0.00520279, 0.298984, -0.00921288
38053, 0, 0.235, 0, 0, 4.57026e-06, 1.09549e-05, 5.81861e-05, 0.298984, -0.00814897, 0.00520278, 0.298984, -0.00921288
38064, 0, 0.235, 0, 0, 4.57026e-06, 1.09549e-05, 5.81861e-05, 0.298984, -0.00814897, 0.00520278, 0.298984, -0.00921288
38074, 0, 0.235, 0, 0, 4.57026e-06, 1.09549e-05, 5.81861e-05, 0.298984, -0.00814897, 0.00520277, 0.298984, -0.00921288
38084, 0, 0.235, 0, 0, 4.57026e-06, 1.09549e-05, 5.81861e-05, 0.298984, -0.00814897, 0.00520276, 0.298984, -0.00921288
38093, 0, 0.235, 0, 0, 4.57026e-06, 1.09549e-05, 5.81861e-05, 0.298984, -0.00814897, 0.00520275, 0.298984, -0.00921288
38104, 0, 0.235, 0, 0, 4.57026e-06, 1.09549e-05, 5.81861e-05, 0.298984, -0.00814898, 0.00520275, 0.298984, -0.00921288
38114, 0, 0.235, 0, 0, 4.57026e-06, 1.09549e-05, 5.81861e-05, 0.298984, -0.008149, 0.00520274, 0.298984, -0.00921288
38124, 0, 0.235, 0, 0, 4.57026e-06, 1.09549e-05, 5.81861e-05, 0.298984, -0.00814899, 0.00520276, 0.298984, -0.00921288
38133, 0, 0.235, 0, 0, 4.57026e-06, 1.09549e-05, 5.81861e-05, 0.298984, -0.00814898, 0.00520276, 0.298984, -0.00921288
38144, 0, 0.235, 0, 0, 4.57026e-06, 1.09549e-05, 5.81861e-05, 0.298984, -0.00814898, 0.00520277, 0.298984, -0.00921288
38154, 0, 0.235, 0, 0, 4.57026e-06, 1.09549e-05, 5.81861e-05, 0.298984, -0.00814898, 0.00520277, 0.298984, -0.00921288
38164, 0, 0.235, 0, 0, 4.57026e-06, 1.09549e-05, 5.81861e-05, 0.298984, -0.00814898, 0.00520276, 0.298984, -0.00921288
38173, 0, 0.235, 0, 0, 4.57026e-06, 1.09549e-05, 5.81861e-05, 0.298984, -0.00814898, 0.00520276, 0.298984, -0.00921288
38183, 0, 0.235, 0, 0, 4.57026e-06, 1.09549e-05, 5.81861e-05, 0.298984, -0.00814898, 0.00520276, 0.298984, -0.00921288
38194, 0, 0.235, 0, 0, 4.57026e-06, 1.09549e-05, 5.81861e-05, 0.298984, -0.00814898, 0.00520275, 0.298984, -0.00921288
38204, 0, 0.235, 0, 0, 4.57026e-06, 1.09549e-05, 5.81861e-05, 0.298984, -0.00814898, 0.00520275, 0.298984, -0.00921288
38214, 0, 0.235, 0, 0, 4.57026e-06, 1.09549e-05, 5.81861e-05, 0.298984, -0.008149, 0.00520275, 0.298984, -0.00921288
38223, 0, 0.235, 0, 0, 4.57026e-06, 1.09549e-05, 5.81861e-05, 0.298984, -0.00814899, 0.00520276, 0.298984, -0.00921288
38234, 0, 0.235, 0, 0, 4.57026e-06, 1.09549e-05, 5.81861e-05, 0.298984, -0.00814898, 0.00520277, 0.298984, -0.00921288
38244, 0, 0.235, 0, 0, 4.57026e-06, 1.09549e-05, 5.81861e-05, 0.298984, -0.00814898, 0.00520277, 0.298984, -0.00921288
38254, 0, 0.235, 0, 0, 4.57026e-06, 1.09549e-05, 5.81861e-05, 0.298984, -0.00814898, 0.00520277, 0.298984, -0.00921288
38263, 0, 0.235, 0, 0, 4.57026e-06, 1.09549e-05, 5.81861e-05, 0.298984, -0.00814898, 0.00520277, 0.298984, -0.00921288
38274, 0, 0.235, 0, 0, 4.57026e-06, 1.09549e-05, 5.81861e-05, 0.298984, -0.00814898, 0.00520276, 0.298984, -0.00921288
38284, 0, 0.235, 0, 0, 4.57026e-06, 1.09549e-05, 5.81861e-05, 0.298984, -0.00814898, 0.00520276, 0.298984, -0.00921288
38294, 0, 0.235, 0, 0, 4.57026e-06, 1.09549e-05, 5.81861e-05, 0.298984, -0.00814898, 0.00520275, 0.298984, -0.00921288
38303, 0, 0.235, 0, 0, 4.57026e-06, 1.09549e-05, 5.81861e-05, 0.298984, -0.00814898, 0.00520275, 0.298984, -0.00921288
38313, 0, 0.235, 0, 0, 4.57026e-06, 1.09549e-05, 5.81861e-05, 0.298984, -0.008149, 0.00520274, 0.298984, -0.00921288
38324, 0, 0.235, 0, 0, 4.57026e-06, 1.09549e-05, 5.81861e-05, 0.298984, -0.00814899, 0.00520276, 0.298984, -0.00921288
38334, 0, 0.235, 0, 0, 4.57026e-06, 1.09549e-05, 5.81861e-05, 0.298984, -0.00814898, 0.00520276, 0.298984, -0.00921288
38344, 0, 0.188, 0, 0, 4.57026e-06, 1.09549e-05, 5.81861e-05, 0.298984, -0.00814898, 0.00520277, 0.298984, -0.00921288
38353, 0, 0.188, 0, 0, 4.57026e-06, 1.09549e-05, 5.81861e-05, 0.298984, -0.00814898, 0.00520277, 0.298984, -0.00921288
38364, 0, 0.188, 0, 0, 4.57026e-06, 1.09549e-05, 5.81861e-05, 0.298984, -0.00814898, 0.00520277, 0.298984, -0.00921288
38374, 0, 0.188, 0, 0, 4.57026e-06, 1.09549e-05, 5.81861e-05, 0.298984, -0.00814898, 0.00520276, 0.298984, -0.00921288
38384, 0, 0.188, 0, 0, 4.57026e-06, 1.09549e-05, 5.81861e-05, 0.298984, -0.00814898, 0.00520276, 0.298984, -0.00921288
38393, 0, 0.188, 0, 0, 4.57026e-06, 1.09549e-05, 5.81861e-05, 0.298984, -0.00814898, 0.00520275, 0.298984, -0.00921288
38404, 0, 0.188, 0, 0, 4.57026e-06, 1.09549e-05, 5.81861e-05, 0.298984, -0.00814898, 0.00520275, 0.298984, -0.00921288
38414, 0, 0.188, 0, 0, 4.57026e-06, 1.09549e-05, 5.81861e-05, 0.298984, -0.00814898, 0.00520275, 0.298984, -0.00921288
38424, 0, 0.188, 0, 0, 4.57026e-06, 1.09549e-05, 5.81861e-05, 0.298984, -0.008149, 0.00520275, 0.298984, -0.00921288
38433, 0, 0.188, 0, 0, 4.57026e-06, 1.09549e-05, 5.81861e-05, 0.298984, -0.00814899, 0.00520276, 0.298984, -0.00921288
38444, 0, 0.188, 0, 0, 4.57026e-06, 1.09549e-05, 5.81861e-05, 0.298984, -0.00814898, 0.00520277, 0.298984, -0.00921288
38454, 0, 0.188, 0, 0, 4.57026e-06, 1.09549e-05, 5.81861e-05, 0.298984, -0.00814898, 0.00520277, 0.298984, -0.00921288
38464, 0, 0.188, 0, 0, 4.57026e-06, 1.09549e-05, 5.81861e-05, 0.298984, -0.00814898, 0.00520277, 0.298984, -0.00921288
38473, 0, 0.188, 0, 0, 4.57026e-06, 1.09549e-05, 5.81861e-05, 0.298984, -0.00814898, 0.00520276, 0.298984, -0.00921288
38483, 0, 0.188, 0, 0, 4.57026e-06, 1.09549e-05, 5.81861e-05, 0.298984, -0.00814898, 0.00520276, 0.298984, -0.00921288
38494, 0, 0.188, 0, 0, 4.57026e-06, 1.09549e-05, 5.81861e-05, 0.298984, -0.00814898, 0.00520276, 0.298984, -0.00921288
38504, 0, 0.188, 0, 0, 4.57026e-06, 1.09549e-05, 5.81861e-05, 0.298984, -0.00814898, 0.00520275, 0.298984, -0.00921288
38514, 0, 0.188, 0, 0, 4.57026e-06, 1.09549e-05, 5.81861e-05, 0.298984, -0.00814898, 0.00520275, 0.298984, -0.00921288
38523, 0, 0.188, 0, 0, 4.57026e-06, 1.09549e-05, 5.81861e-05, 0.298984, -0.008149, 0.00520274, 0.298984, -0.00921288
38534, 0, 0.188, 0, 0, 4.57026e-06, 1.09549e-05, 5.81861e-05, 0.298984, -0.00814899, 0.00520276, 0.298984, -0.00921288
38544, 0, 0.188, 0, 0, 4.57026e-06, 1.09549e-05, 5.81861e-05, 0.298984, -0.00814898, 0.00520276, 0.298984, -0.00921288
38554, 0, 0.188, 0, 0, 4.57026e-06, 1.09549e-05, 5.81861e-05, 0.298984, -0.00814898, 0.00520277, 0.298984, -0.00921288
38563, 0, 0.188, 0, 0, 4.57026e-06, 1.09549e-05, 5.81861e-05, 0.298984, -0.00814898, 0.00520277, 0.298984, -0.00921288
38574, 0, 0.188, 0, 0, 4.57026e-06, 1.09549e-05, 5.81861e-05, 0.298984, -0.00814898, 0.00520276, 0.298984, -0.00921288
38584, 0, 0.188, 0, 0, 4.57026e-06, 1.09549e-05, 5.81861e-05, 0.298984, -0.00814898, 0.00520276, 0.298984, -0.00921288
38594, 0, 0.188, 0, 0, 4.57026e-06, 1.09549e-05, 5.81861e-05, 0.298984, -0.00814898, 0.00520275, 0.298984, -0.00921288
38603, 0, 0.188, 0, 0, 4.57026e-06, 1.09549e-05, 5.81861e-05, 0.298984, -0.00814898, 0.00520275, 0.298984, -0.00921288
38614, 0, 0.188, 0, 0, 4.57026e-06, 1.09549e-05, 5.81861e-05, 0.298984, -0.00814898, 0.00520275, 0.298984, -0.00921288
38624, 0, 0.188, 0, 0, 4.57026e-06, 1.09549e-05, 5.81861e-05, 0.298984, -0.008149, 0.00520274, 0.298984, -0.00921288
38634, 0, 0.188, 0, 0, 4.57026e-06, 1.09549e-05, 5.81861e-05, 0.298984, -0.00814899, 0.00520276, 0.298984, -0.00921288
38643, 0, 0.188, 0, 0, 4.57026e-06, 1.09549e-05, 5.81861e-05, 0.298984, -0.00814898, 0.00520276, 0.298984, -0.00921288
38653, 0, 0.188, 0, 0, 4.57026e-06, 1.09549e-05, 5.81861e-05, 0.298984, -0.00814898, 0.00520277, 0.298984, -0.00921288
38664, 0, 0.188, 0, 0, 4.57026e-06, 1.09549e-05, 5.81861e-05, 0.298984, -0.00814898, 0.00520277, 0.298984, -0.00921288
38674, 0, 0.188, 0, 0, 4.57026e-06, 1.09549e-05, 5.81861e-05, 0.298984, -0.00814898, 0.00520277, 0.298984, -0.00921288
38684, 0, 0.188, 0, 0, 4.57026e-06, 1.09549e-05, 5.81861e-05, 0.298984, -0.00814898, 0.00520276, 0.298984, -0.00921288
38693, 0, 0.188, 0, 0, 4.57026e-06, 1.09549e-05, 5.81861e-05, 0.298984, -0.00814898, 0.00520276, 0.298984, -0.00921288
38704, 0, 0.188, 0, 0, 4.57026e-06, 1.09549e-05, 5.81861e-05, 0.298984, -0.00814898, 0.00520275, 0.298984, -0.00921288
38714, 0, 0.188, 0, 0, 4.57026e-06, 1.09549e-05, 5.81861e-05, 0.298984, -0.00814898, 0.00520275, 0.298984, -0.00921288
38724, 0, 0.188, 0, 0, 4.57026e-06, 1.09549e-05, 5.81861e-05, 0.298984, -0.00814898, 0.00520275, 0.298984, -0.00921288
38733, 0, 0.188, 0, 0, 4.57026e-06, 1.09549e-05, 5.81861e-05, 0.298984, -0.008149, 0.00520275, 0.298984, -0.00921288
38744, 0, 0.188, 0, 0, 4.57026e-06, 1.09549e-05, 5.81861e-05, 0.298984, -0.00814899, 0.00520276, 0.298984, -0.00921288
38754, 0, 0.188, 0, 0, 4.57026e-06, 1.09549e-05, 5.81861e-05, 0.298984, -0.00814898, 0.00520277, 0.298984, -0.00921288
38764, 0, 0.188, 0, 0, 4.57026e-06, 1.09549e-05, 5.81861e-05, 0.298984, -0.00814898, 0.00520277, 0.298984, -0.00921288
38773, 0, 0.188, 0, 0, 4.57026e-06, 1.09549e-05, 5.81861e-05, 0.298984, -0.00814898, 0.00520277, 0.298984, -0.00921288
38784, 0, 0.188, 0, 0, 4.57026e-06, 1.09549e-05, 5.81861e-05, 0.298984, -0.00814898, 0.00520276, 0.298984, -0.00921288
38794, 0, 0.188, 0, 0, 4.57026e-06, 1.09549e-05, 5.81861e-05, 0.298984, -0.00814898, 0.00520276, 0.298984, -0.00921288
38804, 0, 0.188, 0, 0, 4.57026e-06, 1.09549e-05, 5.81861e-05, 0.298984, -0.00814898, 0.00520276, 0.298984, -0.00921288
38813, 0, 0.188, 0, 0, 4.57026e-06, 1.09549e-05, 5.81861e-05, 0.298984, -0.00814898, 0.00520275, 0.298984, -0.00921288
38823, 0, 0.188, 0, 0, 4.57026e-06, 1.09549e-05, 5.81861e-05, 0.298984, -0.00814898, 0.00520275, 0.298984, -0.00921288
38834, 0, 0.188, 0, 0, 4.57026e-06, 1.09549e-05, 5.81861e-05, 0.298984, -0.008149, 0.00520274, 0.298984, -0.00921288
38844, 0, 0.188, 0, 0, 4.57026e-06, 1.09549e-05, 5.81861e-05, 0.298984, -0.00814899, 0.00520276, 0.298984, -0.00921288
38854, 0, 0.188, 0, 0, 4.57026e-06, 1.09549e-05, 5.81861e-05, 0.298984, -0.00814898, 0.00520276, 0.298984, -0.00921288
38863, 0, 0.188, 0, 0, 4.57026e-06, 1.09549e-05, 5.81861e-05, 0.298984, -0.00814898, 0.00520277, 0.298984, -0.00921288
38874, 0, 0.188, 0, 0, 4.57026e-06, 1.09549e-05, 5.81861e-05, 0.298984, -0.00814898, 0.00520277, 0.298984, -0.00921288
38884, 0, 0.188, 0, 0, 4.57026e-06, 1.09549e-05, 5.81861e-05, 0.298984, -0.00814898, 0.00520276, 0.298984, -0.00921288
38894, 0, 0.188, 0, 0, 4.57026e-06, 1.09549e-05, 5.81861e-05, 0.298984, -0.00814898, 0.00520276, 0.298984, -0.00921288
38903, 0, 0.188, 0, 0, 4.57026e-06, 1.09549e-05, 5.81861e-05, 0.298984, -0.00814898, 0.00520275, 0.298984, -0.00921288
38914, 0, 0.188, 0, 0, 4.57026e-06, 1.09549e-05, 5.81861e-05, 0.298984, -0.00814898, 0.00520275, 0.298984, -0.00921288
38924, 0, 0.188, 0, 0, 4.57026e-06, 1.09549e-05, 5.81861e-05, 0.298984, -0.00814898, 0.00520275, 0.298984, -0.00921288
38934, 0, 0.188, 0, 0, 4.57026e-06, 1.09549e-05, 5.81861e-05, 0.298984, -0.008149, 0.00520274, 0.298984, -0.00921288
38943, 0, 0.188, 0, 0, 4.57026e-06, 1.09549e-05, 5.81861e-05, 0.298984, -0.00814899, 0.00520276, 0.298984, -0.00921288
38953, 0, 0.188, 0, 0, 4.57026e-06, 1.09549e-05, 5.81861e-05, 0.298984, -0.00814898, 0.00520276, 0.298984, -0.00921288
38964, 0, 0.188, 0, 0, 4.57026e-06, 1.09549e-05, 5.81861e-05, 0.298984, -0.00814898, 0.00520277, 0.298984, -0.00921288
38974, 0, 0.188, 0, 0, 4.57026e-06, 1.09549e-05, 5.81861e-05, 0.298984, -0.00814898, 0.00520277, 0.298984, -0.00921288
38984, 0, 0.188, 0, 0, 4.57026e-06, 1.09549e-05, 5.81861e-05, 0.298984, -0.00814898, 0.00520277, 0.298984, -0.00921288
38993, 0, 0.188, 0, 0, 4.57026e-06, 1.09549e-05, 5.81861e-05, 0.298984, -0.00814898, 0.00520276, 0.298984, -0.00921288
39004, 0, 0.188, 0, 0, 4.57026e-06, 1.09549e-05, 5.81861e-05, 0.298984, -0.00814898, 0.00520276, 0.298984, -0.00921288
39014, 0, 0.188, 0, 0, 4.57026e-06, 1.09549e-05, 5.81861e-05, 0.298984, -0.00814898, 0.00520275, 0.298984, -0.00921288
39024, 0, 0.188, 0, 0, 4.57026e-06, 1.09549e-05, 5.81861e-05, 0.298984, -0.00814898, 0.00520275, 0.298984, -0.00921288
39033, 0, 0.188, 0, 0, 4.57026e-06, 1.09549e-05, 5.81861e-05, 0.298984, -0.00814898, 0.00520275, 0.298984, -0.00921288
39044, 0, 0.188, 0, 0, 4.57026e-06, 1.09549e-05, 5.81861e-05, 0.298984, -0.008149, 0.00520275, 0.298984, -0.00921288
39054, 0, 0.188, 0, 0, 4.57026e-06, 1.09549e-05, 5.81861e-05, 0.298984, -0.00814899, 0.00520276, 0.298984, -0.00921288
39064, 0, 0.188, 0, 0, 4.57026e-06, 1.09549e-05, 5.81861e-05, 0.298984, -0.00814898, 0.00520277, 0.298984, -0.00921288
39073, 0, 0.188, 0, 0, 4.57026e-06, 1.09549e-05, 5.81861e-05, 0.298984, -0.00814898, 0.00520277, 0.298984, -0.00921288
39084, 0, 0.188, 0, 0, 4.57026e-06, 1.09549e-05, 5.81861e-05, 0.298984, -0.00814898, 0.00520277, 0.298984, -0.00921288
39094, 0, 0.188, 0, 0, 4.57026e-06, 1.09549e-05, 5.81861e-05, 0.298984, -0.00814898, 0.00520276, 0.298984, -0.00921288
39104, 0, 0.188, 0, 0, 4.57026e-06, 1.09549e-05, 5.81861e-05, 0.298984, -0.00814898, 0.00520276, 0.298984, -0.00921288
39113, 0, 0.188, 0, 0, 4.57026e-06, 1.09549e-05, 5.81861e-05, 0.298984, -0.00814898, 0.00520276, 0.298984, -0.00921288
39123, 0, 0.188, 0, 0, 4.57026e-06, 1.09549e-05, 5.81861e-05, 0.298984, -0.00814898, 0.00520275, 0.298984, -0.00921288
39134, 0, 0.188, 0, 0, 4.57026e-06, 1.09549e-05, 5.81861e-05, 0.298984, -0.00814898, 0.00520275, 0.298984, -0.00921288
39144, 0, 0.188, 0, 0, 4.57026e-06, 1.09549e-05, 5.81861e-05, 0.298984, -0.008149, 0.00520274, 0.298984, -0.00921288
39154, 0, 0.188, 0, 0, 4.57026e-06, 1.09549e-05, 5.81861e-05, 0.298984, -0.00814899, 0.00520276, 0.298984, -0.00921288
39163, 0, 0.188, 0, 0, 4.57026e-06, 1.09549e-05, 5.81861e-05, 0.298984, -0.00814898, 0.00520276, 0.298984, -0.00921288
39174, 0, 0.188, 0, 0, 4.57026e-06, 1.09549e-05, 5.81861e-05, 0.298984, -0.00814898, 0.00520277, 0.298984, -0.00921288
39184, 0, 0.188, 0, 0, 4.57026e-06, 1.09549e-05, 5.81861e-05, 0.298984, -0.00814898, 0.00520277, 0.298984, -0.00921288
39194, 0, 0.188, 0, 0, 4.57026e-06, 1.09549e-05, 5.81861e-05, 0.298984, -0.00814898, 0.00520276, 0.298984, -0.00921288
39203, 0, 0.188, 0, 0, 4.57026e-06, 1.09549e-05, 5.81861e-05, 0.298984, -0.00814898, 0.00520276, 0.298984, -0.00921288
39214, 0, 0.188, 0, 0, 4.57026e-06, 1.09549e-05, 5.81861e-05, 0.298984, -0.00814898, 0.00520275, 0.298984, -0.00921288
39224, 0, 0.188, 0, 0, 4.57026e-06, 1.09549e-05, 5.81861e-05, 0.298984, -0.00814898, 0.00520275, 0.298984, -0.00921288
39234, 0, 0.188, 0, 0, 4.57026e-06, 1.09549e-05, 5.81861e-05, 0.298984, -0.00814898, 0.00520275, 0.298984, -0.00921288
39243, 0, 0.188, 0, 0, 4.57026e-06, 1.09549e-05, 5.81861e-05, 0.298984, -0.008149, 0.00520274, 0.298984, -0.00921288
39254, 0, 0.188, 0, 0, 4.57026e-06, 1.09549e-05, 5.81861e-05, 0.298984, -0.00814899, 0.00520276, 0.298984, -0.00921288
39264, 0, 0.188, 0, 0, 4.57026e-06, 1.09549e-05, 5.81861e-05, 0.298984, -0.00814898, 0.00520276, 0.298984, -0.00921288
39274, 0, 0.188, 0, 0, 4.57026e-06, 1.09549e-05, 5.81861e-05, 0.298984, -0.00814898, 0.00520277, 0.298984, -0.00921288
39283, 0, 0.188, 0, 0, 4.57026e-06, 1.09549e-05, 5.81861e-05, 0.298984, -0.00814898, 0.00520277, 0.298984, -0.00921288
39293, 0, 0.188, 0, 0, 4.57026e-06, 1.09549e-05, 5.81861e-05, 0.298984, -0.00814898, 0.00520277, 0.298984, -0.00921288
39304, 0, 0.188, 0, 0, 4.57026e-06, 1.09549e-05, 5.81861e-05, 0.298984, -0.00814898, 0.00520276, 0.298984, -0.00921288
39314, 0, 0.188, 0, 0, 4.57026e-06, 1.09549e-05, 5.81861e-05, 0.298984, -0.00814898, 0.00520276, 0.298984, -0.00921288
39324, 0, 0.188, 0, 0, 4.57026e-06, 1.09549e-05, 5.81861e-05, 0.298984, -0.00814898, 0.00520275, 0.298984, -0.00921288
39333, 0, 0.188, 0, 0, 4.57026e-06, 1.09549e-05, 5.81861e-05, 0.298984, -0.00814898, 0.00520275, 0.298984, -0.00921288
39344, 0, 0.188, 0, 0, 4.57026e-06, 1.09549e-05, 5.81861e-05, 0.298984, -0.00814898, 0.00520275, 0.298984, -0.00921288
39354, 0, 0.188, 0, 0, 4.57026e-06, 1.09549e-05, 5.81861e-05, 0.298984, -0.008149, 0.00520275, 0.298984, -0.00921288
39364, 0, 0.188, 0, 0, 4.57026e-06, 1.09549e-05, 5.81861e-05, 0.298984, -0.00814899, 0.00520276, 0.298984, -0.00921288
39373, 0, 0.188, 0, 0, 4.57026e-06, 1.09549e-05, 5.81861e-05, 0.298984, -0.00814898, 0.00520277, 0.298984, -0.00921288
39384, 0, 0.188, 0, 0, 4.57026e-06, 1.09549e-05, 5.81861e-05, 0.298984, -0.00814898, 0.00520277, 0.298984, -0.00921288
39394, 0, 0.188, 0, 0, 4.57026e-06, 1.09549e-05, 5.81861e-05, 0.298984, -0.00814898, 0.00520277, 0.298984, -0.00921288
39404, 0, 0.188, 0, 0, 4.57026e-06, 1.09549e-05, 5.81861e-05, 0.298984, -0.00814898, 0.00520276, 0.298984, -0.00921288
39413, 0, 0.188, 0, 0, 4.57026e-06, 1.09549e-05, 5.81861e-05, 0.298984, -0.00814898, 0.00520276, 0.298984, -0.00921288
39424, 0, 0.188, 0, 0, 4.57026e-06, 1.09549e-05, 5.81861e-05, 0.298984, -0.00814898, 0.00520276, 0.298984, -0.00921288
39434, 0, 0.188, 0, 0, 4.57026e-06, 1.09549e-05, 5.81861e-05, 0.298984, -0.00814898, 0.00520275, 0.298984, -0.00921288
39444, 0, 0.188, 0, 0, 4.57026e-06, 1.09549e-05, 5.81861e-05, 0.298984, -0.00814898, 0.00520275, 0.298984, -0.00921288
39453, 0, 0.188, 0, 0, 4.57026e-06, 1.09549e-05, 5.81861e-05, 0.298984, -0.008149, 0.00520274, 0.298984, -0.00921288
39463, 0, 0.188, 0, 0, 4.57026e-06, 1.09549e-05, 5.81861e-05, 0.298984, -0.00814899, 0.00520276, 0.298984, -0.00921288
39474, 0, 0.188, 0, 0, 4.57026e-06, 1.09549e-05, 5.81861e-05, 0.298984, -0.00814898, 0.00520276, 0.298984, -0.00921288
39484, 0, 0.188, 0, 0, 4.57026e-06, 1.09549e-05, 5.81861e-05, 0.298984, -0.00814898, 0.00520277, 0.298984, -0.00921288
39494, 0, 0.188, 0, 0, 4.57026e-06, 1.09549e-05, 5.81861e-05, 0.298984, -0.00814898, 0.00520277, 0.298984, -0.00921288
39503, 0, 0.188, 0, 0, 4.57026e-06, 1.09549e-05, 5.81861e-05, 0.298984, -0.00814898, 0.00520276, 0.298984, -0.00921288
39514, 0, 0.188, 0, 0, 4.57026e-06, 1.09549e-05, 5.81861e-05, 0.298984, -0.00814898, 0.00520276, 0.298984, -0.00921288
39524, 0, 0.188, 0, 0, 4.57026e-06, 1.09549e-05, 5.81861e-05, 0.298984, -0.00814898, 0.00520275, 0.298984, -0.00921288
39534, 0, 0.188, 0, 0, 4.57026e-06, 1.09549e-05, 5.81861e-05, 0.298984, -0.00814898, 0.00520275, 0.298984, -0.00921288
39543, 0, 0.188, 0, 0, 4.57026e-06, 1.09549e-05, 5.81861e-05, 0.298984, -0.00814898, 0.00520275, 0.298984, -0.00921288
39554, 0, 0.188, 0, 0, 4.57026e-06, 1.09549e-05, 5.81861e-05, 0.298984, -0.008149, 0.00520274, 0.298984, -0.00921288
39564, 0, 0.188, 0, 0, 4.57026e-06, 1.09549e-05, 5.81861e-05, 0.298984, -0.00814899, 0.00520276, 0.298984, -0.00921288
39574, 0, 0.188, 0, 0, 4.57026e-06, 1.09549e-05, 5.81861e-05, 0.298984, -0.00814898, 0.00520276, 0.298984, -0.00921288
39583, 0, 0.188, 0, 0, 4.57026e-06, 1.09549e-05, 5.81861e-05, 0.298984, -0.00814898, 0.00520277, 0.298984, -0.00921288
39593, 0, 0.188, 0, 0, 4.57026e-06, 1.09549e-05, 5.81861e-05, 0.298984, -0.00814898, 0.00520277, 0.298984, -0.00921288
39604, 0, 0.188, 0, 0, 4.57026e-06, 1.09549e-05, 5.81861e-05, 0.298984, -0.00814898, 0.00520277, 0.298984, -0.00921288
39614, 0, 0.188, 0, 0, 4.57026e-06, 1.09549e-05, 5.81861e-05, 0.298984, -0.00814898, 0.00520276, 0.298984, -0.00921288
39624, 0, 0.188, 0, 0, 4.57026e-06, 1.09549e-05, 5.81861e-05, 0.298984, -0.00814898, 0.00520276, 0.298984, -0.00921288
39633, 0, 0.188, 0, 0, 4.57026e-06, 1.09549e-05, 5.81861e-05, 0.298984, -0.00814898, 0.00520275, 0.298984, -0.00921288
