QGPIORecord, QRC v6.1.0, x86_64, Windows 10 Version 2009,, 22-12-2021 @ 11:14:12, 10.0.19042,,,,,,
Time, trajectoryV, P11, P12, P13, P22, P23, P33, x1, x2, x3, y1, y2
128904,0,1.01E-05,0,4.33E-05,1.76E-05,0,0.000386342,0.0117516,0,-0.00465139,0.0122838,0.000231412
128914,0,1.01E-05,0,4.33E-05,1.76E-05,0,0.000386342,0.0117516,0,-0.00465139,0.0122838,0.000231412
128925,0,1.01E-05,0,4.33E-05,1.77E-05,0,0.000386342,0.0117516,0,-0.00465138,0.0122838,0.000231412
128933,0,1.01E-05,0,4.33E-05,1.77E-05,0,0.000386342,0.0117516,0,-0.00465138,0.0122838,0.000231412
128944,0,1.01E-05,0,4.33E-05,1.77E-05,0,0.000386342,0.0117516,0,-0.00465139,0.0122838,0.000231412
128954,0,1.01E-05,0,4.33E-05,1.77E-05,0,0.000386342,0.0117516,0,-0.00465139,0.0122838,0.000231412
128964,0,1.01E-05,0,4.33E-05,1.78E-05,0,0.000386342,0.0117516,0,-0.00465138,0.0122838,0.000231412
128973,0,1.01E-05,0,4.33E-05,1.78E-05,0,0.000386342,0.0117516,0,-0.00465138,0.0122838,0.000231412
128984,0,1.01E-05,0,4.33E-05,1.78E-05,0,0.000386342,0.0117516,0,-0.00465139,0.0122838,0.000231412
128994,0,1.01E-05,0,4.33E-05,1.79E-05,0,0.000386342,0.0117516,0,-0.00465139,0.0122838,0.000231412
129004,0,1.01E-05,0,4.33E-05,1.79E-05,0,0.000386342,0.0117516,0,-0.00465138,0.0122838,0.000231412
129013,0,1.01E-05,0,4.33E-05,1.79E-05,0,0.000386342,0.0117516,0,-0.00465138,0.0122838,0.000231412
129024,0,1.01E-05,0,4.33E-05,1.79E-05,0,0.000386342,0.0117516,0,-0.00465139,0.0122838,0.000231412
129034,0,1.01E-05,0,4.33E-05,1.80E-05,0,0.000386342,0.0117516,0,-0.00465139,0.0122838,0.000231412
129044,0,1.01E-05,0,4.33E-05,1.80E-05,0,0.000386342,0.0117516,0,-0.00465138,0.0122838,0.000231412
129053,0,1.01E-05,0,4.33E-05,1.80E-05,0,0.000386342,0.0117516,0,-0.00465138,0.0122838,0.000231412
129063,0,1.01E-05,0,4.33E-05,1.80E-05,0,0.000386342,0.0117516,0,-0.00465139,0.0122838,0.000231412
129074,0,1.01E-05,0,4.33E-05,1.81E-05,0,0.000386342,0.0117516,0,-0.00465139,0.0122838,0.000231412
129084,0,1.01E-05,0,4.33E-05,1.81E-05,0,0.000386342,0.0117516,0,-0.00465138,0.0122838,0.000231412
129093,0,1.01E-05,0,4.33E-05,1.81E-05,0,0.000386342,0.0117516,0,-0.00465138,0.0122838,0.000231412
129103,0,1.01E-05,0,4.33E-05,1.82E-05,0,0.000386342,0.0117516,0,-0.00465139,0.0122838,0.000231412
129114,0,1.01E-05,0,4.33E-05,1.82E-05,0,0.000386342,0.0117516,0,-0.00465139,0.0122838,0.000231412
129124,0,1.01E-05,0,4.33E-05,1.82E-05,0,0.000386342,0.0117516,0,-0.00465138,0.0122838,0.000231412
129134,0,1.01E-05,0,4.33E-05,1.82E-05,0,0.000386342,0.0117516,0,-0.00465138,0.0122838,0.000231412
129143,0,1.01E-05,0,4.33E-05,1.83E-05,0,0.000386342,0.0117516,0,-0.00465139,0.0122838,0.000231412
129154,0,1.01E-05,0,4.33E-05,1.83E-05,0,0.000386342,0.0117516,0,-0.00465139,0.0122838,0.000231412
129164,0,1.01E-05,0,4.33E-05,1.83E-05,0,0.000386342,0.0117516,0,-0.00465138,0.0122838,0.000231412
129174,0,1.01E-05,0,4.33E-05,1.84E-05,0,0.000386342,0.0117516,0,-0.00465138,0.0122838,0.000231412
129183,0,1.01E-05,0,4.33E-05,1.84E-05,0,0.000386342,0.0117516,0,-0.00465139,0.0122838,0.000231412
129193,0,1.01E-05,0,4.33E-05,1.84E-05,0,0.000386342,0.0117516,0,-0.00465139,0.0122838,0.000231412
129204,0,1.01E-05,0,4.33E-05,1.84E-05,0,0.000386342,0.0117516,0,-0.00465138,0.0122838,0.000231412
129214,0,1.01E-05,0,4.33E-05,1.85E-05,0,0.000386342,0.0117516,0,-0.00465138,0.0122838,0.000231412
129223,0,1.01E-05,0,4.33E-05,1.85E-05,0,0.000386342,0.0117516,0,-0.00465139,0.0122838,0.000231412
129233,0,1.01E-05,0,4.33E-05,1.85E-05,0,0.000386342,0.0117516,0,-0.00465139,0.0122838,0.000231412
129244,0,1.01E-05,0,4.33E-05,1.85E-05,0,0.000386342,0.0117516,0,-0.00465138,0.0122838,0.000231412
129254,0,1.01E-05,0,4.33E-05,1.86E-05,0,0.000386342,0.0117516,0,-0.00465138,0.0122838,0.000231412
129263,0,1.01E-05,0,4.33E-05,1.86E-05,0,0.000386342,0.0117516,0,-0.00465139,0.0122838,0.000231412
129273,0,1.01E-05,0,4.33E-05,1.86E-05,0,0.000386342,0.0117516,0,-0.00465139,0.0122838,0.000231412
129284,0,1.01E-05,0,4.33E-05,1.87E-05,0,0.000386342,0.0117516,0,-0.00465138,0.0122838,0.000231412
129294,0,1.01E-05,0,4.33E-05,1.87E-05,0,0.000386342,0.0117516,0,-0.00465138,0.0122838,0.000231412
129304,0,1.01E-05,0,4.33E-05,1.87E-05,0,0.000386342,0.0117516,0,-0.00465139,0.0122838,0.000231412
129313,0,1.01E-05,0,4.33E-05,1.87E-05,0,0.000386342,0.0117516,0,-0.00465139,0.0122838,0.000231412
129324,0,1.01E-05,0,4.33E-05,1.88E-05,0,0.000386342,0.0117516,0,-0.00465138,0.0122838,0.000231412
129334,0,1.01E-05,0,4.33E-05,1.88E-05,0,0.000386342,0.0117516,0,-0.00465138,0.0122838,0.000231412
129344,0,1.01E-05,0,4.33E-05,1.88E-05,0,0.000386342,0.0117516,0,-0.00465139,0.0122838,0.000231412
129353,0,1.01E-05,0,4.33E-05,1.89E-05,0,0.000386342,0.0117516,0,-0.00465139,0.0122838,0.000231412
129363,0,1.01E-05,0,4.33E-05,1.89E-05,0,0.000386342,0.0117516,0,-0.00465138,0.0122838,0.000231412
129374,0,1.01E-05,0,4.33E-05,1.89E-05,0,0.000386342,0.0117516,0,-0.00465138,0.0122838,0.000231412
129384,0,1.01E-05,0,4.33E-05,1.89E-05,0,0.000386342,0.0117516,0,-0.00465139,0.0122838,0.000231412
129393,0,1.01E-05,0,4.33E-05,1.90E-05,0,0.000386342,0.0117516,0,-0.00465139,0.0122838,0.000231412
129403,0,1.01E-05,0,4.33E-05,1.90E-05,0,0.000386342,0.0117516,0,-0.00465138,0.0122838,0.000231412
129414,0,1.01E-05,0,4.33E-05,1.90E-05,0,0.000386342,0.0117516,0,-0.00465138,0.0122838,0.000231412
129424,0,1.01E-05,0,4.33E-05,1.90E-05,0,0.000386342,0.0117516,0,-0.00465139,0.0122838,0.000231412
129434,0,1.01E-05,0,4.33E-05,1.91E-05,0,0.000386342,0.0117516,0,-0.00465139,0.0122838,0.000231412
129443,0,1.01E-05,0,4.33E-05,1.91E-05,0,0.000386342,0.0117516,0,-0.00465138,0.0122838,0.000231412
129454,0,1.01E-05,0,4.33E-05,1.91E-05,0,0.000386342,0.0117516,0,-0.00465138,0.0122838,0.000231412
129464,0,1.01E-05,0,4.33E-05,1.92E-05,0,0.000386342,0.0117516,0,-0.00465139,0.0122838,0.000231412
129474,0,1.01E-05,0,4.33E-05,1.92E-05,0,0.000386342,0.0117516,0,-0.00465139,0.0122838,0.000231412
129483,0,1.01E-05,0,4.33E-05,1.92E-05,0,0.000386342,0.0117516,0,-0.00465138,0.0122838,0.000231412
129494,0,1.01E-05,0,4.33E-05,1.92E-05,0,0.000386342,0.0117516,0,-0.00465138,0.0122838,0.000231412
129504,0,1.01E-05,0,4.33E-05,1.93E-05,0,0.000386342,0.0117516,0,-0.00465139,0.0122838,0.000231412
129514,0,1.01E-05,0,4.33E-05,1.93E-05,0,0.000386342,0.0117516,0,-0.00465139,0.0122838,0.000231412
129523,0,1.01E-05,0,4.33E-05,1.93E-05,0,0.000386342,0.0117516,0,-0.00465138,0.0122838,0.000231412
129533,0,1.01E-05,0,4.33E-05,1.94E-05,0,0.000386342,0.0117516,0,-0.00465138,0.0122838,0.000231412
129544,0,1.01E-05,0,4.33E-05,1.94E-05,0,0.000386342,0.0117516,0,-0.00465139,0.0122838,0.000231412
129554,0,1.01E-05,0,4.33E-05,1.94E-05,0,0.000386342,0.0117516,0,-0.00465139,0.0122838,0.000231412
129563,0,1.01E-05,0,4.33E-05,1.94E-05,0,0.000386342,0.0117516,0,-0.00465138,0.0122838,0.000231412
129573,0,1.01E-05,0,4.33E-05,1.95E-05,0,0.000386342,0.0117516,0,-0.00465138,0.0122838,0.000231412
129584,0,1.01E-05,0,4.33E-05,1.95E-05,0,0.000386342,0.0117516,0,-0.00465139,0.0122838,0.000231412
129594,0,1.01E-05,0,4.33E-05,1.95E-05,0,0.000386342,0.0117516,0,-0.00465139,0.0122838,0.000231412
129604,0,1.01E-05,0,4.33E-05,1.96E-05,0,0.000386342,0.0117516,0,-0.00465138,0.0122838,0.000231412
129613,0,1.01E-05,0,4.33E-05,1.96E-05,0,0.000386342,0.0117516,0,-0.00465138,0.0122838,0.000231412
129624,0,1.01E-05,0,4.33E-05,1.96E-05,0,0.000386342,0.0117516,0,-0.00465139,0.0122838,0.000231412
129634,0,1.01E-05,0,4.33E-05,1.96E-05,0,0.000386342,0.0117516,0,-0.00465139,0.0122838,0.000231412
129644,0,1.01E-05,0,4.33E-05,1.97E-05,0,0.000386342,0.0117516,0,-0.00465138,0.0122838,0.000231412
129653,0,1.01E-05,0,4.33E-05,1.97E-05,0,0.000386342,0.0117516,0,-0.00465138,0.0122838,0.000231412
129664,0,1.01E-05,0,4.33E-05,1.97E-05,0,0.000386342,0.0117516,0,-0.00465139,0.0122838,0.000231412
129674,0,1.01E-05,0,4.33E-05,1.97E-05,0,0.000386342,0.0117516,0,-0.00465139,0.0122838,0.000231412
129684,0,1.01E-05,0,4.33E-05,1.98E-05,0,0.000386342,0.0117516,0,-0.00465138,0.0122838,0.000231412
129693,0,1.01E-05,0,4.33E-05,1.98E-05,0,0.000386342,0.0117516,0,-0.00465138,0.0122838,0.000231412
129703,0,1.01E-05,0,4.33E-05,1.98E-05,0,0.000386342,0.0117516,0,-0.00465139,0.0122838,0.000231412
129714,0,1.01E-05,0,4.33E-05,1.99E-05,0,0.000386342,0.0117516,0,-0.00465139,0.0122838,0.000231412
129724,0,1.01E-05,0,4.33E-05,1.99E-05,0,0.000386342,0.0117516,0,-0.00465138,0.0122838,0.000231412
129733,0,1.01E-05,0,4.33E-05,1.99E-05,0,0.000386342,0.0117516,0,-0.00465138,0.0122838,0.000231412
129743,0,1.01E-05,0,4.33E-05,1.99E-05,0,0.000386342,0.0117516,0,-0.00465139,0.0122838,0.000231412
129754,0,1.01E-05,0,4.33E-05,2.00E-05,0,0.000386342,0.0117516,0,-0.00465139,0.0122838,0.000231412
129764,0,1.01E-05,0,4.33E-05,2.00E-05,0,0.000386342,0.0117516,0,-0.00465138,0.0122838,0.000231412
129774,0,1.01E-05,0,4.33E-05,2.00E-05,0,0.000386342,0.0117516,0,-0.00465138,0.0122838,0.000231412
129783,0,1.01E-05,0,4.33E-05,2.01E-05,0,0.000386342,0.0117516,0,-0.00465139,0.0122838,0.000231412
129794,0,1.01E-05,0,4.33E-05,2.01E-05,0,0.000386342,0.0117516,0,-0.00465139,0.0122838,0.000231412
129804,0,1.01E-05,0,4.33E-05,2.01E-05,0,0.000386342,0.0117516,0,-0.00465138,0.0122838,0.000231412
129814,0,1.01E-05,0,4.33E-05,2.01E-05,0,0.000386342,0.0117516,0,-0.00465138,0.0122838,0.000231412
129823,0,1.01E-05,0,4.33E-05,2.02E-05,0,0.000386342,0.0117516,0,-0.00465139,0.0122838,0.000231412
129833,0,1.01E-05,0,4.33E-05,2.02E-05,0,0.000386342,0.0117516,0,-0.00465139,0.0122838,0.000231412
129844,0,1.01E-05,0,4.33E-05,2.02E-05,0,0.000386342,0.0117516,0,-0.00465138,0.0122838,0.000231412
129854,0,1.01E-05,0,4.33E-05,2.02E-05,0,0.000386342,0.0117516,0,-0.00465138,0.0122838,0.000231412
129863,0,1.01E-05,0,4.33E-05,2.03E-05,0,0.000386342,0.0117516,0,-0.00465139,0.0122838,0.000231412
129873,0,1.01E-05,0,4.33E-05,2.03E-05,0,0.000386342,0.0117516,0,-0.00465139,0.0122838,0.000231412
129884,0,1.01E-05,0,4.33E-05,2.03E-05,0,0.000386342,0.0117516,0,-0.00465138,0.0122838,0.000231412
129894,0,1.01E-05,0,4.33E-05,2.04E-05,0,0.000386342,0.0117516,0,-0.00465138,0.0122838,0.000231412
129903,0,1.01E-05,0,4.33E-05,2.04E-05,0,0.000386342,0.0117516,0,-0.00465139,0.0122838,0.000231412
129913,0,1.01E-05,0,4.33E-05,2.04E-05,0,0.000386342,0.0117516,0,-0.00465139,0.0122838,0.000231412
129924,0,1.01E-05,0,4.33E-05,2.04E-05,0,0.000386342,0.0117516,0,-0.00465138,0.0122838,0.000231412
129934,0,1.01E-05,0,4.33E-05,2.05E-05,0,0.000386342,0.0117516,0,-0.00465138,0.0122838,0.000231412
129944,0,1.01E-05,0,4.33E-05,2.05E-05,0,0.000386342,0.0117516,0,-0.00465139,0.0122838,0.000231412
129953,0,1.01E-05,0,4.33E-05,2.05E-05,0,0.000386342,0.0117516,0,-0.00465139,0.0122838,0.000231412
129964,0,1.01E-05,0,4.33E-05,2.06E-05,0,0.000386342,0.0117516,0,-0.00465138,0.0122838,0.000231412
129974,0,1.01E-05,0,4.33E-05,2.06E-05,0,0.000386342,0.0117516,0,-0.00465138,0.0122838,0.000231412
129984,0,1.01E-05,0,4.33E-05,2.06E-05,0,0.000386342,0.0117516,0,-0.00465139,0.0122838,0.000231412
129993,0,1.01E-05,0,4.33E-05,2.06E-05,0,0.000386342,0.0117516,0,-0.00465139,0.0122838,0.000231412
130003,0,1.01E-05,0,4.33E-05,2.07E-05,0,0.000386342,0.0117516,0,-0.00465138,0.0122838,0.000231412
130014,0,1.01E-05,0,4.33E-05,2.07E-05,0,0.000386342,0.0117516,0,-0.00465138,0.0122838,0.000231412
130024,0,1.01E-05,0,4.33E-05,2.07E-05,0,0.000386342,0.0117516,0,-0.00465139,0.0122838,0.000231412
130033,0,1.01E-05,0,4.33E-05,2.08E-05,0,0.000386342,0.0117516,0,-0.00465139,0.0122838,0.000231412
130043,0,1.01E-05,0,4.33E-05,2.08E-05,0,0.000386342,0.0117516,0,-0.00465138,0.0122838,0.000231412
130054,0,1.01E-05,0,4.33E-05,2.08E-05,0,0.000386342,0.0117516,0,-0.00465138,0.0122838,0.000231412
130064,0,1.01E-05,0,4.33E-05,2.08E-05,0,0.000386342,0.0117516,0,-0.00465139,0.0122838,0.000231412
130074,0,1.01E-05,0,4.33E-05,2.09E-05,0,0.000386342,0.0117516,0,-0.00465139,0.0122838,0.000231412
130083,0,1.01E-05,0,4.33E-05,2.09E-05,0,0.000386342,0.0117516,0,-0.00465138,0.0122838,0.000231412
130094,0,1.01E-05,0,4.33E-05,2.09E-05,0,0.000386342,0.0117516,0,-0.00465138,0.0122838,0.000231412
130104,0,1.01E-05,0,4.33E-05,2.09E-05,0,0.000386342,0.0117516,0,-0.00465139,0.0122838,0.000231412
130114,0,1.01E-05,0,4.33E-05,2.10E-05,0,0.000386342,0.0117516,0,-0.00465139,0.0122838,0.000231412
130123,0,1.01E-05,0,4.33E-05,2.10E-05,0,0.000386342,0.0117516,0,-0.00465138,0.0122838,0.000231412
130134,0,1.01E-05,0,4.33E-05,2.10E-05,0,0.000386342,0.0117516,0,-0.00465138,0.0122838,0.000231412
130145,0,1.01E-05,0,4.33E-05,2.11E-05,0,0.000386342,0.0117516,0,-0.00465139,0.0122838,0.000231412
130154,0,1.01E-05,0,4.33E-05,2.11E-05,0,0.000386342,0.0117516,0,-0.00465139,0.0122838,0.000231412
130164,0.0229582,1.01E-05,0,4.33E-05,2.11E-05,0,0.000386342,0.00992803,0.000229582,-0.00465138,0.0122838,0.000231412
130173,0.0459165,1.01E-05,0,4.33E-05,2.11E-05,0,0.000386342,0.00754665,0.000688747,-0.000523072,0.0122838,0.000231412
130184,0.0688747,1.01E-05,0,4.33E-05,2.12E-05,0,0.000386342,0.00532253,0.00137749,0.00899647,0.0122838,0.000347118
130194,0.091833,1.01E-05,0,4.33E-05,2.12E-05,0,0.000386342,0.00357473,0.00229582,0.0235512,0.0122838,0.000694236
130204,0.114791,1.01E-05,0,4.33E-05,2.12E-05,0,0.000386342,0.00237258,0.00344374,0.0420629,0.0122838,0.00104135
130214,0.137749,1.01E-05,0,4.33E-05,2.13E-05,0,0.000386342,-0.000479872,0.00482123,0.0566449,0.00921288,0.00161988
130224,0.160708,1.01E-05,0,4.33E-05,2.13E-05,0,0.000386342,-0.00414929,0.00642831,0.0710336,0.00614192,0.00242983
130234,0.183666,1.01E-05,0,4.33E-05,2.13E-05,0,0.000386342,-0.00914975,0.00826497,0.0837528,0.00153548,0.00347118
130244,0.206601,1.01E-05,0,4.33E-05,2.13E-05,0,0.000386342,-0.0157539,0.010331,0.0944903,-0.00460644,0.00474395
130254,0.229559,1.01E-05,0,4.33E-05,2.14E-05,0,0.000386342,-0.0240737,0.0126266,0.103551,-0.0122838,0.00613242
130264,0.252518,1.01E-05,0,4.33E-05,2.14E-05,0,0.000386342,-0.0330514,0.0151517,0.11482,-0.0199612,0.0077523
130274,0.275476,1.01E-05,0,4.33E-05,2.14E-05,0,0.000386342,-0.0441866,0.0179065,0.123134,-0.0307096,0.0097193
130284,0.298434,1.01E-05,0,4.33E-05,2.14E-05,0,0.000386342,-0.0562165,0.0208908,0.133378,-0.041458,0.0120334
130294,0.321392,1.01E-05,0,4.33E-05,2.15E-05,0,0.000386342,-0.0683667,0.0241048,0.147578,-0.0522063,0.0143475
130305,0.344351,1.01E-05,0,4.33E-05,2.15E-05,0,0.000386342,-0.0813053,0.0275483,0.162681,-0.0644902,0.0167774
130314,0.367309,1.01E-05,0,4.33E-05,2.15E-05,0,0.000386342,-0.0954792,0.0312214,0.177145,-0.0783095,0.0195543
130324,0.390267,1.01E-05,0,4.33E-05,2.16E-05,0,0.000386342,-0.109016,0.035124,0.197094,-0.0905933,0.0227941
130334,0.413225,1.01E-05,0,4.33E-05,2.16E-05,0,0.000386342,-0.122988,0.0392563,0.217758,-0.104413,0.0261496
130344,0.436184,1.01E-05,0,4.33E-05,2.16E-05,0,0.000386342,-0.138102,0.0436181,0.236797,-0.119767,0.0296207
130354,0.459142,1.01E-05,0,4.33E-05,2.16E-05,0,0.000386342,-0.152628,0.0482095,0.260124,-0.133587,0.0333233
130364,0.4821,1.01E-05,0,4.33E-05,2.17E-05,0,0.000386342,-0.166635,0.0530305,0.286407,-0.147406,0.037373
130374,0.505058,1.01E-05,0,4.33E-05,2.17E-05,0,0.000386342,-0.181313,0.0580811,0.311144,-0.162761,0.0415384
130384,0.528017,1.01E-05,0,4.33E-05,2.17E-05,0,0.000386342,-0.195254,0.0633613,0.339181,-0.17658,0.046051
130395,0.550975,1.01E-05,0,4.33E-05,2.18E-05,0,0.000386342,-0.208707,0.068871,0.368849,-0.1904,0.0506792
130404,0.57391,1.01E-05,0,4.33E-05,2.18E-05,0,0.000386342,-0.221879,0.0746101,0.399043,-0.204219,0.0555389
130414,0.596868,1.01E-05,0,4.33E-05,2.18E-05,0,0.000386342,-0.23386,0.0805788,0.432455,-0.216503,0.0607456
130424,0.619826,1.01E-05,0,4.33E-05,2.18E-05,0,0.000386342,-0.245221,0.0867771,0.466385,-0.228787,0.0661838
130435,0.642785,1.01E-05,0,4.33E-05,2.19E-05,0,0.000386342,-0.255286,0.0932049,0.502757,-0.239535,0.0717377
130444,0.665743,1.01E-05,0,4.33E-05,2.19E-05,0,0.000386342,-0.264759,0.0998624,0.538635,-0.250283,0.0774073
130454,0.688701,1.01E-05,0,4.33E-05,2.19E-05,0,0.000386342,-0.273026,0.106749,0.576006,-0.259496,0.0833083
130464,0.711659,1.01E-05,0,4.33E-05,2.19E-05,0,0.000386342,-0.280804,0.113866,0.612139,-0.268709,0.0895564
130475,0.734618,1.01E-05,0,4.33E-05,2.20E-05,0,0.000386342,-0.287466,0.121212,0.649254,-0.276386,0.096036
130485,0.757576,1.01E-05,0,4.33E-05,2.20E-05,0,0.000386342,-0.292643,0.128788,0.688149,-0.282528,0.102863
130494,0.757576,1.01E-05,0,4.33E-05,2.20E-05,0,0.000386342,-0.2954,0.136364,0.725461,-0.28867,0.109921
130504,0.757576,1.01E-05,0,4.33E-05,2.21E-05,0,0.000386342,-0.295411,0.143939,0.762363,-0.291741,0.11721
130514,0.757576,1.01E-05,0,4.33E-05,2.21E-05,0,0.000386342,-0.294615,0.151515,0.792641,-0.294812,0.1245
130525,0.757576,1.01E-05,0,4.33E-05,2.21E-05,0,0.000386342,-0.291967,0.159091,0.821116,-0.294812,0.131789
130534,0.757576,1.01E-05,0,4.33E-05,2.21E-05,0,0.000386342,-0.288895,0.166667,0.843595,-0.294812,0.138963
130544,0.757576,1.01E-05,0,4.33E-05,2.22E-05,0,0.000386342,-0.28617,0.174242,0.85912,-0.294812,0.146252
130554,0.757576,1.01E-05,0,4.33E-05,2.22E-05,0,0.000386342,-0.281971,0.181818,0.875126,-0.291741,0.153426
130565,0.757576,1.01E-05,0,4.33E-05,2.22E-05,0,0.000386342,-0.277284,0.189394,0.888279,-0.28867,0.160716
130574,0.757576,1.01E-05,0,4.33E-05,2.23E-05,0,0.000386342,-0.271608,0.19697,0.900797,-0.284064,0.168352
130584,0.757576,1.01E-05,0,4.33E-05,2.23E-05,0,0.000386342,-0.264615,0.204545,0.913768,-0.277922,0.175989
130594,0.757576,1.01E-05,0,4.33E-05,2.23E-05,0,0.000386342,-0.257182,0.212121,0.924208,-0.27178,0.18351
130605,0.757576,1.01E-05,0,4.33E-05,2.23E-05,0,0.000386342,-0.24875,0.219697,0.934449,-0.264103,0.190799
130614,0.757576,1.01E-05,0,4.33E-05,2.24E-05,0,0.000386342,-0.240029,0.227273,0.942229,-0.256425,0.198089
130624,0.757576,1.01E-05,0,4.33E-05,2.24E-05,0,0.000386342,-0.230348,0.234848,0.950217,-0.247212,0.20561
130634,0.757576,1.01E-05,0,4.33E-05,2.24E-05,0,0.000386342,-0.220358,0.242424,0.956243,-0.237999,0.213246
130644,0.757576,1.01E-05,0,4.33E-05,2.25E-05,0,0.000386342,-0.209363,0.25,0.96293,-0.227251,0.220883
130655,0.757576,1.01E-05,0,4.33E-05,2.25E-05,0,0.000386342,-0.198008,0.257576,0.968004,-0.216503,0.228288
130664,0.757576,1.01E-05,0,4.33E-05,2.25E-05,0,0.000386342,-0.185605,0.265151,0.973976,-0.204219,0.235809
130674,0.757576,1.01E-05,0,4.33E-05,2.25E-05,0,0.000386342,-0.17281,0.272727,0.978474,-0.191935,0.243561
130684,0.757576,1.01E-05,0,4.33E-05,2.26E-05,0,0.000386342,-0.158947,0.280303,0.983936,-0.178116,0.251313
130695,0.757576,1.01E-05,0,4.33E-05,2.26E-05,0,0.000386342,-0.145746,0.287879,0.984618,-0.165832,0.258834
130704,0.757576,1.01E-05,0,4.33E-05,2.26E-05,0,0.000386342,-0.130996,0.295454,0.98867,-0.150477,0.266587
130714,0.757576,1.01E-05,0,4.33E-05,2.26E-05,0,0.000386342,-0.115505,0.30303,0.992584,-0.135122,0.274223
130724,0.757576,1.01E-05,0,4.33E-05,2.27E-05,0,0.000386342,-0.0987314,0.310606,0.998009,-0.118232,0.281975
130735,0.757576,1.01E-05,0,4.33E-05,2.27E-05,0,0.000386342,-0.0803803,0.318182,1.00537,-0.0998062,0.289843
130744,0.757576,1.01E-05,0,4.33E-05,2.27E-05,0,0.000386342,-0.0613929,0.325757,1.01109,-0.0813805,0.297596
130754,0.757576,1.01E-05,0,4.33E-05,2.28E-05,0,0.000386342,-0.0423411,0.333333,1.01373,-0.0629547,0.305232
130764,0.757576,1.01E-05,0,4.33E-05,2.28E-05,0,0.000386342,-0.0224484,0.340909,1.01647,-0.0429934,0.312753
130775,0.757576,1.01E-05,0,4.33E-05,2.28E-05,0,0.000386342,-0.00229041,0.348485,1.0174,-0.0230322,0.32039
130785,0.757576,1.01E-05,0,4.33E-05,2.28E-05,0,0.000386342,0.0178055,0.35606,1.01594,-0.00307096,0.328142
130794,0.757576,1.01E-05,0,4.33E-05,2.29E-05,0,0.000386342,0.0376915,0.363636,1.01221,0.0168903,0.335663
130804,0.757576,1.01E-05,0,4.33E-05,2.29E-05,0,0.000386342,0.0573336,0.371212,1.00669,0.0368515,0.3433
130814,0.757576,1.01E-05,0,4.33E-05,2.29E-05,0,0.000386342,0.0756932,0.378788,0.996615,0.0552773,0.350936
130825,0.734618,1.01E-05,0,4.33E-05,2.30E-05,0,0.000386342,0.0951218,0.386134,0.984879,0.0737031,0.358457
130834,0.711659,1.01E-05,0,4.33E-05,2.30E-05,0,0.000386342,0.114746,0.39325,0.969065,0.0921288,0.366094
130844,0.688701,1.01E-05,0,4.33E-05,2.30E-05,0,0.000386342,0.13304,0.400137,0.945406,0.109019,0.373615
130854,0.665743,1.01E-05,0,4.33E-05,2.30E-05,0,0.000386342,0.150304,0.406795,0.916911,0.125909,0.380904
130865,0.642785,1.01E-05,0,4.33E-05,2.31E-05,0,0.000386342,0.166869,0.413223,0.885914,0.1428,0.388078
130874,0.619826,1.01E-05,0,4.33E-05,2.31E-05,0,0.000386342,0.183021,0.419421,0.853997,0.15969,0.39502
130884,0.596868,1.01E-05,0,4.33E-05,2.31E-05,0,0.000386342,0.198974,0.42539,0.822093,0.17658,0.401731
130894,0.57391,1.01E-05,0,4.33E-05,2.31E-05,0,0.000386342,0.214867,0.431129,0.790655,0.193471,0.408326
130905,0.550975,1.01E-05,0,4.33E-05,2.32E-05,0,0.000386342,0.230777,0.436639,0.759817,0.210361,0.414575
130915,0.528017,1.01E-05,0,4.33E-05,2.32E-05,0,0.000386342,0.246741,0.441919,0.729542,0.227251,0.420591
130924,0.505058,1.01E-05,0,4.33E-05,2.32E-05,0,0.000386342,0.262767,0.446969,0.699707,0.244141,0.426492
130934,0.4821,1.01E-05,0,4.33E-05,2.33E-05,0,0.000386342,0.277781,0.45179,0.666845,0.259496,0.432162
130945,0.459142,1.01E-05,0,4.33E-05,2.33E-05,0,0.000386342,0.293311,0.456382,0.636575,0.276386,0.437716
130954,0.436184,1.01E-05,0,4.33E-05,2.33E-05,0,0.000386342,0.309204,0.460743,0.607728,0.293277,0.442691
130964,0.413225,1.01E-05,0,4.33E-05,2.33E-05,0,0.000386342,0.324256,0.464876,0.576156,0.308632,0.447551
130974,0.390267,1.01E-05,0,4.33E-05,2.34E-05,0,0.000386342,0.337768,0.468778,0.540438,0.322451,0.452179
130984,0.367309,1.01E-05,0,4.33E-05,2.34E-05,0,0.000386342,0.35048,0.472451,0.504059,0.33627,0.456692
130994,0.344351,1.01E-05,0,4.33E-05,2.34E-05,0,0.000386342,0.361828,0.475895,0.465507,0.348554,0.461088
131004,0.321392,1.01E-05,0,4.33E-05,2.35E-05,0,0.000386342,0.372588,0.479109,0.427866,0.360838,0.465022
131014,0.298434,1.01E-05,0,4.33E-05,2.35E-05,0,0.000386342,0.382173,0.482093,0.389146,0.371586,0.468725
131024,0.275476,1.01E-05,0,4.33E-05,2.35E-05,0,0.000386342,0.389182,0.484848,0.345354,0.379264,0.472312
131034,0.252518,1.01E-05,0,4.33E-05,2.35E-05,0,0.000386342,0.396066,0.487373,0.305646,0.388477,0.475783
131044,0.229559,1.01E-05,0,4.33E-05,2.36E-05,0,0.000386342,0.401105,0.489669,0.263657,0.394618,0.478907
131054,0.206601,1.01E-05,0,4.33E-05,2.36E-05,0,0.000386342,0.405398,0.491735,0.223562,0.40076,0.4818
131064,0.183666,1.01E-05,0,4.33E-05,2.36E-05,0,0.000386342,0.407479,0.493571,0.180401,0.403831,0.484345
131074,0.160708,1.01E-05,0,4.33E-05,2.36E-05,0,0.000386342,0.408643,0.495179,0.139177,0.406902,0.486775
131084,0.137749,1.01E-05,0,4.33E-05,2.37E-05,0,0.000386342,0.408614,0.496556,0.0986448,0.408438,0.488973
131094,0.114791,1.01E-05,0,4.33E-05,2.37E-05,0,0.000386342,0.408275,0.497704,0.0615038,0.409973,0.49094
131104,0.091833,1.01E-05,0,4.33E-05,2.37E-05,0,0.000386342,0.405979,0.498622,0.0218047,0.408438,0.492676
131115,0.0688747,1.01E-05,0,4.33E-05,2.38E-05,0,0.000386342,0.401815,0.499311,-0.0193476,0.405367,0.49418
131124,0.0459165,1.01E-05,0,4.33E-05,2.38E-05,0,0.000386342,0.395899,0.49977,-0.0610507,0.40076,0.495453
131134,0.0229582,1.01E-05,0,4.33E-05,2.38E-05,0,0.000386342,0.389403,0.5,-0.099337,0.396154,0.496494
131144,0,1.01E-05,0,4.33E-05,2.38E-05,0,0.000386342,0.38087,0.5,-0.139545,0.388477,0.497304
131153,0,1.01E-05,0,4.33E-05,2.39E-05,0,0.000386342,0.369737,0.5,-0.177061,0.380799,0.497883
131164,-0.0229582,1.01E-05,0,4.33E-05,2.39E-05,0,0.000386342,0.35878,0.49977,-0.209327,0.371586,0.49823
131174,-0.0459165,1.01E-05,0,4.33E-05,2.39E-05,0,0.000386342,0.348295,0.499311,-0.236742,0.362373,0.498577
131184,-0.0688747,1.01E-05,0,4.33E-05,2.40E-05,0,0.000386342,0.336207,0.498622,-0.267023,0.35009,0.498693
131194,-0.091833,1.01E-05,0,4.33E-05,2.40E-05,0,0.000386342,0.323402,0.497704,-0.296543,0.337806,0.498577
131204,-0.114791,1.01E-05,0,4.33E-05,2.40E-05,0,0.000386342,0.308306,0.496556,-0.330328,0.322451,0.498346
131214,-0.137749,1.01E-05,0,4.33E-05,2.40E-05,0,0.000386342,0.29217,0.495179,-0.363192,0.307096,0.497883
131224,-0.160708,1.01E-05,0,4.33E-05,2.41E-05,0,0.000386342,0.274724,0.493571,-0.396108,0.290206,0.497189
131234,-0.183666,1.01E-05,0,4.33E-05,2.41E-05,0,0.000386342,0.255807,0.491735,-0.429434,0.27178,0.496379
131244,-0.206601,1.01E-05,0,4.33E-05,2.41E-05,0,0.000386342,0.237471,0.489669,-0.456514,0.25489,0.495222
131254,-0.229559,1.01E-05,0,4.33E-05,2.42E-05,0,0.000386342,0.219811,0.487373,-0.478666,0.237999,0.493949
131264,-0.252518,1.01E-05,0,4.33E-05,2.42E-05,0,0.000386342,0.20275,0.484848,-0.497418,0.221109,0.492329
131274,-0.275476,1.01E-05,0,4.33E-05,2.42E-05,0,0.000386342,0.186141,0.482093,-0.514126,0.204219,0.490478
131284,-0.298434,1.01E-05,0,4.33E-05,2.42E-05,0,0.000386342,0.169833,0.479109,-0.529814,0.187329,0.488395
131294,-0.321392,1.01E-05,0,4.33E-05,2.43E-05,0,0.000386342,0.153699,0.475895,-0.545164,0.170438,0.486081
131304,-0.344351,1.01E-05,0,4.33E-05,2.43E-05,0,0.000386342,0.13871,0.472451,-0.557243,0.155084,0.483535
131314,-0.367309,1.01E-05,0,4.33E-05,2.43E-05,0,0.000386342,0.124331,0.468778,-0.568643,0.139729,0.480758
131324,-0.390267,1.01E-05,0,4.33E-05,2.43E-05,0,0.000386342,0.111258,0.464876,-0.577421,0.125909,0.47775
131334,-0.413225,1.01E-05,0,4.33E-05,2.44E-05,0,0.000386342,0.0987939,0.460743,-0.586534,0.11209,0.47451
131344,-0.436184,1.01E-05,0,4.33E-05,2.44E-05,0,0.000386342,0.0886202,0.456382,-0.590708,0.101342,0.471039
131354,-0.459142,1.01E-05,0,4.33E-05,2.44E-05,0,0.000386342,0.0795397,0.45179,-0.595128,0.0905933,0.467336
131364,-0.4821,1.01E-05,0,4.33E-05,2.45E-05,0,0.000386342,0.0718397,0.446969,-0.598944,0.0813805,0.463402
131375,-0.505058,1.01E-05,0,4.33E-05,2.45E-05,0,0.000386342,0.0656759,0.441919,-0.601956,0.0737031,0.459237
131384,-0.528017,1.01E-05,0,4.33E-05,2.45E-05,0,0.000386342,0.0611115,0.436639,-0.604316,0.0675611,0.45484
131394,-0.550975,1.01E-05,0,4.33E-05,2.45E-05,0,0.000386342,0.0581541,0.431129,-0.606319,0.0629547,0.450096
131404,-0.57391,1.01E-05,0,4.33E-05,2.46E-05,0,0.000386342,0.0557147,0.42539,-0.611603,0.0583483,0.445237
131415,-0.596868,1.01E-05,0,4.33E-05,2.46E-05,0,0.000386342,0.0553065,0.419421,-0.61469,0.0568128,0.440146
131424,-0.619826,1.01E-05,0,4.33E-05,2.46E-05,0,0.000386342,0.0567599,0.413223,-0.616854,0.0568128,0.434823
131434,-0.642785,1.01E-05,0,4.33E-05,2.47E-05,0,0.000386342,0.0588562,0.406795,-0.622307,0.0568128,0.429269
131444,-0.665743,1.01E-05,0,4.33E-05,2.47E-05,0,0.000386342,0.0630194,0.400137,-0.625856,0.0598837,0.423368
131454,-0.688701,1.01E-05,0,4.33E-05,2.47E-05,0,0.000386342,0.0679662,0.39325,-0.632178,0.0629547,0.417351
131465,-0.711659,1.01E-05,0,4.33E-05,2.47E-05,0,0.000386342,0.0739981,0.386134,-0.639723,0.0675611,0.411103
131474,-0.734618,1.01E-05,0,4.33E-05,2.48E-05,0,0.000386342,0.0802649,0.378788,-0.650947,0.0721676,0.40474
131484,-0.757576,1.01E-05,0,4.33E-05,2.48E-05,0,0.000386342,0.087377,0.371212,-0.663055,0.0783095,0.397913
131494,-0.757576,1.01E-05,0,4.33E-05,2.48E-05,0,0.000386342,0.0939197,0.363636,-0.674638,0.0859869,0.390971
131505,-0.757576,1.01E-05,0,4.33E-05,2.48E-05,0,0.000386342,0.101396,0.35606,-0.681079,0.0951998,0.383681
131514,-0.757576,1.01E-05,0,4.33E-05,2.49E-05,0,0.000386342,0.109566,0.348485,-0.684492,0.104413,0.376276
131524,-0.757576,1.01E-05,0,4.33E-05,2.49E-05,0,0.000386342,0.118189,0.340909,-0.686448,0.113626,0.368871
131534,-0.757576,1.01E-05,0,4.33E-05,2.49E-05,0,0.000386342,0.128131,0.333333,-0.684646,0.124374,0.361581
131545,-0.757576,1.01E-05,0,4.33E-05,2.50E-05,0,0.000386342,0.138776,0.325757,-0.682074,0.135122,0.354176
131554,-0.757576,1.01E-05,0,4.33E-05,2.50E-05,0,0.000386342,0.148632,0.318182,-0.683649,0.144335,0.346539
131564,-0.757576,1.01E-05,0,4.33E-05,2.50E-05,0,0.000386342,0.15685,0.310606,-0.690907,0.152013,0.338787
131574,-0.757576,1.01E-05,0,4.33E-05,2.50E-05,0,0.000386342,0.164117,0.30303,-0.700143,0.15969,0.331266
131585,-0.757576,1.01E-05,0,4.33E-05,2.51E-05,0,0.000386342,0.169869,0.295454,-0.712528,0.165832,0.323745
131595,-0.757576,1.01E-05,0,4.33E-05,2.51E-05,0,0.000386342,0.174908,0.287879,-0.724634,0.171974,0.316224
131604,-0.757576,1.01E-05,0,4.33E-05,2.51E-05,0,0.000386342,0.177619,0.280303,-0.741496,0.175045,0.308704
131614,-0.757576,1.01E-05,0,4.33E-05,2.52E-05,0,0.000386342,0.179241,0.272727,-0.757845,0.178116,0.300951
131624,-0.757576,1.01E-05,0,4.33E-05,2.52E-05,0,0.000386342,0.178439,0.265151,-0.777866,0.178116,0.293315
131635,-0.757576,1.01E-05,0,4.33E-05,2.52E-05,0,0.000386342,0.175537,0.257576,-0.799396,0.17658,0.285562
131644,-0.757576,1.01E-05,0,4.33E-05,2.52E-05,0,0.000386342,0.171874,0.25,-0.817682,0.175045,0.278041
131654,-0.757576,1.01E-05,0,4.33E-05,2.53E-05,0,0.000386342,0.167169,0.242424,-0.834326,0.171974,0.270405
131664,-0.757576,1.01E-05,0,4.33E-05,2.53E-05,0,0.000386342,0.161211,0.234848,-0.850296,0.167367,0.262884
131675,-0.757576,1.01E-05,0,4.33E-05,2.53E-05,0,0.000386342,0.153856,0.227273,-0.866079,0.161225,0.255247
131684,-0.757576,1.01E-05,0,4.33E-05,2.54E-05,0,0.000386342,0.145024,0.219697,-0.881839,0.153548,0.247611
131694,-0.757576,1.01E-05,0,4.33E-05,2.54E-05,0,0.000386342,0.135742,0.212121,-0.894233,0.145871,0.24009
131704,-0.757576,1.01E-05,0,4.33E-05,2.54E-05,0,0.000386342,0.125523,0.204545,-0.905565,0.136658,0.232685
131715,-0.757576,1.01E-05,0,4.33E-05,2.54E-05,0,0.000386342,0.115102,0.19697,-0.913717,0.127445,0.225048
131724,-0.757576,1.01E-05,0,4.33E-05,2.55E-05,0,0.000386342,0.103807,0.189394,-0.921556,0.116697,0.217527
131734,-0.757576,1.01E-05,0,4.33E-05,2.55E-05,0,0.000386342,0.0912027,0.181818,-0.930427,0.104413,0.209775
131744,-0.757576,1.01E-05,0,4.33E-05,2.55E-05,0,0.000386342,0.0770505,0.174242,-0.940694,0.0905933,0.202138
131755,-0.757576,1.01E-05,0,4.33E-05,2.55E-05,0,0.000386342,0.0633796,0.166667,-0.945526,0.0783095,0.194617
131765,-0.757576,1.01E-05,0,4.33E-05,2.56E-05,0,0.000386342,0.0502877,0.159091,-0.946013,0.0660257,0.186981
131774,-0.757576,1.01E-05,0,4.33E-05,2.56E-05,0,0.000386342,0.0366522,0.151515,-0.946791,0.0522063,0.17946
131784,-0.757576,1.01E-05,0,4.33E-05,2.56E-05,0,0.000386342,0.0228273,0.143939,-0.946629,0.038387,0.171823
131794,-0.757576,1.01E-05,0,4.33E-05,2.57E-05,0,0.000386342,0.00795341,0.136364,-0.948424,0.0230322,0.164187
131805,-0.757576,1.01E-05,0,4.33E-05,2.57E-05,0,0.000386342,-0.00633115,0.128788,-0.946477,0.00921288,0.15655
131814,-0.757576,1.01E-05,0,4.33E-05,2.57E-05,0,0.000386342,-0.0212039,0.121212,-0.945446,-0.00614192,0.148914
131824,-0.734618,1.01E-05,0,4.33E-05,2.57E-05,0,0.000386342,-0.0370871,0.113866,-0.940675,-0.0199612,0.141393
131834,-0.711659,1.01E-05,0,4.33E-05,2.58E-05,0,0.000386342,-0.0529823,0.106749,-0.929875,-0.0337806,0.133872
131845,-0.688701,1.01E-05,0,4.33E-05,2.58E-05,0,0.000386342,-0.0684025,0.0998624,-0.91302,-0.0475999,0.126351
131854,-0.665743,1.01E-05,0,4.33E-05,2.58E-05,0,0.000386342,-0.0821305,0.0932049,-0.88786,-0.0598837,0.118946
131864,-0.642785,1.01E-05,0,4.33E-05,2.59E-05,0,0.000386342,-0.095747,0.0867771,-0.86155,-0.0737031,0.111888
131874,-0.619826,1.01E-05,0,4.33E-05,2.59E-05,0,0.000386342,-0.108172,0.0805788,-0.831019,-0.0859869,0.105061
131885,-0.596868,1.01E-05,0,4.33E-05,2.59E-05,0,0.000386342,-0.120964,0.0746101,-0.802288,-0.0998062,0.0983501
131894,-0.57391,1.01E-05,0,4.33E-05,2.59E-05,0,0.000386342,-0.13401,0.068871,-0.774528,-0.113626,0.0918705
131904,-0.550975,1.01E-05,0,4.33E-05,2.60E-05,0,0.000386342,-0.148275,0.0633613,-0.750489,-0.12898,0.0856224
131914,-0.528017,1.01E-05,0,4.33E-05,2.60E-05,0,0.000386342,-0.163211,0.0580811,-0.727409,-0.144335,0.0796057
131924,-0.505058,1.01E-05,0,4.33E-05,2.60E-05,0,0.000386342,-0.177362,0.0530305,-0.700446,-0.158154,0.0738204
131935,-0.4821,1.01E-05,0,4.33E-05,2.60E-05,0,0.000386342,-0.192031,0.0482095,-0.674702,-0.173509,0.0682665
131944,-0.459142,1.01E-05,0,4.33E-05,2.61E-05,0,0.000386342,-0.206954,0.0436181,-0.649005,-0.188864,0.0628283
131954,-0.436184,1.01E-05,0,4.33E-05,2.61E-05,0,0.000386342,-0.22196,0.0392563,-0.622779,-0.204219,0.0577373
131964,-0.413225,1.01E-05,0,4.33E-05,2.61E-05,0,0.000386342,-0.235882,0.035124,-0.592511,-0.218038,0.0528776
131975,-0.390267,1.01E-05,0,4.33E-05,2.62E-05,0,0.000386342,-0.250218,0.0312214,-0.56398,-0.233393,0.0482494
131984,-0.367309,1.01E-05,0,4.33E-05,2.62E-05,0,0.000386342,-0.263753,0.0275483,-0.532923,-0.247212,0.0436212
131994,-0.344351,1.01E-05,0,4.33E-05,2.62E-05,0,0.000386342,-0.276842,0.0241048,-0.501154,-0.261032,0.0394557
132004,-0.321392,1.01E-05,0,4.33E-05,2.62E-05,0,0.000386342,-0.288673,0.0208909,-0.466358,-0.273316,0.0356374
132015,-0.298434,1.01E-05,0,4.33E-05,2.63E-05,0,0.000386342,-0.299877,0.0179065,-0.431383,-0.285599,0.0319348
132024,-0.275476,1.01E-05,0,4.33E-05,2.63E-05,0,0.000386342,-0.309811,0.0151518,-0.394321,-0.296348,0.0282323
132034,-0.252518,1.01E-05,0,4.33E-05,2.63E-05,0,0.000386342,-0.31919,0.0126266,-0.358048,-0.307096,0.0247611
132044,-0.229559,1.01E-05,0,4.33E-05,2.64E-05,0,0.000386342,-0.32633,0.010331,-0.317171,-0.314773,0.021637
132055,-0.206601,1.01E-05,0,4.33E-05,2.64E-05,0,0.000386342,-0.33242,0.00826498,-0.276756,-0.322451,0.0187444
132064,-0.183666,1.01E-05,0,4.33E-05,2.64E-05,0,0.000386342,-0.338223,0.00642832,-0.239183,-0.330128,0.0163145
132074,-0.160708,1.01E-05,0,4.33E-05,2.64E-05,0,0.000386342,-0.342035,0.00482124,-0.198447,-0.334735,0.0140004
132084,-0.137749,1.01E-05,0,4.33E-05,2.65E-05,0,0.000386342,-0.344986,0.00344375,-0.159059,-0.339341,0.0116863
132094,-0.114791,1.01E-05,0,4.33E-05,2.65E-05,0,0.000386342,-0.347781,0.00229584,-0.122966,-0.343948,0.00948789
132104,-0.091833,1.01E-05,0,4.33E-05,2.65E-05,0,0.000386342,-0.348659,0.00137751,-0.0838711,-0.345483,0.0077523
132114,-0.0688747,1.01E-05,0,4.33E-05,2.65E-05,0,0.000386342,-0.347646,0.000688759,-0.0427892,-0.345483,0.00624812
132124,-0.0459165,1.01E-05,0,4.33E-05,2.66E-05,0,0.000386342,-0.345896,0.000229594,-0.00400111,-0.345483,0.00520677
132134,-0.0229582,1.01E-05,0,4.33E-05,2.66E-05,0,0.000386342,-0.344104,1.16E-08,0.0308263,-0.345483,0.00416542
132144,0,1.01E-05,0,4.33E-05,2.66E-05,0,0.000386342,-0.340481,1.16E-08,0.0682466,-0.342412,0.00335547
132154,0,1.01E-05,0,4.33E-05,2.67E-05,0,0.000386342,-0.334269,1.16E-08,0.104117,-0.339341,0.00266124
132164,0,1.01E-05,0,4.33E-05,2.67E-05,0,0.000386342,-0.326323,1.16E-08,0.1359,-0.334735,0.00231412
132174,0,1.01E-05,0,4.33E-05,2.67E-05,0,0.000386342,-0.31817,1.16E-08,0.15967,-0.330128,0.001967
132184,0,1.01E-05,0,4.33E-05,2.67E-05,0,0.000386342,-0.309525,1.16E-08,0.178285,-0.323986,0.00173559
132194,0,1.01E-05,0,4.33E-05,2.68E-05,0,0.000386342,-0.301138,1.16E-08,0.19063,-0.317844,0.00138847
132204,0,1.01E-05,0,4.33E-05,2.68E-05,0,0.000386342,-0.292264,1.16E-08,0.200618,-0.310167,0.00104135
132214,0,1.01E-05,0,4.33E-05,2.68E-05,0,0.000386342,-0.282361,1.16E-08,0.210467,-0.300954,0.000809942
132224,0,1.01E-05,0,4.33E-05,2.69E-05,0,0.000386342,-0.272155,1.16E-08,0.21785,-0.291741,0.000694236
132234,0,1.01E-05,0,4.33E-05,2.69E-05,0,0.000386342,-0.25992,1.16E-08,0.228732,-0.279457,0.000694236
132244,0,1.01E-05,0,4.33E-05,2.69E-05,0,0.000386342,-0.246787,1.16E-08,0.238521,-0.267174,0.00057853
132254,0,1.01E-05,0,4.33E-05,2.69E-05,0,0.000386342,-0.231334,1.16E-08,0.251832,-0.251819,0.00057853
132263,0,1.01E-05,0,4.33E-05,2.70E-05,0,0.000386342,-0.212761,1.16E-08,0.270067,-0.233393,0.00057853
132274,0,1.01E-05,0,4.33E-05,2.70E-05,0,0.000386342,-0.192841,1.16E-08,0.28616,-0.214967,0.00057853
132284,0,1.01E-05,0,4.33E-05,2.70E-05,0,0.000386342,-0.171615,1.16E-08,0.300389,-0.195006,0.00057853
132294,0,1.01E-05,0,4.33E-05,2.71E-05,0,0.000386342,-0.14907,1.16E-08,0.313121,-0.173509,0.000694236
132303,0,1.01E-05,0,4.33E-05,2.71E-05,0,0.000386342,-0.12411,1.16E-08,0.328024,-0.148942,0.000694236
132314,0,1.01E-05,0,4.33E-05,2.71E-05,0,0.000386342,-0.0993047,1.16E-08,0.336303,-0.125909,0.000694236
132324,0,1.01E-05,0,4.33E-05,2.71E-05,0,0.000386342,-0.0729409,1.16E-08,0.344958,-0.0998062,0.000694236
132334,0,1.01E-05,0,4.33E-05,2.72E-05,0,0.000386342,-0.0460705,1.16E-08,0.350463,-0.0737031,0.000694236
132343,0,1.01E-05,0,4.33E-05,2.72E-05,0,0.000386342,-0.0182297,1.16E-08,0.354996,-0.0460644,0.000694236
132354,0,1.01E-05,0,4.33E-05,2.72E-05,0,0.000386342,0.00876513,1.16E-08,0.353034,-0.0199612,0.000694236
132364,0,1.01E-05,0,4.33E-05,2.72E-05,0,0.000386342,0.0349852,1.16E-08,0.346493,0.00614192,0.000694236
132374,0,1.01E-05,0,4.33E-05,2.73E-05,0,0.000386342,0.0616703,1.16E-08,0.340452,0.0337806,0.000694236
132384,0,1.01E-05,0,4.33E-05,2.73E-05,0,0.000386342,0.0874717,1.16E-08,0.330532,0.0598837,0.000809942
132393,0,1.01E-05,0,4.33E-05,2.73E-05,0,0.000386342,0.111629,1.16E-08,0.31541,0.0844514,0.000809942
132404,0,1.01E-05,0,4.33E-05,2.74E-05,0,0.000386342,0.13487,1.16E-08,0.298807,0.109019,0.000809942
132414,0,1.01E-05,0,4.33E-05,2.74E-05,0,0.000386342,0.157713,1.16E-08,0.282797,0.133587,0.000809942
132424,0,1.01E-05,0,4.33E-05,2.74E-05,0,0.000386342,0.179416,1.16E-08,0.264956,0.156619,0.000809942
132433,0,1.01E-05,0,4.33E-05,2.74E-05,0,0.000386342,0.199558,1.16E-08,0.24454,0.178116,0.000809942
132444,0,1.01E-05,0,4.33E-05,2.75E-05,0,0.000386342,0.216888,1.16E-08,0.218429,0.196541,0.000809942
132454,0,1.01E-05,0,4.33E-05,2.75E-05,0,0.000386342,0.232904,1.16E-08,0.192993,0.214967,0.000809942
132464,0,1.01E-05,0,4.33E-05,2.75E-05,0,0.000386342,0.247507,1.16E-08,0.167878,0.231858,0.000809942
132473,0,1.01E-05,0,4.33E-05,2.76E-05,0,0.000386342,0.259571,1.16E-08,0.139635,0.245677,0.000809942
132484,0,1.01E-05,0,4.33E-05,2.76E-05,0,0.000386342,0.269544,1.16E-08,0.110683,0.257961,0.000809942
132494,0,1.01E-05,0,4.33E-05,2.76E-05,0,0.000386342,0.277756,1.16E-08,0.0824322,0.268709,0.000809942
132504,0,1.01E-05,0,4.33E-05,2.76E-05,0,0.000386342,0.284419,1.16E-08,0.055544,0.277922,0.000809942
132513,0,1.01E-05,0,4.33E-05,2.77E-05,0,0.000386342,0.288584,1.16E-08,0.0268743,0.284064,0.000809942
132524,0,1.01E-05,0,4.33E-05,2.77E-05,0,0.000386342,0.289713,1.16E-08,-0.00457471,0.287135,0.000809942
132534,0,1.01E-05,0,4.33E-05,2.77E-05,0,0.000386342,0.288626,1.16E-08,-0.0352533,0.28867,0.000809942
132544,0,1.01E-05,0,4.33E-05,2.77E-05,0,0.000386342,0.285857,1.16E-08,-0.0634712,0.28867,0.000809942
132553,0,1.01E-05,0,4.33E-05,2.78E-05,0,0.000386342,0.280637,1.16E-08,-0.0920709,0.285599,0.000809942
132563,0,1.01E-05,0,4.33E-05,2.78E-05,0,0.000386342,0.273571,1.16E-08,-0.11883,0.280993,0.000809942
132574,0,1.01E-05,0,4.33E-05,2.78E-05,0,0.000386342,0.263955,1.16E-08,-0.14622,0.273316,0.000809942
132584,0,1.01E-05,0,4.33E-05,2.79E-05,0,0.000386342,0.253509,1.16E-08,-0.168469,0.265638,0.000809942
132594,0,1.01E-05,0,4.33E-05,2.79E-05,0,0.000386342,0.241086,1.16E-08,-0.190349,0.25489,0.000809942
132603,0,1.01E-05,0,4.33E-05,2.79E-05,0,0.000386342,0.227022,1.16E-08,-0.210708,0.242606,0.000809942
132614,0,1.01E-05,0,4.33E-05,2.79E-05,0,0.000386342,0.210445,1.16E-08,-0.232483,0.227251,0.000809942
132624,0,1.01E-05,0,4.33E-05,2.80E-05,0,0.000386342,0.192987,1.16E-08,-0.249984,0.211896,0.000809942
132634,0,1.01E-05,0,4.33E-05,2.80E-05,0,0.000386342,0.174533,1.16E-08,-0.264542,0.195006,0.000809942
132643,0,1.01E-05,0,4.33E-05,2.80E-05,0,0.000386342,0.154942,1.16E-08,-0.277229,0.17658,0.000809942
132654,0,1.01E-05,0,4.33E-05,2.81E-05,0,0.000386342,0.134086,1.16E-08,-0.288796,0.156619,0.000809942
132664,0,1.01E-05,0,4.33E-05,2.81E-05,0,0.000386342,0.112933,1.16E-08,-0.29638,0.136658,0.000809942
132674,0,1.01E-05,0,4.33E-05,2.81E-05,0,0.000386342,0.0909384,1.16E-08,-0.302632,0.115161,0.000809942
132683,0,1.01E-05,0,4.33E-05,2.81E-05,0,0.000386342,0.0687929,1.16E-08,-0.30565,0.0936643,0.000809942
132694,0,1.01E-05,0,4.33E-05,2.82E-05,0,0.000386342,0.0457923,1.16E-08,-0.308415,0.0706321,0.000809942
132704,0,1.01E-05,0,4.33E-05,2.82E-05,0,0.000386342,0.0225501,1.16E-08,-0.308992,0.0475999,0.000809942
132714,0,1.01E-05,0,4.33E-05,2.82E-05,0,0.000386342,-0.000592174,1.16E-08,-0.306835,0.0245677,0.000809942
132724,0,1.01E-05,0,4.33E-05,2.82E-05,0,0.000386342,-0.0234867,1.16E-08,-0.302168,0.00153548,0.000809942
132733,0,1.01E-05,0,4.33E-05,2.83E-05,0,0.000386342,-0.0461061,1.16E-08,-0.295554,-0.0214967,0.000809942
132744,0,1.01E-05,0,4.33E-05,2.83E-05,0,0.000386342,-0.067421,1.16E-08,-0.28429,-0.0429934,0.000809942
132754,0,1.01E-05,0,4.33E-05,2.83E-05,0,0.000386342,-0.0879674,1.16E-08,-0.271328,-0.0644902,0.000809942
132764,0,1.01E-05,0,4.33E-05,2.84E-05,0,0.000386342,-0.108144,1.16E-08,-0.258409,-0.0859869,0.000809942
132773,0,1.01E-05,0,4.33E-05,2.84E-05,0,0.000386342,-0.127145,1.16E-08,-0.243045,-0.105948,0.000809942
132784,0,1.01E-05,0,4.33E-05,2.84E-05,0,0.000386342,-0.144526,1.16E-08,-0.224571,-0.124374,0.000809942
132794,0,1.01E-05,0,4.33E-05,2.84E-05,0,0.000386342,-0.161165,1.16E-08,-0.206653,-0.1428,0.000809942
132804,0,1.01E-05,0,4.33E-05,2.85E-05,0,0.000386342,-0.176555,1.16E-08,-0.187648,-0.15969,0.000809942
132813,0,1.01E-05,0,4.33E-05,2.85E-05,0,0.000386342,-0.189346,1.16E-08,-0.163731,-0.173509,0.000809942
132824,0,1.01E-05,0,4.33E-05,2.85E-05,0,0.000386342,-0.200951,1.16E-08,-0.140788,-0.187329,0.000809942
132834,0,1.01E-05,0,4.33E-05,2.86E-05,0,0.000386342,-0.211204,1.16E-08,-0.118177,-0.199612,0.000809942
132844,0,1.01E-05,0,4.33E-05,2.86E-05,0,0.000386342,-0.21894,1.16E-08,-0.0923051,-0.208825,0.000809942
132853,0,1.01E-05,0,4.33E-05,2.86E-05,0,0.000386342,-0.225646,1.16E-08,-0.0688748,-0.218038,0.000809942
132864,0,1.01E-05,0,4.33E-05,2.86E-05,0,0.000386342,-0.230099,1.16E-08,-0.0435651,-0.22418,0.000809942
132874,0,1.01E-05,0,4.33E-05,2.87E-05,0,0.000386342,-0.232648,1.16E-08,-0.0181498,-0.228787,0.000809942
132884,0,1.01E-05,0,4.33E-05,2.87E-05,0,0.000386342,-0.232475,1.16E-08,0.00971134,-0.230322,0.000809942
132893,0,1.01E-05,0,4.33E-05,2.87E-05,0,0.000386342,-0.231275,1.16E-08,0.0338551,-0.231858,0.000809942
132903,0,1.01E-05,0,4.33E-05,2.88E-05,0,0.000386342,-0.227925,1.16E-08,0.0586075,-0.230322,0.000809942
132914,0,1.01E-05,0,4.33E-05,2.88E-05,0,0.000386342,-0.222802,1.16E-08,0.0824255,-0.227251,0.000809942
132924,0,1.01E-05,0,4.33E-05,2.88E-05,0,0.000386342,-0.216146,1.16E-08,0.104623,-0.222645,0.000809942
132934,0,1.01E-05,0,4.33E-05,2.88E-05,0,0.000386342,-0.208084,1.16E-08,0.125054,-0.216503,0.000809942
132943,0,1.01E-05,0,4.33E-05,2.89E-05,0,0.000386342,-0.1976,1.16E-08,0.147186,-0.20729,0.000809942
132954,0,1.01E-05,0,4.33E-05,2.89E-05,0,0.000386342,-0.18624,1.16E-08,0.165538,-0.198077,0.000809942
132964,0,1.01E-05,0,4.33E-05,2.89E-05,0,0.000386342,-0.173847,1.16E-08,0.181451,-0.187329,0.000809942
132974,0,1.01E-05,0,4.33E-05,2.89E-05,0,0.000386342,-0.160266,1.16E-08,0.195912,-0.175045,0.000809942
132983,0,1.01E-05,0,4.33E-05,2.90E-05,0,0.000386342,-0.144305,1.16E-08,0.212882,-0.15969,0.000809942
132994,0,1.01E-05,0,4.33E-05,2.90E-05,0,0.000386342,-0.128483,1.16E-08,0.223648,-0.145871,0.000809942
133004,0,1.01E-05,0,4.33E-05,2.90E-05,0,0.000386342,-0.111064,1.16E-08,0.235175,-0.12898,0.000809942
133014,0,1.01E-05,0,4.33E-05,2.91E-05,0,0.000386342,-0.0930968,1.16E-08,0.243849,-0.11209,0.000809942
133023,0,1.01E-05,0,4.33E-05,2.91E-05,0,0.000386342,-0.0741222,1.16E-08,0.251752,-0.0936643,0.000809942
133033,0,1.01E-05,0,4.33E-05,2.91E-05,0,0.000386342,-0.0549008,1.16E-08,0.256606,-0.0752385,0.000809942
133044,0,1.01E-05,0,4.33E-05,2.91E-05,0,0.000386342,-0.0358462,1.16E-08,0.257851,-0.0568128,0.000809942
133054,0,1.01E-05,0,4.33E-05,2.92E-05,0,0.000386342,-0.0160634,1.16E-08,0.25919,-0.0368515,0.000809942
133064,0,1.01E-05,0,4.33E-05,2.92E-05,0,0.000386342,0.0028839,1.16E-08,0.255649,-0.0184258,0.000809942
133073,0,1.01E-05,0,4.33E-05,2.92E-05,0,0.000386342,0.0222537,1.16E-08,0.252446,0.00153548,0.000809942
133084,0,1.01E-05,0,4.33E-05,2.93E-05,0,0.000386342,0.0417796,1.16E-08,0.248623,0.0214967,0.000809942
133094,0,1.01E-05,0,4.33E-05,2.93E-05,0,0.000386342,0.0602383,1.16E-08,0.240503,0.0399225,0.000809942
133104,0,1.01E-05,0,4.33E-05,2.93E-05,0,0.000386342,0.0780291,1.16E-08,0.2305,0.0583483,0.000809942
133114,0,1.01E-05,0,4.33E-05,2.93E-05,0,0.000386342,0.0954661,1.16E-08,0.220127,0.076774,0.000809942
133124,0,1.01E-05,0,4.33E-05,2.94E-05,0,0.000386342,0.112766,1.16E-08,0.210185,0.0951998,0.000809942
133134,0,1.01E-05,0,4.33E-05,2.94E-05,0,0.000386342,0.127926,1.16E-08,0.194334,0.110555,0.000809942
133144,0,1.01E-05,0,4.33E-05,2.94E-05,0,0.000386342,0.141962,1.16E-08,0.177418,0.125909,0.000809942
133153,0,1.01E-05,0,4.33E-05,2.94E-05,0,0.000386342,0.15557,1.16E-08,0.161981,0.141264,0.000809942
133164,0,1.01E-05,0,4.33E-05,2.95E-05,0,0.000386342,0.168098,1.16E-08,0.145667,0.155084,0.000809942
133174,0,1.01E-05,0,4.33E-05,2.95E-05,0,0.000386342,0.178095,1.16E-08,0.124268,0.165832,0.000809942
133184,0,1.01E-05,0,4.33E-05,2.95E-05,0,0.000386342,0.186914,1.16E-08,0.103516,0.17658,0.000809942
133193,0,1.01E-05,0,4.33E-05,2.96E-05,0,0.000386342,0.195424,1.16E-08,0.0860776,0.187329,0.000809942
133203,0,1.01E-05,0,4.33E-05,2.96E-05,0,0.000386342,0.200905,1.16E-08,0.0626759,0.193471,0.000809942
133214,0,1.01E-05,0,4.33E-05,2.96E-05,0,0.000386342,0.206052,1.16E-08,0.0434931,0.201148,0.000809942
133224,0,1.01E-05,0,4.33E-05,2.96E-05,0,0.000386342,0.2093,1.16E-08,0.0226351,0.205754,0.000809942
133233,0,1.01E-05,0,4.33E-05,2.97E-05,0,0.000386342,0.210768,1.16E-08,0.00107489,0.208825,0.000809942
133243,0,1.01E-05,0,4.33E-05,2.97E-05,0,0.000386342,0.209505,1.16E-08,-0.0238098,0.208825,0.000809942
133254,0,1.01E-05,0,4.33E-05,2.97E-05,0,0.000386342,0.207142,1.16E-08,-0.0458345,0.208825,0.000809942
133264,0,1.01E-05,0,4.33E-05,2.98E-05,0,0.000386342,0.203604,1.16E-08,-0.0658353,0.20729,0.000809942
133274,0,1.01E-05,0,4.33E-05,2.98E-05,0,0.000386342,0.198802,1.16E-08,-0.0844773,0.204219,0.000809942
133283,0,1.01E-05,0,4.33E-05,2.98E-05,0,0.000386342,0.192655,1.16E-08,-0.102224,0.199612,0.000809942
133294,0,1.01E-05,0,4.33E-05,2.98E-05,0,0.000386342,0.185101,1.16E-08,-0.119356,0.193471,0.000809942
133304,0,1.01E-05,0,4.33E-05,2.99E-05,0,0.000386342,0.176101,1.16E-08,-0.136016,0.185793,0.000809942
133314,0,1.01E-05,0,4.33E-05,2.99E-05,0,0.000386342,0.16563,1.16E-08,-0.152255,0.17658,0.000809942
133323,0,1.01E-05,0,4.33E-05,2.99E-05,0,0.000386342,0.154743,1.16E-08,-0.164741,0.167367,0.000809942
133334,0,1.01E-05,0,4.33E-05,3.00E-05,0,0.000386342,0.14296,1.16E-08,-0.175857,0.156619,0.000809942
133344,0,1.01E-05,0,4.33E-05,3.00E-05,0,0.000386342,0.129946,1.16E-08,-0.186903,0.144335,0.000809942
133354,0,1.01E-05,0,4.33E-05,3.00E-05,0,0.000386342,0.115496,1.16E-08,-0.198418,0.130516,0.000809942
133363,0,1.01E-05,0,4.33E-05,3.00E-05,0,0.000386342,0.100569,1.16E-08,-0.207148,0.116697,0.000809942
133373,0,1.01E-05,0,4.33E-05,3.01E-05,0,0.000386342,0.0857178,1.16E-08,-0.212016,0.102877,0.000809942
133384,0,1.01E-05,0,4.33E-05,3.01E-05,0,0.000386342,0.0701303,1.16E-08,-0.216517,0.0875224,0.000809942
133394,0,1.01E-05,0,4.33E-05,3.01E-05,0,0.000386342,0.0532811,1.16E-08,-0.22231,0.0706321,0.000809942
133404,0,1.01E-05,0,4.33E-05,3.01E-05,0,0.000386342,0.037009,1.16E-08,-0.223213,0.0552773,0.000809942
133413,0,1.01E-05,0,4.33E-05,3.02E-05,0,0.000386342,0.0213018,1.16E-08,-0.220534,0.0399225,0.000809942
133424,0,1.01E-05,0,4.33E-05,3.02E-05,0,0.000386342,0.0049863,1.16E-08,-0.218876,0.0230322,0.000809942
133434,0,1.01E-05,0,4.33E-05,3.02E-05,0,0.000386342,-0.0115965,1.16E-08,-0.216862,0.00614192,0.000809942
133444,0,1.01E-05,0,4.33E-05,3.03E-05,0,0.000386342,-0.027167,1.16E-08,-0.210562,-0.00921288,0.000809942
133453,0,1.01E-05,0,4.33E-05,3.03E-05,0,0.000386342,-0.0431531,1.16E-08,-0.205593,-0.0261032,0.000809942
133464,0,1.01E-05,0,4.33E-05,3.03E-05,0,0.000386342,-0.0583064,1.16E-08,-0.197688,-0.041458,0.000809942
133474,0,1.01E-05,0,4.33E-05,3.03E-05,0,0.000386342,-0.0719059,1.16E-08,-0.185408,-0.0552773,0.000809942
133484,0,1.01E-05,0,4.33E-05,3.04E-05,0,0.000386342,-0.0857484,1.16E-08,-0.175595,-0.0706321,0.000809942
133493,0,1.01E-05,0,4.33E-05,3.04E-05,0,0.000386342,-0.0977296,1.16E-08,-0.161048,-0.0829159,0.000809942
133504,0,1.01E-05,0,4.33E-05,3.04E-05,0,0.000386342,-0.108765,1.16E-08,-0.145982,-0.0951998,0.000809942
133514,0,1.01E-05,0,4.33E-05,3.05E-05,0,0.000386342,-0.119471,1.16E-08,-0.132536,-0.107484,0.000809942
133524,0,1.01E-05,0,4.33E-05,3.05E-05,0,0.000386342,-0.129138,1.16E-08,-0.118133,-0.118232,0.000809942
133533,0,1.01E-05,0,4.33E-05,3.05E-05,0,0.000386342,-0.137346,1.16E-08,-0.101797,-0.127445,0.000809942
133543,0,1.01E-05,0,4.33E-05,3.05E-05,0,0.000386342,-0.144954,1.16E-08,-0.0868332,-0.136658,0.000809942
133554,0,1.01E-05,0,4.33E-05,3.06E-05,0,0.000386342,-0.150356,1.16E-08,-0.0679477,-0.1428,0.000809942
133564,0,1.01E-05,0,4.33E-05,3.06E-05,0,0.000386342,-0.154771,1.16E-08,-0.0501352,-0.148942,0.000809942
133574,0,1.01E-05,0,4.33E-05,3.06E-05,0,0.000386342,-0.157904,1.16E-08,-0.0323032,-0.153548,0.000809942
133583,0,1.01E-05,0,4.33E-05,3.06E-05,0,0.000386342,-0.159578,1.16E-08,-0.0140289,-0.156619,0.000809942
133594,0,1.01E-05,0,4.33E-05,3.07E-05,0,0.000386342,-0.159704,1.16E-08,0.00470871,-0.158154,0.000809942
133604,0,1.01E-05,0,4.33E-05,3.07E-05,0,0.000386342,-0.15932,1.16E-08,0.0204066,-0.15969,0.000809942
133614,0,1.01E-05,0,4.33E-05,3.07E-05,0,0.000386342,-0.15689,1.16E-08,0.038561,-0.158154,0.000809942
133623,0,1.01E-05,0,4.33E-05,3.08E-05,0,0.000386342,-0.153639,1.16E-08,0.0545394,-0.156619,0.000809942
133634,0,1.01E-05,0,4.33E-05,3.08E-05,0,0.000386342,-0.148178,1.16E-08,0.0731343,-0.152013,0.000809942
133644,0,1.01E-05,0,4.33E-05,3.08E-05,0,0.000386342,-0.141833,1.16E-08,0.0893427,-0.147406,0.000809942
133654,0,1.01E-05,0,4.33E-05,3.08E-05,0,0.000386342,-0.135408,1.16E-08,0.101164,-0.1428,0.000809942
133663,0,1.01E-05,0,4.33E-05,3.09E-05,0,0.000386342,-0.127174,1.16E-08,0.115066,-0.135122,0.000809942
133673,0,1.01E-05,0,4.33E-05,3.09E-05,0,0.000386342,-0.118223,1.16E-08,0.126956,-0.127445,0.000809942
133684,0,1.01E-05,0,4.33E-05,3.09E-05,0,0.000386342,-0.108145,1.16E-08,0.138533,-0.118232,0.000809942
133694,0,1.01E-05,0,4.33E-05,3.10E-05,0,0.000386342,-0.0977484,1.16E-08,0.14725,-0.109019,0.000809942
133704,0,1.01E-05,0,4.33E-05,3.10E-05,0,0.000386342,-0.0864152,1.16E-08,0.155707,-0.0982707,0.000809942
133713,0,1.01E-05,0,4.33E-05,3.10E-05,0,0.000386342,-0.0748161,1.16E-08,0.161787,-0.0875224,0.000809942
133724,0,1.01E-05,0,4.33E-05,3.10E-05,0,0.000386342,-0.0622589,1.16E-08,0.168211,-0.0752385,0.000809942
133734,0,1.01E-05,0,4.33E-05,3.11E-05,0,0.000386342,-0.0493811,1.16E-08,0.172812,-0.0629547,0.000809942
133744,0,1.01E-05,0,4.33E-05,3.11E-05,0,0.000386342,-0.0365502,1.16E-08,0.174863,-0.0506709,0.000809942
133753,0,1.01E-05,0,4.33E-05,3.11E-05,0,0.000386342,-0.0228703,1.16E-08,0.177796,-0.0368515,0.000809942
133764,0,1.01E-05,0,4.33E-05,3.11E-05,0,0.000386342,-0.00992644,1.16E-08,0.176363,-0.0245677,0.000809942
133774,0,1.01E-05,0,4.33E-05,3.12E-05,0,0.000386342,0.00351128,1.16E-08,0.175557,-0.0107484,0.000809942
133784,0,1.01E-05,0,4.33E-05,3.12E-05,0,0.000386342,0.0171498,1.16E-08,0.174259,0.00307096,0.000809942
133793,0,1.01E-05,0,4.33E-05,3.12E-05,0,0.000386342,0.029745,1.16E-08,0.168689,0.0153548,0.000809942
133804,0,1.01E-05,0,4.33E-05,3.13E-05,0,0.000386342,0.0427474,1.16E-08,0.164534,0.0291741,0.000809942
133814,0,1.01E-05,0,4.33E-05,3.13E-05,0,0.000386342,0.0549211,1.16E-08,0.157548,0.041458,0.000809942
133824,0,1.01E-05,0,4.33E-05,3.13E-05,0,0.000386342,0.0666163,1.16E-08,0.149606,0.0537418,0.000809942
133833,0,1.01E-05,0,4.33E-05,3.13E-05,0,0.000386342,0.0780893,1.16E-08,0.141792,0.0660257,0.000809942
133843,0,1.01E-05,0,4.33E-05,3.14E-05,0,0.000386342,0.0884387,1.16E-08,0.131283,0.076774,0.000809942
133854,0,1.01E-05,0,4.33E-05,3.14E-05,0,0.000386342,0.0982302,1.16E-08,0.120622,0.0875224,0.000809942
133864,0,1.01E-05,0,4.33E-05,3.14E-05,0,0.000386342,0.106773,1.16E-08,0.107748,0.0967353,0.000809942
133874,0,1.01E-05,0,4.33E-05,3.15E-05,0,0.000386342,0.114759,1.16E-08,0.0954864,0.105948,0.000809942
133883,0,1.01E-05,0,4.33E-05,3.15E-05,0,0.000386342,0.121557,1.16E-08,0.0817741,0.113626,0.000809942
133894,0,1.01E-05,0,4.33E-05,3.15E-05,0,0.000386342,0.127876,1.16E-08,0.0693001,0.121303,0.000809942
133904,0,1.01E-05,0,4.33E-05,3.15E-05,0,0.000386342,0.133081,1.16E-08,0.0558225,0.127445,0.000809942
133914,0,1.01E-05,0,4.33E-05,3.16E-05,0,0.000386342,0.1368,1.16E-08,0.040537,0.132051,0.000809942
133923,0,1.01E-05,0,4.33E-05,3.16E-05,0,0.000386342,0.139921,1.16E-08,0.0268084,0.136658,0.000809942
133934,0,1.01E-05,0,4.33E-05,3.16E-05,0,0.000386342,0.141917,1.16E-08,0.0126655,0.139729,0.000809942
133944,0,1.01E-05,0,4.33E-05,3.17E-05,0,0.000386342,0.14247,1.16E-08,-0.00267024,0.141264,0.000809942
133954,0,1.01E-05,0,4.33E-05,3.17E-05,0,0.000386342,0.141421,1.16E-08,-0.0192578,0.141264,0.000809942
133963,0,1.01E-05,0,4.33E-05,3.17E-05,0,0.000386342,0.139783,1.16E-08,-0.0334706,0.141264,0.000809942
133974,0,1.01E-05,0,4.33E-05,3.17E-05,0,0.000386342,0.137087,1.16E-08,-0.0472999,0.139729,0.000809942
133984,0,1.01E-05,0,4.33E-05,3.18E-05,0,0.000386342,0.133032,1.16E-08,-0.061677,0.136658,0.000809942
133994,0,1.01E-05,0,4.33E-05,3.18E-05,0,0.000386342,0.128518,1.16E-08,-0.0735259,0.133587,0.000809942
134003,0,1.01E-05,0,4.33E-05,3.18E-05,0,0.000386342,0.122999,1.16E-08,-0.0851326,0.12898,0.000809942
134013,0,1.01E-05,0,4.33E-05,3.18E-05,0,0.000386342,0.116126,1.16E-08,-0.0975464,0.122838,0.000809942
134024,0,1.01E-05,0,4.33E-05,3.19E-05,0,0.000386342,0.108774,1.16E-08,-0.107702,0.116697,0.000809942
134034,0,1.01E-05,0,4.33E-05,3.19E-05,0,0.000386342,0.101455,1.16E-08,-0.114516,0.110555,0.000809942
134044,0,1.01E-05,0,4.33E-05,3.19E-05,0,0.000386342,0.0933464,1.16E-08,-0.121389,0.102877,0.000809942
134053,0,1.01E-05,0,4.33E-05,3.20E-05,0,0.000386342,0.0839253,1.16E-08,-0.129858,0.0936643,0.000809942
134064,0,1.01E-05,0,4.33E-05,3.20E-05,0,0.000386342,0.0750419,1.16E-08,-0.133626,0.0859869,0.000809942
134074,0,1.01E-05,0,4.33E-05,3.20E-05,0,0.000386342,0.0645647,1.16E-08,-0.140562,0.0752385,0.000809942
134084,0,1.01E-05,0,4.33E-05,3.20E-05,0,0.000386342,0.0544142,1.16E-08,-0.143731,0.0660257,0.000809942
134093,0,1.01E-05,0,4.33E-05,3.21E-05,0,0.000386342,0.0435969,1.16E-08,-0.1472,0.0552773,0.000809942
134104,0,1.01E-05,0,4.33E-05,3.21E-05,0,0.000386342,0.0336177,1.16E-08,-0.146133,0.0460644,0.000809942
134114,0,1.01E-05,0,4.33E-05,3.21E-05,0,0.000386342,0.0231895,1.16E-08,-0.145753,0.0353161,0.000809942
134124,0,1.01E-05,0,4.33E-05,3.22E-05,0,0.000386342,0.0125692,1.16E-08,-0.145042,0.0245677,0.000809942
134133,0,1.01E-05,0,4.33E-05,3.22E-05,0,0.000386342,0.00191645,1.16E-08,-0.143568,0.0138193,0.000809942
134144,0,1.01E-05,0,4.33E-05,3.22E-05,0,0.000386342,-0.00868556,1.16E-08,-0.141256,0.00307096,0.000809942
134154,0,1.01E-05,0,4.33E-05,3.22E-05,0,0.000386342,-0.0181397,1.16E-08,-0.134894,-0.00614192,0.000809942
134164,0,1.01E-05,0,4.33E-05,3.23E-05,0,0.000386342,-0.0279869,1.16E-08,-0.130409,-0.0168903,0.000809942
134173,0,1.01E-05,0,4.33E-05,3.23E-05,0,0.000386342,-0.0370376,1.16E-08,-0.123584,-0.0261032,0.000809942
134183,0,1.01E-05,0,4.33E-05,3.23E-05,0,0.000386342,-0.0456587,1.16E-08,-0.116222,-0.0353161,0.000809942
134194,0,1.01E-05,0,4.33E-05,3.23E-05,0,0.000386342,-0.0541058,1.16E-08,-0.109296,-0.0445289,0.000809942
134204,0,1.01E-05,0,4.33E-05,3.24E-05,0,0.000386342,-0.0614686,1.16E-08,-0.099874,-0.0522063,0.000809942
134214,0,1.01E-05,0,4.33E-05,3.24E-05,0,0.000386342,-0.0693671,1.16E-08,-0.0937371,-0.0614192,0.000809942
134223,0,1.01E-05,0,4.33E-05,3.24E-05,0,0.000386342,-0.075559,1.16E-08,-0.0830208,-0.0675611,0.000809942
134234,0,1.01E-05,0,4.33E-05,3.25E-05,0,0.000386342,-0.080865,1.16E-08,-0.0715889,-0.0737031,0.000809942
134244,0,1.01E-05,0,4.33E-05,3.25E-05,0,0.000386342,-0.0858432,1.16E-08,-0.0614468,-0.079845,0.000809942
134254,0,1.01E-05,0,4.33E-05,3.25E-05,0,0.000386342,-0.0897578,1.16E-08,-0.0500113,-0.0844514,0.000809942
134263,0,1.01E-05,0,4.33E-05,3.25E-05,0,0.000386342,-0.0932443,1.16E-08,-0.0396902,-0.0890579,0.000809942
134274,0,1.01E-05,0,4.33E-05,3.26E-05,0,0.000386342,-0.0956226,1.16E-08,-0.028127,-0.0921288,0.000809942
134284,0,1.01E-05,0,4.33E-05,3.26E-05,0,0.000386342,-0.0964974,1.16E-08,-0.0145052,-0.0936643,0.000809942
134294,0,1.01E-05,0,4.33E-05,3.26E-05,0,0.000386342,-0.0967489,1.16E-08,-0.00222835,-0.0951998,0.000809942
134303,0,1.01E-05,0,4.33E-05,3.27E-05,0,0.000386342,-0.0969164,1.16E-08,0.00729221,-0.0967353,0.000809942
134313,0,1.01E-05,0,4.33E-05,3.27E-05,0,0.000386342,-0.0962115,1.16E-08,0.0171921,-0.0967353,0.000809942
134324,0,1.01E-05,0,4.33E-05,3.27E-05,0,0.000386342,-0.0941437,1.16E-08,0.0288215,-0.0951998,0.000809942
134334,0,1.01E-05,0,4.33E-05,3.27E-05,0,0.000386342,-0.0915217,1.16E-08,0.0390954,-0.0936643,0.000809942
134343,0,1.01E-05,0,4.33E-05,3.28E-05,0,0.000386342,-0.0877721,1.16E-08,0.0500844,-0.0905933,0.000809942
134353,0,1.01E-05,0,4.33E-05,3.28E-05,0,0.000386342,-0.0836207,1.16E-08,0.0592357,-0.0875224,0.000809942
134364,0,1.01E-05,0,4.33E-05,3.28E-05,0,0.000386342,-0.0794923,1.16E-08,0.0656395,-0.0844514,0.000809942
134374,0,1.01E-05,0,4.33E-05,3.28E-05,0,0.000386342,-0.0745235,1.16E-08,0.0726739,-0.079845,0.000809942
134384,0,1.01E-05,0,4.33E-05,3.29E-05,0,0.000386342,-0.0681817,1.16E-08,0.0817615,-0.0737031,0.000809942
134393,0,1.01E-05,0,4.33E-05,3.29E-05,0,0.000386342,-0.0623226,1.16E-08,0.0864685,-0.0690966,0.000809942
134404,0,1.01E-05,0,4.33E-05,3.29E-05,0,0.000386342,-0.0558933,1.16E-08,0.0912133,-0.0629547,0.000809942
134414,0,1.01E-05,0,4.33E-05,3.30E-05,0,0.000386342,-0.0482208,1.16E-08,0.0980306,-0.0552773,0.000809942
134424,0,1.01E-05,0,4.33E-05,3.30E-05,0,0.000386342,-0.0410692,1.16E-08,0.10078,-0.0491354,0.000809942
134433,0,1.01E-05,0,4.33E-05,3.30E-05,0,0.000386342,-0.0333343,1.16E-08,0.103967,-0.041458,0.000809942
134444,0,1.01E-05,0,4.33E-05,3.30E-05,0,0.000386342,-0.0253861,1.16E-08,0.106271,-0.0337806,0.000809942
134454,0,1.01E-05,0,4.33E-05,3.31E-05,0,0.000386342,-0.0174429,1.16E-08,0.107208,-0.0261032,0.000809942
134464,0,1.01E-05,0,4.33E-05,3.31E-05,0,0.000386342,-0.00960977,1.16E-08,0.106791,-0.0184258,0.000809942
134473,0,1.01E-05,0,4.33E-05,3.31E-05,0,0.000386342,-0.00191788,1.16E-08,0.105267,-0.0107484,0.000809942
134483,0,1.01E-05,0,4.33E-05,3.32E-05,0,0.000386342,0.00564297,1.16E-08,0.102958,-0.00307096,0.000809942
134494,0,1.01E-05,0,4.33E-05,3.32E-05,0,0.000386342,0.0141671,1.16E-08,0.103485,0.00614192,0.000809942
134504,0,1.01E-05,0,4.33E-05,3.32E-05,0,0.000386342,0.0221453,1.16E-08,0.101342,0.0138193,0.000809942
134514,0,1.01E-05,0,4.33E-05,3.32E-05,0,0.000386342,0.0297446,1.16E-08,0.097765,0.0214967,0.000809942
134523,0,1.01E-05,0,4.33E-05,3.33E-05,0,0.000386342,0.0371139,1.16E-08,0.0936116,0.0291741,0.000809942
134534,0,1.01E-05,0,4.33E-05,3.33E-05,0,0.000386342,0.0433014,1.16E-08,0.0860769,0.0353161,0.000809942
134544,0,1.01E-05,0,4.33E-05,3.33E-05,0,0.000386342,0.0499246,1.16E-08,0.081162,0.0429934,0.000809942
134554,0,1.01E-05,0,4.33E-05,3.34E-05,0,0.000386342,0.0558233,1.16E-08,0.0745551,0.0491354,0.000809942
134563,0,1.01E-05,0,4.33E-05,3.34E-05,0,0.000386342,0.0613661,1.16E-08,0.0678962,0.0552773,0.000809942
134574,0,1.01E-05,0,4.33E-05,3.34E-05,0,0.000386342,0.0667958,1.16E-08,0.0619912,0.0614192,0.000809942
134584,0,1.01E-05,0,4.33E-05,3.34E-05,0,0.000386342,0.0711851,1.16E-08,0.0537704,0.0660257,0.000809942
134594,0,1.01E-05,0,4.33E-05,3.35E-05,0,0.000386342,0.0750722,1.16E-08,0.0455895,0.0706321,0.000809942
134603,0,1.01E-05,0,4.33E-05,3.35E-05,0,0.000386342,0.077743,1.16E-08,0.0352597,0.0737031,0.000809942
134614,0,1.01E-05,0,4.33E-05,3.35E-05,0,0.000386342,0.079871,1.16E-08,0.0255345,0.076774,0.000809942
134624,0,1.01E-05,0,4.33E-05,3.35E-05,0,0.000386342,0.0818811,1.16E-08,0.0176427,0.079845,0.000809942
134634,0,1.01E-05,0,4.33E-05,3.36E-05,0,0.000386342,0.0840007,1.16E-08,0.0118514,0.0829159,0.000809942
134643,0,1.01E-05,0,4.33E-05,3.36E-05,0,0.000386342,0.0841891,1.16E-08,0.00126157,0.0829159,0.000809942
134653,0,1.01E-05,0,4.33E-05,3.36E-05,0,0.000386342,0.0844714,1.16E-08,-0.00642927,0.0844514,0.000809942
134664,0,1.01E-05,0,4.33E-05,3.37E-05,0,0.000386342,0.0839469,1.16E-08,-0.0147592,0.0844514,0.000809942
134674,0,1.01E-05,0,4.33E-05,3.37E-05,0,0.000386342,0.0831248,1.16E-08,-0.0219016,0.0844514,0.000809942
134684,0,1.01E-05,0,4.33E-05,3.37E-05,0,0.000386342,0.0812402,1.16E-08,-0.0305084,0.0829159,0.000809942
134693,0,1.01E-05,0,4.33E-05,3.37E-05,0,0.000386342,0.0789143,1.16E-08,-0.0381744,0.0813805,0.000809942
134704,0,1.01E-05,0,4.33E-05,3.38E-05,0,0.000386342,0.0754624,1.16E-08,-0.0472259,0.0783095,0.000809942
134714,0,1.01E-05,0,4.33E-05,3.38E-05,0,0.000386342,0.0726217,1.16E-08,-0.051788,0.076774,0.000809942
134724,0,1.01E-05,0,4.33E-05,3.38E-05,0,0.000386342,0.0681931,1.16E-08,-0.0598958,0.0721676,0.000809942
134733,0,1.01E-05,0,4.33E-05,3.39E-05,0,0.000386342,0.0640628,1.16E-08,-0.0646286,0.0690966,0.000809942
134744,0,1.01E-05,0,4.33E-05,3.39E-05,0,0.000386342,0.0602919,1.16E-08,-0.066662,0.0660257,0.000809942
134754,0,1.01E-05,0,4.33E-05,3.39E-05,0,0.000386342,0.0557795,1.16E-08,-0.070135,0.0614192,0.000809942
134764,0,1.01E-05,0,4.33E-05,3.39E-05,0,0.000386342,0.050926,1.16E-08,-0.0733691,0.0568128,0.000809942
134773,0,1.01E-05,0,4.33E-05,3.40E-05,0,0.000386342,0.0459871,1.16E-08,-0.075592,0.0522063,0.000809942
134784,0,1.01E-05,0,4.33E-05,3.40E-05,0,0.000386342,0.0400366,1.16E-08,-0.0799358,0.0460644,0.000809942
134794,0,1.01E-05,0,4.33E-05,3.40E-05,0,0.000386342,0.034674,1.16E-08,-0.0807851,0.041458,0.000809942
134804,0,1.01E-05,0,4.33E-05,3.40E-05,0,0.000386342,0.028703,1.16E-08,-0.082796,0.0353161,0.000809942
134813,0,1.01E-05,0,4.33E-05,3.41E-05,0,0.000386342,0.0235194,1.16E-08,-0.0812659,0.0307096,0.000809942
134823,0,1.01E-05,0,4.33E-05,3.41E-05,0,0.000386342,0.0177922,1.16E-08,-0.0813029,0.0245677,0.000809942
134834,0,1.01E-05,0,4.33E-05,3.41E-05,0,0.000386342,0.0117742,1.16E-08,-0.0816761,0.0184258,0.000809942
134844,0,1.01E-05,0,4.33E-05,3.42E-05,0,0.000386342,0.00670631,1.16E-08,-0.0784019,0.0138193,0.000809942
134854,0,1.01E-05,0,4.33E-05,3.42E-05,0,0.000386342,0.00115302,1.16E-08,-0.0769566,0.0076774,0.000809942
134863,0,1.01E-05,0,4.33E-05,3.42E-05,0,0.000386342,-0.00469404,1.16E-08,-0.0762413,0.00153548,0.000809942
134874,0,1.01E-05,0,4.33E-05,3.42E-05,0,0.000386342,-0.00962319,1.16E-08,-0.0722656,-0.00307096,0.000809942
134884,0,1.01E-05,0,4.33E-05,3.43E-05,0,0.000386342,-0.0150783,1.16E-08,-0.0704329,-0.00921288,0.000809942
134894,0,1.01E-05,0,4.33E-05,3.43E-05,0,0.000386342,-0.0197988,1.16E-08,-0.066227,-0.0138193,0.000809942
134903,0,1.01E-05,0,4.33E-05,3.43E-05,0,0.000386342,-0.0241061,1.16E-08,-0.0613109,-0.0184258,0.000809942
134914,0,1.01E-05,0,4.33E-05,3.44E-05,0,0.000386342,-0.0282305,1.16E-08,-0.0566203,-0.0230322,0.000809942
134924,0,1.01E-05,0,4.33E-05,3.44E-05,0,0.000386342,-0.032317,1.16E-08,-0.052569,-0.0276386,0.000809942
134934,0,1.01E-05,0,4.33E-05,3.44E-05,0,0.000386342,-0.0353768,1.16E-08,-0.0459174,-0.0307096,0.000809942
134943,0,1.01E-05,0,4.33E-05,3.44E-05,0,0.000386342,-0.037916,1.16E-08,-0.0389899,-0.0337806,0.000809942
134953,0,1.01E-05,0,4.33E-05,3.45E-05,0,0.000386342,-0.0402741,1.16E-08,-0.0329649,-0.0368515,0.000809942
134964,0,1.01E-05,0,4.33E-05,3.45E-05,0,0.000386342,-0.0415826,1.16E-08,-0.024927,-0.038387,0.000809942
134974,0,1.01E-05,0,4.33E-05,3.45E-05,0,0.000386342,-0.043476,1.16E-08,-0.0205777,-0.041458,0.000809942
134983,0,1.01E-05,0,4.33E-05,3.46E-05,0,0.000386342,-0.0447755,1.16E-08,-0.0152676,-0.0429934,0.000809942
134993,0,1.01E-05,0,4.33E-05,3.46E-05,0,0.000386342,-0.0447513,1.16E-08,-0.00701551,-0.0429934,0.000809942
135004,0,1.01E-05,0,4.33E-05,3.46E-05,0,0.000386342,-0.0440884,1.16E-08,0.00118174,-0.0429934,0.000809942
135014,0,1.01E-05,0,4.33E-05,3.46E-05,0,0.000386342,-0.0432346,1.16E-08,0.00787833,-0.0429934,0.000809942
135024,0,1.01E-05,0,4.33E-05,3.47E-05,0,0.000386342,-0.0424414,1.16E-08,0.0126418,-0.0429934,0.000809942
135033,0,1.01E-05,0,4.33E-05,3.47E-05,0,0.000386342,-0.0418205,1.16E-08,0.0156098,-0.0429934,0.000809942
135044,0,1.01E-05,0,4.33E-05,3.47E-05,0,0.000386342,-0.040329,1.16E-08,0.0204975,-0.041458,0.000809942
135054,0,1.01E-05,0,4.33E-05,3.47E-05,0,0.000386342,-0.0384188,1.16E-08,0.0253342,-0.0399225,0.000809942
135064,0,1.01E-05,0,4.33E-05,3.48E-05,0,0.000386342,-0.0353187,1.16E-08,0.0324974,-0.0368515,0.000809942
135073,0,1.01E-05,0,4.33E-05,3.48E-05,0,0.000386342,-0.0327357,1.16E-08,0.035968,-0.0353161,0.000809942
135084,0,1.01E-05,0,4.33E-05,3.48E-05,0,0.000386342,-0.0295383,1.16E-08,0.0402419,-0.0322451,0.000809942
135094,0,1.01E-05,0,4.33E-05,3.49E-05,0,0.000386342,-0.0260892,1.16E-08,0.0439283,-0.0291741,0.000809942
135104,0,1.01E-05,0,4.33E-05,3.49E-05,0,0.000386342,-0.0226098,1.16E-08,0.0464574,-0.0261032,0.000809942
135113,0,1.01E-05,0,4.33E-05,3.49E-05,0,0.000386342,-0.019213,1.16E-08,0.0477604,-0.0230322,0.000809942
135123,0,1.01E-05,0,4.33E-05,3.49E-05,0,0.000386342,-0.0159388,1.16E-08,0.0480246,-0.0199612,0.000809942
135134,0,1.01E-05,0,4.33E-05,3.50E-05,0,0.000386342,-0.0127847,1.16E-08,0.0475274,-0.0168903,0.000809942
135144,0,1.01E-05,0,4.33E-05,3.50E-05,0,0.000386342,-0.00972781,1.16E-08,0.0465408,-0.0138193,0.000809942
135154,0,1.01E-05,0,4.33E-05,3.50E-05,0,0.000386342,-0.00673951,1.16E-08,0.0452848,-0.0107484,0.000809942
135163,0,1.01E-05,0,4.33E-05,3.51E-05,0,0.000386342,-0.00272784,1.16E-08,0.0472402,-0.00614192,0.000809942
135174,0,1.01E-05,0,4.33E-05,3.51E-05,0,0.000386342,0.000786205,1.16E-08,0.0467647,-0.00307096,0.000809942
135184,0,1.01E-05,0,4.33E-05,3.51E-05,0,0.000386342,0.0050207,1.16E-08,0.0483104,0.00153548,0.000809942
135194,0,1.01E-05,0,4.33E-05,3.51E-05,0,0.000386342,0.00857037,1.16E-08,0.0469206,0.00460644,0.000809942
135203,0,1.01E-05,0,4.33E-05,3.52E-05,0,0.000386342,0.0116774,1.16E-08,0.0441459,0.0076774,0.000809942
135214,0,1.01E-05,0,4.33E-05,3.52E-05,0,0.000386342,0.0156047,1.16E-08,0.0443138,0.0122838,0.000809942
135224,0,1.01E-05,0,4.33E-05,3.52E-05,0,0.000386342,0.018951,1.16E-08,0.0422416,0.0153548,0.000809942
135234,0,1.01E-05,0,4.33E-05,3.52E-05,0,0.000386342,0.0219416,1.16E-08,0.0392449,0.0184258,0.000809942
135243,0,1.01E-05,0,4.33E-05,3.53E-05,0,0.000386342,0.02475,1.16E-08,0.0361289,0.0214967,0.000809942
135254,0,1.01E-05,0,4.33E-05,3.53E-05,0,0.000386342,0.0274931,1.16E-08,0.0333061,0.0245677,0.000809942
135264,0,1.01E-05,0,4.33E-05,3.53E-05,0,0.000386342,0.0291738,1.16E-08,0.0275987,0.0261032,0.000809942
135274,0,1.01E-05,0,4.33E-05,3.54E-05,0,0.000386342,0.0313661,1.16E-08,0.0247374,0.0291741,0.000809942
135283,0,1.01E-05,0,4.33E-05,3.54E-05,0,0.000386342,0.0328753,1.16E-08,0.0202385,0.0307096,0.000809942
135293,0,1.01E-05,0,4.33E-05,3.54E-05,0,0.000386342,0.0340454,1.16E-08,0.0156485,0.0322451,0.000809942
135304,0,1.01E-05,0,4.33E-05,3.54E-05,0,0.000386342,0.0351045,1.16E-08,0.0117351,0.0337806,0.000809942
135314,0,1.01E-05,0,4.33E-05,3.55E-05,0,0.000386342,0.0361834,1.16E-08,0.0087495,0.0353161,0.000809942
135324,0,1.01E-05,0,4.33E-05,3.55E-05,0,0.000386342,0.0373421,1.16E-08,0.00664688,0.0368515,0.000809942
135333,0,1.01E-05,0,4.33E-05,3.55E-05,0,0.000386342,0.0375296,1.16E-08,0.00192112,0.0368515,0.000809942
135344,0,1.01E-05,0,4.33E-05,3.56E-05,0,0.000386342,0.0372115,1.16E-08,-0.00322901,0.0368515,0.000809942
135354,0,1.01E-05,0,4.33E-05,3.56E-05,0,0.000386342,0.0367052,1.16E-08,-0.00765917,0.0368515,0.000809942
135364,0,1.01E-05,0,4.33E-05,3.56E-05,0,0.000386342,0.0361984,1.16E-08,-0.010943,0.0368515,0.000809942
135373,0,1.01E-05,0,4.33E-05,3.56E-05,0,0.000386342,0.0347168,1.16E-08,-0.0164051,0.0353161,0.000809942
135384,0,1.01E-05,0,4.33E-05,3.57E-05,0,0.000386342,0.0338297,1.16E-08,-0.0185129,0.0353161,0.000809942
135394,0,1.01E-05,0,4.33E-05,3.57E-05,0,0.000386342,0.0323252,1.16E-08,-0.021938,0.0337806,0.000809942
135404,0,1.01E-05,0,4.33E-05,3.57E-05,0,0.000386342,0.0305271,1.16E-08,-0.0252825,0.0322451,0.000809942
135413,0,1.01E-05,0,4.33E-05,3.57E-05,0,0.000386342,0.0297114,1.16E-08,-0.0245564,0.0322451,0.000809942
135424,0,1.01E-05,0,4.33E-05,3.58E-05,0,0.000386342,0.0284538,1.16E-08,-0.0253091,0.0307096,0.000809942
135434,0,1.01E-05,0,4.33E-05,3.58E-05,0,0.000386342,0.0258778,1.16E-08,-0.0298658,0.0276386,0.000809942
135444,0,1.01E-05,0,4.33E-05,3.58E-05,0,0.000386342,0.023662,1.16E-08,-0.0319162,0.0261032,0.000809942
135453,0,1.01E-05,0,4.33E-05,3.59E-05,0,0.000386342,0.0217556,1.16E-08,-0.032276,0.0245677,0.000809942
135463,0,1.01E-05,0,4.33E-05,3.59E-05,0,0.000386342,0.0200781,1.16E-08,-0.0316453,0.0230322,0.000809942
135474,0,1.01E-05,0,4.33E-05,3.59E-05,0,0.000386342,0.0185492,1.16E-08,-0.0305423,0.0214967,0.000809942
135484,0,1.01E-05,0,4.33E-05,3.59E-05,0,0.000386342,0.0171034,1.16E-08,-0.0293038,0.0199612,0.000809942
135494,0,1.01E-05,0,4.33E-05,3.60E-05,0,0.000386342,0.0146279,1.16E-08,-0.0314431,0.0168903,0.000809942
135503,0,1.01E-05,0,4.33E-05,3.60E-05,0,0.000386342,0.012635,1.16E-08,-0.0313038,0.0153548,0.000809942
135514,0,1.01E-05,0,4.33E-05,3.60E-05,0,0.000386342,0.0109706,1.16E-08,-0.0299782,0.0138193,0.000809942
135524,0,1.01E-05,0,4.33E-05,3.61E-05,0,0.000386342,0.00950099,1.16E-08,-0.0282102,0.0122838,0.000809942
135534,0,1.01E-05,0,4.33E-05,3.61E-05,0,0.000386342,0.00812609,1.16E-08,-0.0264407,0.0107484,0.000809942
135543,0,1.01E-05,0,4.33E-05,3.61E-05,0,0.000386342,0.00678028,1.16E-08,-0.0248841,0.00921288,0.000809942
135554,0,1.01E-05,0,4.33E-05,3.61E-05,0,0.000386342,0.00542646,1.16E-08,-0.0236062,0.0076774,0.000809942
135564,0,1.01E-05,0,4.33E-05,3.62E-05,0,0.000386342,0.00511381,1.16E-08,-0.0192635,0.0076774,0.000809942
135574,0,1.01E-05,0,4.33E-05,3.62E-05,0,0.000386342,0.00429735,1.16E-08,-0.0175384,0.00614192,0.000809942
135583,0,1.01E-05,0,4.33E-05,3.62E-05,0,0.000386342,0.00311884,1.16E-08,-0.0172905,0.00460644,0.000809942
135593,0,1.01E-05,0,4.33E-05,3.63E-05,0,0.000386342,0.00277801,1.16E-08,-0.0143746,0.00460644,0.000809942
135604,0,1.01E-05,0,4.33E-05,3.63E-05,0,0.000386342,0.00183959,1.16E-08,-0.0140127,0.00307096,0.000809942
135614,0,1.01E-05,0,4.33E-05,3.63E-05,0,0.000386342,0.00158127,1.16E-08,-0.0115262,0.00307096,0.000809942
135623,0,1.01E-05,0,4.33E-05,3.63E-05,0,0.000386342,0.00063398,1.16E-08,-0.0117805,0.00153548,0.000809942
135633,0,1.01E-05,0,4.33E-05,3.64E-05,0,0.000386342,0.000323994,1.16E-08,-0.00989023,0.00153548,0.000809942
135644,0,1.01E-05,0,4.33E-05,3.64E-05,0,0.000386342,0.000379307,1.16E-08,-0.00729816,0.00153548,0.000809942
135654,0,1.01E-05,0,4.33E-05,3.64E-05,0,0.000386342,-0.000463643,1.16E-08,-0.00815688,0,0.000809942
135664,0,1.01E-05,0,4.33E-05,3.64E-05,0,0.000386342,-0.000789721,1.16E-08,-0.00710723,0,0.000809942
135673,0,1.01E-05,0,4.33E-05,3.65E-05,0,0.000386342,-0.000806101,1.16E-08,-0.00531937,0,0.000809942
135684,0,1.01E-05,0,4.33E-05,3.65E-05,0,0.000386342,-0.000669105,1.16E-08,-0.00349443,0,0.000809942
135694,0,1.01E-05,0,4.33E-05,3.65E-05,0,0.000386342,0.00058351,1.16E-08,0.00134593,0.00153548,0.000809942
135704,0,1.01E-05,0,4.33E-05,3.66E-05,0,0.000386342,0.00135116,1.16E-08,0.00335048,0.00153548,0.000809942
135713,0,1.01E-05,0,4.33E-05,3.66E-05,0,0.000386342,0.00174522,1.16E-08,0.00361713,0.00153548,0.000809942
135724,0,1.01E-05,0,4.33E-05,3.66E-05,0,0.000386342,0.00188694,1.16E-08,0.00299167,0.00153548,0.000809942
135734,0,1.01E-05,0,4.33E-05,3.66E-05,0,0.000386342,0.00294638,1.16E-08,0.00537092,0.00307096,0.000809942
135744,0,1.01E-05,0,4.33E-05,3.67E-05,0,0.000386342,0.00345945,1.16E-08,0.00535171,0.00307096,0.000809942
135753,0,1.01E-05,0,4.33E-05,3.67E-05,0,0.000386342,0.00361488,1.16E-08,0.00417094,0.00307096,0.000809942
135763,0,1.01E-05,0,4.33E-05,3.67E-05,0,0.000386342,0.0046344,1.16E-08,0.00596385,0.00460644,0.000809942
135774,0,1.01E-05,0,4.33E-05,3.68E-05,0,0.000386342,0.00508869,1.16E-08,0.00544867,0.00460644,0.000809942
135784,0,1.01E-05,0,4.33E-05,3.68E-05,0,0.000386342,0.00518675,1.16E-08,0.003905,0.00460644,0.000809942
135793,0,1.01E-05,0,4.33E-05,3.68E-05,0,0.000386342,0.00615989,1.16E-08,0.00546492,0.00614192,0.000809942
135803,0,1.01E-05,0,4.33E-05,3.68E-05,0,0.000386342,0.00658149,1.16E-08,0.00482172,0.00614192,0.000809942
135814,0,1.01E-05,0,4.33E-05,3.69E-05,0,0.000386342,0.00665937,1.16E-08,0.00322407,0.00614192,0.000809942
135824,0,1.01E-05,0,4.33E-05,3.69E-05,0,0.000386342,0.0065563,1.16E-08,0.00145008,0.00614192,0.000809942
135834,0,1.01E-05,0,4.33E-05,3.69E-05,0,0.000386342,0.00744962,1.16E-08,0.00323501,0.0076774,0.000809942
135843,0,1.01E-05,0,4.33E-05,3.69E-05,0,0.000386342,0.00786467,1.16E-08,0.00299754,0.0076774,0.000809942
135854,0,1.01E-05,0,4.33E-05,3.70E-05,0,0.000386342,0.00797278,1.16E-08,0.00182043,0.0076774,0.000809942
135864,0,1.01E-05,0,4.33E-05,3.70E-05,0,0.000386342,0.00791236,1.16E-08,0.000398566,0.0076774,0.000809942
135874,0,1.01E-05,0,4.33E-05,3.70E-05,0,0.000386342,0.00778094,1.16E-08,-0.000886501,0.0076774,0.000809942
135883,0,1.01E-05,0,4.33E-05,3.71E-05,0,0.000386342,0.00763866,1.16E-08,-0.00187404,0.0076774,0.000809942
135894,0,1.01E-05,0,4.33E-05,3.71E-05,0,0.000386342,0.0075167,1.16E-08,-0.00253949,0.0076774,0.000809942
135904,0,1.01E-05,0,4.33E-05,3.71E-05,0,0.000386342,0.00742653,1.16E-08,-0.00292883,0.0076774,0.000809942
135914,0,1.01E-05,0,4.33E-05,3.71E-05,0,0.000386342,0.00736803,1.16E-08,-0.00311404,0.0076774,0.000809942
135923,0,1.01E-05,0,4.33E-05,3.72E-05,0,0.000386342,0.00733542,1.16E-08,-0.00316679,0.0076774,0.000809942
135933,0,1.01E-05,0,4.33E-05,3.72E-05,0,0.000386342,0.00732125,1.16E-08,-0.00314572,0.0076774,0.000809942
135944,0,1.01E-05,0,4.33E-05,3.72E-05,0,0.000386342,0.00731859,1.16E-08,-0.00309258,0.0076774,0.000809942
135954,0,1.01E-05,0,4.33E-05,3.73E-05,0,0.000386342,0.007322,1.16E-08,-0.00303342,0.0076774,0.000809942
135964,0,1.01E-05,0,4.33E-05,3.73E-05,0,0.000386342,0.00732774,1.16E-08,-0.00298197,0.0076774,0.000809942
135973,0,1.01E-05,0,4.33E-05,3.73E-05,0,0.000386342,0.00733358,1.16E-08,-0.00294352,0.0076774,0.000809942
135984,0,1.01E-05,0,4.33E-05,3.73E-05,0,0.000386342,0.00733842,1.16E-08,-0.0029183,0.0076774,0.000809942
135994,0,1.01E-05,0,4.33E-05,3.74E-05,0,0.000386342,0.00734191,1.16E-08,-0.00290403,0.0076774,0.000809942
136004,0,1.01E-05,0,4.33E-05,3.74E-05,0,0.000386342,0.00734411,1.16E-08,-0.00289766,0.0076774,0.000809942
136013,0,1.01E-05,0,4.33E-05,3.74E-05,0,0.000386342,0.00734529,1.16E-08,-0.00289626,0.0076774,0.000809942
136024,0,1.01E-05,0,4.33E-05,3.74E-05,0,0.000386342,0.00734576,1.16E-08,-0.00289754,0.0076774,0.000809942
136034,0,1.01E-05,0,4.33E-05,3.75E-05,0,0.000386342,0.00628005,1.16E-08,-0.00622544,0.00614192,0.000809942
136044,0,1.01E-05,0,4.33E-05,3.75E-05,0,0.000386342,0.0056897,1.16E-08,-0.00714067,0.00614192,0.000809942
136053,0,1.01E-05,0,4.33E-05,3.75E-05,0,0.000386342,0.00543641,1.16E-08,-0.0067194,0.00614192,0.000809942
136064,0,1.01E-05,0,4.33E-05,3.76E-05,0,0.000386342,0.00539239,1.16E-08,-0.00572471,0.00614192,0.000809942
136074,0,1.01E-05,0,4.33E-05,3.76E-05,0,0.000386342,0.00545793,1.16E-08,-0.00463035,0.00614192,0.000809942
136084,0,1.01E-05,0,4.33E-05,3.76E-05,0,0.000386342,0.0055649,1.16E-08,-0.00368436,0.00614192,0.000809942
136093,0,1.01E-05,0,4.33E-05,3.76E-05,0,0.000386342,0.00567276,1.16E-08,-0.00298055,0.00614192,0.000809942
136103,0,1.01E-05,0,4.33E-05,3.77E-05,0,0.000386342,0.00576166,1.16E-08,-0.00252093,0.00614192,0.000809942
136114,0,1.01E-05,0,4.33E-05,3.77E-05,0,0.000386342,0.00582536,1.16E-08,-0.00226257,0.00614192,0.000809942
136124,0,1.01E-05,0,4.33E-05,3.77E-05,0,0.000386342,0.00586537,1.16E-08,-0.00214843,0.00614192,0.000809942
136134,0,1.01E-05,0,4.33E-05,3.78E-05,0,0.000386342,0.00588667,1.16E-08,-0.00212486,0.00614192,0.000809942
136143,0,1.01E-05,0,4.33E-05,3.78E-05,0,0.000386342,0.00589506,1.16E-08,-0.00214953,0.00614192,0.000809942
136154,0,1.01E-05,0,4.33E-05,3.78E-05,0,0.000386342,0.00696143,1.16E-08,0.00113238,0.0076774,0.000809942
136164,0,1.01E-05,0,4.33E-05,3.78E-05,0,0.000386342,0.00754832,1.16E-08,0.00200013,0.0076774,0.000809942
136174,0,1.01E-05,0,4.33E-05,3.79E-05,0,0.000386342,0.00779678,1.16E-08,0.00153921,0.0076774,0.000809942
136183,0,1.01E-05,0,4.33E-05,3.79E-05,0,0.000386342,0.00783618,1.16E-08,0.0005158,0.0076774,0.000809942
136194,0,1.01E-05,0,4.33E-05,3.79E-05,0,0.000386342,0.00776694,1.16E-08,-0.000596808,0.0076774,0.000809942
136204,0,1.01E-05,0,4.33E-05,3.80E-05,0,0.000386342,0.00765739,1.16E-08,-0.00155267,0.0076774,0.000809942
136214,0,1.01E-05,0,4.33E-05,3.80E-05,0,0.000386342,0.00754795,1.16E-08,-0.00226052,0.0076774,0.000809942
136223,0,1.01E-05,0,4.33E-05,3.80E-05,0,0.000386342,0.00745825,1.16E-08,-0.00272062,0.0076774,0.000809942
136233,0,1.01E-05,0,4.33E-05,3.80E-05,0,0.000386342,0.00739427,1.16E-08,-0.00297764,0.0076774,0.000809942
136244,0,1.01E-05,0,4.33E-05,3.81E-05,0,0.000386342,0.00735428,1.16E-08,-0.0030898,0.0076774,0.000809942
136254,0,1.01E-05,0,4.33E-05,3.81E-05,0,0.000386342,0.00733314,1.16E-08,-0.00311143,0.0076774,0.000809942
136263,0,1.01E-05,0,4.33E-05,3.81E-05,0,0.000386342,0.00732495,1.16E-08,-0.0030852,0.0076774,0.000809942
136273,0,1.01E-05,0,4.33E-05,3.81E-05,0,0.000386342,0.00732453,1.16E-08,-0.00304043,0.0076774,0.000809942
136284,0,1.01E-05,0,4.33E-05,3.82E-05,0,0.000386342,0.00732796,1.16E-08,-0.00299472,0.0076774,0.000809942
136294,0,1.01E-05,0,4.33E-05,3.82E-05,0,0.000386342,0.00733264,1.16E-08,-0.00295676,0.0076774,0.000809942
136304,0,1.01E-05,0,4.33E-05,3.82E-05,0,0.000386342,0.00733708,1.16E-08,-0.00292939,0.0076774,0.000809942
136313,0,1.01E-05,0,4.33E-05,3.83E-05,0,0.000386342,0.00734062,1.16E-08,-0.0029121,0.0076774,0.000809942
136324,0,1.01E-05,0,4.33E-05,3.83E-05,0,0.000386342,0.00734307,1.16E-08,-0.0029028,0.0076774,0.000809942
136334,0,1.01E-05,0,4.33E-05,3.83E-05,0,0.000386342,0.00734456,1.16E-08,-0.00289906,0.0076774,0.000809942
136344,0,1.01E-05,0,4.33E-05,3.83E-05,0,0.000386342,0.00734531,1.16E-08,-0.00289869,0.0076774,0.000809942
136353,0,1.01E-05,0,4.33E-05,3.84E-05,0,0.000386342,0.00734557,1.16E-08,-0.00290003,0.0076774,0.000809942
136364,0,1.01E-05,0,4.33E-05,3.84E-05,0,0.000386342,0.00734555,1.16E-08,-0.00290195,0.0076774,0.000809942
136374,0,1.01E-05,0,4.33E-05,3.84E-05,0,0.000386342,0.00734539,1.16E-08,-0.00290381,0.0076774,0.000809942
136384,0,1.01E-05,0,4.33E-05,3.85E-05,0,0.000386342,0.00734519,1.16E-08,-0.00290531,0.0076774,0.000809942
136393,0,1.01E-05,0,4.33E-05,3.85E-05,0,0.000386342,0.00734501,1.16E-08,-0.00290636,0.0076774,0.000809942
136403,0,1.01E-05,0,4.33E-05,3.85E-05,0,0.000386342,0.00734487,1.16E-08,-0.00290701,0.0076774,0.000809942
136414,0,1.01E-05,0,4.33E-05,3.85E-05,0,0.000386342,0.00734478,1.16E-08,-0.00290734,0.0076774,0.000809942
136424,0,1.01E-05,0,4.33E-05,3.86E-05,0,0.000386342,0.00734472,1.16E-08,-0.00290746,0.0076774,0.000809942
136433,0,1.01E-05,0,4.33E-05,3.86E-05,0,0.000386342,0.0073447,1.16E-08,-0.00290746,0.0076774,0.000809942
136443,0,1.01E-05,0,4.33E-05,3.86E-05,0,0.000386342,0.00734469,1.16E-08,-0.0029074,0.0076774,0.000809942
136454,0,1.01E-05,0,4.33E-05,3.86E-05,0,0.000386342,0.00734469,1.16E-08,-0.00290731,0.0076774,0.000809942
136464,0,1.01E-05,0,4.33E-05,3.87E-05,0,0.000386342,0.0073447,1.16E-08,-0.00290724,0.0076774,0.000809942
136474,0,1.01E-05,0,4.33E-05,3.87E-05,0,0.000386342,0.00734471,1.16E-08,-0.00290718,0.0076774,0.000809942
136483,0,1.01E-05,0,4.33E-05,3.87E-05,0,0.000386342,0.00734471,1.16E-08,-0.00290714,0.0076774,0.000809942
136494,0,1.01E-05,0,4.33E-05,3.88E-05,0,0.000386342,0.00734472,1.16E-08,-0.00290712,0.0076774,0.000809942
136504,0,1.01E-05,0,4.33E-05,3.88E-05,0,0.000386342,0.00734472,1.16E-08,-0.0029071,0.0076774,0.000809942
136514,0,1.01E-05,0,4.33E-05,3.88E-05,0,0.000386342,0.00734472,1.16E-08,-0.0029071,0.0076774,0.000809942
136523,0,1.01E-05,0,4.33E-05,3.88E-05,0,0.000386342,0.00734473,1.16E-08,-0.0029071,0.0076774,0.000809942
136534,0,1.01E-05,0,4.33E-05,3.89E-05,0,0.000386342,0.00734473,1.16E-08,-0.0029071,0.0076774,0.000809942
136544,0,1.01E-05,0,4.33E-05,3.89E-05,0,0.000386342,0.00734473,1.16E-08,-0.00290711,0.0076774,0.000809942
136554,0,1.01E-05,0,4.33E-05,3.89E-05,0,0.000386342,0.00734473,1.16E-08,-0.00290711,0.0076774,0.000809942
136563,0,1.01E-05,0,4.33E-05,3.90E-05,0,0.000386342,0.00734473,1.16E-08,-0.00290711,0.0076774,0.000809942
136573,0,1.01E-05,0,4.33E-05,3.90E-05,0,0.000386342,0.00734473,1.16E-08,-0.00290711,0.0076774,0.000809942
136584,0,1.01E-05,0,4.33E-05,3.90E-05,0,0.000386342,0.00734472,1.16E-08,-0.00290712,0.0076774,0.000809942
136594,0,1.01E-05,0,4.33E-05,3.90E-05,0,0.000386342,0.00734472,1.16E-08,-0.00290712,0.0076774,0.000809942
136604,0,1.01E-05,0,4.33E-05,3.91E-05,0,0.000386342,0.00734472,1.16E-08,-0.00290712,0.0076774,0.000809942
136614,0,1.01E-05,0,4.33E-05,3.91E-05,0,0.000386342,0.00734472,1.16E-08,-0.00290712,0.0076774,0.000809942
136624,0,1.01E-05,0,4.33E-05,3.91E-05,0,0.000386342,0.00734472,1.16E-08,-0.00290712,0.0076774,0.000809942
136634,0,1.01E-05,0,4.33E-05,3.91E-05,0,0.000386342,0.00734472,1.16E-08,-0.00290712,0.0076774,0.000809942
136644,0,1.01E-05,0,4.33E-05,3.92E-05,0,0.000386342,0.00734472,1.16E-08,-0.00290712,0.0076774,0.000809942
136653,0,1.01E-05,0,4.33E-05,3.92E-05,0,0.000386342,0.00734472,1.16E-08,-0.00290711,0.0076774,0.000809942
136664,0,1.01E-05,0,4.33E-05,3.92E-05,0,0.000386342,0.00734472,1.16E-08,-0.00290712,0.0076774,0.000809942
136674,0,1.01E-05,0,4.33E-05,3.93E-05,0,0.000386342,0.00734472,1.16E-08,-0.00290712,0.0076774,0.000809942
136684,0,1.01E-05,0,4.33E-05,3.93E-05,0,0.000386342,0.00734472,1.16E-08,-0.00290712,0.0076774,0.000809942
136693,0,1.01E-05,0,4.33E-05,3.93E-05,0,0.000386342,0.00734472,1.16E-08,-0.00290711,0.0076774,0.000809942
136704,0,1.01E-05,0,4.33E-05,3.93E-05,0,0.000386342,0.00734472,1.16E-08,-0.00290712,0.0076774,0.000809942
136714,0,1.01E-05,0,4.33E-05,3.94E-05,0,0.000386342,0.00734472,1.16E-08,-0.00290712,0.0076774,0.000809942
136724,0,1.01E-05,0,4.33E-05,3.94E-05,0,0.000386342,0.00734472,1.16E-08,-0.00290712,0.0076774,0.000809942
136733,0,1.01E-05,0,4.33E-05,3.94E-05,0,0.000386342,0.00734472,1.16E-08,-0.00290711,0.0076774,0.000809942
136743,0,1.01E-05,0,4.33E-05,3.95E-05,0,0.000386342,0.00734472,1.16E-08,-0.00290712,0.0076774,0.000809942
136754,0,1.01E-05,0,4.33E-05,3.95E-05,0,0.000386342,0.00734472,1.16E-08,-0.00290712,0.0076774,0.000809942
136764,0,1.01E-05,0,4.33E-05,3.95E-05,0,0.000386342,0.00734472,1.16E-08,-0.00290712,0.0076774,0.000809942
136774,0,1.01E-05,0,4.33E-05,3.95E-05,0,0.000386342,0.00734472,1.16E-08,-0.00290711,0.0076774,0.000809942
136783,0,1.01E-05,0,4.33E-05,3.96E-05,0,0.000386342,0.00734472,1.16E-08,-0.00290712,0.0076774,0.000809942
136794,0,1.01E-05,0,4.33E-05,3.96E-05,0,0.000386342,0.00734472,1.16E-08,-0.00290712,0.0076774,0.000809942
136804,0,1.01E-05,0,4.33E-05,3.96E-05,0,0.000386342,0.00734472,1.16E-08,-0.00290712,0.0076774,0.000809942
136814,0,1.01E-05,0,4.33E-05,3.97E-05,0,0.000386342,0.00734472,1.16E-08,-0.00290711,0.0076774,0.000809942
136823,0,1.01E-05,0,4.33E-05,3.97E-05,0,0.000386342,0.00734472,1.16E-08,-0.00290712,0.0076774,0.000809942
136834,0,1.01E-05,0,4.33E-05,3.97E-05,0,0.000386342,0.00734472,1.16E-08,-0.00290712,0.0076774,0.000809942
136844,0,1.01E-05,0,4.33E-05,3.97E-05,0,0.000386342,0.00734472,1.16E-08,-0.00290712,0.0076774,0.000809942
136854,0,1.01E-05,0,4.33E-05,3.98E-05,0,0.000386342,0.00734472,1.16E-08,-0.00290711,0.0076774,0.000809942
136863,0,1.01E-05,0,4.33E-05,3.98E-05,0,0.000386342,0.00734472,1.16E-08,-0.00290712,0.0076774,0.000809942
136873,0,1.01E-05,0,4.33E-05,3.98E-05,0,0.000386342,0.00734472,1.16E-08,-0.00290712,0.0076774,0.000809942
136884,0,1.01E-05,0,4.33E-05,3.98E-05,0,0.000386342,0.00734472,1.16E-08,-0.00290712,0.0076774,0.000809942
136894,0,1.01E-05,0,4.33E-05,3.99E-05,0,0.000386342,0.00734472,1.16E-08,-0.00290711,0.0076774,0.000809942
136903,0,1.01E-05,0,4.33E-05,3.99E-05,0,0.000386342,0.00734472,1.16E-08,-0.00290712,0.0076774,0.000809942
136913,0,1.01E-05,0,4.33E-05,3.99E-05,0,0.000386342,0.00734472,1.16E-08,-0.00290712,0.0076774,0.000809942
136924,0,1.01E-05,0,4.33E-05,4.00E-05,0,0.000386342,0.00734472,1.16E-08,-0.00290712,0.0076774,0.000809942
136934,0,1.01E-05,0,4.33E-05,4.00E-05,0,0.000386342,0.00734472,1.16E-08,-0.00290711,0.0076774,0.000809942
136944,0,1.01E-05,0,4.33E-05,4.00E-05,0,0.000386342,0.00734472,1.16E-08,-0.00290712,0.0076774,0.000809942
136953,0,1.01E-05,0,4.33E-05,4.00E-05,0,0.000386342,0.00734472,1.16E-08,-0.00290712,0.0076774,0.000809942
136964,0,1.01E-05,0,4.33E-05,4.01E-05,0,0.000386342,0.00734472,1.16E-08,-0.00290712,0.0076774,0.000809942
136974,0,1.01E-05,0,4.33E-05,4.01E-05,0,0.000386342,0.00734472,1.16E-08,-0.00290711,0.0076774,0.000809942
136984,0,1.01E-05,0,4.33E-05,4.01E-05,0,0.000386342,0.00734472,1.16E-08,-0.00290712,0.0076774,0.000809942
136993,0,1.01E-05,0,4.33E-05,4.02E-05,0,0.000386342,0.00734472,1.16E-08,-0.00290712,0.0076774,0.000809942
137004,0,1.01E-05,0,4.33E-05,4.02E-05,0,0.000386342,0.00734472,1.16E-08,-0.00290712,0.0076774,0.000809942
137014,0,1.01E-05,0,4.33E-05,4.02E-05,0,0.000386342,0.00734472,1.16E-08,-0.00290711,0.0076774,0.000809942
137024,0,1.01E-05,0,4.33E-05,4.02E-05,0,0.000386342,0.00734472,1.16E-08,-0.00290712,0.0076774,0.000809942
137033,0,1.01E-05,0,4.33E-05,4.03E-05,0,0.000386342,0.00734472,1.16E-08,-0.00290712,0.0076774,0.000809942
137043,0,1.01E-05,0,4.33E-05,4.03E-05,0,0.000386342,0.00734472,1.16E-08,-0.00290712,0.0076774,0.000809942
137054,0,1.01E-05,0,4.33E-05,4.03E-05,0,0.000386342,0.00734472,1.16E-08,-0.00290711,0.0076774,0.000809942
137064,0,1.01E-05,0,4.33E-05,4.03E-05,0,0.000386342,0.00734472,1.16E-08,-0.00290712,0.0076774,0.000809942
137073,0,1.01E-05,0,4.33E-05,4.04E-05,0,0.000386342,0.00734472,1.16E-08,-0.00290712,0.0076774,0.000809942
137083,0,1.01E-05,0,4.33E-05,4.04E-05,0,0.000386342,0.00734472,1.16E-08,-0.00290712,0.0076774,0.000809942
137094,0,1.01E-05,0,4.33E-05,4.04E-05,0,0.000386342,0.00734472,1.16E-08,-0.00290711,0.0076774,0.000809942
137104,0,1.01E-05,0,4.33E-05,4.05E-05,0,0.000386342,0.00734472,1.16E-08,-0.00290712,0.0076774,0.000809942
137114,0,1.01E-05,0,4.33E-05,4.05E-05,0,0.000386342,0.00734472,1.16E-08,-0.00290712,0.0076774,0.000809942
137123,0,1.01E-05,0,4.33E-05,4.05E-05,0,0.000386342,0.00734472,1.16E-08,-0.00290712,0.0076774,0.000809942
137134,0,1.01E-05,0,4.33E-05,4.05E-05,0,0.000386342,0.00734472,1.16E-08,-0.00290711,0.0076774,0.000809942
137144,0,1.01E-05,0,4.33E-05,4.06E-05,0,0.000386342,0.00734472,1.16E-08,-0.00290712,0.0076774,0.000809942
137154,0,1.01E-05,0,4.33E-05,4.06E-05,0,0.000386342,0.00734472,1.16E-08,-0.00290712,0.0076774,0.000809942
137163,0,1.01E-05,0,4.33E-05,4.06E-05,0,0.000386342,0.00734472,1.16E-08,-0.00290712,0.0076774,0.000809942
137174,0,1.01E-05,0,4.33E-05,4.07E-05,0,0.000386342,0.00734472,1.16E-08,-0.00290711,0.0076774,0.000809942
137184,0,1.01E-05,0,4.33E-05,4.07E-05,0,0.000386342,0.00734472,1.16E-08,-0.00290712,0.0076774,0.000809942
137194,0,1.01E-05,0,4.33E-05,4.07E-05,0,0.000386342,0.00734472,1.16E-08,-0.00290712,0.0076774,0.000809942
137203,0,1.01E-05,0,4.33E-05,4.07E-05,0,0.000386342,0.00734472,1.16E-08,-0.00290712,0.0076774,0.000809942
137213,0,1.01E-05,0,4.33E-05,4.08E-05,0,0.000386342,0.00734472,1.16E-08,-0.00290711,0.0076774,0.000809942
137224,0,1.01E-05,0,4.33E-05,4.08E-05,0,0.000386342,0.00734472,1.16E-08,-0.00290712,0.0076774,0.000809942
137234,0,1.01E-05,0,4.33E-05,4.08E-05,0,0.000386342,0.00734472,1.16E-08,-0.00290712,0.0076774,0.000809942
137244,0,1.01E-05,0,4.33E-05,4.09E-05,0,0.000386342,0.00734472,1.16E-08,-0.00290712,0.0076774,0.000809942
137253,0,1.01E-05,0,4.33E-05,4.09E-05,0,0.000386342,0.00734472,1.16E-08,-0.00290711,0.0076774,0.000809942
137264,0,1.01E-05,0,4.33E-05,4.09E-05,0,0.000386342,0.00734472,1.16E-08,-0.00290712,0.0076774,0.000809942
137274,0,1.01E-05,0,4.33E-05,4.09E-05,0,0.000386342,0.00734472,1.16E-08,-0.00290712,0.0076774,0.000809942
137284,0,1.01E-05,0,4.33E-05,4.10E-05,0,0.000386342,0.00734472,1.16E-08,-0.00290712,0.0076774,0.000809942
137293,0,1.01E-05,0,4.33E-05,4.10E-05,0,0.000386342,0.00734472,1.16E-08,-0.00290711,0.0076774,0.000809942
137304,0,1.01E-05,0,4.33E-05,4.10E-05,0,0.000386342,0.00734472,1.16E-08,-0.00290712,0.0076774,0.000809942
137314,0,1.01E-05,0,4.33E-05,4.10E-05,0,0.000386342,0.00734472,1.16E-08,-0.00290712,0.0076774,0.000809942
137324,0,1.01E-05,0,4.33E-05,4.11E-05,0,0.000386342,0.00734472,1.16E-08,-0.00290712,0.0076774,0.000809942
137333,0,1.01E-05,0,4.33E-05,4.11E-05,0,0.000386342,0.00734472,1.16E-08,-0.00290711,0.0076774,0.000809942
137344,0,1.01E-05,0,4.33E-05,4.11E-05,0,0.000386342,0.00734472,1.16E-08,-0.00290712,0.0076774,0.000809942
137354,0,1.01E-05,0,4.33E-05,4.12E-05,0,0.000386342,0.00734472,1.16E-08,-0.00290712,0.0076774,0.000809942
137364,0,1.01E-05,0,4.33E-05,4.12E-05,0,0.000386342,0.00734472,1.16E-08,-0.00290712,0.0076774,0.000809942
137373,0,1.01E-05,0,4.33E-05,4.12E-05,0,0.000386342,0.00734472,1.16E-08,-0.00290711,0.0076774,0.000809942
137383,0,1.01E-05,0,4.33E-05,4.12E-05,0,0.000386342,0.00734472,1.16E-08,-0.00290712,0.0076774,0.000809942
137394,0,1.01E-05,0,4.33E-05,4.13E-05,0,0.000386342,0.00734472,1.16E-08,-0.00290712,0.0076774,0.000809942
137404,0,1.01E-05,0,4.33E-05,4.13E-05,0,0.000386342,0.00734472,1.16E-08,-0.00290712,0.0076774,0.000809942
137414,0,1.01E-05,0,4.33E-05,4.13E-05,0,0.000386342,0.00734472,1.16E-08,-0.00290711,0.0076774,0.000809942
137423,0,1.01E-05,0,4.33E-05,4.14E-05,0,0.000386342,0.00734472,1.16E-08,-0.00290712,0.0076774,0.000809942
137434,0,1.01E-05,0,4.33E-05,4.14E-05,0,0.000386342,0.00734472,1.16E-08,-0.00290712,0.0076774,0.000809942
137444,0,1.01E-05,0,4.33E-05,4.14E-05,0,0.000386342,0.00734472,1.16E-08,-0.00290712,0.0076774,0.000809942
137454,0,1.01E-05,0,4.33E-05,4.14E-05,0,0.000386342,0.00734472,1.16E-08,-0.00290711,0.0076774,0.000809942
137463,0,1.01E-05,0,4.33E-05,4.15E-05,0,0.000386342,0.00734472,1.16E-08,-0.00290712,0.0076774,0.000809942
137474,0,1.01E-05,0,4.33E-05,4.15E-05,0,0.000386342,0.00734472,1.16E-08,-0.00290712,0.0076774,0.000809942
137484,0,1.01E-05,0,4.33E-05,4.15E-05,0,0.000386342,0.00734472,1.16E-08,-0.00290712,0.0076774,0.000809942
137494,0,1.01E-05,0,4.33E-05,4.15E-05,0,0.000386342,0.00734472,1.16E-08,-0.00290711,0.0076774,0.000809942
137503,0,1.01E-05,0,4.33E-05,4.16E-05,0,0.000386342,0.00734472,1.16E-08,-0.00290712,0.0076774,0.000809942
137513,0,1.01E-05,0,4.33E-05,4.16E-05,0,0.000386342,0.00734472,1.16E-08,-0.00290712,0.0076774,0.000809942
137524,0,1.01E-05,0,4.33E-05,4.16E-05,0,0.000386342,0.00734472,1.16E-08,-0.00290712,0.0076774,0.000809942
137534,0,1.01E-05,0,4.33E-05,4.17E-05,0,0.000386342,0.00734472,1.16E-08,-0.00290711,0.0076774,0.000809942
137543,0,1.01E-05,0,4.33E-05,4.17E-05,0,0.000386342,0.00734472,1.16E-08,-0.00290712,0.0076774,0.000809942
137553,0,1.01E-05,0,4.33E-05,4.17E-05,0,0.000386342,0.00734472,1.16E-08,-0.00290712,0.0076774,0.000809942
137564,0,1.01E-05,0,4.33E-05,4.17E-05,0,0.000386342,0.00734472,1.16E-08,-0.00290712,0.0076774,0.000809942
137574,0,1.01E-05,0,4.33E-05,4.18E-05,0,0.000386342,0.00734472,1.16E-08,-0.00290711,0.0076774,0.000809942
137584,0,1.01E-05,0,4.33E-05,4.18E-05,0,0.000386342,0.00734472,1.16E-08,-0.00290712,0.0076774,0.000809942
137593,0,1.01E-05,0,4.33E-05,4.18E-05,0,0.000386342,0.00734472,1.16E-08,-0.00290712,0.0076774,0.000809942
137604,0,1.01E-05,0,4.33E-05,4.19E-05,0,0.000386342,0.00734472,1.16E-08,-0.00290712,0.0076774,0.000809942
137614,0,1.01E-05,0,4.33E-05,4.19E-05,0,0.000386342,0.00734472,1.16E-08,-0.00290711,0.0076774,0.000809942
137624,0,1.01E-05,0,4.33E-05,4.19E-05,0,0.000386342,0.00734472,1.16E-08,-0.00290712,0.0076774,0.000809942
137633,0,1.01E-05,0,4.33E-05,4.19E-05,0,0.000386342,0.00734472,1.16E-08,-0.00290712,0.0076774,0.000809942
137644,0,1.01E-05,0,4.33E-05,4.20E-05,0,0.000386342,0.00734472,1.16E-08,-0.00290712,0.0076774,0.000809942
137654,0,1.01E-05,0,4.33E-05,4.20E-05,0,0.000386342,0.00734472,1.16E-08,-0.00290711,0.0076774,0.000809942
137664,0,1.01E-05,0,4.33E-05,4.20E-05,0,0.000386342,0.00734472,1.16E-08,-0.00290712,0.0076774,0.000809942
137673,0,1.01E-05,0,4.33E-05,4.20E-05,0,0.000386342,0.00734472,1.16E-08,-0.00290712,0.0076774,0.000809942
137683,0,1.01E-05,0,4.33E-05,4.21E-05,0,0.000386342,0.00734472,1.16E-08,-0.00290712,0.0076774,0.000809942
137694,0,1.01E-05,0,4.33E-05,4.21E-05,0,0.000386342,0.00734472,1.16E-08,-0.00290711,0.0076774,0.000809942
137704,0,1.01E-05,0,4.33E-05,4.21E-05,0,0.000386342,0.00734472,1.16E-08,-0.00290712,0.0076774,0.000809942
137714,0,1.01E-05,0,4.33E-05,4.22E-05,0,0.000386342,0.00734472,1.16E-08,-0.00290712,0.0076774,0.000809942
137723,0,1.01E-05,0,4.33E-05,4.22E-05,0,0.000386342,0.00734472,1.16E-08,-0.00290712,0.0076774,0.000809942
137734,0,1.01E-05,0,4.33E-05,4.22E-05,0,0.000386342,0.00734472,1.16E-08,-0.00290711,0.0076774,0.000809942
137744,0,1.01E-05,0,4.33E-05,4.22E-05,0,0.000386342,0.00734472,1.16E-08,-0.00290712,0.0076774,0.000809942
137754,0,1.01E-05,0,4.33E-05,4.23E-05,0,0.000386342,0.00734472,1.16E-08,-0.00290712,0.0076774,0.000809942
137763,0,1.01E-05,0,4.33E-05,4.23E-05,0,0.000386342,0.00734472,1.16E-08,-0.00290712,0.0076774,0.000809942
137774,0,1.01E-05,0,4.33E-05,4.23E-05,0,0.000386342,0.00734472,1.16E-08,-0.00290711,0.0076774,0.000809942
137784,0,1.01E-05,0,4.33E-05,4.24E-05,0,0.000386342,0.00734472,1.16E-08,-0.00290712,0.0076774,0.000809942
137794,0,1.01E-05,0,4.33E-05,4.24E-05,0,0.000386342,0.00734472,1.16E-08,-0.00290712,0.0076774,0.000809942
137803,0,1.01E-05,0,4.33E-05,4.24E-05,0,0.000386342,0.00734472,1.16E-08,-0.00290712,0.0076774,0.000809942
137814,0,1.01E-05,0,4.33E-05,4.24E-05,0,0.000386342,0.00734472,1.16E-08,-0.00290711,0.0076774,0.000809942
137824,0,1.01E-05,0,4.33E-05,4.25E-05,0,0.000386342,0.00734472,1.16E-08,-0.00290712,0.0076774,0.000809942
137834,0,1.01E-05,0,4.33E-05,4.25E-05,0,0.000386342,0.00734472,1.16E-08,-0.00290712,0.0076774,0.000809942
137843,0,1.01E-05,0,4.33E-05,4.25E-05,0,0.000386342,0.00734472,1.16E-08,-0.00290712,0.0076774,0.000809942
