QGPIORecord, QRC v6.1.0, 18-12-2021 @ 12:26:53, Windows 10 Version 2009, 10.0.19042, x86_64
Time, VoltageA, eA, desired_velocity, time, PositionB, SpeedA, SpeedB, GetFrontDistance, xhat, Phat, nu, S
314870, 0.0604699, 0, 0, 3.64, 0, 0, 0, -1.17618, 0, 0, 0, 0
314881, 0.0605692, 0, 0, 3.65, 0, 0, 0, -1.17464, 0, 0, 0, 0
314890, 0.0600767, 0, 0, 3.66, 0, 0, 0, -1.17464, 0, 0, 0, 0
314900, 0.0600767, 0, 0, 3.67, 0, 0, 0, -1.17464, 0, 0, 0, 0
314910, 0.0594986, 0, 0, 3.68, 0, 0, 0, -1.17464, 0, 0, 0, 0
314920, 0.0587485, 0, 0, 3.69, 0, 0, 0, -1.17464, 0, 0, 0, 0
314930, 0.0589338, 0, 0, 3.7, 0, 0, 0, -1.17311, 0, 0, 0, 0
314940, 0.0579319, 0, 0, 3.71, 0, 0, 0, -1.17311, 0, 0, 0, 0
314950, 0.0568004, 0, 0, 3.72, 0, 0, 0, -1.17311, 0, 0, 0, 0
314960, 0.0568855, 0, 0, 3.73, 0, 0, 0, -1.17157, 0, 0, 0, 0
314970, 0.0559664, 0, 0, 3.74, 0, 0, 0, -1.17157, 0, 0, 0, 0
314980, 0.0559664, 0, 0, 3.75, 0, 0, 0, -1.17157, 0, 0, 0, 0
314990, 0.0554804, 0, 0, 3.76, 0, 0, 0, -1.17004, 0, 0, 0, 0
315000, 0.0546161, 0, 0, 3.77, 0, 0, 0, -1.17004, 0, 0, 0, 0
315011, 0.0546933, 0, 0, 3.78, 0, 0, 0, -1.1685, 0, 0, 0, 0
315020, 0.053859, 0, 0, 3.79, 0, 0, 0, -1.16697, 0, 0, 0, 0
315030, 0.053859, 0, 0, 3.8, 0, 0, 0, -1.16543, 0, 0, 0, 0
315040, 0.0531277, 0, 0, 3.81, -0.350624, -0.350624, 0, -1.16389, 0, 0, 0, 0
315051, 0.0528421, 0, 0, 3.82, 0, 0, 0, -1.16082, 0, 0, 0, 0
315060, 0.0529131, 0, 0, 3.83, 0, 0, 0, -1.15775, 0, 0, 0, 0
315070, 0.0523515, 0, 0, 3.84, 0, 0, 0, -1.15315, 0, 0, 0, 0
315080, 0.0523515, 0, 0, 3.85, 0, 0, 0, -1.147, 0, 0, 0, 0
315090, 0.0523515, 0, 0, 3.86, 0, 0, 0, -1.13472, 0, 0, 0, 0
315100, 0.0525603, 0, 0, 3.87, 0, 0, 0, -1.11783, 0, 0, 0, 0
315110, 0.0525603, 0, 0, 3.88, 0, 0, 0, -1.09326, 0, 0, 0, 0
315120, 0.0529131, 0, 0, 3.89, 0, 0, 0, -1.06255, 0, 0, 0, 0
315130, 0.0533445, 0, 0, 3.9, 0, 0, 0, -1.02417, 0, 0, 0, 0
315141, 0.0534902, 0, 0, 3.91, 0, 0, 0, -0.979636, 0, 0, 0, 0
315150, 0.0545392, 0, 0, 3.92, 0, 0, 0, -0.930501, 0, 0, 0, 0
315160, 0.0554804, 0, 0, 3.93, 0, 0, 0, -0.873688, 0, 0, 0, 0
315170, 0.0554804, 0, 0, 3.94, 0, 0, 0, -0.812269, 0, 0, 0, 0
315181, 0.0568004, 0, 0, 3.95, 0, 0, 0, -0.744708, 0, 0, 0, 0
315190, 0.0568855, 0, 0, 3.96, 0, 0, 0, -0.67254, 0, 0, 0, 0
315200, 0.0584731, 0, 0, 3.97, 0, 0, 0, -0.595766, 0, 0, 0, 0
315210, 0.0597859, 0, 0, 3.98, 0, 0, 0, -0.514386, 0, 0, 0, 0
315220, 0.0598825, 0, 0, 3.99, 0, 0, 0, -0.43147, 0, 0, 0, 0
315230, 0.0611733, 0, 0, 4, 0, 0, 0, -0.343948, 0, 0, 0, 0
315240, 0.0611733, 0, 0, 4.01, 0, 0, 0, -0.25489, 0, 0, 0, 0
315250, 0.0628586, 0, 0, 4.02, 0, 0, 0, -0.164296, 0, 0, 0, 0
315260, 0.0643134, 0, 0, 4.03, 0, 0, 0, -0.0721676, 0, 0, 0, 0
315270, 0.0644287, 0, 0, 4.04, 0, 0, 0, 0.0199612, 0, 0, 0, 0
315280, 0.0657307, 0, 0, 4.05, 0, 0, 0, 0.110555, 0, 0, 0, 0
315290, 0.0669705, 0, 0, 4.06, 0, 0, 0, 0.201148, 0, 0, 0, 0
315300, 0.0669705, 0, 0, 4.07, 0, 0, 0, 0.28867, 0, 0, 0, 0
315311, 0.0678722, 0, 0, 4.08, 0, 0, 0, 0.373122, 0, 0, 0, 0
315320, 0.0678722, 0, 0, 4.09, 0, 0, 0, 0.456038, 0, 0, 0, 0
315330, 0.0685344, 0, 0, 4.1, 0, 0, 0, 0.532812, 0, 0, 0, 0
315340, 0.0693495, 0, 0, 4.11, -0.350624, -0.350624, 0, 0.60805, 0, 0, 0, 0
315351, 0.0694876, 0, 0, 4.12, 0, 0, 0, 0.675611, 0, 0, 0, 0
315360, 0.0696264, 0, 0, 4.13, 0, 0, 0, 0.740102, 0, 0, 0, 0
315370, 0.0693495, 0, 0, 4.14, 0, 0, 0, 0.79845, 0, 0, 0, 0
315380, 0.069212, 0, 0, 4.15, 0, 0, 0, 0.849121, 0, 0, 0, 0
315390, 0.0693495, 0, 0, 4.16, 0, 0, 0, 0.895185, 0, 0, 0, 0
315400, 0.0693495, 0, 0, 4.17, -0.347118, -0.347118, 0, 0.935108, 0, 0, 0, 0
315410, 0.0693495, 0, 0, 4.18, 0, 0, 0, 0.968888, 0, 0, 0, 0
315420, 0.0693495, 0, 0, 4.19, 0, 0, 0, 0.994991, 0, 0, 0, 0
315430, 0.0693495, 0, 0, 4.2, 0, 0, 0, 1.01342, 0, 0, 0, 0
315440, 0.0694876, 0, 0, 4.21, 0, 0, 0, 1.02724, 0, 0, 0, 0
315450, 0.0693495, 0, 0, 4.22, 0, 0, 0, 1.03338, 0, 0, 0, 0
315460, 0.0696264, 0, 0, 4.23, 0, 0, 0, 1.03184, 0, 0, 0, 0
315470, 0.0693495, 0, 0, 4.24, -0.350624, -0.350624, 0, 1.02417, 0, 0, 0, 0
315481, 0.0693495, 0, 0, 4.25, 0, 0, 0, 1.01035, 0, 0, 0, 0
315490, 0.0693495, 0, 0, 4.26, 0, 0, 0, 0.990385, 0, 0, 0, 0
315500, 0.0693495, 0, 0, 4.27, 0, 0, 0, 0.964282, 0, 0, 0, 0
315510, 0.0693495, 0, 0, 4.28, 0, 0, 0, 0.930501, 0, 0, 0, 0
315521, 0.0693495, 0, 0, 4.29, 0, 0, 0, 0.892114, 0, 0, 0, 0
315530, 0.0693495, 0, 0, 4.3, 0, 0, 0, 0.847585, 0, 0, 0, 0
315540, 0.0694876, 0, 0, 4.31, 0, 0, 0, 0.79845, 0, 0, 0, 0
315550, 0.0693495, 0, 0, 4.32, 0, 0, 0, 0.743173, 0, 0, 0, 0
315560, 0.0694876, 0, 0, 4.33, -0.350624, -0.350624, 0, 0.681753, 0, 0, 0, 0
315571, 0.0694876, 0, 0, 4.34, 0, 0, 0, 0.617263, 0, 0, 0, 0
315580, 0.0693495, 0, 0, 4.35, 0, 0, 0, 0.548167, 0, 0, 0, 0
315590, 0.069212, 0, 0, 4.36, 0, 0, 0, 0.475999, 0, 0, 0, 0
315600, 0.0694876, 0, 0, 4.37, 0, 0, 0, 0.40076, 0, 0, 0, 0
315611, 0.0694876, 0, 0, 4.38, -0.350624, -0.350624, 0, 0.320915, 0, 0, 0, 0
315620, 0.0694876, 0, 0, 4.39, 0, 0, 0, 0.24107, 0, 0, 0, 0
315630, 0.0694876, 0, 0, 4.4, 0, 0, 0, 0.15969, 0, 0, 0, 0
315640, 0.0696264, 0, 0, 4.41, 0, 0, 0, 0.076774, 0, 0, 0, 0
315651, 0.0694876, 0, 0, 4.42, 0, 0, 0, -0.00614192, 0, 0, 0, 0
315660, 0.0694876, 0, 0, 4.43, 0, 0, 0, -0.0890579, 0, 0, 0, 0
315670, 0.0696264, 0, 0, 4.44, 0, 0, 0, -0.170438, 0, 0, 0, 0
315680, 0.0694876, 0, 0, 4.45, 0, 0, 0, -0.248748, 0, 0, 0, 0
315691, 0.0694876, 0, 0, 4.46, 0, 0, 0, -0.327057, 0, 0, 0, 0
315700, 0.0694876, 0, 0, 4.47, 0, 0, 0, -0.40076, 0, 0, 0, 0
315710, 0.0694876, 0, 0, 4.48, 0, 0, 0, -0.471392, 0, 0, 0, 0
315720, 0.0694876, 0, 0, 4.49, 0, 0, 0, -0.537418, 0, 0, 0, 0
315730, 0.0694876, 0, 0, 4.5, 0, 0, 0, -0.600373, 0, 0, 0, 0
315740, 0.0694876, 0, 0, 4.51, 0, 0, 0, -0.657186, 0, 0, 0, 0
315750, 0.0694876, 0, 0, 4.52, 0, 0, 0, -0.710927, 0, 0, 0, 0
315760, 0.0694876, 0, 0, 4.53, 0, 0, 0, -0.756992, 0, 0, 0, 0
315770, 0.0696264, 0, 0, 4.54, 0, 0, 0, -0.79845, 0, 0, 0, 0
315781, 0.0696264, 0, 0, 4.55, 0, 0, 0, -0.833766, 0, 0, 0, 0
315790, 0.0694876, 0, 0, 4.56, 0, 0, 0, -0.864475, 0, 0, 0, 0
315800, 0.0694876, 0, 0, 4.57, 0, 0, 0, -0.887508, 0, 0, 0, 0
315810, 0.0694876, 0, 0, 4.58, 0, 0, 0, -0.904398, 0, 0, 0, 0
315821, 0.0694876, 0, 0, 4.59, 0, 0, 0, -0.915146, 0, 0, 0, 0
315830, 0.0694876, 0, 0, 4.6, 0, 0, 0, -0.919753, 0, 0, 0, 0
315840, 0.0693495, 0, 0, 4.61, 0, 0, 0, -0.918217, 0, 0, 0, 0
315850, 0.0693495, 0, 0, 4.62, 0, 0, 0, -0.91054, 0, 0, 0, 0
315860, 0.0694876, 0, 0, 4.63, 0, 0, 0, -0.896721, 0, 0, 0, 0
315870, 0.0694876, 0, 0, 4.64, 0, 0, 0, -0.876759, 0, 0, 0, 0
315880, 0.0696264, 0, 0, 4.65, 0, 0, 0, -0.850656, 0, 0, 0, 0
315890, 0.0693495, 0, 0, 4.66, 0, 0, 0, -0.818411, 0, 0, 0, 0
315900, 0.0694876, 0, 0, 4.67, 0, 0, 0, -0.78156, 0, 0, 0, 0
315910, 0.0693495, 0, 0, 4.68, 0, 0, 0, -0.740102, 0, 0, 0, 0
315920, 0.0694876, 0, 0, 4.69, 0, 0, 0, -0.692502, 0, 0, 0, 0
315930, 0.0694876, 0, 0, 4.7, 0, 0, 0, -0.640295, 0, 0, 0, 0
315940, 0.0693495, 0, 0, 4.71, 0, 0, 0, -0.583483, 0, 0, 0, 0
315951, 0.0693495, 0, 0, 4.72, 0, 0, 0, -0.522063, 0, 0, 0, 0
315960, 0.0694876, 0, 0, 4.73, 0, 0, 0, -0.457573, 0, 0, 0, 0
315970, 0.0694876, 0, 0, 4.74, 0, 0, 0, -0.390012, 0, 0, 0, 0
315980, 0.0696264, 0, 0, 4.75, 0, 0, 0, -0.320915, 0, 0, 0, 0
315991, 0.0696264, 0, 0, 4.76, 0, 0, 0, -0.247212, 0, 0, 0, 0
316000, 0.0694876, 0, 0, 4.77, 0, 0, 0, -0.173509, 0, 0, 0, 0
316010, 0.0694876, 0, 0, 4.78, 0, 0, 0, -0.0982707, 0, 0, 0, 0
316020, 0.0693495, 0, 0, 4.79, 0, 0, 0, -0.0230322, 0, 0, 0, 0
316030, 0.0694876, 0, 0, 4.8, 0, 0, 0, 0.0522063, 0, 0, 0, 0
316040, 0.0694876, 0, 0, 4.81, 0, 0, 0, 0.127445, 0, 0, 0, 0
316050, 0.0694876, 0, 0, 4.82, 0, 0, 0, 0.199612, 0, 0, 0, 0
316060, 0.0694876, 0, 0, 4.83, 0, 0, 0, 0.27178, 0, 0, 0, 0
316070, 0.0694876, 0, 0, 4.84, 0, 0, 0, 0.340877, 0, 0, 0, 0
316081, 0.0694876, 0, 0, 4.85, 0, 0, 0, 0.406902, 0, 0, 0, 0
316090, 0.0696264, 0, 0, 4.86, 0, 0, 0, 0.469857, 0, 0, 0, 0
316100, 0.0694876, 0, 0, 4.87, 0, 0, 0, 0.528205, 0, 0, 0, 0
316110, 0.0694876, 0, 0, 4.88, 0, 0, 0, 0.583483, 0, 0, 0, 0
316121, 0.0694876, 0, 0, 4.89, -0.350624, -0.350624, 0, 0.634153, 0, 0, 0, 0
316130, 0.0694876, 0, 0, 4.9, 0, 0, 0, 0.678682, 0, 0, 0, 0
316140, 0.0694876, 0, 0, 4.91, 0, 0, 0, 0.718605, 0, 0, 0, 0
316150, 0.0694876, 0, 0, 4.92, 0, 0, 0, 0.753921, 0, 0, 0, 0
316161, 0.0694876, 0, 0, 4.93, 0, 0, 0, 0.783095, 0, 0, 0, 0
316170, 0.0694876, 0, 0, 4.94, 0, 0, 0, 0.806127, 0, 0, 0, 0
316180, 0.0693495, 0, 0, 4.95, 0, 0, 0, 0.824553, 0, 0, 0, 0
316190, 0.0696264, 0, 0, 4.96, -0.347118, -0.347118, 0, 0.835301, 0, 0, 0, 0
316200, 0.0696264, 0, 0, 4.97, 0, 0, 0, 0.841443, 0, 0, 0, 0
316210, 0.0693495, 0, 0, 4.98, 0, 0, 0, 0.841443, 0, 0, 0, 0
316220, 0.0694876, 0, 0, 4.99, 0, 0, 0, 0.835301, 0, 0, 0, 0
316230, 0.0694876, 0, 0, 5, 0, 0, 0, 0.824553, 0, 0, 0, 0
316240, 0.0694876, 0, 0, 5.01, 0, 0, 0, 0.807663, 0, 0, 0, 0
316251, 0.0694876, 0, 0, 5.02, 0, 0, 0, 0.78463, 0, 0, 0, 0
316260, 0.0694876, 0, 0, 5.03, 0, 0, 0, 0.756992, 0, 0, 0, 0
316270, 0.0696264, 0, 0, 5.04, 0, 0, 0, 0.724747, 0, 0, 0, 0
316280, 0.0694876, 0, 0, 5.05, 0, 0, 0, 0.68636, 0, 0, 0, 0
316291, 0.0694876, 0, 0, 5.06, 0, 0, 0, 0.644902, 0, 0, 0, 0
316300, 0.0696264, 0, 0, 5.07, -0.350624, -0.350624, 0, 0.597302, 0, 0, 0, 0
316310, 0.0694876, 0, 0, 5.08, 0, 0, 0, 0.546631, 0, 0, 0, 0
316320, 0.0694876, 0, 0, 5.09, 0, 0, 0, 0.492889, 0, 0, 0, 0
316331, 0.0694876, 0, 0, 5.1, 0, 0, 0, 0.434541, 0, 0, 0, 0
316340, 0.0694876, 0, 0, 5.11, 0, 0, 0, 0.373122, 0, 0, 0, 0
316350, 0.0694876, 0, 0, 5.12, 0, 0, 0, 0.310167, 0, 0, 0, 0
316360, 0.0694876, 0, 0, 5.13, 0, 0, 0, 0.245677, 0, 0, 0, 0
316370, 0.0693495, 0, 0, 5.14, 0, 0, 0, 0.178116, 0, 0, 0, 0
316380, 0.0694876, 0, 0, 5.15, 0, 0, 0, 0.110555, 0, 0, 0, 0
316390, 0.0694876, 0, 0, 5.16, 0, 0, 0, 0.041458, 0, 0, 0, 0
316400, 0.0696264, 0, 0, 5.17, 0, 0, 0, -0.0261032, 0, 0, 0, 0
316410, 0.0696264, 0, 0, 5.18, 0, 0, 0, -0.0951998, 0, 0, 0, 0
316421, 0.0693495, 0, 0, 5.19, 0, 0, 0, -0.161225, 0, 0, 0, 0
316430, 0.0694876, 0, 0, 5.2, 0, 0, 0, -0.225716, 0, 0, 0, 0
316440, 0.0694876, 0, 0, 5.21, 0, 0, 0, -0.28867, 0, 0, 0, 0
316450, 0.0694876, 0, 0, 5.22, 0, 0, 0, -0.35009, 0, 0, 0, 0
316461, 0.0694876, 0, 0, 5.23, 0, 0, 0, -0.406902, 0, 0, 0, 0
316470, 0.0694876, 0, 0, 5.24, 0, 0, 0, -0.460644, 0, 0, 0, 0
316480, 0.0696264, 0, 0, 5.25, 0, 0, 0, -0.511315, 0, 0, 0, 0
316490, 0.0694876, 0, 0, 5.26, 0, 0, 0, -0.557379, 0, 0, 0, 0
316500, 0.0694876, 0, 0, 5.27, 0, 0, 0, -0.598837, 0, 0, 0, 0
316510, 0.0696264, 0, 0, 5.28, 0, 0, 0, -0.635689, 0, 0, 0, 0
316520, 0.0693495, 0, 0, 5.29, 0, 0, 0, -0.667934, 0, 0, 0, 0
316530, 0.0694876, 0, 0, 5.3, 0, 0, 0, -0.694037, 0, 0, 0, 0
316540, 0.0694876, 0, 0, 5.31, 0, 0, 0, -0.717069, 0, 0, 0, 0
316550, 0.0694876, 0, 0, 5.32, 0, 0, 0, -0.732424, 0, 0, 0, 0
316560, 0.0694876, 0, 0, 5.33, 0, 0, 0, -0.743173, 0, 0, 0, 0
316570, 0.0694876, 0, 0, 5.34, 0, 0, 0, -0.749314, 0, 0, 0, 0
316580, 0.0694876, 0, 0, 5.35, 0, 0, 0, -0.749314, 0, 0, 0, 0
316591, 0.0696264, 0, 0, 5.36, 0, 0, 0, -0.744708, 0, 0, 0, 0
316600, 0.0694876, 0, 0, 5.37, 0, 0, 0, -0.73396, 0, 0, 0, 0
316610, 0.0696264, 0, 0, 5.38, 0, 0, 0, -0.718605, 0, 0, 0, 0
316620, 0.0697658, 0, 0, 5.39, 0, 0, 0, -0.698644, 0, 0, 0, 0
316631, 0.0694876, 0, 0, 5.4, 0, 0, 0, -0.67254, 0, 0, 0, 0
316640, 0.0694876, 0, 0, 5.41, 0, 0, 0, -0.641831, 0, 0, 0, 0
316650, 0.0694876, 0, 0, 5.42, 0, 0, 0, -0.60805, 0, 0, 0, 0
316660, 0.0694876, 0, 0, 5.43, 0, 0, 0, -0.568128, 0, 0, 0, 0
316670, 0.0694876, 0, 0, 5.44, 0, 0, 0, -0.525134, 0, 0, 0, 0
316680, 0.0694876, 0, 0, 5.45, 0, 0, 0, -0.47907, 0, 0, 0, 0
316690, 0.0694876, 0, 0, 5.46, 0, 0, 0, -0.428399, 0, 0, 0, 0
316700, 0.0694876, 0, 0, 5.47, 0, 0, 0, -0.374657, 0, 0, 0, 0
316710, 0.0694876, 0, 0, 5.48, 0, 0, 0, -0.31938, 0, 0, 0, 0
316720, 0.0696264, 0, 0, 5.49, 0, 0, 0, -0.261032, 0, 0, 0, 0
316730, 0.0694876, 0, 0, 5.5, 0, 0, 0, -0.201148, 0, 0, 0, 0
316740, 0.0694876, 0, 0, 5.51, 0, 0, 0, -0.139729, 0, 0, 0, 0
316750, 0.0694876, 0, 0, 5.52, 0, 0, 0, -0.0783095, 0, 0, 0, 0
316761, 0.0693495, 0, 0, 5.53, 0, 0, 0, -0.0168903, 0, 0, 0, 0
316770, 0.0694876, 0, 0, 5.54, 0, 0, 0, 0.0460644, 0, 0, 0, 0
316780, 0.0694876, 0, 0, 5.55, -0.350624, -0.350624, 0, 0.107484, 0, 0, 0, 0
316790, 0.0694876, 0, 0, 5.56, 0, 0, 0, 0.168903, 0, 0, 0, 0
316801, 0.0694876, 0, 0, 5.57, 0, 0, 0, 0.227251, 0, 0, 0, 0
316810, 0.0694876, 0, 0, 5.58, 0, 0, 0, 0.284064, 0, 0, 0, 0
316820, 0.0696264, 0, 0, 5.59, 0, 0, 0, 0.339341, 0, 0, 0, 0
316830, 0.0696264, 0, 0, 5.6, 0, 0, 0, 0.390012, 0, 0, 0, 0
316840, 0.0694876, 0, 0, 5.61, 0, 0, 0, 0.439147, 0, 0, 0, 0
316850, 0.0694876, 0, 0, 5.62, 0, 0, 0, 0.483676, 0, 0, 0, 0
316860, 0.0694876, 0, 0, 5.63, 0, 0, 0, 0.525134, 0, 0, 0, 0
316870, 0.0694876, 0, 0, 5.64, 0, 0, 0, 0.561986, 0, 0, 0, 0
316880, 0.0694876, 0, 0, 5.65, 0, 0, 0, 0.594231, 0, 0, 0, 0
316891, 0.0694876, 0, 0, 5.66, 0, 0, 0, 0.62187, 0, 0, 0, 0
316900, 0.0694876, 0, 0, 5.67, 0, 0, 0, 0.644902, 0, 0, 0, 0
316910, 0.0694876, 0, 0, 5.68, 0, 0, 0, 0.663328, 0, 0, 0, 0
316920, 0.0694876, 0, 0, 5.69, 0, 0, 0, 0.677147, 0, 0, 0, 0
316931, 0.0696264, 0, 0, 5.7, 0, 0, 0, 0.684824, 0, 0, 0, 0
316940, 0.0699059, 0, 0, 5.71, 0, 0, 0, 0.687895, 0, 0, 0, 0
316950, 0.0700466, 0, 0, 5.72, 0, 0, 0, 0.68636, 0, 0, 0, 0
316960, 0.0700466, 0, 0, 5.73, 0, 0, 0, 0.680218, 0, 0, 0, 0
316971, 0.0699059, 0, 0, 5.74, 0, 0, 0, 0.669469, 0, 0, 0, 0
316980, 0.0700466, 0, 0, 5.75, -0.347118, -0.347118, 0, 0.654115, 0, 0, 0, 0
316990, 0.0699059, 0, 0, 5.76, 0, 0, 0, 0.632618, 0, 0, 0, 0
317000, 0.0699059, 0, 0, 5.77, 0, 0, 0, 0.60805, 0, 0, 0, 0
317010, 0.0700466, 0, 0, 5.78, 0, 0, 0, 0.578876, 0, 0, 0, 0
317020, 0.0700466, 0, 0, 5.79, 0, 0, 0, 0.546631, 0, 0, 0, 0
317030, 0.070188, 0, 0, 5.8, 0, 0, 0, 0.50978, 0, 0, 0, 0
317040, 0.070188, 0, 0, 5.81, 0, 0, 0, 0.468322, 0, 0, 0, 0
317050, 0.0699059, 0, 0, 5.82, 0, 0, 0, 0.425328, 0, 0, 0, 0
317061, 0.0669705, 0, 0, 5.83, -0.347118, -0.347118, 0, 0.379264, 0, 0, 0, 0
317070, 0.0700466, 0, 0, 5.84, 0, 0, 0, 0.330128, 0, 0, 0, 0
317080, 0.0700466, 0, 0, 5.85, 0, 0, 0, 0.277922, 0, 0, 0, 0
317090, 0.0700466, 0, 0, 5.86, 0, 0, 0, 0.225716, 0, 0, 0, 0
317101, 0.0699059, 0, 0, 5.87, 0, 0, 0, 0.170438, 0, 0, 0, 0
317110, 0.0700466, 0, 0, 5.88, 0, 0, 0, 0.115161, 0, 0, 0, 0
317120, 0.0700466, 0, 0, 5.89, 0, 0, 0, 0.0583483, 0, 0, 0, 0
317130, 0.0700466, 0, 0, 5.9, 0, 0, 0, 0.00153548, 0, 0, 0, 0
317140, 0.070188, 0, 0, 5.91, 0, 0, 0, -0.0537418, 0, 0, 0, 0
317150, 0.0699059, 0, 0, 5.92, 0, 0, 0, -0.109019, 0, 0, 0, 0
317160, 0.0700466, 0, 0, 5.93, 0, 0, 0, -0.162761, 0, 0, 0, 0
317170, 0.0700466, 0, 0, 5.94, 0, 0, 0, -0.216503, 0, 0, 0, 0
317180, 0.0699059, 0, 0, 5.95, 0, 0, 0, -0.267174, 0, 0, 0, 0
317190, 0.0700466, 0, 0, 5.96, 0, 0, 0, -0.314773, 0, 0, 0, 0
317200, 0.0700466, 0, 0, 5.97, 0, 0, 0, -0.360838, 0, 0, 0, 0
317210, 0.0699059, 0, 0, 5.98, 0, 0, 0, -0.402296, 0, 0, 0, 0
317220, 0.0700466, 0, 0, 5.99, 0, 0, 0, -0.442218, 0, 0, 0, 0
317231, 0.0699059, 0, 0, 6, 0, 0, 0, -0.477534, 0, 0, 0, 0
317240, 0.070188, 0, 0, 6.01, 0, 0, 0, -0.50978, 0, 0, 0, 0
317250, 0.0699059, 0, 0, 6.02, 0, 0, 0, -0.537418, 0, 0, 0, 0
317260, 0.0699059, 0, 0, 6.03, 0, 0, 0, -0.56045, 0, 0, 0, 0
317271, 0.0700466, 0, 0, 6.04, 0, 0, 0, -0.578876, 0, 0, 0, 0
317280, 0.0700466, 0, 0, 6.05, 0, 0, 0, -0.594231, 0, 0, 0, 0
317290, 0.0699059, 0, 0, 6.06, 0, 0, 0, -0.604979, 0, 0, 0, 0
317300, 0.0700466, 0, 0, 6.07, 0, 0, 0, -0.609586, 0, 0, 0, 0
317310, 0.0700466, 0, 0, 6.08, 0, 0, 0, -0.611121, 0, 0, 0, 0
317320, 0.0700466, 0, 0, 6.09, 0, 0, 0, -0.606515, 0, 0, 0, 0
317330, 0.0700466, 0, 0, 6.1, 0, 0, 0, -0.598837, 0, 0, 0, 0
317340, 0.0700466, 0, 0, 6.11, 0, 0, 0, -0.586554, 0, 0, 0, 0
317350, 0.0700466, 0, 0, 6.12, 0, 0, 0, -0.569663, 0, 0, 0, 0
317360, 0.0699059, 0, 0, 6.13, 0, 0, 0, -0.549702, 0, 0, 0, 0
317370, 0.0700466, 0, 0, 6.14, 0, 0, 0, -0.523599, 0, 0, 0, 0
317380, 0.0700466, 0, 0, 6.15, 0, 0, 0, -0.49596, 0, 0, 0, 0
317390, 0.0699059, 0, 0, 6.16, 0, 0, 0, -0.463715, 0, 0, 0, 0
317401, 0.0700466, 0, 0, 6.17, 0, 0, 0, -0.428399, 0, 0, 0, 0
317410, 0.0699059, 0, 0, 6.18, 0, 0, 0, -0.390012, 0, 0, 0, 0
317420, 0.0700466, 0, 0, 6.19, 0, 0, 0, -0.348554, 0, 0, 0, 0
317430, 0.0700466, 0, 0, 6.2, 0, 0, 0, -0.304025, 0, 0, 0, 0
317441, 0.0699059, 0, 0, 6.21, 0, 0, 0, -0.257961, 0, 0, 0, 0
317450, 0.070188, 0, 0, 6.22, 0, 0, 0, -0.210361, 0, 0, 0, 0
317460, 0.0700466, 0, 0, 6.23, 0, 0, 0, -0.161225, 0, 0, 0, 0
317470, 0.0699059, 0, 0, 6.24, 0, 0, 0, -0.110555, 0, 0, 0, 0
317480, 0.0700466, 0, 0, 6.25, 0, 0, 0, -0.0598837, 0, 0, 0, 0
317490, 0.0699059, 0, 0, 6.26, 0, 0, 0, -0.00921288, 0, 0, 0, 0
317500, 0.0699059, 0, 0, 6.27, 0, 0, 0, 0.041458, 0, 0, 0, 0
317510, 0.0699059, 0, 0, 6.28, 0, 0, 0, 0.0921288, 0, 0, 0, 0
317520, 0.0700466, 0, 0, 6.29, 0, 0, 0, 0.1428, 0, 0, 0, 0
317531, 0.0700466, 0, 0, 6.3, 0, 0, 0, 0.1904, 0, 0, 0, 0
317540, 0.0700466, 0, 0, 6.31, 0, 0, 0, 0.236464, 0, 0, 0, 0
317550, 0.0699059, 0, 0, 6.32, 0, 0, 0, 0.280993, 0, 0, 0, 0
317560, 0.070188, 0, 0, 6.33, 0, 0, 0, 0.322451, 0, 0, 0, 0
317571, 0.0699059, 0, 0, 6.34, 0, 0, 0, 0.362373, 0, 0, 0, 0
317580, 0.0699059, 0, 0, 6.35, 0, 0, 0, 0.399225, 0, 0, 0, 0
317590, 0.0700466, 0, 0, 6.36, 0, 0, 0, 0.43147, 0, 0, 0, 0
317600, 0.0700466, 0, 0, 6.37, 0, 0, 0, 0.46218, 0, 0, 0, 0
317611, 0.0700466, 0, 0, 6.38, 0, 0, 0, 0.488283, 0, 0, 0, 0
317620, 0.0700466, 0, 0, 6.39, 0, 0, 0, 0.50978, 0, 0, 0, 0
317630, 0.0699059, 0, 0, 6.4, 0, 0, 0, 0.528205, 0, 0, 0, 0
317640, 0.0700466, 0, 0, 6.41, 0, 0, 0, 0.54356, 0, 0, 0, 0
317650, 0.0699059, 0, 0, 6.42, 0, 0, 0, 0.552773, 0, 0, 0, 0
317660, 0.070188, 0, 0, 6.43, 0, 0, 0, 0.558915, 0, 0, 0, 0
317670, 0.070188, 0, 0, 6.44, 0, 0, 0, 0.56045, 0, 0, 0, 0
317680, 0.0700466, 0, 0, 6.45, 0, 0, 0, 0.558915, 0, 0, 0, 0
317690, 0.0700466, 0, 0, 6.46, -0.347118, -0.347118, 0, 0.551237, 0, 0, 0, 0
317701, 0.0699059, 0, 0, 6.47, 0, 0, 0, 0.542025, 0, 0, 0, 0
317710, 0.0699059, 0, 0, 6.48, 0, 0, 0, 0.52667, 0, 0, 0, 0
317720, 0.0700466, 0, 0, 6.49, 0, 0, 0, 0.50978, 0, 0, 0, 0
317730, 0.0699059, 0, 0, 6.5, 0, 0, 0, 0.488283, 0, 0, 0, 0
317741, 0.0700466, 0, 0, 6.51, 0, 0, 0, 0.463715, 0, 0, 0, 0
317750, 0.0700466, 0, 0, 6.52, 0, 0, 0, 0.434541, 0, 0, 0, 0
317760, 0.0699059, 0, 0, 6.53, 0, 0, 0, 0.403831, 0, 0, 0, 0
317770, 0.0700466, 0, 0, 6.54, 0, 0, 0, 0.370051, 0, 0, 0, 0
317780, 0.0699059, 0, 0, 6.55, 0, 0, 0, 0.333199, 0, 0, 0, 0
317790, 0.0699059, 0, 0, 6.56, 0, 0, 0, 0.294812, 0, 0, 0, 0
317800, 0.0699059, 0, 0, 6.57, 0, 0, 0, 0.253354, 0, 0, 0, 0
317810, 0.0699059, 0, 0, 6.58, 0, 0, 0, 0.210361, 0, 0, 0, 0
317820, 0.0699059, 0, 0, 6.59, 0, 0, 0, 0.167367, 0, 0, 0, 0
317830, 0.0697658, 0, 0, 6.6, 0, 0, 0, 0.121303, 0, 0, 0, 0
317840, 0.0699059, 0, 0, 6.61, 0, 0, 0, 0.0752385, 0, 0, 0, 0
317850, 0.0700466, 0, 0, 6.62, 0, 0, 0, 0.0291741, 0, 0, 0, 0
317860, 0.0699059, 0, 0, 6.63, 0, 0, 0, -0.0168903, 0, 0, 0, 0
317871, 0.070188, 0, 0, 6.64, 0, 0, 0, -0.0614192, 0, 0, 0, 0
317880, 0.070188, 0, 0, 6.65, 0, 0, 0, -0.105948, 0, 0, 0, 0
317890, 0.0699059, 0, 0, 6.66, 0, 0, 0, -0.150477, 0, 0, 0, 0
317900, 0.0700466, 0, 0, 6.67, 0, 0, 0, -0.191935, 0, 0, 0, 0
317911, 0.0699059, 0, 0, 6.68, 0, 0, 0, -0.233393, 0, 0, 0, 0
317920, 0.0699059, 0, 0, 6.69, 0, 0, 0, -0.27178, 0, 0, 0, 0
317930, 0.0700466, 0, 0, 6.7, 0, 0, 0, -0.307096, 0, 0, 0, 0
317940, 0.0700466, 0, 0, 6.71, 0, 0, 0, -0.340877, 0, 0, 0, 0
317950, 0.0700466, 0, 0, 6.72, 0, 0, 0, -0.371586, 0, 0, 0, 0
317960, 0.0700466, 0, 0, 6.73, 0, 0, 0, -0.399225, 0, 0, 0, 0
317970, 0.0699059, 0, 0, 6.74, 0, 0, 0, -0.423793, 0, 0, 0, 0
317980, 0.070188, 0, 0, 6.75, 0, 0, 0, -0.443754, 0, 0, 0, 0
317990, 0.0699059, 0, 0, 6.76, 0, 0, 0, -0.46218, 0, 0, 0, 0
318000, 0.0700466, 0, 0, 6.77, 0, 0, 0, -0.474463, 0, 0, 0, 0
318010, 0.0700466, 0, 0, 6.78, 0, 0, 0, -0.485212, 0, 0, 0, 0
318020, 0.0699059, 0, 0, 6.79, 0, 0, 0, -0.491354, 0, 0, 0, 0
318030, 0.0700466, 0, 0, 6.8, 0, 0, 0, -0.492889, 0, 0, 0, 0
318041, 0.0699059, 0, 0, 6.81, 0, 0, 0, -0.492889, 0, 0, 0, 0
318050, 0.0700466, 0, 0, 6.82, 0, 0, 0, -0.486747, 0, 0, 0, 0
318060, 0.0697658, 0, 0, 6.83, 0, 0, 0, -0.47907, 0, 0, 0, 0
318070, 0.0700466, 0, 0, 6.84, 0, 0, 0, -0.466786, 0, 0, 0, 0
318081, 0.070188, 0, 0, 6.85, 0, 0, 0, -0.451431, 0, 0, 0, 0
318090, 0.070188, 0, 0, 6.86, 0, 0, 0, -0.43147, 0, 0, 0, 0
318100, 0.0699059, 0, 0, 6.87, 0, 0, 0, -0.409973, 0, 0, 0, 0
318110, 0.0700466, 0, 0, 6.88, 0, 0, 0, -0.385406, 0, 0, 0, 0
318120, 0.0699059, 0, 0, 6.89, 0, 0, 0, -0.356231, 0, 0, 0, 0
318130, 0.0700466, 0, 0, 6.9, 0, 0, 0, -0.325522, 0, 0, 0, 0
318140, 0.0700466, 0, 0, 6.91, 0, 0, 0, -0.293277, 0, 0, 0, 0
318150, 0.0699059, 0, 0, 6.92, 0, 0, 0, -0.257961, 0, 0, 0, 0
318160, 0.0700466, 0, 0, 6.93, 0, 0, 0, -0.221109, 0, 0, 0, 0
318171, 0.0700466, 0, 0, 6.94, 0, 0, 0, -0.182722, 0, 0, 0, 0
318180, 0.0699059, 0, 0, 6.95, 0, 0, 0, -0.1428, 0, 0, 0, 0
318190, 0.070188, 0, 0, 6.96, 0, 0, 0, -0.102877, 0, 0, 0, 0
318200, 0.0700466, 0, 0, 6.97, 0, 0, 0, -0.0614192, 0, 0, 0, 0
318211, 0.0700466, 0, 0, 6.98, 0, 0, 0, -0.0199612, 0, 0, 0, 0
318220, 0.0700466, 0, 0, 6.99, 0, 0, 0, 0.0214967, 0, 0, 0, 0
318230, 0.0699059, 0, 0, 7, 0, 0, 0, 0.0629547, 0, 0, 0, 0
318240, 0.0700466, 0, 0, 7.01, 0, 0, 0, 0.102877, 0, 0, 0, 0
318251, 0.0699059, 0, 0, 7.02, 0, 0, 0, 0.1428, 0, 0, 0, 0
318260, 0.0700466, 0, 0, 7.03, 0, 0, 0, 0.179651, 0, 0, 0, 0
318270, 0.0700466, 0, 0, 7.04, 0, 0, 0, 0.216503, 0, 0, 0, 0
318280, 0.0700466, 0, 0, 7.05, 0, 0, 0, 0.251819, 0, 0, 0, 0
318290, 0.070188, 0, 0, 7.06, 0, 0, 0, 0.284064, 0, 0, 0, 0
318300, 0.0700466, 0, 0, 7.07, 0, 0, 0, 0.314773, 0, 0, 0, 0
318310, 0.0699059, 0, 0, 7.08, 0, 0, 0, 0.342412, 0, 0, 0, 0
318320, 0.0700466, 0, 0, 7.09, 0, 0, 0, 0.36698, 0, 0, 0, 0
318330, 0.0697658, 0, 0, 7.1, 0, 0, 0, 0.388477, 0, 0, 0, 0
318341, 0.0699059, 0, 0, 7.11, 0, 0, 0, 0.408438, 0, 0, 0, 0
318350, 0.0700466, 0, 0, 7.12, 0, 0, 0, 0.423793, 0, 0, 0, 0
318360, 0.0699059, 0, 0, 7.13, 0, 0, 0, 0.436076, 0, 0, 0, 0
318370, 0.0700466, 0, 0, 7.14, 0, 0, 0, 0.445289, 0, 0, 0, 0
318381, 0.0699059, 0, 0, 7.15, 0, 0, 0, 0.449896, 0, 0, 0, 0
318390, 0.0699059, 0, 0, 7.16, 0, 0, 0, 0.451431, 0, 0, 0, 0
318400, 0.070188, 0, 0, 7.17, 0, 0, 0, 0.449896, 0, 0, 0, 0
318410, 0.0699059, 0, 0, 7.18, -0.347118, -0.347118, 0, 0.445289, 0, 0, 0, 0
318420, 0.0699059, 0, 0, 7.19, 0, 0, 0, 0.437612, 0, 0, 0, 0
318430, 0.0699059, 0, 0, 7.2, 0, 0, 0, 0.426864, 0, 0, 0, 0
318440, 0.0699059, 0, 0, 7.21, 0, 0, 0, 0.413044, 0, 0, 0, 0
318450, 0.0699059, 0, 0, 7.22, 0, 0, 0, 0.394618, 0, 0, 0, 0
318460, 0.0699059, 0, 0, 7.23, 0, 0, 0, 0.376193, 0, 0, 0, 0
318470, 0.0699059, 0, 0, 7.24, 0, 0, 0, 0.353161, 0, 0, 0, 0
318480, 0.0700466, 0, 0, 7.25, 0, 0, 0, 0.327057, 0, 0, 0, 0
318490, 0.0700466, 0, 0, 7.26, 0, 0, 0, 0.300954, 0, 0, 0, 0
318500, 0.0700466, 0, 0, 7.27, 0, 0, 0, 0.27178, 0, 0, 0, 0
318511, 0.070188, 0, 0, 7.28, 0, 0, 0, 0.239535, 0, 0, 0, 0
318520, 0.0696264, 0, 0, 7.29, 0, 0, 0, 0.20729, 0, 0, 0, 0
318530, 0.0699059, 0, 0, 7.3, 0, 0, 0, 0.171974, 0, 0, 0, 0
318540, 0.0699059, 0, 0, 7.31, 0, 0, 0, 0.136658, 0, 0, 0, 0
318551, 0.0699059, 0, 0, 7.32, 0, 0, 0, 0.101342, 0, 0, 0, 0
318560, 0.0697658, 0, 0, 7.33, 0, 0, 0, 0.0644902, 0, 0, 0, 0
318570, 0.0700466, 0, 0, 7.34, 0, 0, 0, 0.0276386, 0, 0, 0, 0
318580, 0.0700466, 0, 0, 7.35, 0, 0, 0, -0.00921288, 0, 0, 0, 0
318590, 0.0700466, 0, 0, 7.36, 0, 0, 0, -0.0460644, 0, 0, 0, 0
318600, 0.0699059, 0, 0, 7.37, 0, 0, 0, -0.0829159, 0, 0, 0, 0
318610, 0.070188, 0, 0, 7.38, 0, 0, 0, -0.118232, 0, 0, 0, 0
318620, 0.0700466, 0, 0, 7.39, 0, 0, 0, -0.152013, 0, 0, 0, 0
318630, 0.0700466, 0, 0, 7.4, 0, 0, 0, -0.184258, 0, 0, 0, 0
318640, 0.0700466, 0, 0, 7.41, 0, 0, 0, -0.214967, 0, 0, 0, 0
318650, 0.0699059, 0, 0, 7.42, 0, 0, 0, -0.244141, 0, 0, 0, 0
318660, 0.0699059, 0, 0, 7.43, 0, 0, 0, -0.270245, 0, 0, 0, 0
318670, 0.0699059, 0, 0, 7.44, 0, 0, 0, -0.294812, 0, 0, 0, 0
318681, 0.0699059, 0, 0, 7.45, 0, 0, 0, -0.317844, 0, 0, 0, 0
318690, 0.0700466, 0, 0, 7.46, 0, 0, 0, -0.33627, 0, 0, 0, 0
318700, 0.0699059, 0, 0, 7.47, 0, 0, 0, -0.353161, 0, 0, 0, 0
318710, 0.0700466, 0, 0, 7.48, 0, 0, 0, -0.36698, 0, 0, 0, 0
318721, 0.070188, 0, 0, 7.49, 0, 0, 0, -0.377728, 0, 0, 0, 0
318730, 0.0697658, 0, 0, 7.5, 0, 0, 0, -0.385406, 0, 0, 0, 0
318740, 0.0699059, 0, 0, 7.51, 0, 0, 0, -0.391548, 0, 0, 0, 0
318750, 0.0699059, 0, 0, 7.52, 0, 0, 0, -0.391548, 0, 0, 0, 0
318760, 0.0699059, 0, 0, 7.53, 0, 0, 0, -0.391548, 0, 0, 0, 0
318770, 0.0699059, 0, 0, 7.54, 0, 0, 0, -0.386941, 0, 0, 0, 0
318780, 0.0699059, 0, 0, 7.55, 0, 0, 0, -0.379264, 0, 0, 0, 0
318790, 0.0700466, 0, 0, 7.56, 0, 0, 0, -0.368515, 0, 0, 0, 0
318800, 0.0700466, 0, 0, 7.57, 0, 0, 0, -0.356231, 0, 0, 0, 0
318811, 0.0699059, 0, 0, 7.58, 0, 0, 0, -0.340877, 0, 0, 0, 0
318820, 0.070188, 0, 0, 7.59, 0, 0, 0, -0.322451, 0, 0, 0, 0
318830, 0.0699059, 0, 0, 7.6, 0, 0, 0, -0.300954, 0, 0, 0, 0
318840, 0.0699059, 0, 0, 7.61, 0, 0, 0, -0.277922, 0, 0, 0, 0
318851, 0.0699059, 0, 0, 7.62, 0, 0, 0, -0.253354, 0, 0, 0, 0
318860, 0.0700466, 0, 0, 7.63, 0, 0, 0, -0.227251, 0, 0, 0, 0
318870, 0.0700466, 0, 0, 7.64, 0, 0, 0, -0.199612, 0, 0, 0, 0
318880, 0.0699059, 0, 0, 7.65, 0, 0, 0, -0.168903, 0, 0, 0, 0
318891, 0.0699059, 0, 0, 7.66, 0, 0, 0, -0.138193, 0, 0, 0, 0
318900, 0.0700466, 0, 0, 7.67, 0, 0, 0, -0.105948, 0, 0, 0, 0
318910, 0.0699059, 0, 0, 7.68, 0, 0, 0, -0.0737031, 0, 0, 0, 0
318920, 0.0700466, 0, 0, 7.69, 0, 0, 0, -0.041458, 0, 0, 0, 0
318930, 0.0700466, 0, 0, 7.7, 0, 0, 0, -0.0076774, 0, 0, 0, 0
318940, 0.0699059, 0, 0, 7.71, 0, 0, 0, 0.0245677, 0, 0, 0, 0
318950, 0.0697658, 0, 0, 7.72, 0, 0, 0, 0.0583483, 0, 0, 0, 0
318960, 0.0699059, 0, 0, 7.73, 0, 0, 0, 0.0905933, 0, 0, 0, 0
318970, 0.0699059, 0, 0, 7.74, 0, 0, 0, 0.121303, 0, 0, 0, 0
318981, 0.0699059, 0, 0, 7.75, 0, 0, 0, 0.150477, 0, 0, 0, 0
318990, 0.0699059, 0, 0, 7.76, 0, 0, 0, 0.179651, 0, 0, 0, 0
319000, 0.0700466, 0, 0, 7.77, 0, 0, 0, 0.20729, 0, 0, 0, 0
319010, 0.0700466, 0, 0, 7.78, 0, 0, 0, 0.233393, 0, 0, 0, 0
319021, 0.0697658, 0, 0, 7.79, 0, 0, 0, 0.256425, 0, 0, 0, 0
319030, 0.0699059, 0, 0, 7.8, 0, 0, 0, 0.277922, 0, 0, 0, 0
319040, 0.0700466, 0, 0, 7.81, 0, 0, 0, 0.296348, 0, 0, 0, 0
319050, 0.0699059, 0, 0, 7.82, 0, 0, 0, 0.313238, 0, 0, 0, 0
319060, 0.0700466, 0, 0, 7.83, 0, 0, 0, 0.328593, 0, 0, 0, 0
319070, 0.0699059, 0, 0, 7.84, 0, 0, 0, 0.339341, 0, 0, 0, 0
319080, 0.0700466, 0, 0, 7.85, 0, 0, 0, 0.348554, 0, 0, 0, 0
319090, 0.0699059, 0, 0, 7.86, 0, 0, 0, 0.354696, 0, 0, 0, 0
319100, 0.0700466, 0, 0, 7.87, 0, 0, 0, 0.357767, 0, 0, 0, 0
319110, 0.0700466, 0, 0, 7.88, 0, 0, 0, 0.357767, 0, 0, 0, 0
319120, 0.0700466, 0, 0, 7.89, 0, 0, 0, 0.356231, 0, 0, 0, 0
319130, 0.0700466, 0, 0, 7.9, 0, 0, 0, 0.351625, 0, 0, 0, 0
319140, 0.0700466, 0, 0, 7.91, 0, 0, 0, 0.343948, 0, 0, 0, 0
319151, 0.0699059, 0, 0, 7.92, 0, 0, 0, 0.334735, 0, 0, 0, 0
319160, 0.0700466, 0, 0, 7.93, 0, 0, 0, 0.322451, 0, 0, 0, 0
319170, 0.0700466, 0, 0, 7.94, 0, 0, 0, 0.307096, 0, 0, 0, 0
319180, 0.0700466, 0, 0, 7.95, 0, 0, 0, 0.290206, 0, 0, 0, 0
319191, 0.0700466, 0, 0, 7.96, 0, 0, 0, 0.27178, 0, 0, 0, 0
319200, 0.0697658, 0, 0, 7.97, 0, 0, 0, 0.251819, 0, 0, 0, 0
319210, 0.0700466, 0, 0, 7.98, 0, 0, 0, 0.228787, 0, 0, 0, 0
319220, 0.0699059, 0, 0, 7.99, 0, 0, 0, 0.204219, 0, 0, 0, 0
319230, 0.0697658, 0, 0, 8, 0, 0, 0, 0.179651, 0, 0, 0, 0
319240, 0.0700466, 0, 0, 8.01, 0, 0, 0, 0.153548, 0, 0, 0, 0
319250, 0.0700466, 0, 0, 8.02, 0, 0, 0, 0.125909, 0, 0, 0, 0
319260, 0.0699059, 0, 0, 8.03, 0, 0, 0, 0.0967353, 0, 0, 0, 0
319270, 0.0699059, 0, 0, 8.04, 0, 0, 0, 0.0690966, 0, 0, 0, 0
319280, 0.0699059, 0, 0, 8.05, 0, 0, 0, 0.0399225, 0, 0, 0, 0
319290, 0.0699059, 0, 0, 8.06, 0, 0, 0, 0.0107484, 0, 0, 0, 0
319300, 0.0700466, 0, 0, 8.07, 0, 0, 0, -0.0184258, 0, 0, 0, 0
319310, 0.0700466, 0, 0, 8.08, 0, 0, 0, -0.0475999, 0, 0, 0, 0
319321, 0.0700466, 0, 0, 8.09, 0, 0, 0, -0.0752385, 0, 0, 0, 0
319330, 0.0696264, 0, 0, 8.1, 0, 0, 0, -0.102877, 0, 0, 0, 0
319340, 0.070188, 0, 0, 8.11, 0, 0, 0, -0.12898, 0, 0, 0, 0
319350, 0.070188, 0, 0, 8.12, 0, 0, 0, -0.155084, 0, 0, 0, 0
319361, 0.0699059, 0, 0, 8.13, 0, 0, 0, -0.178116, 0, 0, 0, 0
319370, 0.0700466, 0, 0, 8.14, 0, 0, 0, -0.199612, 0, 0, 0, 0
319380, 0.0700466, 0, 0, 8.15, 0, 0, 0, -0.221109, 0, 0, 0, 0
319390, 0.0700466, 0, 0, 8.16, 0, 0, 0, -0.237999, 0, 0, 0, 0
319400, 0.0700466, 0, 0, 8.17, 0, 0, 0, -0.25489, 0, 0, 0, 0
319410, 0.0699059, 0, 0, 8.18, 0, 0, 0, -0.268709, 0, 0, 0, 0
319420, 0.0699059, 0, 0, 8.19, 0, 0, 0, -0.280993, 0, 0, 0, 0
319430, 0.0700466, 0, 0, 8.2, 0, 0, 0, -0.290206, 0, 0, 0, 0
319440, 0.0699059, 0, 0, 8.21, 0, 0, 0, -0.297883, 0, 0, 0, 0
319450, 0.070188, 0, 0, 8.22, 0, 0, 0, -0.30249, 0, 0, 0, 0
319460, 0.0700466, 0, 0, 8.23, 0, 0, 0, -0.305561, 0, 0, 0, 0
319470, 0.0700466, 0, 0, 8.24, 0, 0, 0, -0.305561, 0, 0, 0, 0
319480, 0.0699059, 0, 0, 8.25, 0, 0, 0, -0.30249, 0, 0, 0, 0
319491, 0.0699059, 0, 0, 8.26, 0, 0, 0, -0.297883, 0, 0, 0, 0
319500, 0.0700466, 0, 0, 8.27, 0, 0, 0, -0.291741, 0, 0, 0, 0
319510, 0.0699059, 0, 0, 8.28, 0, 0, 0, -0.282528, 0, 0, 0, 0
319520, 0.0699059, 0, 0, 8.29, 0, 0, 0, -0.27178, 0, 0, 0, 0
319531, 0.0700466, 0, 0, 8.3, 0, 0, 0, -0.257961, 0, 0, 0, 0
319540, 0.0699059, 0, 0, 8.31, 0, 0, 0, -0.242606, 0, 0, 0, 0
319550, 0.0700466, 0, 0, 8.32, 0, 0, 0, -0.225716, 0, 0, 0, 0
319560, 0.0700466, 0, 0, 8.33, 0, 0, 0, -0.20729, 0, 0, 0, 0
319570, 0.0700466, 0, 0, 8.34, 0, 0, 0, -0.185793, 0, 0, 0, 0
319580, 0.0700466, 0, 0, 8.35, 0, 0, 0, -0.164296, 0, 0, 0, 0
319590, 0.0699059, 0, 0, 8.36, 0, 0, 0, -0.1428, 0, 0, 0, 0
319600, 0.0700466, 0, 0, 8.37, 0, 0, 0, -0.118232, 0, 0, 0, 0
319610, 0.0699059, 0, 0, 8.38, 0, 0, 0, -0.0936643, 0, 0, 0, 0
319621, 0.0699059, 0, 0, 8.39, 0, 0, 0, -0.0690966, 0, 0, 0, 0
319630, 0.0700466, 0, 0, 8.4, 0, 0, 0, -0.0429934, 0, 0, 0, 0
319640, 0.0699059, 0, 0, 8.41, 0, 0, 0, -0.0168903, 0, 0, 0, 0
319650, 0.0697658, 0, 0, 8.42, 0, 0, 0, 0.0076774, 0, 0, 0, 0
319661, 0.0700466, 0, 0, 8.43, 0, 0, 0, 0.0337806, 0, 0, 0, 0
319670, 0.0699059, 0, 0, 8.44, 0, 0, 0, 0.0583483, 0, 0, 0, 0
319680, 0.0699059, 0, 0, 8.45, 0, 0, 0, 0.0829159, 0, 0, 0, 0
319690, 0.0700466, 0, 0, 8.46, 0, 0, 0, 0.107484, 0, 0, 0, 0
319700, 0.0699059, 0, 0, 8.47, 0, 0, 0, 0.130516, 0, 0, 0, 0
319710, 0.0700466, 0, 0, 8.48, 0, 0, 0, 0.152013, 0, 0, 0, 0
319720, 0.0699059, 0, 0, 8.49, 0, 0, 0, 0.171974, 0, 0, 0, 0
319730, 0.0699059, 0, 0, 8.5, 0, 0, 0, 0.191935, 0, 0, 0, 0
319740, 0.0700466, 0, 0, 8.51, 0, 0, 0, 0.208825, 0, 0, 0, 0
319750, 0.0699059, 0, 0, 8.52, 0, 0, 0, 0.22418, 0, 0, 0, 0
319760, 0.0699059, 0, 0, 8.53, 0, 0, 0, 0.237999, 0, 0, 0, 0
319770, 0.0699059, 0, 0, 8.54, 0, 0, 0, 0.250283, 0, 0, 0, 0
319780, 0.0699059, 0, 0, 8.55, 0, 0, 0, 0.259496, 0, 0, 0, 0
319791, 0.0700466, 0, 0, 8.56, 0, 0, 0, 0.267174, 0, 0, 0, 0
319800, 0.0699059, 0, 0, 8.57, 0, 0, 0, 0.273316, 0, 0, 0, 0
319810, 0.0699059, 0, 0, 8.58, 0, 0, 0, 0.276386, 0, 0, 0, 0
319820, 0.0699059, 0, 0, 8.59, 0, 0, 0, 0.277922, 0, 0, 0, 0
319831, 0.0699059, 0, 0, 8.6, 0, 0, 0, 0.277922, 0, 0, 0, 0
319840, 0.0700466, 0, 0, 8.61, 0, 0, 0, 0.274851, 0, 0, 0, 0
319850, 0.0699059, 0, 0, 8.62, 0, 0, 0, 0.268709, 0, 0, 0, 0
319860, 0.0699059, 0, 0, 8.63, 0, 0, 0, 0.262567, 0, 0, 0, 0
319870, 0.070188, 0, 0, 8.64, -0.350624, -0.350624, 0, 0.253354, 0, 0, 0, 0
319880, 0.0699059, 0, 0, 8.65, 0, 0, 0, 0.242606, 0, 0, 0, 0
319890, 0.0699059, 0, 0, 8.66, 0, 0, 0, 0.230322, 0, 0, 0, 0
319900, 0.0697658, 0, 0, 8.67, 0, 0, 0, 0.216503, 0, 0, 0, 0
319910, 0.0699059, 0, 0, 8.68, 0, 0, 0, 0.201148, 0, 0, 0, 0
319920, 0.0699059, 0, 0, 8.69, 0, 0, 0, 0.185793, 0, 0, 0, 0
319930, 0.0700466, 0, 0, 8.7, 0, 0, 0, 0.167367, 0, 0, 0, 0
319940, 0.0700466, 0, 0, 8.71, 0, 0, 0, 0.147406, 0, 0, 0, 0
319950, 0.0700466, 0, 0, 8.72, 0, 0, 0, 0.127445, 0, 0, 0, 0
319961, 0.0699059, 0, 0, 8.73, 0, 0, 0, 0.105948, 0, 0, 0, 0
319970, 0.0700466, 0, 0, 8.74, 0, 0, 0, 0.0844514, 0, 0, 0, 0
319980, 0.0700466, 0, 0, 8.75, 0, 0, 0, 0.0629547, 0, 0, 0, 0
319990, 0.0699059, 0, 0, 8.76, 0, 0, 0, 0.041458, 0, 0, 0, 0
320001, 0.0699059, 0, 0, 8.77, 0, 0, 0, 0.0184258, 0, 0, 0, 0
320010, 0.0699059, 0, 0, 8.78, 0, 0, 0, -0.00460644, 0, 0, 0, 0
320020, 0.0700466, 0, 0, 8.79, 0, 0, 0, -0.0261032, 0, 0, 0, 0
320030, 0.0700466, 0, 0, 8.8, 0, 0, 0, -0.0475999, 0, 0, 0, 0
320040, 0.0699059, 0, 0, 8.81, 0, 0, 0, -0.0690966, 0, 0, 0, 0
320050, 0.0700466, 0, 0, 8.82, 0, 0, 0, -0.0890579, 0, 0, 0, 0
320060, 0.0700466, 0, 0, 8.83, 0, 0, 0, -0.109019, 0, 0, 0, 0
320070, 0.0700466, 0, 0, 8.84, 0, 0, 0, -0.127445, 0, 0, 0, 0
320080, 0.070188, 0, 0, 8.85, 0, 0, 0, -0.144335, 0, 0, 0, 0
320091, 0.0699059, 0, 0, 8.86, 0, 0, 0, -0.15969, 0, 0, 0, 0
320100, 0.0699059, 0, 0, 8.87, 0, 0, 0, -0.175045, 0, 0, 0, 0
320110, 0.0700466, 0, 0, 8.88, 0, 0, 0, -0.187329, 0, 0, 0, 0
320120, 0.0699059, 0, 0, 8.89, 0, 0, 0, -0.199612, 0, 0, 0, 0
320131, 0.0700466, 0, 0, 8.9, 0, 0, 0, -0.208825, 0, 0, 0, 0
320140, 0.0699059, 0, 0, 8.91, 0, 0, 0, -0.216503, 0, 0, 0, 0
320150, 0.0697658, 0, 0, 8.92, 0, 0, 0, -0.222645, 0, 0, 0, 0
320160, 0.0700466, 0, 0, 8.93, 0, 0, 0, -0.227251, 0, 0, 0, 0
320171, 0.0699059, 0, 0, 8.94, 0, 0, 0, -0.230322, 0, 0, 0, 0
320180, 0.0700466, 0, 0, 8.95, 0, 0, 0, -0.230322, 0, 0, 0, 0
320190, 0.070188, 0, 0, 8.96, 0, 0, 0, -0.228787, 0, 0, 0, 0
320200, 0.0699059, 0, 0, 8.97, 0, 0, 0, -0.225716, 0, 0, 0, 0
320210, 0.0699059, 0, 0, 8.98, 0, 0, 0, -0.221109, 0, 0, 0, 0
320220, 0.0699059, 0, 0, 8.99, 0, 0, 0, -0.213432, 0, 0, 0, 0
320230, 0.0700466, 0, 0, 9, 0, 0, 0, -0.205754, 0, 0, 0, 0
320240, 0.0699059, 0, 0, 9.01, 0, 0, 0, -0.196541, 0, 0, 0, 0
320250, 0.0697658, 0, 0, 9.02, 0, 0, 0, -0.184258, 0, 0, 0, 0
320261, 0.0700466, 0, 0, 9.03, 0, 0, 0, -0.171974, 0, 0, 0, 0
320270, 0.0699059, 0, 0, 9.04, 0, 0, 0, -0.158154, 0, 0, 0, 0
320280, 0.0703301, 0, 0, 9.05, 0, 0, 0, -0.1428, 0, 0, 0, 0
320290, 0.0706164, 0, 0, 9.06, 0, 0, 0, -0.127445, 0, 0, 0, 0
320301, 0.0699059, 0, 0, 9.07, 0, 0, 0, -0.110555, 0, 0, 0, 0
320310, 0.0700466, 0, 0, 9.08, 0, 0, 0, -0.0921288, 0, 0, 0, 0
320320, 0.0699059, 0, 0, 9.09, 0, 0, 0, -0.0737031, 0, 0, 0, 0
320330, 0.0699059, 0, 0, 9.1, 0, 0, 0, -0.0552773, 0, 0, 0, 0
320340, 0.0699059, 0, 0, 9.11, 0, 0, 0, -0.0368515, 0, 0, 0, 0
320350, 0.0699059, 0, 0, 9.12, 0, 0, 0, -0.0168903, 0, 0, 0, 0
320360, 0.0697658, 0, 0, 9.13, 0, 0, 0, 0.00307096, 0, 0, 0, 0
320370, 0.0699059, 0, 0, 9.14, 0, 0, 0, 0.0214967, 0, 0, 0, 0
320380, 0.0699059, 0, 0, 9.15, 0, 0, 0, 0.041458, 0, 0, 0, 0
320390, 0.070188, 0, 0, 9.16, 0, 0, 0, 0.0598837, 0, 0, 0, 0
320400, 0.0700466, 0, 0, 9.17, 0, 0, 0, 0.076774, 0, 0, 0, 0
320410, 0.0697658, 0, 0, 9.18, 0, 0, 0, 0.0936643, 0, 0, 0, 0
320420, 0.0699059, 0, 0, 9.19, 0, 0, 0, 0.110555, 0, 0, 0, 0
320431, 0.0699059, 0, 0, 9.2, 0, 0, 0, 0.125909, 0, 0, 0, 0
320440, 0.0699059, 0, 0, 9.21, 0, 0, 0, 0.141264, 0, 0, 0, 0
320450, 0.0700466, 0, 0, 9.22, 0, 0, 0, 0.153548, 0, 0, 0, 0
320460, 0.0699059, 0, 0, 9.23, 0, 0, 0, 0.165832, 0, 0, 0, 0
320471, 0.0699059, 0, 0, 9.24, 0, 0, 0, 0.17658, 0, 0, 0, 0
320480, 0.0700466, 0, 0, 9.25, 0, 0, 0, 0.185793, 0, 0, 0, 0
320490, 0.0704729, 0, 0, 9.26, 0, 0, 0, 0.193471, 0, 0, 0, 0
320500, 0.0706164, 0, 0, 9.27, 0, 0, 0, 0.199612, 0, 0, 0, 0
320510, 0.0704729, 0, 0, 9.28, 0, 0, 0, 0.202683, 0, 0, 0, 0
320520, 0.0704729, 0, 0, 9.29, 0, 0, 0, 0.205754, 0, 0, 0, 0
320530, 0.0699059, 0, 0, 9.3, 0, 0, 0, 0.20729, 0, 0, 0, 0
320540, 0.0699059, 0, 0, 9.31, 0, 0, 0, 0.20729, 0, 0, 0, 0
320550, 0.0699059, 0, 0, 9.32, 0, 0, 0, 0.204219, 0, 0, 0, 0
320560, 0.0699059, 0, 0, 9.33, 0, 0, 0, 0.201148, 0, 0, 0, 0
320570, 0.0699059, 0, 0, 9.34, 0, 0, 0, 0.196541, 0, 0, 0, 0
320580, 0.0700466, 0, 0, 9.35, 0, 0, 0, 0.1904, 0, 0, 0, 0
320590, 0.0697658, 0, 0, 9.36, 0, 0, 0, 0.182722, 0, 0, 0, 0
320601, 0.0700466, 0, 0, 9.37, 0, 0, 0, 0.173509, 0, 0, 0, 0
320610, 0.0707606, 0, 0, 9.38, 0, 0, 0, 0.162761, 0, 0, 0, 0
320620, 0.0699059, 0, 0, 9.39, 0, 0, 0, 0.152013, 0, 0, 0, 0
320630, 0.0699059, 0, 0, 9.4, 0, 0, 0, 0.139729, 0, 0, 0, 0
320641, 0.0699059, 0, 0, 9.41, 0, 0, 0, 0.125909, 0, 0, 0, 0
320650, 0.0699059, 0, 0, 9.42, 0, 0, 0, 0.11209, 0, 0, 0, 0
320660, 0.0700466, 0, 0, 9.43, 0, 0, 0, 0.0967353, 0, 0, 0, 0
320670, 0.0699059, 0, 0, 9.44, 0, 0, 0, 0.0813805, 0, 0, 0, 0
320680, 0.0700466, 0, 0, 9.45, 0, 0, 0, 0.0660257, 0, 0, 0, 0
320690, 0.0706164, 0, 0, 9.46, 0, 0, 0, 0.0491354, 0, 0, 0, 0
320700, 0.0699059, 0, 0, 9.47, 0, 0, 0, 0.0337806, 0, 0, 0, 0
320710, 0.070188, 0, 0, 9.48, 0, 0, 0, 0.0168903, 0, 0, 0, 0
320720, 0.0699059, 0, 0, 9.49, 0, 0, 0, 0, 0, 0, 0, 0
320731, 0.0700466, 0, 0, 9.5, 0, 0, 0, -0.0153548, 0, 0, 0, 0
320740, 0.0699059, 0, 0, 9.51, 0, 0, 0, -0.0322451, 0, 0, 0, 0
320750, 0.0699059, 0, 0, 9.52, 0, 0, 0, -0.0475999, 0, 0, 0, 0
320760, 0.0700466, 0, 0, 9.53, 0, 0, 0, -0.0629547, 0, 0, 0, 0
320771, 0.0704729, 0, 0, 9.54, 0, 0, 0, -0.076774, 0, 0, 0, 0
320780, 0.0704729, 0, 0, 9.55, 0, 0, 0, -0.0905933, 0, 0, 0, 0
320790, 0.0700466, 0, 0, 9.56, 0, 0, 0, -0.102877, 0, 0, 0, 0
320800, 0.0699059, 0, 0, 9.57, 0, 0, 0, -0.113626, 0, 0, 0, 0
320811, 0.070188, 0, 0, 9.58, 0, 0, 0, -0.124374, 0, 0, 0, 0
320820, 0.070188, 0, 0, 9.59, 0, 0, 0, -0.133587, 0, 0, 0, 0
320830, 0.0699059, 0, 0, 9.6, 0, 0, 0, -0.1428, 0, 0, 0, 0
320840, 0.0699059, 0, 0, 9.61, 0, 0, 0, -0.148942, 0, 0, 0, 0
320850, 0.0699059, 0, 0, 9.62, 0, 0, 0, -0.155084, 0, 0, 0, 0
320860, 0.0700466, 0, 0, 9.63, 0, 0, 0, -0.15969, 0, 0, 0, 0
320870, 0.0700466, 0, 0, 9.64, 0, 0, 0, -0.162761, 0, 0, 0, 0
320880, 0.0697658, 0, 0, 9.65, 0, 0, 0, -0.164296, 0, 0, 0, 0
320890, 0.0699059, 0, 0, 9.66, 0, 0, 0, -0.164296, 0, 0, 0, 0
320901, 0.0700466, 0, 0, 9.67, 0, 0, 0, -0.162761, 0, 0, 0, 0
320910, 0.0699059, 0, 0, 9.68, 0, 0, 0, -0.161225, 0, 0, 0, 0
320920, 0.0699059, 0, 0, 9.69, 0, 0, 0, -0.156619, 0, 0, 0, 0
320930, 0.0699059, 0, 0, 9.7, 0, 0, 0, -0.152013, 0, 0, 0, 0
320941, 0.0699059, 0, 0, 9.71, 0, 0, 0, -0.145871, 0, 0, 0, 0
320950, 0.0700466, 0, 0, 9.72, 0, 0, 0, -0.138193, 0, 0, 0, 0
320960, 0.0699059, 0, 0, 9.73, 0, 0, 0, -0.130516, 0, 0, 0, 0
320970, 0.0700466, 0, 0, 9.74, 0, 0, 0, -0.121303, 0, 0, 0, 0
320980, 0.0699059, 0, 0, 9.75, 0, 0, 0, -0.110555, 0, 0, 0, 0
320990, 0.0699059, 0, 0, 9.76, 0, 0, 0, -0.0998062, 0, 0, 0, 0
321000, 0.0704729, 0, 0, 9.77, 0, 0, 0, -0.0890579, 0, 0, 0, 0
321010, 0.0696264, 0, 0, 9.78, 0, 0, 0, -0.076774, 0, 0, 0, 0
321020, 0.0700466, 0, 0, 9.79, 0, 0, 0, -0.0629547, 0, 0, 0, 0
321030, 0.070188, 0, 0, 9.8, 0, 0, 0, -0.0506709, 0, 0, 0, 0
321040, 0.0696264, 0, 0, 9.81, 0, 0, 0, -0.0368515, 0, 0, 0, 0
321050, 0.0700466, 0, 0, 9.82, 0, 0, 0, -0.0230322, 0, 0, 0, 0
321060, 0.0699059, 0, 0, 9.83, 0, 0, 0, -0.00921288, 0, 0, 0, 0
321071, 0.0699059, 0, 0, 9.84, 0, 0, 0, 0.00460644, 0, 0, 0, 0
321080, 0.0700466, 0, 0, 9.85, 0, 0, 0, 0.0184258, 0, 0, 0, 0
321090, 0.0699059, 0, 0, 9.86, 0, 0, 0, 0.0307096, 0, 0, 0, 0
321100, 0.0700466, 0, 0, 9.87, 0, 0, 0, 0.0445289, 0, 0, 0, 0
321111, 0.0700466, 0, 0, 9.88, 0, 0, 0, 0.0568128, 0, 0, 0, 0
321120, 0.0697658, 0, 0, 9.89, 0, 0, 0, 0.0690966, 0, 0, 0, 0
321130, 0.070188, 0, 0, 9.9, 0, 0, 0, 0.0813805, 0, 0, 0, 0
321140, 0.0699059, 0, 0, 9.91, 0, 0, 0, 0.0905933, 0, 0, 0, 0
321150, 0.0700466, 0, 0, 9.92, 0, 0, 0, 0.101342, 0, 0, 0, 0
321160, 0.0699059, 0, 0, 9.93, 0, 0, 0, 0.110555, 0, 0, 0, 0
321170, 0.0704729, 0, 0, 9.94, 0, 0, 0, 0.118232, 0, 0, 0, 0
321180, 0.0703301, 0, 0, 9.95, 0, 0, 0, 0.125909, 0, 0, 0, 0
321190, 0.0699059, 0, 0, 9.96, 0, 0, 0, 0.132051, 0, 0, 0, 0
321200, 0.0699059, 0, 0, 9.97, 0, 0, 0, 0.136658, 0, 0, 0, 0
321210, 0.0706164, 0, 0, 9.98, 0, 0, 0, 0.141264, 0, 0, 0, 0
321220, 0.0699059, 0, 0, 9.99, 0, 0, 0, 0.144335, 0, 0, 0, 0
321230, 0.070188, 0, 0, 10, 0, 0, 0, 0.145871, 0, 0, 0, 0
321241, 0.0700466, 0, 0, 10.01, 0, 0, 0, 0.145871, 0, 0, 0, 0
321250, 0.0697658, 0, 0, 10.02, 0, 0, 0, 0.145871, 0, 0, 0, 0
321260, 0.0700466, 0, 0, 10.03, 0, 0, 0, 0.144335, 0, 0, 0, 0
321270, 0.0699059, 0, 0, 10.04, 0, 0, 0, 0.141264, 0, 0, 0, 0
321281, 0.0694876, 0, 0, 10.05, 0, 0, 0, 0.136658, 0, 0, 0, 0
321290, 0.0700466, 0, 0, 10.06, 0, 0, 0, 0.132051, 0, 0, 0, 0
321300, 0.0699059, 0, 0, 10.07, -0.350624, -0.350624, 0, 0.125909, 0, 0, 0, 0
321310, 0.0700466, 0, 0, 10.08, 0, 0, 0, 0.119767, 0, 0, 0, 0
321320, 0.0700466, 0, 0, 10.09, 0, 0, 0, 0.11209, 0, 0, 0, 0
321330, 0.0704729, 0, 0, 10.1, 0, 0, 0, 0.104413, 0, 0, 0, 0
321340, 0.0706164, 0, 0, 10.11, 0, 0, 0, 0.0967353, 0, 0, 0, 0
321350, 0.0700466, 0, 0, 10.12, 0, 0, 0, 0.0875224, 0, 0, 0, 0
321360, 0.0697658, 0, 0, 10.13, 0, 0, 0, 0.076774, 0, 0, 0, 0
321371, 0.0704729, 0, 0, 10.14, 0, 0, 0, 0.0660257, 0, 0, 0, 0
321380, 0.0700466, 0, 0, 10.15, 0, 0, 0, 0.0568128, 0, 0, 0, 0
321390, 0.0700466, 0, 0, 10.16, 0, 0, 0, 0.0445289, 0, 0, 0, 0
321400, 0.0704729, 0, 0, 10.17, 0, 0, 0, 0.0337806, 0, 0, 0, 0
321411, 0.0704729, 0, 0, 10.18, 0, 0, 0, 0.0230322, 0, 0, 0, 0
321420, 0.0704729, 0, 0, 10.19, 0, 0, 0, 0.0107484, 0, 0, 0, 0
321430, 0.0699059, 0, 0, 10.2, 0, 0, 0, 0, 0, 0, 0, 0
321440, 0.0699059, 0, 0, 10.21, 0, 0, 0, -0.0107484, 0, 0, 0, 0
321451, 0.070188, 0, 0, 10.22, 0, 0, 0, -0.0214967, 0, 0, 0, 0
321460, 0.0704729, 0, 0, 10.23, 0, 0, 0, -0.0322451, 0, 0, 0, 0
321470, 0.0674822, 0, 0, 10.24, 0, 0, 0, -0.041458, 0, 0, 0, 0
321480, 0.0697658, 0, 0, 10.25, 0, 0, 0, -0.0506709, 0, 0, 0, 0
321490, 0.0700466, 0, 0, 10.26, 0, 0, 0, -0.0598837, 0, 0, 0, 0
321500, 0.0700466, 0, 0, 10.27, 0, 0, 0, -0.0690966, 0, 0, 0, 0
321510, 0.0699059, 0, 0, 10.28, 0, 0, 0, -0.076774, 0, 0, 0, 0
321520, 0.0700466, 0, 0, 10.29, 0, 0, 0, -0.0829159, 0, 0, 0, 0
321530, 0.0700466, 0, 0, 10.3, 0, 0, 0, -0.0890579, 0, 0, 0, 0
321541, 0.0704729, 0, 0, 10.31, 0, 0, 0, -0.0951998, 0, 0, 0, 0
321550, 0.0706164, 0, 0, 10.32, 0, 0, 0, -0.0998062, 0, 0, 0, 0
321560, 0.0697658, 0, 0, 10.33, 0, 0, 0, -0.102877, 0, 0, 0, 0
321570, 0.0700466, 0, 0, 10.34, 0, 0, 0, -0.104413, 0, 0, 0, 0
321581, 0.0706164, 0, 0, 10.35, 0, 0, 0, -0.105948, 0, 0, 0, 0
321590, 0.0699059, 0, 0, 10.36, 0, 0, 0, -0.107484, 0, 0, 0, 0
321600, 0.0700466, 0, 0, 10.37, 0, 0, 0, -0.107484, 0, 0, 0, 0
321610, 0.0699059, 0, 0, 10.38, 0, 0, 0, -0.105948, 0, 0, 0, 0
321620, 0.0699059, 0, 0, 10.39, 0, 0, 0, -0.104413, 0, 0, 0, 0
321630, 0.0699059, 0, 0, 10.4, 0, 0, 0, -0.101342, 0, 0, 0, 0
321640, 0.0699059, 0, 0, 10.41, 0, 0, 0, -0.0982707, 0, 0, 0, 0
321650, 0.070188, 0, 0, 10.42, 0, 0, 0, -0.0936643, 0, 0, 0, 0
321660, 0.0706164, 0, 0, 10.43, 0, 0, 0, -0.0890579, 0, 0, 0, 0
321670, 0.0699059, 0, 0, 10.44, 0, 0, 0, -0.0829159, 0, 0, 0, 0
321680, 0.0674822, 0, 0, 10.45, 0, 0, 0, -0.076774, 0, 0, 0, 0
321690, 0.0704729, 0, 0, 10.46, 0, 0, 0, -0.0690966, 0, 0, 0, 0
321700, 0.0704729, 0, 0, 10.47, 0, 0, 0, -0.0629547, 0, 0, 0, 0
321711, 0.0699059, 0, 0, 10.48, 0, 0, 0, -0.0537418, 0, 0, 0, 0
321720, 0.0704729, 0, 0, 10.49, 0, 0, 0, -0.0460644, 0, 0, 0, 0
321730, 0.0704729, 0, 0, 10.5, 0, 0, 0, -0.038387, 0, 0, 0, 0
321740, 0.0697658, 0, 0, 10.51, 0, 0, 0, -0.0291741, 0, 0, 0, 0
321751, 0.0704729, 0, 0, 10.52, 0, 0, 0, -0.0199612, 0, 0, 0, 0
321760, 0.0706164, 0, 0, 10.53, 0, 0, 0, -0.0122838, 0, 0, 0, 0
321770, 0.0699059, 0, 0, 10.54, 0, 0, 0, -0.00307096, 0, 0, 0, 0
321780, 0.0699059, 0, 0, 10.55, 0, 0, 0, 0.00614192, 0, 0, 0, 0
321790, 0.0700466, 0, 0, 10.56, 0, 0, 0, 0.0153548, 0, 0, 0, 0
321800, 0.0704729, 0, 0, 10.57, 0, 0, 0, 0.0230322, 0, 0, 0, 0
321810, 0.0706164, 0, 0, 10.58, 0, 0, 0, 0.0322451, 0, 0, 0, 0
321820, 0.0704729, 0, 0, 10.59, 0, 0, 0, 0.0399225, 0, 0, 0, 0
321830, 0.0704729, 0, 0, 10.6, 0, 0, 0, 0.0475999, 0, 0, 0, 0
321840, 0.0704729, 0, 0, 10.61, 0, 0, 0, 0.0552773, 0, 0, 0, 0
321850, 0.0704729, 0, 0, 10.62, 0, 0, 0, 0.0614192, 0, 0, 0, 0
321860, 0.0706164, 0, 0, 10.63, 0, 0, 0, 0.0675611, 0, 0, 0, 0
321870, 0.0706164, 0, 0, 10.64, 0, 0, 0, 0.0737031, 0, 0, 0, 0
321881, 0.0699059, 0, 0, 10.65, 0, 0, 0, 0.0783095, 0, 0, 0, 0
321890, 0.0673534, 0, 0, 10.66, 0, 0, 0, 0.0829159, 0, 0, 0, 0
321900, 0.0703301, 0, 0, 10.67, 0, 0, 0, 0.0859869, 0, 0, 0, 0
321910, 0.0704729, 0, 0, 10.68, 0, 0, 0, 0.0890579, 0, 0, 0, 0
321921, 0.0700466, 0, 0, 10.69, 0, 0, 0, 0.0921288, 0, 0, 0, 0
321930, 0.0704729, 0, 0, 10.7, 0, 0, 0, 0.0921288, 0, 0, 0, 0
321940, 0.0706164, 0, 0, 10.71, 0, 0, 0, 0.0936643, 0, 0, 0, 0
321950, 0.0700466, 0, 0, 10.72, 0, 0, 0, 0.0936643, 0, 0, 0, 0
321960, 0.0704729, 0, 0, 10.73, 0, 0, 0, 0.0921288, 0, 0, 0, 0
321970, 0.0706164, 0, 0, 10.74, 0, 0, 0, 0.0905933, 0, 0, 0, 0
321980, 0.0704729, 0, 0, 10.75, 0, 0, 0, 0.0890579, 0, 0, 0, 0
321990, 0.0704729, 0, 0, 10.76, 0, 0, 0, 0.0859869, 0, 0, 0, 0
322000, 0.0704729, 0, 0, 10.77, 0, 0, 0, 0.0829159, 0, 0, 0, 0
322010, 0.0699059, 0, 0, 10.78, 0, 0, 0, 0.0783095, 0, 0, 0, 0
322020, 0.0699059, 0, 0, 10.79, 0, 0, 0, 0.0752385, 0, 0, 0, 0
322030, 0.0704729, 0, 0, 10.8, 0, 0, 0, 0.0690966, 0, 0, 0, 0
322040, 0.070188, 0, 0, 10.81, 0, 0, 0, 0.0644902, 0, 0, 0, 0
322051, 0.0704729, 0, 0, 10.82, 0, 0, 0, 0.0583483, 0, 0, 0, 0
322060, 0.0704729, 0, 0, 10.83, 0, 0, 0, 0.0522063, 0, 0, 0, 0
322070, 0.0706164, 0, 0, 10.84, 0, 0, 0, 0.0460644, 0, 0, 0, 0
322080, 0.070188, 0, 0, 10.85, 0, 0, 0, 0.0399225, 0, 0, 0, 0
322091, 0.0704729, 0, 0, 10.86, 0, 0, 0, 0.0337806, 0, 0, 0, 0
322100, 0.0678722, 0, 0, 10.87, 0, 0, 0, 0.0276386, 0, 0, 0, 0
322110, 0.0699059, 0, 0, 10.88, 0, 0, 0, 0.0199612, 0, 0, 0, 0
322120, 0.0700466, 0, 0, 10.89, 0, 0, 0, 0.0138193, 0, 0, 0, 0
322130, 0.0700466, 0, 0, 10.9, 0, 0, 0, 0.00614192, 0, 0, 0, 0
322140, 0.0699059, 0, 0, 10.91, 0, 0, 0, 0, 0, 0, 0, 0
322150, 0.0699059, 0, 0, 10.92, 0, 0, 0, -0.00614192, 0, 0, 0, 0
322160, 0.0700466, 0, 0, 10.93, 0, 0, 0, -0.0138193, 0, 0, 0, 0
322170, 0.0699059, 0, 0, 10.94, 0, 0, 0, -0.0199612, 0, 0, 0, 0
322181, 0.070188, 0, 0, 10.95, 0, 0, 0, -0.0245677, 0, 0, 0, 0
322190, 0.0699059, 0, 0, 10.96, 0, 0, 0, -0.0307096, 0, 0, 0, 0
322200, 0.0697658, 0, 0, 10.97, 0, 0, 0, -0.0353161, 0, 0, 0, 0
322210, 0.0700466, 0, 0, 10.98, 0, 0, 0, -0.0399225, 0, 0, 0, 0
322221, 0.0699059, 0, 0, 10.99, 0, 0, 0, -0.0445289, 0, 0, 0, 0
322230, 0.0700466, 0, 0, 11, 0, 0, 0, -0.0475999, 0, 0, 0, 0
322240, 0.0704729, 0, 0, 11.01, 0, 0, 0, -0.0506709, 0, 0, 0, 0
322250, 0.070188, 0, 0, 11.02, 0, 0, 0, -0.0537418, 0, 0, 0, 0
322260, 0.0700466, 0, 0, 11.03, 0, 0, 0, -0.0552773, 0, 0, 0, 0
322270, 0.0700466, 0, 0, 11.04, 0, 0, 0, -0.0568128, 0, 0, 0, 0
322280, 0.0700466, 0, 0, 11.05, 0, 0, 0, -0.0583483, 0, 0, 0, 0
322290, 0.0706164, 0, 0, 11.06, 0, 0, 0, -0.0583483, 0, 0, 0, 0
322300, 0.0699059, 0, 0, 11.07, 0, 0, 0, -0.0583483, 0, 0, 0, 0
322310, 0.0670975, 0, 0, 11.08, 0, 0, 0, -0.0583483, 0, 0, 0, 0
322320, 0.0699059, 0, 0, 11.09, 0, 0, 0, -0.0568128, 0, 0, 0, 0
322330, 0.0699059, 0, 0, 11.1, 0, 0, 0, -0.0552773, 0, 0, 0, 0
322340, 0.0700466, 0, 0, 11.11, 0, 0, 0, -0.0537418, 0, 0, 0, 0
322351, 0.0699059, 0, 0, 11.12, 0, 0, 0, -0.0506709, 0, 0, 0, 0
322360, 0.0699059, 0, 0, 11.13, 0, 0, 0, -0.0475999, 0, 0, 0, 0
322370, 0.0704729, 0, 0, 11.14, 0, 0, 0, -0.0445289, 0, 0, 0, 0
322380, 0.0704729, 0, 0, 11.15, 0, 0, 0, -0.041458, 0, 0, 0, 0
322391, 0.0706164, 0, 0, 11.16, 0, 0, 0, -0.0368515, 0, 0, 0, 0
322400, 0.0704729, 0, 0, 11.17, 0, 0, 0, -0.0337806, 0, 0, 0, 0
322410, 0.0704729, 0, 0, 11.18, 0, 0, 0, -0.0291741, 0, 0, 0, 0
322420, 0.0706164, 0, 0, 11.19, 0, 0, 0, -0.0245677, 0, 0, 0, 0
322430, 0.0699059, 0, 0, 11.2, 0, 0, 0, -0.0199612, 0, 0, 0, 0
322440, 0.0699059, 0, 0, 11.21, 0, 0, 0, -0.0153548, 0, 0, 0, 0
322450, 0.0697658, 0, 0, 11.22, 0, 0, 0, -0.0107484, 0, 0, 0, 0
322460, 0.0699059, 0, 0, 11.23, 0, 0, 0, -0.00614192, 0, 0, 0, 0
322470, 0.0706164, 0, 0, 11.24, 0, 0, 0, 0, 0, 0, 0, 0
322480, 0.0704729, 0, 0, 11.25, 0, 0, 0, 0.00460644, 0, 0, 0, 0
322490, 0.0706164, 0, 0, 11.26, 0, 0, 0, 0.00921288, 0, 0, 0, 0
322500, 0.0706164, 0, 0, 11.27, 0, 0, 0, 0.0138193, 0, 0, 0, 0
322510, 0.0704729, 0, 0, 11.28, 0, 0, 0, 0.0184258, 0, 0, 0, 0
322521, 0.0678722, 0, 0, 11.29, 0, 0, 0, 0.0230322, 0, 0, 0, 0
322530, 0.0703301, 0, 0, 11.3, 0, 0, 0, 0.0261032, 0, 0, 0, 0
322540, 0.0704729, 0, 0, 11.31, 0, 0, 0, 0.0307096, 0, 0, 0, 0
322550, 0.0704729, 0, 0, 11.32, 0, 0, 0, 0.0337806, 0, 0, 0, 0
322561, 0.0704729, 0, 0, 11.33, 0, 0, 0, 0.0368515, 0, 0, 0, 0
322570, 0.0706164, 0, 0, 11.34, 0, 0, 0, 0.0399225, 0, 0, 0, 0
322580, 0.0700466, 0, 0, 11.35, 0, 0, 0, 0.0429934, 0, 0, 0, 0
322590, 0.0699059, 0, 0, 11.36, 0, 0, 0, 0.0445289, 0, 0, 0, 0
322600, 0.070188, 0, 0, 11.37, 0, 0, 0, 0.0460644, 0, 0, 0, 0
322610, 0.0703301, 0, 0, 11.38, 0, 0, 0, 0.0475999, 0, 0, 0, 0
322620, 0.0706164, 0, 0, 11.39, 0, 0, 0, 0.0491354, 0, 0, 0, 0
322630, 0.0700466, 0, 0, 11.4, 0, 0, 0, 0.0491354, 0, 0, 0, 0
322640, 0.0704729, 0, 0, 11.41, 0, 0, 0, 0.0491354, 0, 0, 0, 0
322650, 0.0704729, 0, 0, 11.42, 0, 0, 0, 0.0491354, 0, 0, 0, 0
322660, 0.0704729, 0, 0, 11.43, 0, 0, 0, 0.0491354, 0, 0, 0, 0
322670, 0.0703301, 0, 0, 11.44, 0, 0, 0, 0.0491354, 0, 0, 0, 0
322680, 0.0706164, 0, 0, 11.45, 0, 0, 0, 0.0475999, 0, 0, 0, 0
322691, 0.0704729, 0, 0, 11.46, 0, 0, 0, 0.0460644, 0, 0, 0, 0
322700, 0.0706164, 0, 0, 11.47, 0, 0, 0, 0.0445289, 0, 0, 0, 0
322710, 0.0706164, 0, 0, 11.48, 0, 0, 0, 0.0429934, 0, 0, 0, 0
322720, 0.0699059, 0, 0, 11.49, 0, 0, 0, 0.0399225, 0, 0, 0, 0
322731, 0.0674822, 0, 0, 11.5, 0, 0, 0, 0.038387, 0, 0, 0, 0
322740, 0.0704729, 0, 0, 11.51, 0, 0, 0, 0.0353161, 0, 0, 0, 0
322750, 0.0706164, 0, 0, 11.52, 0, 0, 0, 0.0322451, 0, 0, 0, 0
322760, 0.0704729, 0, 0, 11.53, 0, 0, 0, 0.0291741, 0, 0, 0, 0
322770, 0.0704729, 0, 0, 11.54, 0, 0, 0, 0.0261032, 0, 0, 0, 0
322780, 0.0704729, 0, 0, 11.55, 0, 0, 0, 0.0230322, 0, 0, 0, 0
322790, 0.0704729, 0, 0, 11.56, 0, 0, 0, 0.0199612, 0, 0, 0, 0
322800, 0.0699059, 0, 0, 11.57, 0, 0, 0, 0.0168903, 0, 0, 0, 0
322810, 0.070188, 0, 0, 11.58, 0, 0, 0, 0.0138193, 0, 0, 0, 0
322821, 0.0703301, 0, 0, 11.59, 0, 0, 0, 0.0107484, 0, 0, 0, 0
322830, 0.0706164, 0, 0, 11.6, 0, 0, 0, 0.0076774, 0, 0, 0, 0
322840, 0.0699059, 0, 0, 11.61, 0, 0, 0, 0.00460644, 0, 0, 0, 0
322850, 0.0704729, 0, 0, 11.62, 0, 0, 0, 0.00153548, 0, 0, 0, 0
322861, 0.0704729, 0, 0, 11.63, 0, 0, 0, -0.00153548, 0, 0, 0, 0
322870, 0.0704729, 0, 0, 11.64, 0, 0, 0, -0.00460644, 0, 0, 0, 0
322880, 0.0703301, 0, 0, 11.65, 0, 0, 0, -0.00614192, 0, 0, 0, 0
322890, 0.0704729, 0, 0, 11.66, 0, 0, 0, -0.00921288, 0, 0, 0, 0
322900, 0.0704729, 0, 0, 11.67, 0, 0, 0, -0.0107484, 0, 0, 0, 0
322910, 0.0706164, 0, 0, 11.68, 0, 0, 0, -0.0138193, 0, 0, 0, 0
322920, 0.0700466, 0, 0, 11.69, 0, 0, 0, -0.0153548, 0, 0, 0, 0
322930, 0.0697658, 0, 0, 11.7, 0, 0, 0, -0.0168903, 0, 0, 0, 0
322940, 0.0673534, 0, 0, 11.71, 0, 0, 0, -0.0168903, 0, 0, 0, 0
322950, 0.0704729, 0, 0, 11.72, 0, 0, 0, -0.0184258, 0, 0, 0, 0
322960, 0.0704729, 0, 0, 11.73, 0, 0, 0, -0.0199612, 0, 0, 0, 0
322970, 0.0704729, 0, 0, 11.74, 0, 0, 0, -0.0199612, 0, 0, 0, 0
322980, 0.0699059, 0, 0, 11.75, 0, 0, 0, -0.0199612, 0, 0, 0, 0
322991, 0.0700466, 0, 0, 11.76, 0, 0, 0, -0.0199612, 0, 0, 0, 0
323000, 0.0704729, 0, 0, 11.77, 0, 0, 0, -0.0199612, 0, 0, 0, 0
323010, 0.0704729, 0, 0, 11.78, 0, 0, 0, -0.0184258, 0, 0, 0, 0
323020, 0.0707606, 0, 0, 11.79, 0, 0, 0, -0.0184258, 0, 0, 0, 0
323031, 0.0703301, 0, 0, 11.8, 0, 0, 0, -0.0168903, 0, 0, 0, 0
323040, 0.0703301, 0, 0, 11.81, 0, 0, 0, -0.0168903, 0, 0, 0, 0
323050, 0.0700466, 0, 0, 11.82, 0, 0, 0, -0.0153548, 0, 0, 0, 0
323060, 0.0699059, 0, 0, 11.83, 0, 0, 0, -0.0138193, 0, 0, 0, 0
323070, 0.0700466, 0, 0, 11.84, 0, 0, 0, -0.0122838, 0, 0, 0, 0
323080, 0.0699059, 0, 0, 11.85, 0, 0, 0, -0.0107484, 0, 0, 0, 0
323090, 0.0699059, 0, 0, 11.86, 0, 0, 0, -0.00921288, 0, 0, 0, 0
323100, 0.0704729, 0, 0, 11.87, 0, 0, 0, -0.0076774, 0, 0, 0, 0
323110, 0.0699059, 0, 0, 11.88, 0, 0, 0, -0.00614192, 0, 0, 0, 0
323120, 0.0700466, 0, 0, 11.89, 0, 0, 0, -0.00460644, 0, 0, 0, 0
323130, 0.0706164, 0, 0, 11.9, 0, 0, 0, -0.00153548, 0, 0, 0, 0
323140, 0.0704729, 0, 0, 11.91, 0, 0, 0, 0, 0, 0, 0, 0
323150, 0.0678722, 0, 0, 11.92, 0, 0, 0, 0.00153548, 0, 0, 0, 0
323161, 0.0704729, 0, 0, 11.93, 0, 0, 0, 0.00307096, 0, 0, 0, 0
323170, 0.0703301, 0, 0, 11.94, 0, 0, 0, 0.00460644, 0, 0, 0, 0
323180, 0.0704729, 0, 0, 11.95, 0, 0, 0, 0.00614192, 0, 0, 0, 0
323190, 0.0704729, 0, 0, 11.96, 0, 0, 0, 0.0076774, 0, 0, 0, 0
323201, 0.0706164, 0, 0, 11.97, 0, 0, 0, 0.00921288, 0, 0, 0, 0
323210, 0.0704729, 0, 0, 11.98, 0, 0, 0, 0.0107484, 0, 0, 0, 0
323220, 0.0699059, 0, 0, 11.99, 0, 0, 0, 0.0107484, 0, 0, 0, 0
323230, 0.070188, 0, 0, 12, 0, 0, 0, 0.0122838, 0, 0, 0, 0
323240, 0.0704729, 0, 0, 12.01, 0, 0, 0, 0.0122838, 0, 0, 0, 0
323250, 0.0704729, 0, 0, 12.02, 0, 0, 0, 0.0138193, 0, 0, 0, 0
323260, 0.0704729, 0, 0, 12.03, 0, 0, 0, 0.0138193, 0, 0, 0, 0
323270, 0.0699059, 0, 0, 12.04, 0, 0, 0, 0.0138193, 0, 0, 0, 0
323280, 0.0700466, 0, 0, 12.05, 0, 0, 0, 0.0153548, 0, 0, 0, 0
323290, 0.0703301, 0, 0, 12.06, 0, 0, 0, 0.0153548, 0, 0, 0, 0
323300, 0.0704729, 0, 0, 12.07, 0, 0, 0, 0.0153548, 0, 0, 0, 0
323310, 0.0704729, 0, 0, 12.08, 0, 0, 0, 0.0153548, 0, 0, 0, 0
323320, 0.0699059, 0, 0, 12.09, 0, 0, 0, 0.0153548, 0, 0, 0, 0
323331, 0.0700466, 0, 0, 12.1, 0, 0, 0, 0.0138193, 0, 0, 0, 0
323340, 0.0707606, 0, 0, 12.11, 0, 0, 0, 0.0138193, 0, 0, 0, 0
323350, 0.0703301, 0, 0, 12.12, 0, 0, 0, 0.0138193, 0, 0, 0, 0
323360, 0.0678722, 0, 0, 12.13, 0, 0, 0, 0.0138193, 0, 0, 0, 0
323371, 0.0704729, 0, 0, 12.14, 0, 0, 0, 0.0122838, 0, 0, 0, 0
323380, 0.0704729, 0, 0, 12.15, 0, 0, 0, 0.0122838, 0, 0, 0, 0
323390, 0.0704729, 0, 0, 12.16, 0, 0, 0, 0.0107484, 0, 0, 0, 0
323400, 0.0699059, 0, 0, 12.17, 0, 0, 0, 0.0107484, 0, 0, 0, 0
323410, 0.0700466, 0, 0, 12.18, 0, 0, 0, 0.0107484, 0, 0, 0, 0
323420, 0.0706164, 0, 0, 12.19, 0, 0, 0, 0.00921288, 0, 0, 0, 0
323430, 0.0704729, 0, 0, 12.2, 0, 0, 0, 0.00921288, 0, 0, 0, 0
323440, 0.0704729, 0, 0, 12.21, 0, 0, 0, 0.0076774, 0, 0, 0, 0
323450, 0.0699059, 0, 0, 12.22, 0, 0, 0, 0.0076774, 0, 0, 0, 0
323461, 0.0699059, 0, 0, 12.23, 0, 0, 0, 0.00614192, 0, 0, 0, 0
323470, 0.0704729, 0, 0, 12.24, 0, 0, 0, 0.00614192, 0, 0, 0, 0
323480, 0.0699059, 0, 0, 12.25, 0, 0, 0, 0.00460644, 0, 0, 0, 0
323490, 0.0700466, 0, 0, 12.26, 0, 0, 0, 0.00460644, 0, 0, 0, 0
323501, 0.0699059, 0, 0, 12.27, 0, 0, 0, 0.00460644, 0, 0, 0, 0
323510, 0.0699059, 0, 0, 12.28, 0, 0, 0, 0.00307096, 0, 0, 0, 0
323520, 0.0704729, 0, 0, 12.29, 0, 0, 0, 0.00307096, 0, 0, 0, 0
323530, 0.0703301, 0, 0, 12.3, 0, 0, 0, 0.00307096, 0, 0, 0, 0
323540, 0.0706164, 0, 0, 12.31, 0, 0, 0, 0.00307096, 0, 0, 0, 0
323550, 0.0700466, 0, 0, 12.32, 0, 0, 0, 0.00307096, 0, 0, 0, 0
323560, 0.0704729, 0, 0, 12.33, 0, 0, 0, 0.00307096, 0, 0, 0, 0
323570, 0.0678722, 0, 0, 12.34, 0, 0, 0, 0.00307096, 0, 0, 0, 0
323580, 0.0704729, 0, 0, 12.35, 0, 0, 0, 0.00307096, 0, 0, 0, 0
323590, 0.0703301, 0, 0, 12.36, 0, 0, 0, 0.00307096, 0, 0, 0, 0
323600, 0.0704729, 0, 0, 12.37, 0, 0, 0, 0.00307096, 0, 0, 0, 0
323610, 0.0697658, 0, 0, 12.38, 0, 0, 0, 0.00307096, 0, 0, 0, 0
323620, 0.0700466, 0, 0, 12.39, 0, 0, 0, 0.00307096, 0, 0, 0, 0
323631, 0.0704729, 0, 0, 12.4, 0, 0, 0, 0.00460644, 0, 0, 0, 0
323640, 0.0704729, 0, 0, 12.41, 0, 0, 0, 0.00460644, 0, 0, 0, 0
323650, 0.0706164, 0, 0, 12.42, 0, 0, 0, 0.00460644, 0, 0, 0, 0
323660, 0.0704729, 0, 0, 12.43, 0, 0, 0, 0.00460644, 0, 0, 0, 0
323671, 0.0704729, 0, 0, 12.44, 0, 0, 0, 0.00460644, 0, 0, 0, 0
323680, 0.0706164, 0, 0, 12.45, 0, 0, 0, 0.00460644, 0, 0, 0, 0
323690, 0.0704729, 0, 0, 12.46, 0, 0, 0, 0.00460644, 0, 0, 0, 0
323700, 0.0704729, 0, 0, 12.47, 0, 0, 0, 0.00614192, 0, 0, 0, 0
323710, 0.0704729, 0, 0, 12.48, 0, 0, 0, 0.00614192, 0, 0, 0, 0
323720, 0.0704729, 0, 0, 12.49, 0, 0, 0, 0.00614192, 0, 0, 0, 0
323730, 0.0704729, 0, 0, 12.5, 0, 0, 0, 0.00614192, 0, 0, 0, 0
323740, 0.0699059, 0, 0, 12.51, 0, 0, 0, 0.00614192, 0, 0, 0, 0
323750, 0.0700466, 0, 0, 12.52, 0, 0, 0, 0.00614192, 0, 0, 0, 0
323760, 0.0706164, 0, 0, 12.53, 0, 0, 0, 0.00614192, 0, 0, 0, 0
323770, 0.0699059, 0, 0, 12.54, 0, 0, 0, 0.00614192, 0, 0, 0, 0
323780, 0.0673534, 0, 0, 12.55, 0, 0, 0, 0.00614192, 0, 0, 0, 0
323790, 0.0699059, 0, 0, 12.56, 0, 0, 0, 0.00614192, 0, 0, 0, 0
323801, 0.0699059, 0, 0, 12.57, 0, 0, 0, 0.00614192, 0, 0, 0, 0
323810, 0.0704729, 0, 0, 12.58, 0, 0, 0, 0.00460644, 0, 0, 0, 0
323820, 0.0700466, 0, 0, 12.59, 0, 0, 0, 0.00460644, 0, 0, 0, 0
323830, 0.0700466, 0, 0, 12.6, 0, 0, 0, 0.00460644, 0, 0, 0, 0
323841, 0.0700466, 0, 0, 12.61, 0, 0, 0, 0.00460644, 0, 0, 0, 0
323850, 0.0704729, 0, 0, 12.62, 0, 0, 0, 0.00460644, 0, 0, 0, 0
323860, 0.0706164, 0, 0, 12.63, 0, 0, 0, 0.00460644, 0, 0, 0, 0
323870, 0.0704729, 0, 0, 12.64, 0, 0, 0, 0.00460644, 0, 0, 0, 0
323880, 0.0704729, 0, 0, 12.65, 0, 0, 0, 0.00460644, 0, 0, 0, 0
323890, 0.0704729, 0, 0, 12.66, 0, 0, 0, 0.00460644, 0, 0, 0, 0
323900, 0.0704729, 0, 0, 12.67, 0, 0, 0, 0.00460644, 0, 0, 0, 0
323910, 0.0704729, 0, 0, 12.68, 0, 0, 0, 0.00460644, 0, 0, 0, 0
323920, 0.0704729, 0, 0, 12.69, 0, 0, 0, 0.00460644, 0, 0, 0, 0
323930, 0.0704729, 0, 0, 12.7, 0, 0, 0, 0.00460644, 0, 0, 0, 0
323940, 0.0703301, 0, 0, 12.71, 0, 0, 0, 0.00460644, 0, 0, 0, 0
323950, 0.0704729, 0, 0, 12.72, 0, 0, 0, 0.00460644, 0, 0, 0, 0
323960, 0.0706164, 0, 0, 12.73, 0, 0, 0, 0.00460644, 0, 0, 0, 0
323971, 0.0700466, 0, 0, 12.74, 0, 0, 0, 0.00460644, 0, 0, 0, 0
323980, 0.0699059, 0, 0, 12.75, 0, 0, 0, 0.00460644, 0, 0, 0, 0
323990, 0.0673534, 0, 0, 12.76, 0, 0, 0, 0.00460644, 0, 0, 0, 0
324000, 0.0699059, 0, 0, 12.77, 0, 0, 0, 0.00460644, 0, 0, 0, 0
324011, 0.0700466, 0, 0, 12.78, 0, 0, 0, 0.00460644, 0, 0, 0, 0
324020, 0.0699059, 0, 0, 12.79, 0, 0, 0, 0.00460644, 0, 0, 0, 0
324030, 0.0704729, 0, 0, 12.8, 0, 0, 0, 0.00460644, 0, 0, 0, 0
324040, 0.0706164, 0, 0, 12.81, 0, 0, 0, 0.00460644, 0, 0, 0, 0
324050, 0.0704729, 0, 0, 12.82, 0, 0, 0, 0.00460644, 0, 0, 0, 0
324060, 0.0704729, 0, 0, 12.83, 0, 0, 0, 0.00460644, 0, 0, 0, 0
324070, 0.0706164, 0, 0, 12.84, 0, 0, 0, 0.00460644, 0, 0, 0, 0
324080, 0.0703301, 0, 0, 12.85, 0, 0, 0, 0.00460644, 0, 0, 0, 0
324090, 0.0706164, 0, 0, 12.86, 0, 0, 0, 0.00460644, 0, 0, 0, 0
324101, 0.0706164, 0, 0, 12.87, 0, 0, 0, 0.00460644, 0, 0, 0, 0
324110, 0.0704729, 0, 0, 12.88, 0, 0, 0, 0.00460644, 0, 0, 0, 0
324120, 0.0704729, 0, 0, 12.89, 0, 0, 0, 0.00460644, 0, 0, 0, 0
324130, 0.0703301, 0, 0, 12.9, 0, 0, 0, 0.00460644, 0, 0, 0, 0
324141, 0.0704729, 0, 0, 12.91, 0, 0, 0, 0.00460644, 0, 0, 0, 0
324150, 0.0706164, 0, 0, 12.92, 0, 0, 0, 0.00460644, 0, 0, 0, 0
324160, 0.0703301, 0, 0, 12.93, 0, 0, 0, 0.00460644, 0, 0, 0, 0
324170, 0.0706164, 0, 0, 12.94, 0, 0, 0, 0.00460644, 0, 0, 0, 0
324180, 0.0706164, 0, 0, 12.95, 0, 0, 0, 0.00460644, 0, 0, 0, 0
324190, 0.0704729, 0, 0, 12.96, 0, 0, 0, 0.00460644, 0, 0, 0, 0
324200, 0.0678722, 0, 0, 12.97, 0, 0, 0, 0.00460644, 0, 0, 0, 0
324210, 0.0697658, 0, 0, 12.98, 0, 0, 0, 0.00460644, 0, 0, 0, 0
324220, 0.0700466, 0, 0, 12.99, 0, 0, 0, 0.00460644, 0, 0, 0, 0
324230, 0.0706164, 0, 0, 13, 0, 0, 0, 0.00460644, 0, 0, 0, 0
324240, 0.0704729, 0, 0, 13.01, 0, 0, 0, 0.00460644, 0, 0, 0, 0
324250, 0.0704729, 0, 0, 13.02, 0, 0, 0, 0.00460644, 0, 0, 0, 0
324260, 0.0700466, 0, 0, 13.03, 0, 0, 0, 0.00460644, 0, 0, 0, 0
324271, 0.0704729, 0, 0, 13.04, 0, 0, 0, 0.00460644, 0, 0, 0, 0
324280, 0.0706164, 0, 0, 13.05, 0, 0, 0, 0.00460644, 0, 0, 0, 0
324290, 0.0703301, 0, 0, 13.06, 0, 0, 0, 0.00460644, 0, 0, 0, 0
324300, 0.0706164, 0, 0, 13.07, 0, 0, 0, 0.00460644, 0, 0, 0, 0
324311, 0.0704729, 0, 0, 13.08, 0, 0, 0, 0.00460644, 0, 0, 0, 0
324320, 0.0704729, 0, 0, 13.09, 0, 0, 0, 0.00460644, 0, 0, 0, 0
324330, 0.0703301, 0, 0, 13.1, 0, 0, 0, 0.00460644, 0, 0, 0, 0
324340, 0.0704729, 0, 0, 13.11, 0, 0, 0, 0.00460644, 0, 0, 0, 0
324350, 0.0704729, 0, 0, 13.12, 0, 0, 0, 0.00460644, 0, 0, 0, 0
324360, 0.0706164, 0, 0, 13.13, 0, 0, 0, 0.00460644, 0, 0, 0, 0
324370, 0.0704729, 0, 0, 13.14, 0, 0, 0, 0.00460644, 0, 0, 0, 0
324380, 0.0706164, 0, 0, 13.15, 0, 0, 0, 0.00460644, 0, 0, 0, 0
324390, 0.0706164, 0, 0, 13.16, 0, 0, 0, 0.00460644, 0, 0, 0, 0
324400, 0.0697658, 0, 0, 13.17, 0, 0, 0, 0.00460644, 0, 0, 0, 0
324410, 0.0673534, 0, 0, 13.18, 0, 0, 0, 0.00460644, 0, 0, 0, 0
324420, 0.0697658, 0, 0, 13.19, 0, 0, 0, 0.00460644, 0, 0, 0, 0
324430, 0.0699059, 0, 0, 13.2, 0, 0, 0, 0.00460644, 0, 0, 0, 0
324441, 0.0703301, 0, 0, 13.21, 0, 0, 0, 0.00460644, 0, 0, 0, 0
324450, 0.0704729, 0, 0, 13.22, 0, 0, 0, 0.00460644, 0, 0, 0, 0
324460, 0.0704729, 0, 0, 13.23, 0, 0, 0, 0.00460644, 0, 0, 0, 0
324470, 0.0704729, 0, 0, 13.24, 0, 0, 0, 0.00460644, 0, 0, 0, 0
324481, 0.0704729, 0, 0, 13.25, 0, 0, 0, 0.00460644, 0, 0, 0, 0
324490, 0.0706164, 0, 0, 13.26, 0, 0, 0, 0.00460644, 0, 0, 0, 0
324500, 0.0699059, 0, 0, 13.27, 0, 0, 0, 0.00460644, 0, 0, 0, 0
324510, 0.0700466, 0, 0, 13.28, 0, 0, 0, 0.00460644, 0, 0, 0, 0
324520, 0.0704729, 0, 0, 13.29, 0, 0, 0, 0.00460644, 0, 0, 0, 0
324530, 0.0699059, 0, 0, 13.3, 0, 0, 0, 0.00460644, 0, 0, 0, 0
324540, 0.0700466, 0, 0, 13.31, 0, 0, 0, 0.00460644, 0, 0, 0, 0
324550, 0.0703301, 0, 0, 13.32, 0, 0, 0, 0.00460644, 0, 0, 0, 0
324560, 0.0704729, 0, 0, 13.33, 0, 0, 0, 0.00460644, 0, 0, 0, 0
324570, 0.0706164, 0, 0, 13.34, 0, 0, 0, 0.00460644, 0, 0, 0, 0
324580, 0.0704729, 0, 0, 13.35, 0, 0, 0, 0.00460644, 0, 0, 0, 0
324590, 0.0706164, 0, 0, 13.36, 0, 0, 0, 0.00460644, 0, 0, 0, 0
324600, 0.0706164, 0, 0, 13.37, 0, 0, 0, 0.00460644, 0, 0, 0, 0
324611, 0.0704729, 0, 0, 13.38, 0, 0, 0, 0.00460644, 0, 0, 0, 0
324620, 0.0678722, 0, 0, 13.39, 0, 0, 0, 0.00460644, 0, 0, 0, 0
324630, 0.0704729, 0, 0, 13.4, 0, 0, 0, 0.00460644, 0, 0, 0, 0
324640, 0.0704729, 0, 0, 13.41, 0, 0, 0, 0.00460644, 0, 0, 0, 0
324651, 0.070188, 0, 0, 13.42, 0, 0, 0, 0.00460644, 0, 0, 0, 0
324660, 0.0704729, 0, 0, 13.43, 0, 0, 0, 0.00460644, 0, 0, 0, 0
324670, 0.0704729, 0, 0, 13.44, 0, 0, 0, 0.00460644, 0, 0, 0, 0
324680, 0.0704729, 0, 0, 13.45, 0, 0, 0, 0.00460644, 0, 0, 0, 0
324690, 0.0704729, 0, 0, 13.46, 0, 0, 0, 0.00460644, 0, 0, 0, 0
324700, 0.0704729, 0, 0, 13.47, 0, 0, 0, 0.00460644, 0, 0, 0, 0
324710, 0.0704729, 0, 0, 13.48, 0, 0, 0, 0.00460644, 0, 0, 0, 0
324720, 0.0704729, 0, 0, 13.49, 0, 0, 0, 0.00460644, 0, 0, 0, 0
324730, 0.0706164, 0, 0, 13.5, 0, 0, 0, 0.00460644, 0, 0, 0, 0
324741, 0.0704729, 0, 0, 13.51, 0, 0, 0, 0.00460644, 0, 0, 0, 0
324750, 0.0704729, 0, 0, 13.52, 0, 0, 0, 0.00460644, 0, 0, 0, 0
324760, 0.0703301, 0, 0, 13.53, 0, 0, 0, 0.00460644, 0, 0, 0, 0
324770, 0.0704729, 0, 0, 13.54, 0, 0, 0, 0.00460644, 0, 0, 0, 0
324781, 0.0704729, 0, 0, 13.55, 0, 0, 0, 0.00460644, 0, 0, 0, 0
324790, 0.0704729, 0, 0, 13.56, 0, 0, 0, 0.00460644, 0, 0, 0, 0
324800, 0.0706164, 0, 0, 13.57, 0, 0, 0, 0.00460644, 0, 0, 0, 0
324810, 0.0706164, 0, 0, 13.58, 0, 0, 0, 0.00460644, 0, 0, 0, 0
324820, 0.0703301, 0, 0, 13.59, 0, 0, 0, 0.00460644, 0, 0, 0, 0
324830, 0.0678722, 0, 0, 13.6, 0, 0, 0, 0.00460644, 0, 0, 0, 0
324840, 0.0699059, 0, 0, 13.61, 0, 0, 0, 0.00460644, 0, 0, 0, 0
324850, 0.0699059, 0, 0, 13.62, 0, 0, 0, 0.00460644, 0, 0, 0, 0
324860, 0.0704729, 0, 0, 13.63, 0, 0, 0, 0.00460644, 0, 0, 0, 0
324870, 0.0697658, 0, 0, 13.64, 0, 0, 0, 0.00460644, 0, 0, 0, 0
324880, 0.0700466, 0, 0, 13.65, 0, 0, 0, 0.00460644, 0, 0, 0, 0
324890, 0.070188, 0, 0, 13.66, 0, 0, 0, 0.00460644, 0, 0, 0, 0
324900, 0.0704729, 0, 0, 13.67, 0, 0, 0, 0.00460644, 0, 0, 0, 0
324911, 0.0706164, 0, 0, 13.68, 0, 0, 0, 0.00460644, 0, 0, 0, 0
324920, 0.0704729, 0, 0, 13.69, 0, 0, 0, 0.00460644, 0, 0, 0, 0
324930, 0.0704729, 0, 0, 13.7, 0, 0, 0, 0.00460644, 0, 0, 0, 0
324940, 0.0704729, 0, 0, 13.71, 0, 0, 0, 0.00460644, 0, 0, 0, 0
324951, 0.0704729, 0, 0, 13.72, 0, 0, 0, 0.00460644, 0, 0, 0, 0
324960, 0.0704729, 0, 0, 13.73, 0, 0, 0, 0.00460644, 0, 0, 0, 0
324970, 0.0704729, 0, 0, 13.74, 0, 0, 0, 0.00460644, 0, 0, 0, 0
324980, 0.0703301, 0, 0, 13.75, 0, 0, 0, 0.00460644, 0, 0, 0, 0
324990, 0.0704729, 0, 0, 13.76, 0, 0, 0, 0.00460644, 0, 0, 0, 0
325000, 0.0699059, 0, 0, 13.77, 0, 0, 0, 0.00460644, 0, 0, 0, 0
325010, 0.0700466, 0, 0, 13.78, 0, 0, 0, 0.00460644, 0, 0, 0, 0
325020, 0.0706164, 0, 0, 13.79, 0, 0, 0, 0.00460644, 0, 0, 0, 0
325030, 0.0699059, 0, 0, 13.8, 0, 0, 0, 0.00460644, 0, 0, 0, 0
325040, 0.0673534, 0, 0, 13.81, 0, 0, 0, 0.00460644, 0, 0, 0, 0
325050, 0.0704729, 0, 0, 13.82, 0, 0, 0, 0.00460644, 0, 0, 0, 0
325060, 0.0704729, 0, 0, 13.83, 0, 0, 0, 0.00460644, 0, 0, 0, 0
325070, 0.0704729, 0, 0, 13.84, 0, 0, 0, 0.00460644, 0, 0, 0, 0
325081, 0.0696264, 0, 0, 13.85, 0, 0, 0, 0.00460644, 0, 0, 0, 0
325090, 0.0700466, 0, 0, 13.86, 0, 0, 0, 0.00460644, 0, 0, 0, 0
325100, 0.0699059, 0, 0, 13.87, 0, 0, 0, 0.00460644, 0, 0, 0, 0
325110, 0.0703301, 0, 0, 13.88, 0, 0, 0, 0.00460644, 0, 0, 0, 0
325121, 0.0704729, 0, 0, 13.89, 0, 0, 0, 0.00460644, 0, 0, 0, 0
325130, 0.0704729, 0, 0, 13.9, 0, 0, 0, 0.00460644, 0, 0, 0, 0
325140, 0.0704729, 0, 0, 13.91, 0, 0, 0, 0.00460644, 0, 0, 0, 0
325150, 0.0704729, 0, 0, 13.92, 0, 0, 0, 0.00460644, 0, 0, 0, 0
325160, 0.0699059, 0, 0, 13.93, 0, 0, 0, 0.00460644, 0, 0, 0, 0
325170, 0.0700466, 0, 0, 13.94, 0, 0, 0, 0.00460644, 0, 0, 0, 0
325180, 0.0704729, 0, 0, 13.95, 0, 0, 0, 0.00460644, 0, 0, 0, 0
325190, 0.0704729, 0, 0, 13.96, 0, 0, 0, 0.00460644, 0, 0, 0, 0
325200, 0.0706164, 0, 0, 13.97, 0, 0, 0, 0.00460644, 0, 0, 0, 0
325210, 0.0704729, 0, 0, 13.98, 0, 0, 0, 0.00460644, 0, 0, 0, 0
325220, 0.0706164, 0, 0, 13.99, 0, 0, 0, 0.00460644, 0, 0, 0, 0
325230, 0.0706164, 0, 0, 14, 0, 0, 0, 0.00460644, 0, 0, 0, 0
325240, 0.0704729, 0, 0, 14.01, 0, 0, 0, 0.00460644, 0, 0, 0, 0
325251, 0.0678722, 0, 0, 14.02, 0, 0, 0, 0.00460644, 0, 0, 0, 0
325260, 0.0704729, 0, 0, 14.03, 0, 0, 0, 0.00460644, 0, 0, 0, 0
325270, 0.0704729, 0, 0, 14.04, 0, 0, 0, 0.00460644, 0, 0, 0, 0
325280, 0.0706164, 0, 0, 14.05, 0, 0, 0, 0.00460644, 0, 0, 0, 0
325291, 0.0703301, 0, 0, 14.06, 0, 0, 0, 0.00460644, 0, 0, 0, 0
325300, 0.0706164, 0, 0, 14.07, 0, 0, 0, 0.00460644, 0, 0, 0, 0
325310, 0.0704729, 0, 0, 14.08, 0, 0, 0, 0.00460644, 0, 0, 0, 0
325320, 0.0700466, 0, 0, 14.09, 0, 0, 0, 0.00460644, 0, 0, 0, 0
325330, 0.0700466, 0, 0, 14.1, 0, 0, 0, 0.00460644, 0, 0, 0, 0
325340, 0.0699059, 0, 0, 14.11, 0, 0, 0, 0.00460644, 0, 0, 0, 0
325350, 0.0700466, 0, 0, 14.12, 0, 0, 0, 0.00460644, 0, 0, 0, 0
325360, 0.0706164, 0, 0, 14.13, 0, 0, 0, 0.00460644, 0, 0, 0, 0
325370, 0.0700466, 0, 0, 14.14, 0, 0, 0, 0.00460644, 0, 0, 0, 0
325381, 0.0699059, 0, 0, 14.15, 0, 0, 0, 0.00460644, 0, 0, 0, 0
325390, 0.0704729, 0, 0, 14.16, 0, 0, 0, 0.00460644, 0, 0, 0, 0
325400, 0.0704729, 0, 0, 14.17, 0, 0, 0, 0.00460644, 0, 0, 0, 0
325410, 0.0706164, 0, 0, 14.18, 0, 0, 0, 0.00460644, 0, 0, 0, 0
325421, 0.0699059, 0, 0, 14.19, 0, 0, 0, 0.00460644, 0, 0, 0, 0
325430, 0.0700466, 0, 0, 14.2, 0, 0, 0, 0.00460644, 0, 0, 0, 0
325440, 0.070188, 0, 0, 14.21, 0, 0, 0, 0.00460644, 0, 0, 0, 0
325450, 0.0704729, 0, 0, 14.22, 0, 0, 0, 0.00460644, 0, 0, 0, 0
325460, 0.0678722, 0, 0, 14.23, 0, 0, 0, 0.00460644, 0, 0, 0, 0
325470, 0.0704729, 0, 0, 14.24, 0, 0, 0, 0.00460644, 0, 0, 0, 0
325480, 0.0704729, 0, 0, 14.25, 0, 0, 0, 0.00460644, 0, 0, 0, 0
325490, 0.0704729, 0, 0, 14.26, 0, 0, 0, 0.00460644, 0, 0, 0, 0
325500, 0.0704729, 0, 0, 14.27, 0, 0, 0, 0.00460644, 0, 0, 0, 0
325510, 0.0706164, 0, 0, 14.28, 0, 0, 0, 0.00460644, 0, 0, 0, 0
325520, 0.0704729, 0, 0, 14.29, 0, 0, 0, 0.00460644, 0, 0, 0, 0
325530, 0.0704729, 0, 0, 14.3, 0, 0, 0, 0.00460644, 0, 0, 0, 0
325540, 0.0704729, 0, 0, 14.31, 0, 0, 0, 0.00460644, 0, 0, 0, 0
325551, 0.0703301, 0, 0, 14.32, 0, 0, 0, 0.00460644, 0, 0, 0, 0
325560, 0.0704729, 0, 0, 14.33, 0, 0, 0, 0.00460644, 0, 0, 0, 0
325570, 0.0704729, 0, 0, 14.34, 0, 0, 0, 0.00460644, 0, 0, 0, 0
325580, 0.0704729, 0, 0, 14.35, 0, 0, 0, 0.00460644, 0, 0, 0, 0
325591, 0.0703301, 0, 0, 14.36, 0, 0, 0, 0.00460644, 0, 0, 0, 0
325600, 0.0703301, 0, 0, 14.37, 0, 0, 0, 0.00460644, 0, 0, 0, 0
325610, 0.0704729, 0, 0, 14.38, 0, 0, 0, 0.00460644, 0, 0, 0, 0
325620, 0.0704729, 0, 0, 14.39, 0, 0, 0, 0.00460644, 0, 0, 0, 0
325630, 0.0704729, 0, 0, 14.4, 0, 0, 0, 0.00460644, 0, 0, 0, 0
325640, 0.0706164, 0, 0, 14.41, 0, 0, 0, 0.00460644, 0, 0, 0, 0
325650, 0.0706164, 0, 0, 14.42, 0, 0, 0, 0.00460644, 0, 0, 0, 0
325660, 0.0699059, 0, 0, 14.43, 0, 0, 0, 0.00460644, 0, 0, 0, 0
325670, 0.0673534, 0, 0, 14.44, 0, 0, 0, 0.00460644, 0, 0, 0, 0
325680, 0.0704729, 0, 0, 14.45, 0, 0, 0, 0.00460644, 0, 0, 0, 0
325690, 0.0704729, 0, 0, 14.46, 0, 0, 0, 0.00460644, 0, 0, 0, 0
325700, 0.0706164, 0, 0, 14.47, 0, 0, 0, 0.00460644, 0, 0, 0, 0
325710, 0.0699059, 0, 0, 14.48, 0, 0, 0, 0.00460644, 0, 0, 0, 0
325721, 0.0700466, 0, 0, 14.49, 0, 0, 0, 0.00460644, 0, 0, 0, 0
325730, 0.0704729, 0, 0, 14.5, 0, 0, 0, 0.00460644, 0, 0, 0, 0
325740, 0.0704729, 0, 0, 14.51, 0, 0, 0, 0.00460644, 0, 0, 0, 0
325750, 0.0706164, 0, 0, 14.52, 0, 0, 0, 0.00460644, 0, 0, 0, 0
325761, 0.070188, 0, 0, 14.53, 0, 0, 0, 0.00460644, 0, 0, 0, 0
325770, 0.0703301, 0, 0, 14.54, 0, 0, 0, 0.00460644, 0, 0, 0, 0
325780, 0.0670975, 0, 0, 14.55, 0, 0, 0, 0.00460644, 0, 0, 0, 0
325790, 0.0704729, 0, 0, 14.56, 0, 0, 0, 0.00460644, 0, 0, 0, 0
325800, 0.0704729, 0, 0, 14.57, 0, 0, 0, 0.00460644, 0, 0, 0, 0
325810, 0.0699059, 0, 0, 14.58, 0, 0, 0, 0.00460644, 0, 0, 0, 0
325820, 0.0699059, 0, 0, 14.59, 0, 0, 0, 0.00460644, 0, 0, 0, 0
325830, 0.0704729, 0, 0, 14.6, 0, 0, 0, 0.00460644, 0, 0, 0, 0
325840, 0.0704729, 0, 0, 14.61, 0, 0, 0, 0.00460644, 0, 0, 0, 0
325850, 0.0704729, 0, 0, 14.62, 0, 0, 0, 0.00460644, 0, 0, 0, 0
325860, 0.070188, 0, 0, 14.63, 0, 0, 0, 0.00460644, 0, 0, 0, 0
325870, 0.0699059, 0, 0, 14.64, 0, 0, 0, 0.00460644, 0, 0, 0, 0
325880, 0.0673534, 0, 0, 14.65, 0, 0, 0, 0.00460644, 0, 0, 0, 0
325891, 0.070188, 0, 0, 14.66, 0, 0, 0, 0.00460644, 0, 0, 0, 0
