QGPIORecord, QRC v6.1.0, 23-12-2021 @ 01:40:52, Windows 10 Version 2009, 10.0.22000, x86_64
Time, trajectoryV, VoltA, P12, P13, P22, P23, P33, x1, x2, x3, y1, y2
20473, 0, 0, 0, 0, 4.57026e-06, 1.09549e-05, 5.81861e-05, 0, 0, 0, 0, 0
20484, 0, 0, 0, 0, 4.57026e-06, 1.09549e-05, 5.81861e-05, 0, 0, 0, 0, 0
20495, 0, 0, 0, 0, 4.57026e-06, 1.09549e-05, 5.81861e-05, 0, 0, 0, 0, 0
20503, 0, 0, 0, 0, 4.57026e-06, 1.09549e-05, 5.81861e-05, 0, 0, 0, 0, 0
20513, 0, 0, 0, 0, 4.57026e-06, 1.09549e-05, 5.81861e-05, 0, 0, 0, 0, 0
20524, 0, 0, 0, 0, 4.57026e-06, 1.09549e-05, 5.81861e-05, 0, 0, 0, 0, 0
20534, 0, 0, 0, 0, 4.57026e-06, 1.09549e-05, 5.81861e-05, 0, 0, 0, 0, 0
20543, 0, 0, 0, 0, 4.57026e-06, 1.09549e-05, 5.81861e-05, 0, 0, 0, 0, 0
20553, 0, 0, 0, 0, 4.57026e-06, 1.09549e-05, 5.81861e-05, 0, 0, 0, 0, 0
20563, 0, 0, 0, 0, 4.57026e-06, 1.09549e-05, 5.81861e-05, 0, 0, 0, 0, 0
20574, 0, 0, 0, 0, 4.57026e-06, 1.09549e-05, 5.81861e-05, 0, 0, 0, 0, 0
20583, 0, 0, 0, 0, 4.57026e-06, 1.09549e-05, 5.81861e-05, 0, 0, 0, 0, 0
20593, 0, 0, 0, 0, 4.57026e-06, 1.09549e-05, 5.81861e-05, 0, 0, 0, 0, 0
20603, 0, 0, 0, 0, 4.57026e-06, 1.09549e-05, 5.81861e-05, 0, 0, 0, 0, 0
20614, 0, 0, 0, 0, 4.57026e-06, 1.09549e-05, 5.81861e-05, 0, 0, 0, 0, 0
20623, 0, 0, 0, 0, 4.57026e-06, 1.09549e-05, 5.81861e-05, 0, 0, 0, 0, 0
20633, 0, 0, 0, 0, 4.57026e-06, 1.09549e-05, 5.81861e-05, 0, 0, 0, 0, 0
20643, 0, 0, 0, 0, 4.57026e-06, 1.09549e-05, 5.81861e-05, 0, 0, 0, 0, 0
20654, 0, 0, 0, 0, 4.57026e-06, 1.09549e-05, 5.81861e-05, 0, 0, 0, 0, 0
20664, 0, 0, 0, 0, 4.57026e-06, 1.09549e-05, 5.81861e-05, 0, 0, 0, 0, 0
20673, 0, 0, 0, 0, 4.57026e-06, 1.09549e-05, 5.81861e-05, 0, 0, 0, 0, 0
20683, 0, 0, 0, 0, 4.57026e-06, 1.09549e-05, 5.81861e-05, 0, 0, 0, 0, 0
20694, 0, 0, 0, 0, 4.57026e-06, 1.09549e-05, 5.81861e-05, 0, 0, 0, 0, 0
20704, 0, 0, 0, 0, 4.57026e-06, 1.09549e-05, 5.81861e-05, 0, 0, 0, 0, 0
20713, 0, 0, 0, 0, 4.57026e-06, 1.09549e-05, 5.81861e-05, 0, 0, 0, 0, 0
20723, 0, 0, 0, 0, 4.57026e-06, 1.09549e-05, 5.81861e-05, 0, 0, 0, 0, 0
20733, 0, 0, 0, 0, 4.57026e-06, 1.09549e-05, 5.81861e-05, 0, 0, 0, 0, 0
20744, 0, 0, 0, 0, 4.57026e-06, 1.09549e-05, 5.81861e-05, 0, 0, 0, 0, 0
20753, 0, 0, 0, 0, 4.57026e-06, 1.09549e-05, 5.81861e-05, 0, 0, 0, 0, 0
20763, 0, 0, 0, 0, 4.57026e-06, 1.09549e-05, 5.81861e-05, 0, 0, 0, 0, 0
20773, 0, 0, 0, 0, 4.57026e-06, 1.09549e-05, 5.81861e-05, 0, 0, 0, 0, 0
20784, 0, 0, 0, 0, 4.57026e-06, 1.09549e-05, 5.81861e-05, 0, 0, 0, 0, 0
20794, 0, 0, 0, 0, 4.57026e-06, 1.09549e-05, 5.81861e-05, 0, 0, 0, 0, 0
20803, 0, 0, 0, 0, 4.57026e-06, 1.09549e-05, 5.81861e-05, 0, 0, 0, 0, 0
20813, 0, 0, 0, 0, 4.57026e-06, 1.09549e-05, 5.81861e-05, 0, 0, 0, 0, 0
20824, 0, 0, 0, 0, 4.57026e-06, 1.09549e-05, 5.81861e-05, 0, 0, 0, 0, 0
20834, 0, 0, 0, 0, 4.57026e-06, 1.09549e-05, 5.81861e-05, 0, 0, 0, 0, 0
20843, 0, 0, 0, 0, 4.57026e-06, 1.09549e-05, 5.81861e-05, 0, 0, 0, 0, 0
20853, 0, 0, 0, 0, 4.57026e-06, 1.09549e-05, 5.81861e-05, 0, 0, 0, 0, 0
20864, 0, 0, 0, 0, 4.57026e-06, 1.09549e-05, 5.81861e-05, 0, 0, 0, 0, 0
20874, 0, 0, 0, 0, 4.57026e-06, 1.09549e-05, 5.81861e-05, 0, 0, 0, 0, 0
20883, 0, 0, 0, 0, 4.57026e-06, 1.09549e-05, 5.81861e-05, 0, 0, 0, 0, 0
20893, 0, 0, 0, 0, 4.57026e-06, 1.09549e-05, 5.81861e-05, 0, 0, 0, 0, 0
20903, 0, 0, 0, 0, 4.57026e-06, 1.09549e-05, 5.81861e-05, 0, 0, 0, 0, 0
20914, 0, 0, 0, 0, 4.57026e-06, 1.09549e-05, 5.81861e-05, 0, 0, 0, 0, 0
20923, 0, 0, 0, 0, 4.57026e-06, 1.09549e-05, 5.81861e-05, 0, 0, 0, 0, 0
20933, 0, 0, 0, 0, 4.57026e-06, 1.09549e-05, 5.81861e-05, 0, 0, 0, 0, 0
20943, 0, 0, 0, 0, 4.57026e-06, 1.09549e-05, 5.81861e-05, 0, 0, 0, 0, 0
20954, 0, 0, 0, 0, 4.57026e-06, 1.09549e-05, 5.81861e-05, 0, 0, 0, 0, 0
20964, 0, 0, 0, 0, 4.57026e-06, 1.09549e-05, 5.81861e-05, 0, 0, 0, 0, 0
20973, 0, 0, 0, 0, 4.57026e-06, 1.09549e-05, 5.81861e-05, 0, 0, 0, 0, 0
20983, 0, 0, 0, 0, 4.57026e-06, 1.09549e-05, 5.81861e-05, 0, 0, 0, 0, 0
20994, 0, 0, 0, 0, 4.57026e-06, 1.09549e-05, 5.81861e-05, 0, 0, 0, 0, 0
21004, 0, 0, 0, 0, 4.57026e-06, 1.09549e-05, 5.81861e-05, 0, 0, 0, 0, 0
21013, 0, 0, 0, 0, 4.57026e-06, 1.09549e-05, 5.81861e-05, 0, 0, 0, 0, 0
21023, 0, 0, 0, 0, 4.57026e-06, 1.09549e-05, 5.81861e-05, 0, 0, 0, 0, 0
21033, 0, 0, 0, 0, 4.57026e-06, 1.09549e-05, 5.81861e-05, 0, 0, 0, 0, 0
21044, 0, 0, 0, 0, 4.57026e-06, 1.09549e-05, 5.81861e-05, 0, 0, 0, 0, 0
21053, 0, 0, 0, 0, 4.57026e-06, 1.09549e-05, 5.81861e-05, 0, 0, 0, 0, 0
21063, 0, 0, 0, 0, 4.57026e-06, 1.09549e-05, 5.81861e-05, 0, 0, 0, 0, 0
21073, 0, 0, 0, 0, 4.57026e-06, 1.09549e-05, 5.81861e-05, 0, 0, 0, 0, 0
21084, 0, 0, 0, 0, 4.57026e-06, 1.09549e-05, 5.81861e-05, 0, 0, 0, 0, 0
21093, 0, 0, 0, 0, 4.57026e-06, 1.09549e-05, 5.81861e-05, 0, 0, 0, 0, 0
21103, 0, 0, 0, 0, 4.57026e-06, 1.09549e-05, 5.81861e-05, 0, 0, 0, 0, 0
21113, 0, 0, 0, 0, 4.57026e-06, 1.09549e-05, 5.81861e-05, 0, 0, 0, 0, 0
21124, 0, 0, 0, 0, 4.57026e-06, 1.09549e-05, 5.81861e-05, 0, 0, 0, 0, 0
21134, 0, 0, 0, 0, 4.57026e-06, 1.09549e-05, 5.81861e-05, 0, 0, 0, 0, 0
21143, 0, 0, 0, 0, 4.57026e-06, 1.09549e-05, 5.81861e-05, 0, 0, 0, 0, 0
21153, 0, 0, 0, 0, 4.57026e-06, 1.09549e-05, 5.81861e-05, 0, 0, 0, 0, 0
21164, 0, 0, 0, 0, 4.57026e-06, 1.09549e-05, 5.81861e-05, 0, 0, 0, 0, 0
21174, 0, 0, 0, 0, 4.57026e-06, 1.09549e-05, 5.81861e-05, 0, 0, 0, 0, 0
21183, 0, 0, 0, 0, 4.57026e-06, 1.09549e-05, 5.81861e-05, 0, 0, 0, 0, 0
21193, 0, 0, 0, 0, 4.57026e-06, 1.09549e-05, 5.81861e-05, 0, 0, 0, 0, 0
21203, 0, 0, 0, 0, 4.57026e-06, 1.09549e-05, 5.81861e-05, 0, 0, 0, 0, 0
21214, 0, 0, 0, 0, 4.57026e-06, 1.09549e-05, 5.81861e-05, 0, 0, 0, 0, 0
21223, 0, 0, 0, 0, 4.57026e-06, 1.09549e-05, 5.81861e-05, 0, 0, 0, 0, 0
21233, 0, 0, 0, 0, 4.57026e-06, 1.09549e-05, 5.81861e-05, 0, 0, 0, 0, 0
21243, 0, 0, 0, 0, 4.57026e-06, 1.09549e-05, 5.81861e-05, 0, 0, 0, 0, 0
21254, 0, 0, 0, 0, 4.57026e-06, 1.09549e-05, 5.81861e-05, 0, 0, 0, 0, 0
21263, 0, 0, 0, 0, 4.57026e-06, 1.09549e-05, 5.81861e-05, 0, 0, 0, 0, 0
21273, 0, 0, 0, 0, 4.57026e-06, 1.09549e-05, 5.81861e-05, 0, 0, 0, 0, 0
21283, 0, 0, 0, 0, 4.57026e-06, 1.09549e-05, 5.81861e-05, 0, 0, 0, 0, 0
21294, 0, 0, 0, 0, 4.57026e-06, 1.09549e-05, 5.81861e-05, 0, 0, 0, 0, 0
21304, 0, 0, 0, 0, 4.57026e-06, 1.09549e-05, 5.81861e-05, 0, 0, 0, 0, 0
21313, 0, 0, 0, 0, 4.57026e-06, 1.09549e-05, 5.81861e-05, 0, 0, 0, 0, 0
21323, 0, 0, 0, 0, 4.57026e-06, 1.09549e-05, 5.81861e-05, 0, 0, 0, 0, 0
21334, 0, 0, 0, 0, 4.57026e-06, 1.09549e-05, 5.81861e-05, 0, 0, 0, 0, 0
21344, 0, 0, 0, 0, 4.57026e-06, 1.09549e-05, 5.81861e-05, 0, 0, 0, 0, 0
21353, 0, 0, 0, 0, 4.57026e-06, 1.09549e-05, 5.81861e-05, 0, 0, 0, 0, 0
21363, 0, 0, 0, 0, 4.57026e-06, 1.09549e-05, 5.81861e-05, 0, 0, 0, 0, 0
21373, 0, 0, 0, 0, 4.57026e-06, 1.09549e-05, 5.81861e-05, 0, 0, 0, 0, 0
21384, 0, 0, 0, 0, 4.57026e-06, 1.09549e-05, 5.81861e-05, 0, 0, 0, 0, 0
21393, 0, 0, 0, 0, 4.57026e-06, 1.09549e-05, 5.81861e-05, 0, 0, 0, 0, 0
21403, 0, 0, 0, 0, 4.57026e-06, 1.09549e-05, 5.81861e-05, 0, 0, 0, 0, 0
21413, 0, 0, 0, 0, 4.57026e-06, 1.09549e-05, 5.81861e-05, 0, 0, 0, 0, 0
21424, 0, 0, 0, 0, 4.57026e-06, 1.09549e-05, 5.81861e-05, 0, 0, 0, 0, 0
21434, 0, 0, 0, 0, 4.57026e-06, 1.09549e-05, 5.81861e-05, 0, 0, 0, 0, 0
21443, 0, 0, 0, 0, 4.57026e-06, 1.09549e-05, 5.81861e-05, 0, 0, 0, 0, 0
21453, 0, 0, 0, 0, 4.57026e-06, 1.09549e-05, 5.81861e-05, 0, 0, 0, 0, 0
21464, 0, 0, 0, 0, 4.57026e-06, 1.09549e-05, 5.81861e-05, 0, 0, 0, 0, 0
21474, 0, 0, 0, 0, 4.57026e-06, 1.09549e-05, 5.81861e-05, 0, 0, 0, 0, 0
21483, 0, 0, 0, 0, 4.57026e-06, 1.09549e-05, 5.81861e-05, 0, 0, 0, 0, 0
21493, 0, 0, 0, 0, 4.57026e-06, 1.09549e-05, 5.81861e-05, 0, 0, 0, 0, 0
21504, 0, 0, 0, 0, 4.57026e-06, 1.09549e-05, 5.81861e-05, 0, 0, 0, 0, 0
21514, 0, 0, 0, 0, 4.57026e-06, 1.09549e-05, 5.81861e-05, 0, 0, 0, 0, 0
21523, 0, 0, 0, 0, 4.57026e-06, 1.09549e-05, 5.81861e-05, 0, 0, 0, 0, 0
21533, 0, 0, 0, 0, 4.57026e-06, 1.09549e-05, 5.81861e-05, 0, 0, 0, 0, 0
21543, 0, 0, 0, 0, 4.57026e-06, 1.09549e-05, 5.81861e-05, 0, 0, 0, 0, 0
21554, 0, 0, 0, 0, 4.57026e-06, 1.09549e-05, 5.81861e-05, 0, 0, 0, 0, 0
21563, 0, 0, 0, 0, 4.57026e-06, 1.09549e-05, 5.81861e-05, 0, 0, 0, 0, 0
21573, 0, 0, 0, 0, 4.57026e-06, 1.09549e-05, 5.81861e-05, 0, 0, 0, 0, 0
21583, 0, 0, 0, 0, 4.57026e-06, 1.09549e-05, 5.81861e-05, 0, 0, 0, 0, 0
21594, 0, 0, 0, 0, 4.57026e-06, 1.09549e-05, 5.81861e-05, 0, 0, 0, 0, 0
21604, 0, 0, 0, 0, 4.57026e-06, 1.09549e-05, 5.81861e-05, 0, 0, 0, 0, 0
21613, 0, 0, 0, 0, 4.57026e-06, 1.09549e-05, 5.81861e-05, 0, 0, 0, 0, 0
21623, 0, 0, 0, 0, 4.57026e-06, 1.09549e-05, 5.81861e-05, 0, 0, 0, 0, 0
21634, 0, 0, 0, 0, 4.57026e-06, 1.09549e-05, 5.81861e-05, 0, 0, 0, 0, 0
21644, 0, 0, 0, 0, 4.57026e-06, 1.09549e-05, 5.81861e-05, 0, 0, 0, 0, 0
21653, 0, 0, 0, 0, 4.57026e-06, 1.09549e-05, 5.81861e-05, 0, 0, 0, 0, 0
21663, 0, 0, 0, 0, 4.57026e-06, 1.09549e-05, 5.81861e-05, 0, 0, 0, 0, 0
21673, 0, 0, 0, 0, 4.57026e-06, 1.09549e-05, 5.81861e-05, 0, 0, 0, 0, 0
21684, 0, 0, 0, 0, 4.57026e-06, 1.09549e-05, 5.81861e-05, 0, 0, 0, 0, 0
21693, 0, 0, 0, 0, 4.57026e-06, 1.09549e-05, 5.81861e-05, 0, 0, 0, 0, 0
21703, 0, 0, 0, 0, 4.57026e-06, 1.09549e-05, 5.81861e-05, 0, 0, 0, 0, 0
21713, 0, 0, 0, 0, 4.57026e-06, 1.09549e-05, 5.81861e-05, 0, 0, 0, 0, 0
21724, 0, 0, 0, 0, 4.57026e-06, 1.09549e-05, 5.81861e-05, 0, 0, 0, 0, 0
21733, 0, 0, 0, 0, 4.57026e-06, 1.09549e-05, 5.81861e-05, 0, 0, 0, 0, 0
21743, 0, 0, 0, 0, 4.57026e-06, 1.09549e-05, 5.81861e-05, 0, 0, 0, 0, 0
21753, 0, 0, 0, 0, 4.57026e-06, 1.09549e-05, 5.81861e-05, 0, 0, 0, 0, 0
21764, 0, 0, 0, 0, 4.57026e-06, 1.09549e-05, 5.81861e-05, 0, 0, 0, 0, 0
21774, 0, 0, 0, 0, 4.57026e-06, 1.09549e-05, 5.81861e-05, 0, 0, 0, 0, 0
21783, 0, 0, 0, 0, 4.57026e-06, 1.09549e-05, 5.81861e-05, 0, 0, 0, 0, 0
21793, 0, 0, 0, 0, 4.57026e-06, 1.09549e-05, 5.81861e-05, 0, 0, 0, 0, 0
21805, 0, 0, 0, 0, 4.57026e-06, 1.09549e-05, 5.81861e-05, 0, 0, 0, 0, 0
21814, 0, 67.8815, 0, 0, 4.57026e-06, 1.09549e-05, 5.81861e-05, 0.0280011, -0.222407, 0, 0, 0
21824, 0, 69.9396, 0, 0, 4.57026e-06, 1.09549e-05, 5.81861e-05, 0.0349674, -0.32866, 0.188935, 0, 0
21833, 0, 69.6252, 0, 0, 4.57026e-06, 1.09549e-05, 5.81861e-05, 0.0342778, -0.349681, 0.468132, 0.000462824, 0
21843, 0, 67.5513, 0, 0, 4.57026e-06, 1.09549e-05, 5.81861e-05, 0.0314548, -0.313768, 0.765186, 0.00173559, 0
21854, 0, 66.0293, 0, 0, 4.57026e-06, 1.09549e-05, 5.81861e-05, 0.0286672, -0.246735, 1.03058, 0.00347118, -0.00153548
21864, 0, 66.7222, 0, 0, 4.57026e-06, 1.09549e-05, 5.81861e-05, 0.0264993, -0.169753, 1.23672, 0.00497536, -0.00460644
21874, 0, 69.7788, 0, 0, 4.57026e-06, 1.09549e-05, 5.81861e-05, 0.0249448, -0.0989933, 1.37285, 0.0057853, -0.0107484
21883, 0, 73.7124, 0, 0, 4.57026e-06, 1.09549e-05, 5.81861e-05, 0.0240188, -0.042402, 1.4454, 0.00613242, -0.0153548
21894, 0, 75.3439, 0, 0, 4.57026e-06, 1.09549e-05, 5.81861e-05, 0.0243575, -0.00370786, 1.46527, 0.00740518, -0.0214967
21904, 0, 76.0364, 0, 0, 4.57026e-06, 1.09549e-05, 5.81861e-05, 0.0262012, 0.0179986, 1.44765, 0.00995071, -0.0276386
21914, 0, 76.3661, 0, 0, 4.57026e-06, 1.09549e-05, 5.81861e-05, 0.0296188, 0.0252012, 1.40583, 0.0140004, -0.0353161
21924, 0, 76.699, 0, 0, 4.57026e-06, 1.09549e-05, 5.81861e-05, 0.0343801, 0.0219705, 1.35211, 0.0193229, -0.0429934
21934, 0, 77.3204, 0, 0, 4.57026e-06, 1.09549e-05, 5.81861e-05, 0.0400073, 0.0114307, 1.29422, 0.0253396, -0.0522063
21944, 0, 78.2937, 0, 0, 4.57026e-06, 1.09549e-05, 5.81861e-05, 0.0461598, -0.00377648, 1.23721, 0.0318191, -0.0629547
21954, 0, 79.182, 0, 0, 4.57026e-06, 1.09549e-05, 5.81861e-05, 0.0525024, -0.0217119, 1.18388, 0.0384144, -0.0752385
21964, 0, 79.7637, 0, 0, 4.57026e-06, 1.09549e-05, 5.81861e-05, 0.0591512, -0.0394379, 1.13772, 0.0455882, -0.0859869
21974, 0, 79.732, 0, 0, 4.57026e-06, 1.09549e-05, 5.81861e-05, 0.0659705, -0.0563551, 1.09738, 0.0529933, -0.0982707
21984, 0, 79.5615, 0, 0, 4.57026e-06, 1.09549e-05, 5.81861e-05, 0.0729354, -0.0724152, 1.06103, 0.0606299, -0.11209
21994, 0, 79.6362, 0, 0, 4.57026e-06, 1.09549e-05, 5.81861e-05, 0.079853, -0.0873855, 1.02794, 0.0681508, -0.125909
22004, 0, 79.5066, 0, 0, 4.57026e-06, 1.09549e-05, 5.81861e-05, 0.0867969, -0.101216, 0.997177, 0.0757874, -0.139729
22014, 0, 79.4869, 0, 0, 4.57026e-06, 1.09549e-05, 5.81861e-05, 0.0937488, -0.114746, 0.96663, 0.083424, -0.155084
22024, 0, 78.5975, 0, 0, 4.57026e-06, 1.09549e-05, 5.81861e-05, 0.100705, -0.128085, 0.93604, 0.0910606, -0.170438
22034, 0, 78.1141, 0, 0, 4.57026e-06, 1.09549e-05, 5.81861e-05, 0.107655, -0.140652, 0.906397, 0.0986972, -0.184258
22044, 0, 77.3162, 0, 0, 4.57026e-06, 1.09549e-05, 5.81861e-05, 0.114667, -0.152614, 0.877045, 0.10645, -0.198077
22054, 0, 75.8155, 0, 0, 4.57026e-06, 1.09549e-05, 5.81861e-05, 0.121715, -0.164879, 0.846318, 0.114202, -0.213432
22064, 0, 74.8877, 0, 0, 4.57026e-06, 1.09549e-05, 5.81861e-05, 0.128776, -0.176839, 0.815627, 0.121954, -0.227251
22074, 0, 74.6739, 0, 0, 4.57026e-06, 1.09549e-05, 5.81861e-05, 0.135651, -0.188791, 0.784712, 0.129359, -0.24107
22084, 0, 74.8774, 0, 0, 4.57026e-06, 1.09549e-05, 5.81861e-05, 0.142075, -0.201147, 0.753566, 0.13607, -0.25489
22094, 0, 75.0536, 0, 0, 4.57026e-06, 1.09549e-05, 5.81861e-05, 0.148006, -0.213463, 0.723686, 0.142203, -0.267174
22104, 0, 74.9569, 0, 0, 4.57026e-06, 1.09549e-05, 5.81861e-05, 0.153677, -0.225061, 0.696192, 0.148219, -0.277922
22114, 0, 73.771, 0, 0, 4.57026e-06, 1.09549e-05, 5.81861e-05, 0.159232, -0.235289, 0.671629, 0.154236, -0.287135
22124, 0, 72.8986, 0, 0, 4.57026e-06, 1.09549e-05, 5.81861e-05, 0.164665, -0.244414, 0.648831, 0.160137, -0.296348
22134, 0, 72.2421, 0, 0, 4.57026e-06, 1.09549e-05, 5.81861e-05, 0.169912, -0.25214, 0.628016, 0.165807, -0.304025
22144, 0, 72.154, 0, 0, 4.57026e-06, 1.09549e-05, 5.81861e-05, 0.174819, -0.258405, 0.609149, 0.171013, -0.310167
22154, 0, 71.6117, 0, 0, 4.57026e-06, 1.09549e-05, 5.81861e-05, 0.179476, -0.263799, 0.59099, 0.175989, -0.316309
22164, 0, 70.7537, 0, 0, 4.57026e-06, 1.09549e-05, 5.81861e-05, 0.183954, -0.266715, 0.576259, 0.180848, -0.317844
22174, 0, 69.4603, 0, 0, 4.57026e-06, 1.09549e-05, 5.81861e-05, 0.188267, -0.265856, 0.566313, 0.185592, -0.314773
22183, 0, 68.8349, 0, 0, 4.57026e-06, 1.09549e-05, 5.81861e-05, 0.192421, -0.260326, 0.561405, 0.190221, -0.307096
22194, 0, 68.2123, 0, 0, 4.57026e-06, 1.09549e-05, 5.81861e-05, 0.196233, -0.249783, 0.56103, 0.194386, -0.294812
22204, 0, 68.5483, 0, 0, 4.57026e-06, 1.09549e-05, 5.81861e-05, 0.199529, -0.23497, 0.563237, 0.197857, -0.279457
22214, 0, 68.5279, 0, 0, 4.57026e-06, 1.09549e-05, 5.81861e-05, 0.20239, -0.216537, 0.566705, 0.200866, -0.261032
22224, 0, 68.1533, 0, 0, 4.57026e-06, 1.09549e-05, 5.81861e-05, 0.204961, -0.193548, 0.572974, 0.203643, -0.236464
22234, 0, 67.2433, 0, 0, 4.57026e-06, 1.09549e-05, 5.81861e-05, 0.207436, -0.166479, 0.580481, 0.206419, -0.208825
22244, 0, 66.8242, 0, 0, 4.57026e-06, 1.09549e-05, 5.81861e-05, 0.209753, -0.135205, 0.589222, 0.208965, -0.17658
22254, 0, 66.5223, 0, 0, 4.57026e-06, 1.09549e-05, 5.81861e-05, 0.211905, -0.100361, 0.597933, 0.211279, -0.141264
22264, 0, 67.2382, 0, 0, 4.57026e-06, 1.09549e-05, 5.81861e-05, 0.213698, -0.0626412, 0.605888, 0.213015, -0.102877
22274, 0, 67.4343, 0, 0, 4.57026e-06, 1.09549e-05, 5.81861e-05, 0.21526, -0.0224206, 0.612951, 0.214519, -0.0614192
22284, 0, 67.1905, 0, 0, 4.57026e-06, 1.09549e-05, 5.81861e-05, 0.216762, 0.0202295, 0.619306, 0.216023, -0.0168903
22294, 0, 66.9821, 0, 0, 4.57026e-06, 1.09549e-05, 5.81861e-05, 0.218261, 0.0653508, 0.625196, 0.217527, 0.0307096
22304, 0, 66.8789, 0, 0, 4.57026e-06, 1.09549e-05, 5.81861e-05, 0.219793, 0.111663, 0.628522, 0.219031, 0.0783095
22313, 0, 67.4473, 0, 0, 4.57026e-06, 1.09549e-05, 5.81861e-05, 0.22124, 0.158743, 0.629427, 0.220304, 0.127445
22324, 0, 68.2751, 0, 0, 4.57026e-06, 1.09549e-05, 5.81861e-05, 0.222573, 0.205007, 0.626104, 0.221346, 0.175045
22334, 0, 68.5312, 0, 0, 4.57026e-06, 1.09549e-05, 5.81861e-05, 0.223979, 0.249492, 0.618092, 0.222503, 0.221109
22344, 0, 68.8682, 0, 0, 4.57026e-06, 1.09549e-05, 5.81861e-05, 0.225513, 0.29168, 0.605749, 0.223775, 0.265638
22353, 0, 69.3266, 0, 0, 4.57026e-06, 1.09549e-05, 5.81861e-05, 0.227197, 0.330701, 0.588719, 0.225164, 0.307096
22364, 0, 69.9043, 0, 0, 4.57026e-06, 1.09549e-05, 5.81861e-05, 0.228965, 0.366003, 0.567384, 0.226552, 0.345483
22374, 0, 70.5456, 0, 0, 4.57026e-06, 1.09549e-05, 5.81861e-05, 0.230989, 0.396827, 0.541444, 0.228288, 0.379264
22384, 0, 70.7187, 0, 0, 4.57026e-06, 1.09549e-05, 5.81861e-05, 0.233258, 0.422727, 0.51124, 0.230255, 0.408438
22393, 0, 71.1039, 0, 0, 4.57026e-06, 1.09549e-05, 5.81861e-05, 0.235757, 0.443531, 0.477493, 0.232453, 0.433005
22404, 0, 71.207, 0, 0, 4.57026e-06, 1.09549e-05, 5.81861e-05, 0.238538, 0.459318, 0.441072, 0.234999, 0.452967
22414, 0, 71.1904, 0, 0, 4.57026e-06, 1.09549e-05, 5.81861e-05, 0.241609, 0.470286, 0.402778, 0.237891, 0.468322
22424, 0, 71.6057, 0, 0, 4.57026e-06, 1.09549e-05, 5.81861e-05, 0.244773, 0.476513, 0.363244, 0.240784, 0.47907
22434, 0, 72.0196, 0, 0, 4.57026e-06, 1.09549e-05, 5.81861e-05, 0.24816, 0.47757, 0.32188, 0.244024, 0.483676
22444, 0, 72.4331, 0, 0, 4.57026e-06, 1.09549e-05, 5.81861e-05, 0.251547, 0.473641, 0.279618, 0.247148, 0.483676
22454, 0, 72.7633, 0, 0, 4.57026e-06, 1.09549e-05, 5.81861e-05, 0.255108, 0.465125, 0.237233, 0.250619, 0.47907
22464, 0, 72.4137, 0, 0, 4.57026e-06, 1.09549e-05, 5.81861e-05, 0.258834, 0.452351, 0.19516, 0.254322, 0.469857
22474, 0, 72.1327, 0, 0, 4.57026e-06, 1.09549e-05, 5.81861e-05, 0.262723, 0.435558, 0.153554, 0.258256, 0.456038
22483, 0, 71.9461, 0, 0, 4.57026e-06, 1.09549e-05, 5.81861e-05, 0.26671, 0.41484, 0.11237, 0.262305, 0.437612
22494, 0, 72.2834, 0, 0, 4.57026e-06, 1.09549e-05, 5.81861e-05, 0.270643, 0.390114, 0.0714783, 0.266239, 0.41458
22504, 0, 72.0335, 0, 0, 4.57026e-06, 1.09549e-05, 5.81861e-05, 0.274601, 0.36138, 0.0308236, 0.270289, 0.386941
22514, 0, 72.1858, 0, 0, 4.57026e-06, 1.09549e-05, 5.81861e-05, 0.278418, 0.32849, -0.00965003, 0.274107, 0.354696
22524, 0, 72.0113, 0, 0, 4.57026e-06, 1.09549e-05, 5.81861e-05, 0.282272, 0.292883, -0.0475664, 0.278157, 0.320915
22534, 0, 71.4393, 0, 0, 4.57026e-06, 1.09549e-05, 5.81861e-05, 0.286109, 0.254279, -0.084079, 0.282207, 0.282528
22544, 0, 71.2235, 0, 0, 4.57026e-06, 1.09549e-05, 5.81861e-05, 0.289834, 0.213632, -0.117795, 0.286141, 0.242606
22554, 0, 70.3615, 0, 0, 4.57026e-06, 1.09549e-05, 5.81861e-05, 0.293484, 0.171009, -0.149287, 0.290075, 0.199612
22564, 0, 70.126, 0, 0, 4.57026e-06, 1.09549e-05, 5.81861e-05, 0.297071, 0.127042, -0.178029, 0.294009, 0.155084
22574, 0, 69.2661, 0, 0, 4.57026e-06, 1.09549e-05, 5.81861e-05, 0.300535, 0.0820887, -0.204034, 0.297827, 0.109019
22584, 0, 68.4769, 0, 0, 4.57026e-06, 1.09549e-05, 5.81861e-05, 0.303839, 0.0376758, -0.225311, 0.30153, 0.0644902
22594, 0, 67.7767, 0, 0, 4.57026e-06, 1.09549e-05, 5.81861e-05, 0.306903, -0.00514746, -0.241164, 0.305001, 0.0214967
22604, 0, 67.2961, 0, 0, 4.57026e-06, 1.09549e-05, 5.81861e-05, 0.309629, -0.0451235, -0.250636, 0.308125, -0.0184258
22614, 0, 67.0173, 0, 0, 4.57026e-06, 1.09549e-05, 5.81861e-05, 0.311934, -0.0822078, -0.254993, 0.310786, -0.0568128
22624, 0, 66.5262, 0, 0, 4.57026e-06, 1.09549e-05, 5.81861e-05, 0.313858, -0.115879, -0.254383, 0.3131, -0.0921288
22634, 0, 66.2616, 0, 0, 4.57026e-06, 1.09549e-05, 5.81861e-05, 0.315358, -0.145935, -0.249398, 0.314952, -0.124374
22644, 0, 65.2094, 0, 0, 4.57026e-06, 1.09549e-05, 5.81861e-05, 0.316622, -0.172224, -0.240803, 0.316687, -0.153548
22653, 0, 64.6322, 0, 0, 4.57026e-06, 1.09549e-05, 5.81861e-05, 0.317587, -0.194168, -0.228335, 0.318076, -0.178116
22664, 0, 64.0686, 0, 0, 4.57026e-06, 1.09549e-05, 5.81861e-05, 0.318233, -0.211445, -0.212224, 0.319117, -0.198077
22674, 0, 64.1495, 0, 0, 4.57026e-06, 1.09549e-05, 5.81861e-05, 0.318442, -0.224719, -0.194128, 0.31958, -0.214967
22684, 0, 63.8532, 0, 0, 4.57026e-06, 1.09549e-05, 5.81861e-05, 0.318301, -0.233854, -0.173985, 0.319696, -0.227251
22693, 0, 63.0586, 0, 0, 4.57026e-06, 1.09549e-05, 5.81861e-05, 0.317973, -0.238638, -0.151852, 0.319696, -0.234929
22704, 0, 62.2325, 0, 0, 4.57026e-06, 1.09549e-05, 5.81861e-05, 0.317515, -0.238926, -0.127962, 0.31958, -0.237999
22714, 0, 61.6907, 0, 0, 4.57026e-06, 1.09549e-05, 5.81861e-05, 0.316888, -0.234721, -0.102673, 0.319233, -0.236464
22724, 0, 61.8286, 0, 0, 4.57026e-06, 1.09549e-05, 5.81861e-05, 0.315963, -0.226877, -0.0774955, 0.318423, -0.231858
22733, 0, 61.9145, 0, 0, 4.57026e-06, 1.09549e-05, 5.81861e-05, 0.314754, -0.215391, -0.0520584, 0.317266, -0.222645
22744, 0, 61.8947, 0, 0, 4.57026e-06, 1.09549e-05, 5.81861e-05, 0.31334, -0.200818, -0.0271491, 0.315877, -0.210361
22754, 0, 61.7367, 0, 0, 4.57026e-06, 1.09549e-05, 5.81861e-05, 0.311801, -0.182823, -0.00192787, 0.314373, -0.193471
22764, 0, 61.6422, 0, 0, 4.57026e-06, 1.09549e-05, 5.81861e-05, 0.310173, -0.161748, 0.0230051, 0.312753, -0.173509
22774, 0, 61.6716, 0, 0, 4.57026e-06, 1.09549e-05, 5.81861e-05, 0.30847, -0.137859, 0.0473413, 0.311018, -0.150477
22784, 0, 62.1301, 0, 0, 4.57026e-06, 1.09549e-05, 5.81861e-05, 0.306641, -0.112074, 0.0698446, 0.309051, -0.125909
22794, 0, 62.5216, 0, 0, 4.57026e-06, 1.09549e-05, 5.81861e-05, 0.304737, -0.0850281, 0.0900572, 0.306968, -0.0998062
22804, 0, 62.7877, 0, 0, 4.57026e-06, 1.09549e-05, 5.81861e-05, 0.302838, -0.0570569, 0.108062, 0.304885, -0.0721676
22814, 0, 63.1705, 0, 0, 4.57026e-06, 1.09549e-05, 5.81861e-05, 0.300965, -0.0282966, 0.124226, 0.302803, -0.0429934
22823, 0, 63.394, 0, 0, 4.57026e-06, 1.09549e-05, 5.81861e-05, 0.299205, -5.52293e-05, 0.136727, 0.300836, -0.0153548
22834, 0, 63.6942, 0, 0, 4.57026e-06, 1.09549e-05, 5.81861e-05, 0.297584, 0.0273972, 0.146004, 0.298984, 0.0122838
22844, 0, 64.6794, 0, 0, 4.57026e-06, 1.09549e-05, 5.81861e-05, 0.295981, 0.0532167, 0.151574, 0.297017, 0.038387
22854, 0, 65.0232, 0, 0, 4.57026e-06, 1.09549e-05, 5.81861e-05, 0.294546, 0.0770149, 0.15367, 0.295282, 0.0629547
22863, 0, 65.3532, 0, 0, 4.57026e-06, 1.09549e-05, 5.81861e-05, 0.29332, 0.0986732, 0.152857, 0.293777, 0.0859869
22874, 0, 65.1254, 0, 0, 4.57026e-06, 1.09549e-05, 5.81861e-05, 0.292453, 0.117663, 0.148643, 0.292736, 0.105948
22884, 0, 65.6193, 0, 0, 4.57026e-06, 1.09549e-05, 5.81861e-05, 0.291855, 0.134248, 0.142143, 0.291926, 0.124374
22894, 0, 65.6033, 0, 0, 4.57026e-06, 1.09549e-05, 5.81861e-05, 0.29143, 0.147989, 0.133091, 0.291232, 0.139729
22903, 0, 66.3797, 0, 0, 4.57026e-06, 1.09549e-05, 5.81861e-05, 0.291143, 0.15859, 0.121597, 0.290653, 0.152013
22914, 0, 66.966, 0, 0, 4.57026e-06, 1.09549e-05, 5.81861e-05, 0.290978, 0.165908, 0.10802, 0.290191, 0.161225
22924, 0, 67.2515, 0, 0, 4.57026e-06, 1.09549e-05, 5.81861e-05, 0.290978, 0.170656, 0.0939946, 0.289959, 0.168903
22934, 0, 67.1739, 0, 0, 4.57026e-06, 1.09549e-05, 5.81861e-05, 0.291222, 0.172857, 0.0793972, 0.290075, 0.173509
22943, 0, 67.5629, 0, 0, 4.57026e-06, 1.09549e-05, 5.81861e-05, 0.291623, 0.171741, 0.0629297, 0.290306, 0.173509
22953, 0, 67.9169, 0, 0, 4.57026e-06, 1.09549e-05, 5.81861e-05, 0.292132, 0.16803, 0.0462566, 0.290653, 0.171974
22964, 0, 68.5332, 0, 0, 4.57026e-06, 1.09549e-05, 5.81861e-05, 0.292669, 0.161624, 0.0292753, 0.291001, 0.167367
22974, 0, 68.2835, 0, 0, 4.57026e-06, 1.09549e-05, 5.81861e-05, 0.293402, 0.152592, 0.0119671, 0.291695, 0.15969
22984, 0, 68.4158, 0, 0, 4.57026e-06, 1.09549e-05, 5.81861e-05, 0.294249, 0.141587, -0.00459117, 0.292505, 0.150477
22993, 0, 67.8886, 0, 0, 4.57026e-06, 1.09549e-05, 5.81861e-05, 0.295318, 0.128526, -0.0210309, 0.293662, 0.138193
23004, 0, 68.0279, 0, 0, 4.57026e-06, 1.09549e-05, 5.81861e-05, 0.296459, 0.113134, -0.0379132, 0.294819, 0.122838
23014, 0, 68.4522, 0, 0, 4.57026e-06, 1.09549e-05, 5.81861e-05, 0.297545, 0.0957602, -0.0544114, 0.29586, 0.105948
23024, 0, 68.6124, 0, 0, 4.57026e-06, 1.09549e-05, 5.81861e-05, 0.298605, 0.0760582, -0.0711491, 0.296902, 0.0859869
23033, 0, 68.1262, 0, 0, 4.57026e-06, 1.09549e-05, 5.81861e-05, 0.299759, 0.0552199, -0.0861489, 0.298174, 0.0660257
23044, 0, 67.7434, 0, 0, 4.57026e-06, 1.09549e-05, 5.81861e-05, 0.300989, 0.0334872, -0.0995992, 0.299563, 0.0445289
23054, 0, 67.481, 0, 0, 4.57026e-06, 1.09549e-05, 5.81861e-05, 0.302216, 0.0115735, -0.11074, 0.300951, 0.0230322
23064, 0, 67.1425, 0, 0, 4.57026e-06, 1.09549e-05, 5.81861e-05, 0.303426, -0.0107297, -0.120572, 0.30234, 0
23074, 0, 67.0179, 0, 0, 4.57026e-06, 1.09549e-05, 5.81861e-05, 0.304546, -0.0330737, -0.128763, 0.303613, -0.0230322
23084, 0, 66.8272, 0, 0, 4.57026e-06, 1.09549e-05, 5.81861e-05, 0.305541, -0.0545659, -0.134126, 0.30477, -0.0445289
23094, 0, 66.3146, 0, 0, 4.57026e-06, 1.09549e-05, 5.81861e-05, 0.306473, -0.0751868, -0.137384, 0.305927, -0.0660257
23104, 0, 65.9547, 0, 0, 4.57026e-06, 1.09549e-05, 5.81861e-05, 0.307285, -0.0937237, -0.13697, 0.306968, -0.0844514
23114, 0, 65.5326, 0, 0, 4.57026e-06, 1.09549e-05, 5.81861e-05, 0.307966, -0.109989, -0.1335, 0.307894, -0.101342
23123, 0, 65.3651, 0, 0, 4.57026e-06, 1.09549e-05, 5.81861e-05, 0.308456, -0.124045, -0.12775, 0.308588, -0.116697
23134, 0, 64.9239, 0, 0, 4.57026e-06, 1.09549e-05, 5.81861e-05, 0.308798, -0.135338, -0.119289, 0.309166, -0.12898
23144, 0, 64.7298, 0, 0, 4.57026e-06, 1.09549e-05, 5.81861e-05, 0.308941, -0.143551, -0.108158, 0.309514, -0.138193
23154, 0, 64.2938, 0, 0, 4.57026e-06, 1.09549e-05, 5.81861e-05, 0.30895, -0.149171, -0.0958181, 0.309745, -0.145871
23163, 0, 64.126, 0, 0, 4.57026e-06, 1.09549e-05, 5.81861e-05, 0.308771, -0.151365, -0.0810121, 0.309745, -0.148942
23174, 0, 63.7385, 0, 0, 4.57026e-06, 1.09549e-05, 5.81861e-05, 0.308466, -0.150818, -0.0654961, 0.309629, -0.150477
23184, 0, 63.6982, 0, 0, 4.57026e-06, 1.09549e-05, 5.81861e-05, 0.308004, -0.148209, -0.0504445, 0.309282, -0.150477
23194, 0, 63.4655, 0, 0, 4.57026e-06, 1.09549e-05, 5.81861e-05, 0.307432, -0.143357, -0.0353021, 0.308819, -0.147406
23203, 0, 63.6022, 0, 0, 4.57026e-06, 1.09549e-05, 5.81861e-05, 0.306708, -0.136796, -0.0208202, 0.308125, -0.1428
23214, 0, 63.5626, 0, 0, 4.57026e-06, 1.09549e-05, 5.81861e-05, 0.305876, -0.128205, -0.00614281, 0.307315, -0.135122
23224, 0, 63.3305, 0, 0, 4.57026e-06, 1.09549e-05, 5.81861e-05, 0.305027, -0.118571, 0.00700535, 0.306505, -0.127445
23234, 0, 63.1174, 0, 0, 4.57026e-06, 1.09549e-05, 5.81861e-05, 0.304183, -0.1073, 0.0200453, 0.305695, -0.116697
23243, 0, 63.5142, 0, 0, 4.57026e-06, 1.09549e-05, 5.81861e-05, 0.303221, -0.0946324, 0.0327406, 0.304654, -0.104413
23254, 0, 63.7957, 0, 0, 4.57026e-06, 1.09549e-05, 5.81861e-05, 0.302175, -0.0813918, 0.0439053, 0.303497, -0.0921288
23264, 0, 63.8962, 0, 0, 4.57026e-06, 1.09549e-05, 5.81861e-05, 0.301112, -0.0674553, 0.0542058, 0.30234, -0.0783095
23274, 0, 64.0619, 0, 0, 4.57026e-06, 1.09549e-05, 5.81861e-05, 0.300062, -0.0533096, 0.0630512, 0.301183, -0.0644902
23284, 0, 63.9883, 0, 0, 4.57026e-06, 1.09549e-05, 5.81861e-05, 0.299089, -0.0385621, 0.0714174, 0.300141, -0.0491354
23293, 0, 64.192, 0, 0, 4.57026e-06, 1.09549e-05, 5.81861e-05, 0.298156, -0.0235631, 0.0787931, 0.2991, -0.0337806
23304, 0, 64.4638, 0, 0, 4.57026e-06, 1.09549e-05, 5.81861e-05, 0.297325, -0.00921457, 0.0838112, 0.298174, -0.0199612
23314, 0, 64.5293, 0, 0, 4.57026e-06, 1.09549e-05, 5.81861e-05, 0.296473, 0.00506427, 0.0881777, 0.297133, -0.00460644
23324, 0, 65.2152, 0, 0, 4.57026e-06, 1.09549e-05, 5.81861e-05, 0.295639, 0.0178346, 0.0896444, 0.296092, 0.0076774
23333, 0, 65.1569, 0, 0, 4.57026e-06, 1.09549e-05, 5.81861e-05, 0.294955, 0.0294608, 0.0894928, 0.295282, 0.0199612
23344, 0, 65.6171, 0, 0, 4.57026e-06, 1.09549e-05, 5.81861e-05, 0.294326, 0.0402736, 0.0886947, 0.294472, 0.0322451
23354, 0, 65.5747, 0, 0, 4.57026e-06, 1.09549e-05, 5.81861e-05, 0.293864, 0.0493246, 0.0856339, 0.293893, 0.041458
23364, 0, 65.7736, 0, 0, 4.57026e-06, 1.09549e-05, 5.81861e-05, 0.293538, 0.0565168, 0.0806529, 0.29343, 0.0491354
23373, 0, 65.9753, 0, 0, 4.57026e-06, 1.09549e-05, 5.81861e-05, 0.293331, 0.0618483, 0.0741773, 0.293083, 0.0552773
23384, 0, 66.1692, 0, 0, 4.57026e-06, 1.09549e-05, 5.81861e-05, 0.293235, 0.0653845, 0.0666338, 0.292852, 0.0598837
23394, 0, 66.3359, 0, 0, 4.57026e-06, 1.09549e-05, 5.81861e-05, 0.293242, 0.0672267, 0.0583939, 0.292736, 0.0629547
23404, 0, 66.4753, 0, 0, 4.57026e-06, 1.09549e-05, 5.81861e-05, 0.293347, 0.0674868, 0.0497427, 0.292736, 0.0644902
23413, 0, 66.8428, 0, 0, 4.57026e-06, 1.09549e-05, 5.81861e-05, 0.29347, 0.0668939, 0.0420243, 0.292736, 0.0660257
23424, 0, 66.9226, 0, 0, 4.57026e-06, 1.09549e-05, 5.81861e-05, 0.293654, 0.065397, 0.0348096, 0.292852, 0.0660257
23434, 0, 66.9658, 0, 0, 4.57026e-06, 1.09549e-05, 5.81861e-05, 0.293928, 0.0622314, 0.026559, 0.293083, 0.0629547
23444, 0, 66.6467, 0, 0, 4.57026e-06, 1.09549e-05, 5.81861e-05, 0.294354, 0.0581687, 0.0186901, 0.293546, 0.0598837
23454, 0, 67.0575, 0, 0, 4.57026e-06, 1.09549e-05, 5.81861e-05, 0.294753, 0.0536987, 0.0119649, 0.293893, 0.0568128
23463, 0, 66.9581, 0, 0, 4.57026e-06, 1.09549e-05, 5.81861e-05, 0.295209, 0.0478962, 0.00442194, 0.294356, 0.0506709
23474, 0, 67.0754, 0, 0, 4.57026e-06, 1.09549e-05, 5.81861e-05, 0.295679, 0.0412903, -0.0028068, 0.294819, 0.0445289
23484, 0, 66.8634, 0, 0, 4.57026e-06, 1.09549e-05, 5.81861e-05, 0.296205, 0.0343808, -0.00903893, 0.295397, 0.038387
23494, 0, 66.547, 0, 0, 4.57026e-06, 1.09549e-05, 5.81861e-05, 0.2968, 0.0275497, -0.0140165, 0.296092, 0.0322451
23503, 0, 66.7393, 0, 0, 4.57026e-06, 1.09549e-05, 5.81861e-05, 0.297352, 0.0202544, -0.0189598, 0.29667, 0.0245677
23514, 0, 66.6677, 0, 0, 4.57026e-06, 1.09549e-05, 5.81861e-05, 0.297883, 0.0127142, -0.0234745, 0.297249, 0.0168903
23524, 0, 66.5698, 0, 0, 4.57026e-06, 1.09549e-05, 5.81861e-05, 0.298399, 0.00511344, -0.0273526, 0.297827, 0.00921288
23534, 0, 66.1351, 0, 0, 4.57026e-06, 1.09549e-05, 5.81861e-05, 0.298967, -0.00236398, -0.0305427, 0.298521, 0.00153548
23543, 0, 66.4888, 0, 0, 4.57026e-06, 1.09549e-05, 5.81861e-05, 0.299418, -0.00975526, -0.0331496, 0.298984, -0.00614192
23554, 0, 66.3526, 0, 0, 4.57026e-06, 1.09549e-05, 5.81861e-05, 0.299822, -0.0170389, -0.0352463, 0.299447, -0.0138193
23564, 0, 66.1615, 0, 0, 4.57026e-06, 1.09549e-05, 5.81861e-05, 0.300196, -0.0235164, -0.0357707, 0.29991, -0.0199612
23574, 0, 65.9264, 0, 0, 4.57026e-06, 1.09549e-05, 5.81861e-05, 0.300553, -0.0293279, -0.0354074, 0.300373, -0.0261032
23583, 0, 65.6655, 0, 0, 4.57026e-06, 1.09549e-05, 5.81861e-05, 0.300901, -0.0346551, -0.0347224, 0.300836, -0.0322451
23593, 0, 65.9703, 0, 0, 4.57026e-06, 1.09549e-05, 5.81861e-05, 0.30112, -0.0397886, -0.0341269, 0.301067, -0.038387
23604, 0, 65.7576, 0, 0, 4.57026e-06, 1.09549e-05, 5.81861e-05, 0.301276, -0.0435158, -0.0314779, 0.301298, -0.041458
23614, 0, 65.53, 0, 0, 4.57026e-06, 1.09549e-05, 5.81861e-05, 0.301417, -0.0468773, -0.029124, 0.30153, -0.0460644
23623, 0, 65.5468, 0, 0, 4.57026e-06, 1.09549e-05, 5.81861e-05, 0.301473, -0.048799, -0.0250683, 0.301645, -0.0475999
23633, 0, 65.0131, 0, 0, 4.57026e-06, 1.09549e-05, 5.81861e-05, 0.301565, -0.04967, -0.0205339, 0.301877, -0.0491354
23644, 0, 65.2641, 0, 0, 4.57026e-06, 1.09549e-05, 5.81861e-05, 0.301537, -0.0493388, -0.0152595, 0.301877, -0.0491354
23654, 0, 65.0497, 0, 0, 4.57026e-06, 1.09549e-05, 5.81861e-05, 0.301474, -0.0483019, -0.0102665, 0.301877, -0.0491354
23664, 0, 65.1426, 0, 0, 4.57026e-06, 1.09549e-05, 5.81861e-05, 0.301346, -0.0470121, -0.00615438, 0.301761, -0.0491354
23673, 0, 64.9966, 0, 0, 4.57026e-06, 1.09549e-05, 5.81861e-05, 0.301197, -0.0450779, -0.00198416, 0.301645, -0.0475999
23684, 0, 64.5424, 0, 0, 4.57026e-06, 1.09549e-05, 5.81861e-05, 0.301103, -0.0420766, 0.00285044, 0.301645, -0.0445289
23694, 0, 64.9309, 0, 0, 4.57026e-06, 1.09549e-05, 5.81861e-05, 0.300915, -0.0391871, 0.00628924, 0.301414, -0.0429934
23704, 0, 64.8682, 0, 0, 4.57026e-06, 1.09549e-05, 5.81861e-05, 0.300698, -0.035934, 0.00958092, 0.301183, -0.0399225
23713, 0, 64.8194, 0, 0, 4.57026e-06, 1.09549e-05, 5.81861e-05, 0.300476, -0.032527, 0.0124166, 0.300951, -0.0368515
23724, 0, 64.7644, 0, 0, 4.57026e-06, 1.09549e-05, 5.81861e-05, 0.30025, -0.0284384, 0.0158193, 0.30072, -0.0322451
23734, 0, 65.0096, 0, 0, 4.57026e-06, 1.09549e-05, 5.81861e-05, 0.299959, -0.0239603, 0.0192101, 0.300373, -0.0276386
23744, 0, 65.0469, 0, 0, 4.57026e-06, 1.09549e-05, 5.81861e-05, 0.299651, -0.0193025, 0.022258, 0.300026, -0.0230322
23753, 0, 64.8052, 0, 0, 4.57026e-06, 1.09549e-05, 5.81861e-05, 0.299408, -0.0145611, 0.0248103, 0.299794, -0.0184258
23763, 0, 65.1168, 0, 0, 4.57026e-06, 1.09549e-05, 5.81861e-05, 0.299129, -0.00989365, 0.0267961, 0.299447, -0.0138193
23774, 0, 64.919, 0, 0, 4.57026e-06, 1.09549e-05, 5.81861e-05, 0.298907, -0.00531541, 0.0282782, 0.299216, -0.00921288
23784, 0, 64.975, 0, 0, 4.57026e-06, 1.09549e-05, 5.81861e-05, 0.29871, -0.000850192, 0.0293323, 0.298984, -0.00460644
23794, 0, 65.0767, 0, 0, 4.57026e-06, 1.09549e-05, 5.81861e-05, 0.298535, 0.00281371, 0.0289008, 0.298753, -0.00153548
23803, 0, 65.1816, 0, 0, 4.57026e-06, 1.09549e-05, 5.81861e-05, 0.298363, 0.00650515, 0.0288181, 0.298521, 0.00307096
23814, 0, 65.6147, 0, 0, 4.57026e-06, 1.09549e-05, 5.81861e-05, 0.298135, 0.00953744, 0.027907, 0.298174, 0.00614192
23824, 0, 65.5163, 0, 0, 4.57026e-06, 1.09549e-05, 5.81861e-05, 0.297943, 0.0128101, 0.0278813, 0.297943, 0.0107484
23834, 0, 65.3816, 0, 0, 4.57026e-06, 1.09549e-05, 5.81861e-05, 0.297831, 0.0157369, 0.0273829, 0.297827, 0.0138193
23843, 0, 65.8066, 0, 0, 4.57026e-06, 1.09549e-05, 5.81861e-05, 0.297694, 0.0176984, 0.0255521, 0.297596, 0.0153548
23854, 0, 65.4365, 0, 0, 4.57026e-06, 1.09549e-05, 5.81861e-05, 0.29768, 0.0190421, 0.0232086, 0.297596, 0.0168903
23864, 0, 65.8519, 0, 0, 4.57026e-06, 1.09549e-05, 5.81861e-05, 0.297652, 0.0192862, 0.0197237, 0.29748, 0.0168903
23874, 0, 66.056, 0, 0, 4.57026e-06, 1.09549e-05, 5.81861e-05, 0.297619, 0.0187726, 0.0160314, 0.297364, 0.0168903
23883, 0, 65.9636, 0, 0, 4.57026e-06, 1.09549e-05, 5.81861e-05, 0.297641, 0.0178869, 0.0127755, 0.297364, 0.0168903
23894, 0, 66.0925, 0, 0, 4.57026e-06, 1.09549e-05, 5.81861e-05, 0.297674, 0.0168984, 0.0102719, 0.297364, 0.0168903
23904, 0, 66.2319, 0, 0, 4.57026e-06, 1.09549e-05, 5.81861e-05, 0.29771, 0.0153055, 0.00745431, 0.297364, 0.0153548
23914, 0, 66.0742, 0, 0, 4.57026e-06, 1.09549e-05, 5.81861e-05, 0.297809, 0.0134044, 0.00483617, 0.29748, 0.0138193
23923, 0, 66.1367, 0, 0, 4.57026e-06, 1.09549e-05, 5.81861e-05, 0.297924, 0.0113958, 0.00267922, 0.297596, 0.0122838
23933, 0, 66.4811, 0, 0, 4.57026e-06, 1.09549e-05, 5.81861e-05, 0.297972, 0.00936003, 0.00107478, 0.297596, 0.0107484
23944, 0, 66.3144, 0, 0, 4.57026e-06, 1.09549e-05, 5.81861e-05, 0.298067, 0.00675708, -0.00110776, 0.297711, 0.0076774
23954, 0, 66.0766, 0, 0, 4.57026e-06, 1.09549e-05, 5.81861e-05, 0.298242, 0.00383309, -0.00338662, 0.297943, 0.00460644
23964, 0, 66.0602, 0, 0, 4.57026e-06, 1.09549e-05, 5.81861e-05, 0.298442, 0.000750972, -0.00548906, 0.298174, 0.00153548
23973, 0, 66.325, 0, 0, 4.57026e-06, 1.09549e-05, 5.81861e-05, 0.298581, -0.00242903, -0.00728077, 0.29829, -0.00153548
23984, 0, 66.0493, 0, 0, 4.57026e-06, 1.09549e-05, 5.81861e-05, 0.298761, -0.00557176, -0.00867859, 0.298521, -0.00460644
23994, 0, 66.2882, 0, 0, 4.57026e-06, 1.09549e-05, 5.81861e-05, 0.298885, -0.00867182, -0.00971418, 0.298637, -0.0076774
24004, 0, 65.9809, 0, 0, 4.57026e-06, 1.09549e-05, 5.81861e-05, 0.299051, -0.0116525, -0.0104238, 0.298869, -0.0107484
24013, 0, 65.8922, 0, 0, 4.57026e-06, 1.09549e-05, 5.81861e-05, 0.29923, -0.0145057, -0.0109089, 0.2991, -0.0138193
24024, 0, 66.0862, 0, 0, 4.57026e-06, 1.09549e-05, 5.81861e-05, 0.299348, -0.0173058, -0.0112776, 0.299216, -0.0168903
24034, 0, 65.7216, 0, 0, 4.57026e-06, 1.09549e-05, 5.81861e-05, 0.299498, -0.0193443, -0.0104215, 0.299447, -0.0184258
24044, 0, 65.8808, 0, 0, 4.57026e-06, 1.09549e-05, 5.81861e-05, 0.299601, -0.0215118, -0.0101411, 0.299563, -0.0214967
24053, 0, 65.788, 0, 0, 4.57026e-06, 1.09549e-05, 5.81861e-05, 0.299682, -0.023175, -0.00917325, 0.299678, -0.0230322
24064, 0, 65.9788, 0, 0, 4.57026e-06, 1.09549e-05, 5.81861e-05, 0.29969, -0.0245246, -0.00794623, 0.299678, -0.0245677
24074, 0, 65.6378, 0, 0, 4.57026e-06, 1.09549e-05, 5.81861e-05, 0.299738, -0.025638, -0.00672649, 0.299794, -0.0261032
24084, 0, 65.4997, 0, 0, 4.57026e-06, 1.09549e-05, 5.81861e-05, 0.299792, -0.0259408, -0.0045609, 0.29991, -0.0261032
24093, 0, 65.6679, 0, 0, 4.57026e-06, 1.09549e-05, 5.81861e-05, 0.299794, -0.0264007, -0.0032919, 0.29991, -0.0276386
24103, 0, 65.5925, 0, 0, 4.57026e-06, 1.09549e-05, 5.81861e-05, 0.299775, -0.0264258, -0.00163218, 0.29991, -0.0276386
24114, 0, 65.5137, 0, 0, 4.57026e-06, 1.09549e-05, 5.81861e-05, 0.29975, -0.0261687, 4.88611e-05, 0.29991, -0.0276386
24124, 0, 65.4363, 0, 0, 4.57026e-06, 1.09549e-05, 5.81861e-05, 0.299727, -0.0257648, 0.00151147, 0.29991, -0.0276386
24133, 0, 65.3383, 0, 0, 4.57026e-06, 1.09549e-05, 5.81861e-05, 0.299697, -0.0246424, 0.00378478, 0.29991, -0.0261032
24143, 0, 65.2577, 0, 0, 4.57026e-06, 1.09549e-05, 5.81861e-05, 0.299676, -0.0236974, 0.00510456, 0.29991, -0.0261032
24154, 0, 65.1673, 0, 0, 4.57026e-06, 1.09549e-05, 5.81861e-05, 0.299656, -0.02232, 0.0067753, 0.29991, -0.0245677
24164, 0, 65.0756, 0, 0, 4.57026e-06, 1.09549e-05, 5.81861e-05, 0.299637, -0.0206622, 0.00842973, 0.29991, -0.0230322
24174, 0, 65.2849, 0, 0, 4.57026e-06, 1.09549e-05, 5.81861e-05, 0.299558, -0.0189158, 0.00982967, 0.299794, -0.0214967
24183, 0, 65.2961, 0, 0, 4.57026e-06, 1.09549e-05, 5.81861e-05, 0.299472, -0.0178623, 0.00974598, 0.299678, -0.0214967
24194, 0, 65.3128, 0, 0, 4.57026e-06, 1.09549e-05, 5.81861e-05, 0.29938, -0.0167336, 0.00992116, 0.299563, -0.0199612
24204, 0, 65.0316, 0, 0, 4.57026e-06, 1.09549e-05, 5.81861e-05, 0.299351, -0.0154716, 0.0102912, 0.299563, -0.0184258
24214, 0, 64.9805, 0, 0, 4.57026e-06, 1.09549e-05, 5.81861e-05, 0.299341, -0.0140915, 0.010743, 0.299563, -0.0168903
24223, 0, 65.2237, 0, 0, 4.57026e-06, 1.09549e-05, 5.81861e-05, 0.299275, -0.0126845, 0.0111761, 0.299447, -0.0153548
24233, 0, 65.2444, 0, 0, 4.57026e-06, 1.09549e-05, 5.81861e-05, 0.29919, -0.0112828, 0.0115677, 0.299331, -0.0138193
24244, 0, 65.2749, 0, 0, 4.57026e-06, 1.09549e-05, 5.81861e-05, 0.299098, -0.00989622, 0.0119224, 0.299216, -0.0122838
24254, 0, 65.309, 0, 0, 4.57026e-06, 1.09549e-05, 5.81861e-05, 0.299004, -0.0085253, 0.0122529, 0.2991, -0.0107484
24263, 0, 65.027, 0, 0, 4.57026e-06, 1.09549e-05, 5.81861e-05, 0.298964, -0.00643475, 0.0137263, 0.2991, -0.0076774
24273, 0, 65.3083, 0, 0, 4.57026e-06, 1.09549e-05, 5.81861e-05, 0.298895, -0.00518132, 0.0134239, 0.298984, -0.0076774
24284, 0, 65.07, 0, 0, 4.57026e-06, 1.09549e-05, 5.81861e-05, 0.29888, -0.0039283, 0.0132103, 0.298984, -0.00614192
24294, 0, 65.3553, 0, 0, 4.57026e-06, 1.09549e-05, 5.81861e-05, 0.298817, -0.00269861, 0.0130862, 0.298869, -0.00460644
24304, 0, 65.4178, 0, 0, 4.57026e-06, 1.09549e-05, 5.81861e-05, 0.298736, -0.0014795, 0.0130711, 0.298753, -0.00307096
24313, 0, 65.5073, 0, 0, 4.57026e-06, 1.09549e-05, 5.81861e-05, 0.298659, -0.000931851, 0.0120204, 0.298637, -0.00307096
24324, 0, 65.292, 0, 0, 4.57026e-06, 1.09549e-05, 5.81861e-05, 0.29864, -0.000167753, 0.0116583, 0.298637, -0.00153548
24334, 0, 65.6176, 0, 0, 4.57026e-06, 1.09549e-05, 5.81861e-05, 0.298582, 0.000106042, 0.010647, 0.298521, -0.00153548
24344, 0, 65.4062, 0, 0, 4.57026e-06, 1.09549e-05, 5.81861e-05, 0.298566, 0.000741612, 0.0105569, 0.298521, 0
24353, 0, 65.4373, 0, 0, 4.57026e-06, 1.09549e-05, 5.81861e-05, 0.298569, 0.00104845, 0.00992694, 0.298521, 0
24364, 0, 65.7688, 0, 0, 4.57026e-06, 1.09549e-05, 5.81861e-05, 0.298516, 0.00104938, 0.00903628, 0.298406, 0
24374, 0, 65.5836, 0, 0, 4.57026e-06, 1.09549e-05, 5.81861e-05, 0.298507, 0.000887059, 0.00814483, 0.298406, 0
24384, 0, 65.6266, 0, 0, 4.57026e-06, 1.09549e-05, 5.81861e-05, 0.298512, 0.000653402, 0.00739127, 0.298406, 0
24393, 0, 65.6908, 0, 0, 4.57026e-06, 1.09549e-05, 5.81861e-05, 0.298529, -0.000269469, 0.00568245, 0.298406, -0.00153548
24403, 0, 65.7398, 0, 0, 4.57026e-06, 1.09549e-05, 5.81861e-05, 0.298542, -0.00102185, 0.00475761, 0.298406, -0.00153548
24414, 0, 65.7761, 0, 0, 4.57026e-06, 1.09549e-05, 5.81861e-05, 0.298548, -0.00155781, 0.00447191, 0.298406, -0.00153548
24424, 0, 65.8029, 0, 0, 4.57026e-06, 1.09549e-05, 5.81861e-05, 0.298546, -0.00187883, 0.00464151, 0.298406, -0.00153548
24433, 0, 65.8481, 0, 0, 4.57026e-06, 1.09549e-05, 5.81861e-05, 0.29855, -0.00269518, 0.00393005, 0.298406, -0.00307096
24443, 0, 65.8782, 0, 0, 4.57026e-06, 1.09549e-05, 5.81861e-05, 0.298549, -0.00323118, 0.00391209, 0.298406, -0.00307096
24454, 0, 65.8979, 0, 0, 4.57026e-06, 1.09549e-05, 5.81861e-05, 0.298543, -0.0035096, 0.00434945, 0.298406, -0.00307096
24464, 0, 65.9361, 0, 0, 4.57026e-06, 1.09549e-05, 5.81861e-05, 0.298542, -0.00426114, 0.00386958, 0.298406, -0.00460644
24473, 0, 65.9599, 0, 0, 4.57026e-06, 1.09549e-05, 5.81861e-05, 0.298538, -0.00472664, 0.00402814, 0.298406, -0.00460644
24483, 0, 65.6773, 0, 0, 4.57026e-06, 1.09549e-05, 5.81861e-05, 0.298594, -0.00488746, 0.00458214, 0.298521, -0.00460644
24494, 0, 65.939, 0, 0, 4.57026e-06, 1.09549e-05, 5.81861e-05, 0.298616, -0.00554151, 0.00411899, 0.298521, -0.00614192
24504, 0, 65.9564, 0, 0, 4.57026e-06, 1.09549e-05, 5.81861e-05, 0.29862, -0.00594799, 0.00421147, 0.298521, -0.00614192
24514, 0, 65.9913, 0, 0, 4.57026e-06, 1.09549e-05, 5.81861e-05, 0.298626, -0.00681927, 0.00349549, 0.298521, -0.0076774
24523, 0, 66.0104, 0, 0, 4.57026e-06, 1.09549e-05, 5.81861e-05, 0.298625, -0.00738371, 0.00351966, 0.298521, -0.0076774
24534, 0, 66.0184, 0, 0, 4.57026e-06, 1.09549e-05, 5.81861e-05, 0.298618, -0.00766973, 0.00402332, 0.298521, -0.0076774
24544, 0, 65.7509, 0, 0, 4.57026e-06, 1.09549e-05, 5.81861e-05, 0.298682, -0.00836134, 0.0036162, 0.298637, -0.00921288
24554, 0, 65.9883, 0, 0, 4.57026e-06, 1.09549e-05, 5.81861e-05, 0.298699, -0.00876596, 0.0037966, 0.298637, -0.00921288
24563, 0, 65.7162, 0, 0, 4.57026e-06, 1.09549e-05, 5.81861e-05, 0.298774, -0.00956488, 0.00316697, 0.298753, -0.0107484
24573, 0, 65.9537, 0, 0, 4.57026e-06, 1.09549e-05, 5.81861e-05, 0.298797, -0.0100584, 0.00321602, 0.298753, -0.0107484
24584, 0, 65.9749, 0, 0, 4.57026e-06, 1.09549e-05, 5.81861e-05, 0.298808, -0.0109764, 0.00253054, 0.298753, -0.0122838
24594, 0, 65.6833, 0, 0, 4.57026e-06, 1.09549e-05, 5.81861e-05, 0.298873, -0.0115052, 0.00262494, 0.298869, -0.0122838
24603, 0, 65.9052, 0, 0, 4.57026e-06, 1.09549e-05, 5.81861e-05, 0.298888, -0.0117425, 0.00316849, 0.298869, -0.0122838
24613, 0, 65.8896, 0, 0, 4.57026e-06, 1.09549e-05, 5.81861e-05, 0.298885, -0.0117699, 0.00391368, 0.298869, -0.0122838
24624, 0, 65.579, 0, 0, 4.57026e-06, 1.09549e-05, 5.81861e-05, 0.29894, -0.0116084, 0.00468217, 0.298984, -0.0122838
24634, 0, 65.7885, 0, 0, 4.57026e-06, 1.09549e-05, 5.81861e-05, 0.298953, -0.0113824, 0.00531346, 0.298984, -0.0122838
24644, 0, 65.7716, 0, 0, 4.57026e-06, 1.09549e-05, 5.81861e-05, 0.298953, -0.011158, 0.00575273, 0.298984, -0.0122838
24653, 0, 65.7591, 0, 0, 4.57026e-06, 1.09549e-05, 5.81861e-05, 0.298951, -0.0109699, 0.0060014, 0.298984, -0.0122838
24664, 0, 65.7498, 0, 0, 4.57026e-06, 1.09549e-05, 5.81861e-05, 0.29895, -0.0108326, 0.00609025, 0.298984, -0.0122838
24674, 0, 65.7181, 0, 0, 4.57026e-06, 1.09549e-05, 5.81861e-05, 0.29894, -0.0100684, 0.00721622, 0.298984, -0.0107484
24684, 0, 65.6996, 0, 0, 4.57026e-06, 1.09549e-05, 5.81861e-05, 0.298934, -0.00949212, 0.00769301, 0.298984, -0.0107484
24693, 0, 65.6914, 0, 0, 4.57026e-06, 1.09549e-05, 5.81861e-05, 0.298933, -0.00911896, 0.00768025, 0.298984, -0.0107484
24704, 0, 65.6654, 0, 0, 4.57026e-06, 1.09549e-05, 5.81861e-05, 0.298928, -0.00825036, 0.00850424, 0.298984, -0.00921288
24714, 0, 65.6553, 0, 0, 4.57026e-06, 1.09549e-05, 5.81861e-05, 0.298927, -0.00766934, 0.00859036, 0.298984, -0.00921288
24724, 0, 65.6563, 0, 0, 4.57026e-06, 1.09549e-05, 5.81861e-05, 0.298933, -0.00735684, 0.00818291, 0.298984, -0.00921288
24733, 0, 65.6643, 0, 0, 4.57026e-06, 1.09549e-05, 5.81861e-05, 0.298944, -0.00726226, 0.00750998, 0.298984, -0.00921288
24743, 0, 65.9724, 0, 0, 4.57026e-06, 1.09549e-05, 5.81861e-05, 0.298891, -0.00737543, 0.00675671, 0.298869, -0.00921288
24754, 0, 65.7314, 0, 0, 4.57026e-06, 1.09549e-05, 5.81861e-05, 0.298869, -0.00689421, 0.00725334, 0.298869, -0.0076774
24764, 0, 65.4375, 0, 0, 4.57026e-06, 1.09549e-05, 5.81861e-05, 0.298927, -0.00651789, 0.00734117, 0.298984, -0.0076774
24773, 0, 65.6684, 0, 0, 4.57026e-06, 1.09549e-05, 5.81861e-05, 0.298951, -0.00629375, 0.00710932, 0.298984, -0.0076774
24783, 0, 65.6746, 0, 0, 4.57026e-06, 1.09549e-05, 5.81861e-05, 0.298964, -0.00621042, 0.00668706, 0.298984, -0.0076774
24794, 0, 65.6842, 0, 0, 4.57026e-06, 1.09549e-05, 5.81861e-05, 0.298975, -0.00623388, 0.00619401, 0.298984, -0.0076774
24804, 0, 65.6948, 0, 0, 4.57026e-06, 1.09549e-05, 5.81861e-05, 0.298983, -0.0063248, 0.0057209, 0.298984, -0.0076774
24814, 0, 65.7049, 0, 0, 4.57026e-06, 1.09549e-05, 5.81861e-05, 0.29899, -0.00644752, 0.00532502, 0.298984, -0.0076774
24823, 0, 65.7136, 0, 0, 4.57026e-06, 1.09549e-05, 5.81861e-05, 0.298995, -0.00657421, 0.00503338, 0.298984, -0.0076774
24834, 0, 65.7206, 0, 0, 4.57026e-06, 1.09549e-05, 5.81861e-05, 0.298999, -0.00668616, 0.00484938, 0.298984, -0.0076774
24844, 0, 66.0199, 0, 0, 4.57026e-06, 1.09549e-05, 5.81861e-05, 0.298936, -0.00682622, 0.00476047, 0.298869, -0.0076774
24854, 0, 65.7982, 0, 0, 4.57026e-06, 1.09549e-05, 5.81861e-05, 0.298913, -0.00693069, 0.00479055, 0.298869, -0.0076774
24863, 0, 65.5071, 0, 0, 4.57026e-06, 1.09549e-05, 5.81861e-05, 0.298969, -0.00693271, 0.00490937, 0.298984, -0.0076774
24873, 0, 65.7633, 0, 0, 4.57026e-06, 1.09549e-05, 5.81861e-05, 0.298997, -0.00757759, 0.00387615, 0.298984, -0.00921288
24884, 0, 65.7763, 0, 0, 4.57026e-06, 1.09549e-05, 5.81861e-05, 0.29901, -0.00807211, 0.00339076, 0.298984, -0.00921288
24894, 0, 65.7815, 0, 0, 4.57026e-06, 1.09549e-05, 5.81861e-05, 0.299014, -0.0084028, 0.00332546, 0.298984, -0.00921288
24903, 0, 65.7809, 0, 0, 4.57026e-06, 1.09549e-05, 5.81861e-05, 0.299012, -0.00858234, 0.00354108, 0.298984, -0.00921288
24913, 0, 65.7764, 0, 0, 4.57026e-06, 1.09549e-05, 5.81861e-05, 0.299006, -0.00863932, 0.00390922, 0.298984, -0.00921288
24924, 0, 65.7701, 0, 0, 4.57026e-06, 1.09549e-05, 5.81861e-05, 0.299, -0.008609, 0.00432576, 0.298984, -0.00921288
24934, 0, 65.7634, 0, 0, 4.57026e-06, 1.09549e-05, 5.81861e-05, 0.298993, -0.00852616, 0.00471654, 0.298984, -0.00921288
24943, 0, 65.7574, 0, 0, 4.57026e-06, 1.09549e-05, 5.81861e-05, 0.298988, -0.00842064, 0.00503696, 0.298984, -0.00921288
24953, 0, 65.7527, 0, 0, 4.57026e-06, 1.09549e-05, 5.81861e-05, 0.298984, -0.00831487, 0.00526773, 0.298984, -0.00921288
24964, 0, 65.7494, 0, 0, 4.57026e-06, 1.09549e-05, 5.81861e-05, 0.298981, -0.0082234, 0.00540866, 0.298984, -0.00921288
24974, 0, 65.7475, 0, 0, 4.57026e-06, 1.09549e-05, 5.81861e-05, 0.29898, -0.00815383, 0.00547188, 0.298984, -0.00921288
24984, 0, 65.7468, 0, 0, 4.57026e-06, 1.09549e-05, 5.81861e-05, 0.29898, -0.00810801, 0.005476, 0.298984, -0.00921288
24993, 0, 65.7469, 0, 0, 4.57026e-06, 1.09549e-05, 5.81861e-05, 0.29898, -0.00808386, 0.0054412, 0.298984, -0.00921288
25004, 0, 65.7476, 0, 0, 4.57026e-06, 1.09549e-05, 5.81861e-05, 0.298981, -0.00807715, 0.00538588, 0.298984, -0.00921288
25014, 0, 65.7485, 0, 0, 4.57026e-06, 1.09549e-05, 5.81861e-05, 0.298982, -0.00808262, 0.00532486, 0.298984, -0.00921288
25024, 0, 65.7494, 0, 0, 4.57026e-06, 1.09549e-05, 5.81861e-05, 0.298983, -0.00809529, 0.00526849, 0.298984, -0.00921288
25033, 0, 65.7502, 0, 0, 4.57026e-06, 1.09549e-05, 5.81861e-05, 0.298984, -0.00811088, 0.00522288, 0.298984, -0.00921288
25043, 0, 65.7509, 0, 0, 4.57026e-06, 1.09549e-05, 5.81861e-05, 0.298984, -0.00812623, 0.00519051, 0.298984, -0.00921288
25054, 0, 65.7513, 0, 0, 4.57026e-06, 1.09549e-05, 5.81861e-05, 0.298985, -0.00813933, 0.00517119, 0.298984, -0.00921288
25064, 0, 65.7515, 0, 0, 4.57026e-06, 1.09549e-05, 5.81861e-05, 0.298985, -0.00814913, 0.00516298, 0.298984, -0.00921288
25073, 0, 65.7516, 0, 0, 4.57026e-06, 1.09549e-05, 5.81861e-05, 0.298985, -0.00815551, 0.00516311, 0.298984, -0.00921288
25083, 0, 65.7515, 0, 0, 4.57026e-06, 1.09549e-05, 5.81861e-05, 0.298985, -0.00815875, 0.00516865, 0.298984, -0.00921288
25094, 0, 65.7513, 0, 0, 4.57026e-06, 1.09549e-05, 5.81861e-05, 0.298985, -0.00815951, 0.00517695, 0.298984, -0.00921288
25104, 0, 65.7512, 0, 0, 4.57026e-06, 1.09549e-05, 5.81861e-05, 0.298984, -0.00815856, 0.00518589, 0.298984, -0.00921288
25114, 0, 65.751, 0, 0, 4.57026e-06, 1.09549e-05, 5.81861e-05, 0.298984, -0.00815661, 0.00519403, 0.298984, -0.00921288
25123, 0, 65.7508, 0, 0, 4.57026e-06, 1.09549e-05, 5.81861e-05, 0.298984, -0.00815431, 0.00520051, 0.298984, -0.00921288
25134, 0, 65.7507, 0, 0, 4.57026e-06, 1.09549e-05, 5.81861e-05, 0.298984, -0.00815209, 0.00520503, 0.298984, -0.00921288
25144, 0, 65.7506, 0, 0, 4.57026e-06, 1.09549e-05, 5.81861e-05, 0.298984, -0.00815021, 0.00520768, 0.298984, -0.00921288
25154, 0, 65.7505, 0, 0, 4.57026e-06, 1.09549e-05, 5.81861e-05, 0.298984, -0.00814883, 0.00520872, 0.298984, -0.00921288
25163, 0, 65.7505, 0, 0, 4.57026e-06, 1.09549e-05, 5.81861e-05, 0.298984, -0.00814794, 0.00520859, 0.298984, -0.00921288
25174, 0, 65.7505, 0, 0, 4.57026e-06, 1.09549e-05, 5.81861e-05, 0.298984, -0.00814752, 0.0052077, 0.298984, -0.00921288
25184, 0, 65.7504, 0, 0, 4.57026e-06, 1.09549e-05, 5.81861e-05, 0.298984, -0.00814743, 0.00520646, 0.298984, -0.00921288
25194, 0, 65.7504, 0, 0, 4.57026e-06, 1.09549e-05, 5.81861e-05, 0.298984, -0.0081476, 0.00520514, 0.298984, -0.00921288
25203, 0, 65.7504, 0, 0, 4.57026e-06, 1.09549e-05, 5.81861e-05, 0.298984, -0.00814791, 0.00520397, 0.298984, -0.00921288
25213, 0, 65.7504, 0, 0, 4.57026e-06, 1.09549e-05, 5.81861e-05, 0.298984, -0.00814825, 0.00520306, 0.298984, -0.00921288
25224, 0, 65.7504, 0, 0, 4.57026e-06, 1.09549e-05, 5.81861e-05, 0.298984, -0.00814856, 0.00520244, 0.298984, -0.00921288
25234, 0, 65.7504, 0, 0, 4.57026e-06, 1.09549e-05, 5.81861e-05, 0.298984, -0.00814883, 0.00520208, 0.298984, -0.00921288
25243, 0, 65.7503, 0, 0, 4.57026e-06, 1.09549e-05, 5.81861e-05, 0.298984, -0.00814901, 0.00520195, 0.298984, -0.00921288
25253, 0, 65.7503, 0, 0, 4.57026e-06, 1.09549e-05, 5.81861e-05, 0.298984, -0.00814914, 0.00520198, 0.298984, -0.00921288
25264, 0, 65.7503, 0, 0, 4.57026e-06, 1.09549e-05, 5.81861e-05, 0.298984, -0.0081492, 0.00520211, 0.298984, -0.00921288
25274, 0, 65.7502, 0, 0, 4.57026e-06, 1.09549e-05, 5.81861e-05, 0.298984, -0.00814922, 0.0052023, 0.298984, -0.00921288
25284, 0, 65.7502, 0, 0, 4.57026e-06, 1.09549e-05, 5.81861e-05, 0.298984, -0.0081492, 0.0052025, 0.298984, -0.00921288
25293, 0, 65.7501, 0, 0, 4.57026e-06, 1.09549e-05, 5.81861e-05, 0.298984, -0.00814915, 0.00520268, 0.298984, -0.00921288
25304, 0, 65.7501, 0, 0, 4.57026e-06, 1.09549e-05, 5.81861e-05, 0.298984, -0.00814909, 0.00520283, 0.298984, -0.00921288
25314, 0, 65.7501, 0, 0, 4.57026e-06, 1.09549e-05, 5.81861e-05, 0.298984, -0.00814904, 0.00520292, 0.298984, -0.00921288
25324, 0, 65.75, 0, 0, 4.57026e-06, 1.09549e-05, 5.81861e-05, 0.298984, -0.00814898, 0.00520297, 0.298984, -0.00921288
25333, 0, 65.75, 0, 0, 4.57026e-06, 1.09549e-05, 5.81861e-05, 0.298984, -0.00814894, 0.00520298, 0.298984, -0.00921288
25344, 0, 65.75, 0, 0, 4.57026e-06, 1.09549e-05, 5.81861e-05, 0.298984, -0.00814894, 0.00520294, 0.298984, -0.00921288
25354, 0, 65.7499, 0, 0, 4.57026e-06, 1.09549e-05, 5.81861e-05, 0.298984, -0.00814894, 0.00520291, 0.298984, -0.00921288
25364, 0, 65.7499, 0, 0, 4.57026e-06, 1.09549e-05, 5.81861e-05, 0.298984, -0.00814894, 0.00520287, 0.298984, -0.00921288
25373, 0, 65.7498, 0, 0, 4.57026e-06, 1.09549e-05, 5.81861e-05, 0.298984, -0.00814895, 0.00520284, 0.298984, -0.00921288
25383, 0, 65.7498, 0, 0, 4.57026e-06, 1.09549e-05, 5.81861e-05, 0.298984, -0.00814895, 0.00520281, 0.298984, -0.00921288
25394, 0, 65.7498, 0, 0, 4.57026e-06, 1.09549e-05, 5.81861e-05, 0.298984, -0.00814896, 0.00520279, 0.298984, -0.00921288
25404, 0, 65.7497, 0, 0, 4.57026e-06, 1.09549e-05, 5.81861e-05, 0.298984, -0.00814896, 0.00520277, 0.298984, -0.00921288
25413, 0, 65.7497, 0, 0, 4.57026e-06, 1.09549e-05, 5.81861e-05, 0.298984, -0.00814897, 0.00520275, 0.298984, -0.00921288
25423, 0, 65.7497, 0, 0, 4.57026e-06, 1.09549e-05, 5.81861e-05, 0.298984, -0.00814899, 0.00520274, 0.298984, -0.00921288
25434, 0, 65.7496, 0, 0, 4.57026e-06, 1.09549e-05, 5.81861e-05, 0.298984, -0.00814899, 0.00520275, 0.298984, -0.00921288
25444, 0, 65.7496, 0, 0, 4.57026e-06, 1.09549e-05, 5.81861e-05, 0.298984, -0.00814898, 0.00520275, 0.298984, -0.00921288
25454, 0, 65.7495, 0, 0, 4.57026e-06, 1.09549e-05, 5.81861e-05, 0.298984, -0.00814898, 0.00520276, 0.298984, -0.00921288
25463, 0, 65.7495, 0, 0, 4.57026e-06, 1.09549e-05, 5.81861e-05, 0.298984, -0.00814898, 0.00520276, 0.298984, -0.00921288
25474, 0, 65.7495, 0, 0, 4.57026e-06, 1.09549e-05, 5.81861e-05, 0.298984, -0.00814898, 0.00520275, 0.298984, -0.00921288
25484, 0, 65.7494, 0, 0, 4.57026e-06, 1.09549e-05, 5.81861e-05, 0.298984, -0.00814898, 0.00520275, 0.298984, -0.00921288
25494, 0, 65.7494, 0, 0, 4.57026e-06, 1.09549e-05, 5.81861e-05, 0.298984, -0.00814898, 0.00520275, 0.298984, -0.00921288
25503, 0, 65.7494, 0, 0, 4.57026e-06, 1.09549e-05, 5.81861e-05, 0.298984, -0.00814898, 0.00520275, 0.298984, -0.00921288
25513, 0, 65.7493, 0, 0, 4.57026e-06, 1.09549e-05, 5.81861e-05, 0.298984, -0.008149, 0.00520274, 0.298984, -0.00921288
25524, 0, 65.7493, 0, 0, 4.57026e-06, 1.09549e-05, 5.81861e-05, 0.298984, -0.00814899, 0.00520276, 0.298984, -0.00921288
25534, 0, 65.7492, 0, 0, 4.57026e-06, 1.09549e-05, 5.81861e-05, 0.298984, -0.00814898, 0.00520276, 0.298984, -0.00921288
25543, 0, 65.7492, 0, 0, 4.57026e-06, 1.09549e-05, 5.81861e-05, 0.298984, -0.00814898, 0.00520277, 0.298984, -0.00921288
25553, 0, 65.7492, 0, 0, 4.57026e-06, 1.09549e-05, 5.81861e-05, 0.298984, -0.00814898, 0.00520277, 0.298984, -0.00921288
25564, 0, 65.7491, 0, 0, 4.57026e-06, 1.09549e-05, 5.81861e-05, 0.298984, -0.00814898, 0.00520276, 0.298984, -0.00921288
25574, 0, 65.7491, 0, 0, 4.57026e-06, 1.09549e-05, 5.81861e-05, 0.298984, -0.00814898, 0.00520276, 0.298984, -0.00921288
25583, 0, 65.7491, 0, 0, 4.57026e-06, 1.09549e-05, 5.81861e-05, 0.298984, -0.00814898, 0.00520275, 0.298984, -0.00921288
25593, 0, 65.749, 0, 0, 4.57026e-06, 1.09549e-05, 5.81861e-05, 0.298984, -0.00814898, 0.00520275, 0.298984, -0.00921288
25604, 0, 65.749, 0, 0, 4.57026e-06, 1.09549e-05, 5.81861e-05, 0.298984, -0.00814898, 0.00520275, 0.298984, -0.00921288
25614, 0, 65.7489, 0, 0, 4.57026e-06, 1.09549e-05, 5.81861e-05, 0.298984, -0.008149, 0.00520274, 0.298984, -0.00921288
25624, 0, 65.7489, 0, 0, 4.57026e-06, 1.09549e-05, 5.81861e-05, 0.298984, -0.00814899, 0.00520276, 0.298984, -0.00921288
25633, 0, 65.7489, 0, 0, 4.57026e-06, 1.09549e-05, 5.81861e-05, 0.298984, -0.00814898, 0.00520276, 0.298984, -0.00921288
25644, 0, 65.7488, 0, 0, 4.57026e-06, 1.09549e-05, 5.81861e-05, 0.298984, -0.00814898, 0.00520277, 0.298984, -0.00921288
25654, 0, 65.7488, 0, 0, 4.57026e-06, 1.09549e-05, 5.81861e-05, 0.298984, -0.00814898, 0.00520277, 0.298984, -0.00921288
25664, 0, 65.7488, 0, 0, 4.57026e-06, 1.09549e-05, 5.81861e-05, 0.298984, -0.00814898, 0.00520277, 0.298984, -0.00921288
25673, 0, 65.7487, 0, 0, 4.57026e-06, 1.09549e-05, 5.81861e-05, 0.298984, -0.00814898, 0.00520276, 0.298984, -0.00921288
25683, 0, 65.7487, 0, 0, 4.57026e-06, 1.09549e-05, 5.81861e-05, 0.298984, -0.00814898, 0.00520276, 0.298984, -0.00921288
25694, 0, 65.7486, 0, 0, 4.57026e-06, 1.09549e-05, 5.81861e-05, 0.298984, -0.00814898, 0.00520275, 0.298984, -0.00921288
25704, 0, 65.7486, 0, 0, 4.57026e-06, 1.09549e-05, 5.81861e-05, 0.298984, -0.00814898, 0.00520275, 0.298984, -0.00921288
25713, 0, 65.7486, 0, 0, 4.57026e-06, 1.09549e-05, 5.81861e-05, 0.298984, -0.00814898, 0.00520275, 0.298984, -0.00921288
25723, 0, 65.7485, 0, 0, 4.57026e-06, 1.09549e-05, 5.81861e-05, 0.298984, -0.008149, 0.00520275, 0.298984, -0.00921288
25734, 0, 65.7485, 0, 0, 4.57026e-06, 1.09549e-05, 5.81861e-05, 0.298984, -0.00814899, 0.00520276, 0.298984, -0.00921288
25744, 0, 65.7485, 0, 0, 4.57026e-06, 1.09549e-05, 5.81861e-05, 0.298984, -0.00814898, 0.00520277, 0.298984, -0.00921288
25753, 0, 65.7484, 0, 0, 4.57026e-06, 1.09549e-05, 5.81861e-05, 0.298984, -0.00814898, 0.00520277, 0.298984, -0.00921288
25763, 0, 65.7484, 0, 0, 4.57026e-06, 1.09549e-05, 5.81861e-05, 0.298984, -0.00814898, 0.00520277, 0.298984, -0.00921288
25774, 0, 65.7483, 0, 0, 4.57026e-06, 1.09549e-05, 5.81861e-05, 0.298984, -0.00814898, 0.00520276, 0.298984, -0.00921288
25784, 0, 65.7483, 0, 0, 4.57026e-06, 1.09549e-05, 5.81861e-05, 0.298984, -0.00814898, 0.00520276, 0.298984, -0.00921288
25794, 0, 65.7483, 0, 0, 4.57026e-06, 1.09549e-05, 5.81861e-05, 0.298984, -0.00814898, 0.00520276, 0.298984, -0.00921288
25803, 0, 65.7482, 0, 0, 4.57026e-06, 1.09549e-05, 5.81861e-05, 0.298984, -0.00814898, 0.00520275, 0.298984, -0.00921288
25814, 0, 65.7482, 0, 0, 4.57026e-06, 1.09549e-05, 5.81861e-05, 0.298984, -0.00814898, 0.00520275, 0.298984, -0.00921288
25824, 0, 65.7482, 0, 0, 4.57026e-06, 1.09549e-05, 5.81861e-05, 0.298984, -0.008149, 0.00520274, 0.298984, -0.00921288
25834, 0, 65.7481, 0, 0, 4.57026e-06, 1.09549e-05, 5.81861e-05, 0.298984, -0.00814899, 0.00520276, 0.298984, -0.00921288
25843, 0, 65.7481, 0, 0, 4.57026e-06, 1.09549e-05, 5.81861e-05, 0.298984, -0.00814898, 0.00520276, 0.298984, -0.00921288
25853, 0, 65.748, 0, 0, 4.57026e-06, 1.09549e-05, 5.81861e-05, 0.298984, -0.00814898, 0.00520277, 0.298984, -0.00921288
25864, 0, 65.748, 0, 0, 4.57026e-06, 1.09549e-05, 5.81861e-05, 0.298984, -0.00814898, 0.00520277, 0.298984, -0.00921288
25874, 0, 65.748, 0, 0, 4.57026e-06, 1.09549e-05, 5.81861e-05, 0.298984, -0.00814898, 0.00520276, 0.298984, -0.00921288
25883, 0, 65.7479, 0, 0, 4.57026e-06, 1.09549e-05, 5.81861e-05, 0.298984, -0.00814898, 0.00520276, 0.298984, -0.00921288
25893, 0, 65.7479, 0, 0, 4.57026e-06, 1.09549e-05, 5.81861e-05, 0.298984, -0.00814898, 0.00520275, 0.298984, -0.00921288
25904, 0, 65.7479, 0, 0, 4.57026e-06, 1.09549e-05, 5.81861e-05, 0.298984, -0.00814898, 0.00520275, 0.298984, -0.00921288
25914, 0, 65.7478, 0, 0, 4.57026e-06, 1.09549e-05, 5.81861e-05, 0.298984, -0.00814898, 0.00520275, 0.298984, -0.00921288
25924, 0, 65.7478, 0, 0, 4.57026e-06, 1.09549e-05, 5.81861e-05, 0.298984, -0.008149, 0.00520274, 0.298984, -0.00921288
25933, 0, 65.7477, 0, 0, 4.57026e-06, 1.09549e-05, 5.81861e-05, 0.298984, -0.00814899, 0.00520276, 0.298984, -0.00921288
25944, 0, 65.7477, 0, 0, 4.57026e-06, 1.09549e-05, 5.81861e-05, 0.298984, -0.00814898, 0.00520276, 0.298984, -0.00921288
25954, 0, 65.7477, 0, 0, 4.57026e-06, 1.09549e-05, 5.81861e-05, 0.298984, -0.00814898, 0.00520277, 0.298984, -0.00921288
25964, 0, 65.7476, 0, 0, 4.57026e-06, 1.09549e-05, 5.81861e-05, 0.298984, -0.00814898, 0.00520277, 0.298984, -0.00921288
25973, 0, 65.7476, 0, 0, 4.57026e-06, 1.09549e-05, 5.81861e-05, 0.298984, -0.00814898, 0.00520277, 0.298984, -0.00921288
25984, 0, 65.7476, 0, 0, 4.57026e-06, 1.09549e-05, 5.81861e-05, 0.298984, -0.00814898, 0.00520276, 0.298984, -0.00921288
25994, 0, 65.7475, 0, 0, 4.57026e-06, 1.09549e-05, 5.81861e-05, 0.298984, -0.00814898, 0.00520276, 0.298984, -0.00921288
26004, 0, 65.7475, 0, 0, 4.57026e-06, 1.09549e-05, 5.81861e-05, 0.298984, -0.00814898, 0.00520275, 0.298984, -0.00921288
26013, 0, 65.7474, 0, 0, 4.57026e-06, 1.09549e-05, 5.81861e-05, 0.298984, -0.00814898, 0.00520275, 0.298984, -0.00921288
26023, 0, 65.7474, 0, 0, 4.57026e-06, 1.09549e-05, 5.81861e-05, 0.298984, -0.00814898, 0.00520275, 0.298984, -0.00921288
26034, 0, 65.7474, 0, 0, 4.57026e-06, 1.09549e-05, 5.81861e-05, 0.298984, -0.008149, 0.00520275, 0.298984, -0.00921288
26044, 0, 65.7473, 0, 0, 4.57026e-06, 1.09549e-05, 5.81861e-05, 0.298984, -0.00814899, 0.00520276, 0.298984, -0.00921288
26053, 0, 65.7473, 0, 0, 4.57026e-06, 1.09549e-05, 5.81861e-05, 0.298984, -0.00814898, 0.00520277, 0.298984, -0.00921288
26063, 0, 65.7473, 0, 0, 4.57026e-06, 1.09549e-05, 5.81861e-05, 0.298984, -0.00814898, 0.00520277, 0.298984, -0.00921288
26074, 0, 65.7472, 0, 0, 4.57026e-06, 1.09549e-05, 5.81861e-05, 0.298984, -0.00814898, 0.00520277, 0.298984, -0.00921288
26084, 0, 65.7472, 0, 0, 4.57026e-06, 1.09549e-05, 5.81861e-05, 0.298984, -0.00814898, 0.00520276, 0.298984, -0.00921288
26094, 0, 65.7471, 0, 0, 4.57026e-06, 1.09549e-05, 5.81861e-05, 0.298984, -0.00814898, 0.00520276, 0.298984, -0.00921288
26103, 0, 65.7471, 0, 0, 4.57026e-06, 1.09549e-05, 5.81861e-05, 0.298984, -0.00814898, 0.00520276, 0.298984, -0.00921288
26114, 0, 65.7471, 0, 0, 4.57026e-06, 1.09549e-05, 5.81861e-05, 0.298984, -0.00814898, 0.00520275, 0.298984, -0.00921288
26124, 0, 65.747, 0, 0, 4.57026e-06, 1.09549e-05, 5.81861e-05, 0.298984, -0.00814898, 0.00520275, 0.298984, -0.00921288
26134, 0, 65.747, 0, 0, 4.57026e-06, 1.09549e-05, 5.81861e-05, 0.298984, -0.008149, 0.00520274, 0.298984, -0.00921288
26143, 0, 65.747, 0, 0, 4.57026e-06, 1.09549e-05, 5.81861e-05, 0.298984, -0.00814899, 0.00520276, 0.298984, -0.00921288
26153, 0, 65.7469, 0, 0, 4.57026e-06, 1.09549e-05, 5.81861e-05, 0.298984, -0.00814898, 0.00520276, 0.298984, -0.00921288
26164, 0, 65.7469, 0, 0, 4.57026e-06, 1.09549e-05, 5.81861e-05, 0.298984, -0.00814898, 0.00520277, 0.298984, -0.00921288
26174, 0, 65.7468, 0, 0, 4.57026e-06, 1.09549e-05, 5.81861e-05, 0.298984, -0.00814898, 0.00520277, 0.298984, -0.00921288
26183, 0, 65.7468, 0, 0, 4.57026e-06, 1.09549e-05, 5.81861e-05, 0.298984, -0.00814898, 0.00520276, 0.298984, -0.00921288
26193, 0, 65.7468, 0, 0, 4.57026e-06, 1.09549e-05, 5.81861e-05, 0.298984, -0.00814898, 0.00520276, 0.298984, -0.00921288
26204, 0, 65.7467, 0, 0, 4.57026e-06, 1.09549e-05, 5.81861e-05, 0.298984, -0.00814898, 0.00520275, 0.298984, -0.00921288
26214, 0, 65.7467, 0, 0, 4.57026e-06, 1.09549e-05, 5.81861e-05, 0.298984, -0.00814898, 0.00520275, 0.298984, -0.00921288
26223, 0, 65.7467, 0, 0, 4.57026e-06, 1.09549e-05, 5.81861e-05, 0.298984, -0.00814898, 0.00520275, 0.298984, -0.00921288
26233, 0, 65.7466, 0, 0, 4.57026e-06, 1.09549e-05, 5.81861e-05, 0.298984, -0.008149, 0.00520274, 0.298984, -0.00921288
26244, 0, 65.7466, 0, 0, 4.57026e-06, 1.09549e-05, 5.81861e-05, 0.298984, -0.00814899, 0.00520276, 0.298984, -0.00921288
26254, 0, 65.7466, 0, 0, 4.57026e-06, 1.09549e-05, 5.81861e-05, 0.298984, -0.00814898, 0.00520276, 0.298984, -0.00921288
26264, 0, 65.7465, 0, 0, 4.57026e-06, 1.09549e-05, 5.81861e-05, 0.298984, -0.00814898, 0.00520277, 0.298984, -0.00921288
26273, 0, 65.7465, 0, 0, 4.57026e-06, 1.09549e-05, 5.81861e-05, 0.298984, -0.00814898, 0.00520277, 0.298984, -0.00921288
26284, 0, 65.7464, 0, 0, 4.57026e-06, 1.09549e-05, 5.81861e-05, 0.298984, -0.00814898, 0.00520277, 0.298984, -0.00921288
26294, 0, 65.7464, 0, 0, 4.57026e-06, 1.09549e-05, 5.81861e-05, 0.298984, -0.00814898, 0.00520276, 0.298984, -0.00921288
26304, 0, 65.7464, 0, 0, 4.57026e-06, 1.09549e-05, 5.81861e-05, 0.298984, -0.00814898, 0.00520276, 0.298984, -0.00921288
26313, 0, 65.7463, 0, 0, 4.57026e-06, 1.09549e-05, 5.81861e-05, 0.298984, -0.00814898, 0.00520275, 0.298984, -0.00921288
26323, 0, 65.7463, 0, 0, 4.57026e-06, 1.09549e-05, 5.81861e-05, 0.298984, -0.00814898, 0.00520275, 0.298984, -0.00921288
26334, 0, 65.7462, 0, 0, 4.57026e-06, 1.09549e-05, 5.81861e-05, 0.298984, -0.00814898, 0.00520275, 0.298984, -0.00921288
26344, 0, 65.7462, 0, 0, 4.57026e-06, 1.09549e-05, 5.81861e-05, 0.298984, -0.008149, 0.00520275, 0.298984, -0.00921288
26353, 0, 65.7462, 0, 0, 4.57026e-06, 1.09549e-05, 5.81861e-05, 0.298984, -0.00814899, 0.00520276, 0.298984, -0.00921288
26363, 0, 65.7461, 0, 0, 4.57026e-06, 1.09549e-05, 5.81861e-05, 0.298984, -0.00814898, 0.00520277, 0.298984, -0.00921288
26374, 0, 65.7461, 0, 0, 4.57026e-06, 1.09549e-05, 5.81861e-05, 0.298984, -0.00814898, 0.00520277, 0.298984, -0.00921288
26384, 0, 65.7461, 0, 0, 4.57026e-06, 1.09549e-05, 5.81861e-05, 0.298984, -0.00814898, 0.00520277, 0.298984, -0.00921288
26393, 0, 65.746, 0, 0, 4.57026e-06, 1.09549e-05, 5.81861e-05, 0.298984, -0.00814898, 0.00520276, 0.298984, -0.00921288
26403, 0, 65.746, 0, 0, 4.57026e-06, 1.09549e-05, 5.81861e-05, 0.298984, -0.00814898, 0.00520276, 0.298984, -0.00921288
26414, 0, 65.7459, 0, 0, 4.57026e-06, 1.09549e-05, 5.81861e-05, 0.298984, -0.00814898, 0.00520276, 0.298984, -0.00921288
26424, 0, 65.7459, 0, 0, 4.57026e-06, 1.09549e-05, 5.81861e-05, 0.298984, -0.00814898, 0.00520275, 0.298984, -0.00921288
26434, 0, 65.7459, 0, 0, 4.57026e-06, 1.09549e-05, 5.81861e-05, 0.298984, -0.00814898, 0.00520275, 0.298984, -0.00921288
26443, 0, 65.7458, 0, 0, 4.57026e-06, 1.09549e-05, 5.81861e-05, 0.298984, -0.008149, 0.00520274, 0.298984, -0.00921288
26454, 0, 65.7458, 0, 0, 4.57026e-06, 1.09549e-05, 5.81861e-05, 0.298984, -0.00814899, 0.00520276, 0.298984, -0.00921288
26464, 0, 65.7458, 0, 0, 4.57026e-06, 1.09549e-05, 5.81861e-05, 0.298984, -0.00814898, 0.00520276, 0.298984, -0.00921288
26474, 0, 65.7457, 0, 0, 4.57026e-06, 1.09549e-05, 5.81861e-05, 0.298984, -0.00814898, 0.00520277, 0.298984, -0.00921288
26483, 0, 65.7457, 0, 0, 4.57026e-06, 1.09549e-05, 5.81861e-05, 0.298984, -0.00814898, 0.00520277, 0.298984, -0.00921288
26493, 0, 65.7457, 0, 0, 4.57026e-06, 1.09549e-05, 5.81861e-05, 0.298984, -0.00814898, 0.00520276, 0.298984, -0.00921288
26504, 0, 65.7456, 0, 0, 4.57026e-06, 1.09549e-05, 5.81861e-05, 0.298984, -0.00814898, 0.00520276, 0.298984, -0.00921288
26514, 0, 65.7456, 0, 0, 4.57026e-06, 1.09549e-05, 5.81861e-05, 0.298984, -0.00814898, 0.00520275, 0.298984, -0.00921288
26523, 0, 65.7455, 0, 0, 4.57026e-06, 1.09549e-05, 5.81861e-05, 0.298984, -0.00814898, 0.00520275, 0.298984, -0.00921288
26533, 0, 65.7455, 0, 0, 4.57026e-06, 1.09549e-05, 5.81861e-05, 0.298984, -0.00814898, 0.00520275, 0.298984, -0.00921288
26544, 0, 65.7455, 0, 0, 4.57026e-06, 1.09549e-05, 5.81861e-05, 0.298984, -0.008149, 0.00520274, 0.298984, -0.00921288
26554, 0, 65.7454, 0, 0, 4.57026e-06, 1.09549e-05, 5.81861e-05, 0.298984, -0.00814899, 0.00520276, 0.298984, -0.00921288
26564, 0, 65.7454, 0, 0, 4.57026e-06, 1.09549e-05, 5.81861e-05, 0.298984, -0.00814898, 0.00520276, 0.298984, -0.00921288
26573, 0, 65.7454, 0, 0, 4.57026e-06, 1.09549e-05, 5.81861e-05, 0.298984, -0.00814898, 0.00520277, 0.298984, -0.00921288
26584, 0, 65.7453, 0, 0, 4.57026e-06, 1.09549e-05, 5.81861e-05, 0.298984, -0.00814898, 0.00520277, 0.298984, -0.00921288
26594, 0, 65.7453, 0, 0, 4.57026e-06, 1.09549e-05, 5.81861e-05, 0.298984, -0.00814898, 0.00520277, 0.298984, -0.00921288
26604, 0, 65.7452, 0, 0, 4.57026e-06, 1.09549e-05, 5.81861e-05, 0.298984, -0.00814898, 0.00520276, 0.298984, -0.00921288
26614, 0, 65.7452, 0, 0, 4.57026e-06, 1.09549e-05, 5.81861e-05, 0.298984, -0.00814898, 0.00520276, 0.298984, -0.00921288
26624, 0, 65.7452, 0, 0, 4.57026e-06, 1.09549e-05, 5.81861e-05, 0.298984, -0.00814898, 0.00520275, 0.298984, -0.00921288
26634, 0, 65.7451, 0, 0, 4.57026e-06, 1.09549e-05, 5.81861e-05, 0.298984, -0.00814898, 0.00520275, 0.298984, -0.00921288
26644, 0, 65.7451, 0, 0, 4.57026e-06, 1.09549e-05, 5.81861e-05, 0.298984, -0.00814898, 0.00520275, 0.298984, -0.00921288
26653, 0, 65.7451, 0, 0, 4.57026e-06, 1.09549e-05, 5.81861e-05, 0.298984, -0.008149, 0.00520275, 0.298984, -0.00921288
26663, 0, 65.745, 0, 0, 4.57026e-06, 1.09549e-05, 5.81861e-05, 0.298984, -0.00814899, 0.00520276, 0.298984, -0.00921288
26674, 0, 65.745, 0, 0, 4.57026e-06, 1.09549e-05, 5.81861e-05, 0.298984, -0.00814898, 0.00520277, 0.298984, -0.00921288
26684, 0, 65.7449, 0, 0, 4.57026e-06, 1.09549e-05, 5.81861e-05, 0.298984, -0.00814898, 0.00520277, 0.298984, -0.00921288
26693, 0, 65.7449, 0, 0, 4.57026e-06, 1.09549e-05, 5.81861e-05, 0.298984, -0.00814898, 0.00520277, 0.298984, -0.00921288
26703, 0, 65.7449, 0, 0, 4.57026e-06, 1.09549e-05, 5.81861e-05, 0.298984, -0.00814898, 0.00520276, 0.298984, -0.00921288
26714, 0, 65.7448, 0, 0, 4.57026e-06, 1.09549e-05, 5.81861e-05, 0.298984, -0.00814898, 0.00520276, 0.298984, -0.00921288
26724, 0, 65.7448, 0, 0, 4.57026e-06, 1.09549e-05, 5.81861e-05, 0.298984, -0.00814898, 0.00520276, 0.298984, -0.00921288
26734, 0, 65.7448, 0, 0, 4.57026e-06, 1.09549e-05, 5.81861e-05, 0.298984, -0.00814898, 0.00520275, 0.298984, -0.00921288
26743, 0, 65.7447, 0, 0, 4.57026e-06, 1.09549e-05, 5.81861e-05, 0.298984, -0.00814898, 0.00520275, 0.298984, -0.00921288
26754, 0, 65.7447, 0, 0, 4.57026e-06, 1.09549e-05, 5.81861e-05, 0.298984, -0.008149, 0.00520274, 0.298984, -0.00921288
26764, 0, 65.7446, 0, 0, 4.57026e-06, 1.09549e-05, 5.81861e-05, 0.298984, -0.00814899, 0.00520276, 0.298984, -0.00921288
26774, 0, 65.7446, 0, 0, 4.57026e-06, 1.09549e-05, 5.81861e-05, 0.298984, -0.00814898, 0.00520276, 0.298984, -0.00921288
26783, 0, 65.7446, 0, 0, 4.57026e-06, 1.09549e-05, 5.81861e-05, 0.298984, -0.00814898, 0.00520277, 0.298984, -0.00921288
26793, 0, 65.7445, 0, 0, 4.57026e-06, 1.09549e-05, 5.81861e-05, 0.298984, -0.00814898, 0.00520277, 0.298984, -0.00921288
26804, 0, 65.7445, 0, 0, 4.57026e-06, 1.09549e-05, 5.81861e-05, 0.298984, -0.00814898, 0.00520276, 0.298984, -0.00921288
26814, 0, 65.7445, 0, 0, 4.57026e-06, 1.09549e-05, 5.81861e-05, 0.298984, -0.00814898, 0.00520276, 0.298984, -0.00921288
26823, 0, 65.7444, 0, 0, 4.57026e-06, 1.09549e-05, 5.81861e-05, 0.298984, -0.00814898, 0.00520275, 0.298984, -0.00921288
26833, 0, 65.7444, 0, 0, 4.57026e-06, 1.09549e-05, 5.81861e-05, 0.298984, -0.00814898, 0.00520275, 0.298984, -0.00921288
26844, 0, 65.7443, 0, 0, 4.57026e-06, 1.09549e-05, 5.81861e-05, 0.298984, -0.00814898, 0.00520275, 0.298984, -0.00921288
26854, 0, 65.7443, 0, 0, 4.57026e-06, 1.09549e-05, 5.81861e-05, 0.298984, -0.008149, 0.00520274, 0.298984, -0.00921288
26863, 0, 65.7443, 0, 0, 4.57026e-06, 1.09549e-05, 5.81861e-05, 0.298984, -0.00814899, 0.00520276, 0.298984, -0.00921288
26873, 0, 65.7442, 0, 0, 4.57026e-06, 1.09549e-05, 5.81861e-05, 0.298984, -0.00814898, 0.00520276, 0.298984, -0.00921288
26884, 0, 65.7442, 0, 0, 4.57026e-06, 1.09549e-05, 5.81861e-05, 0.298984, -0.00814898, 0.00520277, 0.298984, -0.00921288
26894, 0, 65.7442, 0, 0, 4.57026e-06, 1.09549e-05, 5.81861e-05, 0.298984, -0.00814898, 0.00520277, 0.298984, -0.00921288
26904, 0, 65.7441, 0, 0, 4.57026e-06, 1.09549e-05, 5.81861e-05, 0.298984, -0.00814898, 0.00520277, 0.298984, -0.00921288
26913, 0, 65.7441, 0, 0, 4.57026e-06, 1.09549e-05, 5.81861e-05, 0.298984, -0.00814898, 0.00520276, 0.298984, -0.00921288
26924, 0, 65.744, 0, 0, 4.57026e-06, 1.09549e-05, 5.81861e-05, 0.298984, -0.00814898, 0.00520276, 0.298984, -0.00921288
26934, 0, 65.744, 0, 0, 4.57026e-06, 1.09549e-05, 5.81861e-05, 0.298984, -0.00814898, 0.00520275, 0.298984, -0.00921288
26944, 0, 66.0406, 0, 0, 4.57026e-06, 1.09549e-05, 5.81861e-05, 0.298919, -0.008202, 0.00520275, 0.298869, -0.00921288
26953, 0, 65.8127, 0, 0, 4.57026e-06, 1.09549e-05, 5.81861e-05, 0.298896, -0.00824761, 0.00524779, 0.298869, -0.00921288
26963, 0, 65.5215, 0, 0, 4.57026e-06, 1.09549e-05, 5.81861e-05, 0.298952, -0.00821706, 0.00533158, 0.298984, -0.00921288
26974, 0, 65.7482, 0, 0, 4.57026e-06, 1.09549e-05, 5.81861e-05, 0.298971, -0.00817168, 0.00538941, 0.298984, -0.00921288
26984, 0, 65.7459, 0, 0, 4.57026e-06, 1.09549e-05, 5.81861e-05, 0.298977, -0.00813346, 0.0054087, 0.298984, -0.00921288
26993, 0, 65.7453, 0, 0, 4.57026e-06, 1.09549e-05, 5.81861e-05, 0.29898, -0.00810884, 0.00539551, 0.298984, -0.00921288
27003, 0, 65.7454, 0, 0, 4.57026e-06, 1.09549e-05, 5.81861e-05, 0.298981, -0.00809767, 0.00536141, 0.298984, -0.00921288
27014, 0, 65.7459, 0, 0, 4.57026e-06, 1.09549e-05, 5.81861e-05, 0.298982, -0.00809723, 0.00531782, 0.298984, -0.00921288
27024, 0, 65.7465, 0, 0, 4.57026e-06, 1.09549e-05, 5.81861e-05, 0.298983, -0.00810396, 0.00527386, 0.298984, -0.00921288
27033, 0, 65.7472, 0, 0, 4.57026e-06, 1.09549e-05, 5.81861e-05, 0.298983, -0.00811447, 0.00523562, 0.298984, -0.00921288
27043, 0, 65.7477, 0, 0, 4.57026e-06, 1.09549e-05, 5.81861e-05, 0.298984, -0.00812602, 0.0052063, 0.298984, -0.00921288
27054, 0, 66.0448, 0, 0, 4.57026e-06, 1.09549e-05, 5.81861e-05, 0.298919, -0.00818968, 0.00518679, 0.298869, -0.00921288
27064, 0, 65.8171, 0, 0, 4.57026e-06, 1.09549e-05, 5.81861e-05, 0.298897, -0.00824387, 0.00522137, 0.298869, -0.00921288
27074, 0, 65.5232, 0, 0, 4.57026e-06, 1.09549e-05, 5.81861e-05, 0.298952, -0.00821941, 0.00530198, 0.298984, -0.00921288
27083, 0, 65.7523, 0, 0, 4.57026e-06, 1.09549e-05, 5.81861e-05, 0.298971, -0.00817765, 0.00536181, 0.298984, -0.00921288
27094, 0, 65.75, 0, 0, 4.57026e-06, 1.09549e-05, 5.81861e-05, 0.298978, -0.00814098, 0.00538617, 0.298984, -0.00921288
27104, 0, 65.7492, 0, 0, 4.57026e-06, 1.09549e-05, 5.81861e-05, 0.29898, -0.00811632, 0.00537937, 0.298984, -0.00921288
27114, 0, 65.7492, 0, 0, 4.57026e-06, 1.09549e-05, 5.81861e-05, 0.298981, -0.00810411, 0.00535163, 0.298984, -0.00921288
27123, 0, 65.7496, 0, 0, 4.57026e-06, 1.09549e-05, 5.81861e-05, 0.298982, -0.00810209, 0.00531351, 0.298984, -0.00921288
27133, 0, 65.7502, 0, 0, 4.57026e-06, 1.09549e-05, 5.81861e-05, 0.298983, -0.00810714, 0.00527368, 0.298984, -0.00921288
27144, 0, 65.7508, 0, 0, 4.57026e-06, 1.09549e-05, 5.81861e-05, 0.298983, -0.00811612, 0.00523814, 0.298984, -0.00921288
27154, 0, 65.7513, 0, 0, 4.57026e-06, 1.09549e-05, 5.81861e-05, 0.298984, -0.00812645, 0.00521022, 0.298984, -0.00921288
27163, 0, 66.0483, 0, 0, 4.57026e-06, 1.09549e-05, 5.81861e-05, 0.298919, -0.00818928, 0.00519109, 0.298869, -0.00921288
27173, 0, 65.8206, 0, 0, 4.57026e-06, 1.09549e-05, 5.81861e-05, 0.298896, -0.00824296, 0.00522532, 0.298869, -0.00921288
27184, 0, 65.5267, 0, 0, 4.57026e-06, 1.09549e-05, 5.81861e-05, 0.298952, -0.00821829, 0.00530515, 0.298984, -0.00921288
27194, 0, 65.7558, 0, 0, 4.57026e-06, 1.09549e-05, 5.81861e-05, 0.298971, -0.00817658, 0.00536403, 0.298984, -0.00921288
27204, 0, 65.7535, 0, 0, 4.57026e-06, 1.09549e-05, 5.81861e-05, 0.298978, -0.00814008, 0.00538748, 0.298984, -0.00921288
27213, 0, 65.7528, 0, 0, 4.57026e-06, 1.09549e-05, 5.81861e-05, 0.29898, -0.00811563, 0.00537992, 0.298984, -0.00921288
27224, 0, 65.7528, 0, 0, 4.57026e-06, 1.09549e-05, 5.81861e-05, 0.298981, -0.00810366, 0.00535158, 0.298984, -0.00921288
27234, 0, 65.7532, 0, 0, 4.57026e-06, 1.09549e-05, 5.81861e-05, 0.298982, -0.00810186, 0.00531309, 0.298984, -0.00921288
27244, 0, 65.7538, 0, 0, 4.57026e-06, 1.09549e-05, 5.81861e-05, 0.298983, -0.00810709, 0.00527306, 0.298984, -0.00921288
27253, 0, 65.7544, 0, 0, 4.57026e-06, 1.09549e-05, 5.81861e-05, 0.298983, -0.00811619, 0.00523747, 0.298984, -0.00921288
27264, 0, 65.7549, 0, 0, 4.57026e-06, 1.09549e-05, 5.81861e-05, 0.298984, -0.00812661, 0.00520962, 0.298984, -0.00921288
27274, 0, 66.0519, 0, 0, 4.57026e-06, 1.09549e-05, 5.81861e-05, 0.298919, -0.00818944, 0.00519061, 0.298869, -0.00921288
27284, 0, 65.8242, 0, 0, 4.57026e-06, 1.09549e-05, 5.81861e-05, 0.298896, -0.00824312, 0.00522498, 0.298869, -0.00921288
27293, 0, 65.5304, 0, 0, 4.57026e-06, 1.09549e-05, 5.81861e-05, 0.298952, -0.00821843, 0.00530495, 0.298984, -0.00921288
27303, 0, 65.7594, 0, 0, 4.57026e-06, 1.09549e-05, 5.81861e-05, 0.298971, -0.00817668, 0.00536395, 0.298984, -0.00921288
27314, 0, 65.7571, 0, 0, 4.57026e-06, 1.09549e-05, 5.81861e-05, 0.298978, -0.00814015, 0.00538749, 0.298984, -0.00921288
27324, 0, 65.7564, 0, 0, 4.57026e-06, 1.09549e-05, 5.81861e-05, 0.29898, -0.00811567, 0.00537998, 0.298984, -0.00921288
27333, 0, 65.7564, 0, 0, 4.57026e-06, 1.09549e-05, 5.81861e-05, 0.298981, -0.00810366, 0.00535168, 0.298984, -0.00921288
27343, 0, 65.7568, 0, 0, 4.57026e-06, 1.09549e-05, 5.81861e-05, 0.298982, -0.00810185, 0.00531319, 0.298984, -0.00921288
27354, 0, 65.7574, 0, 0, 4.57026e-06, 1.09549e-05, 5.81861e-05, 0.298983, -0.00810708, 0.00527315, 0.298984, -0.00921288
27364, 0, 65.758, 0, 0, 4.57026e-06, 1.09549e-05, 5.81861e-05, 0.298983, -0.00811618, 0.00523756, 0.298984, -0.00921288
27374, 0, 65.7585, 0, 0, 4.57026e-06, 1.09549e-05, 5.81861e-05, 0.298984, -0.00812659, 0.00520969, 0.298984, -0.00921288
27383, 0, 66.0527, 0, 0, 4.57026e-06, 1.09549e-05, 5.81861e-05, 0.298919, -0.00818942, 0.00519067, 0.298869, -0.00921288
27394, 0, 65.8273, 0, 0, 4.57026e-06, 1.09549e-05, 5.81861e-05, 0.298896, -0.0082431, 0.00522503, 0.298869, -0.00921288
27404, 0, 65.5363, 0, 0, 4.57026e-06, 1.09549e-05, 5.81861e-05, 0.298952, -0.00821842, 0.00530498, 0.298984, -0.00921288
27414, 0, 65.7631, 0, 0, 4.57026e-06, 1.09549e-05, 5.81861e-05, 0.298971, -0.00817667, 0.00536398, 0.298984, -0.00921288
27423, 0, 65.7608, 0, 0, 4.57026e-06, 1.09549e-05, 5.81861e-05, 0.298978, -0.00814014, 0.0053875, 0.298984, -0.00921288
27433, 0, 65.76, 0, 0, 4.57026e-06, 1.09549e-05, 5.81861e-05, 0.29898, -0.00811567, 0.00537999, 0.298984, -0.00921288
27444, 0, 65.76, 0, 0, 4.57026e-06, 1.09549e-05, 5.81861e-05, 0.298981, -0.00810366, 0.00535169, 0.298984, -0.00921288
27454, 0, 65.7604, 0, 0, 4.57026e-06, 1.09549e-05, 5.81861e-05, 0.298982, -0.00810185, 0.00531319, 0.298984, -0.00921288
27463, 0, 65.761, 0, 0, 4.57026e-06, 1.09549e-05, 5.81861e-05, 0.298983, -0.00810708, 0.00527315, 0.298984, -0.00921288
27473, 0, 65.7616, 0, 0, 4.57026e-06, 1.09549e-05, 5.81861e-05, 0.298983, -0.00811618, 0.00523755, 0.298984, -0.00921288
27484, 0, 65.7621, 0, 0, 4.57026e-06, 1.09549e-05, 5.81861e-05, 0.298984, -0.00812659, 0.00520969, 0.298984, -0.00921288
27494, 0, 66.0564, 0, 0, 4.57026e-06, 1.09549e-05, 5.81861e-05, 0.298919, -0.00818942, 0.00519067, 0.298869, -0.00921288
27503, 0, 65.831, 0, 0, 4.57026e-06, 1.09549e-05, 5.81861e-05, 0.298896, -0.0082431, 0.00522502, 0.298869, -0.00921288
27513, 0, 65.5371, 0, 0, 4.57026e-06, 1.09549e-05, 5.81861e-05, 0.298952, -0.00821842, 0.00530498, 0.298984, -0.00921288
27524, 0, 65.7662, 0, 0, 4.57026e-06, 1.09549e-05, 5.81861e-05, 0.298971, -0.00817667, 0.00536397, 0.298984, -0.00921288
27534, 0, 65.7639, 0, 0, 4.57026e-06, 1.09549e-05, 5.81861e-05, 0.298978, -0.00814014, 0.0053875, 0.298984, -0.00921288
27544, 0, 65.7632, 0, 0, 4.57026e-06, 1.09549e-05, 5.81861e-05, 0.29898, -0.00811567, 0.00537999, 0.298984, -0.00921288
27553, 0, 65.7632, 0, 0, 4.57026e-06, 1.09549e-05, 5.81861e-05, 0.298981, -0.00810366, 0.00535169, 0.298984, -0.00921288
27564, 0, 65.7636, 0, 0, 4.57026e-06, 1.09549e-05, 5.81861e-05, 0.298982, -0.00810185, 0.00531319, 0.298984, -0.00921288
27574, 0, 65.7642, 0, 0, 4.57026e-06, 1.09549e-05, 5.81861e-05, 0.298983, -0.00810708, 0.00527315, 0.298984, -0.00921288
27584, 0, 65.7648, 0, 0, 4.57026e-06, 1.09549e-05, 5.81861e-05, 0.298983, -0.00811618, 0.00523755, 0.298984, -0.00921288
27593, 0, 65.7653, 0, 0, 4.57026e-06, 1.09549e-05, 5.81861e-05, 0.298984, -0.00812659, 0.00520969, 0.298984, -0.00921288
27603, 0, 65.7656, 0, 0, 4.57026e-06, 1.09549e-05, 5.81861e-05, 0.298984, -0.00813642, 0.00519067, 0.298984, -0.00921288
27614, 0, 66.0626, 0, 0, 4.57026e-06, 1.09549e-05, 5.81861e-05, 0.29892, -0.00819754, 0.00518, 0.298869, -0.00921288
27624, 0, 65.8347, 0, 0, 4.57026e-06, 1.09549e-05, 5.81861e-05, 0.298897, -0.00824899, 0.00522125, 0.298869, -0.00921288
27633, 0, 65.5407, 0, 0, 4.57026e-06, 1.09549e-05, 5.81861e-05, 0.298952, -0.00822203, 0.0053062, 0.298984, -0.00921288
27643, 0, 65.7698, 0, 0, 4.57026e-06, 1.09549e-05, 5.81861e-05, 0.298971, -0.00817831, 0.00536826, 0.298984, -0.00921288
27654, 0, 65.7674, 0, 0, 4.57026e-06, 1.09549e-05, 5.81861e-05, 0.298977, -0.00814027, 0.00539317, 0.298984, -0.00921288
27664, 0, 65.7666, 0, 0, 4.57026e-06, 1.09549e-05, 5.81861e-05, 0.29898, -0.0081148, 0.00538577, 0.298984, -0.00921288
27673, 0, 65.7667, 0, 0, 4.57026e-06, 1.09549e-05, 5.81861e-05, 0.298981, -0.00810229, 0.00535674, 0.298984, -0.00921288
27683, 0, 65.7671, 0, 0, 4.57026e-06, 1.09549e-05, 5.81861e-05, 0.298982, -0.00810035, 0.00531708, 0.298984, -0.00921288
27694, 0, 65.7677, 0, 0, 4.57026e-06, 1.09549e-05, 5.81861e-05, 0.298983, -0.00810566, 0.00527576, 0.298984, -0.00921288
27704, 0, 65.7683, 0, 0, 4.57026e-06, 1.09549e-05, 5.81861e-05, 0.298983, -0.00811501, 0.00523896, 0.298984, -0.00921288
27714, 0, 65.7688, 0, 0, 4.57026e-06, 1.09549e-05, 5.81861e-05, 0.298984, -0.00812577, 0.00521011, 0.298984, -0.00921288
27723, 0, 66.0659, 0, 0, 4.57026e-06, 1.09549e-05, 5.81861e-05, 0.298919, -0.00818894, 0.00519039, 0.298869, -0.00921288
27734, 0, 65.8382, 0, 0, 4.57026e-06, 1.09549e-05, 5.81861e-05, 0.298896, -0.00824289, 0.00522434, 0.298869, -0.00921288
27744, 0, 65.5444, 0, 0, 4.57026e-06, 1.09549e-05, 5.81861e-05, 0.298952, -0.00821842, 0.00530411, 0.298984, -0.00921288
27754, 0, 65.7735, 0, 0, 4.57026e-06, 1.09549e-05, 5.81861e-05, 0.298971, -0.00817682, 0.0053631, 0.298984, -0.00921288
27763, 0, 65.7712, 0, 0, 4.57026e-06, 1.09549e-05, 5.81861e-05, 0.298978, -0.00814035, 0.00538675, 0.298984, -0.00921288
27773, 0, 65.7704, 0, 0, 4.57026e-06, 1.09549e-05, 5.81861e-05, 0.29898, -0.0081159, 0.00537942, 0.298984, -0.00921288
27784, 0, 65.7704, 0, 0, 4.57026e-06, 1.09549e-05, 5.81861e-05, 0.298981, -0.00810386, 0.00535131, 0.298984, -0.00921288
27794, 0, 65.7708, 0, 0, 4.57026e-06, 1.09549e-05, 5.81861e-05, 0.298982, -0.00810202, 0.00531299, 0.298984, -0.00921288
27803, 0, 65.7714, 0, 0, 4.57026e-06, 1.09549e-05, 5.81861e-05, 0.298983, -0.0081072, 0.0052731, 0.298984, -0.00921288
27813, 0, 65.772, 0, 0, 4.57026e-06, 1.09549e-05, 5.81861e-05, 0.298983, -0.00811626, 0.0052376, 0.298984, -0.00921288
27824, 0, 65.7725, 0, 0, 4.57026e-06, 1.09549e-05, 5.81861e-05, 0.298984, -0.00812662, 0.0052098, 0.298984, -0.00921288
27834, 0, 65.7729, 0, 0, 4.57026e-06, 1.09549e-05, 5.81861e-05, 0.298984, -0.00813641, 0.00519081, 0.298984, -0.00921288
27844, 0, 65.7731, 0, 0, 4.57026e-06, 1.09549e-05, 5.81861e-05, 0.298984, -0.00814448, 0.00518013, 0.298984, -0.00921288
27853, 0, 65.7732, 0, 0, 4.57026e-06, 1.09549e-05, 5.81861e-05, 0.298985, -0.00815034, 0.0051763, 0.298984, -0.00921288
27864, 0, 65.7732, 0, 0, 4.57026e-06, 1.09549e-05, 5.81861e-05, 0.298985, -0.00815395, 0.00517745, 0.298984, -0.00921288
27874, 0, 65.7731, 0, 0, 4.57026e-06, 1.09549e-05, 5.81861e-05, 0.298984, -0.00815562, 0.00518168, 0.298984, -0.00921288
