QGPIORecord, QRC v6.1.0, 05-12-2021 @ 01:30:16, Windows 10 Version 2009, 10.0.19042, x86_64
Time, VoltageA, VoltageB, PositionA, PositionB, SpeedA, SpeedB, FrontDistance, PendulumAngle, Time, ValueIn9, eA, ValueIn11
51341, 0, 0, 0.291018, 0.0175312, 0, 0, 8.2674, -0.00460644, 0, 0, 0, 0
51350, 16.515, 16.515, 0.291018, 0.0175312, 0, 0, 1.2494, -0.00460644, 0.01, 0, 15, 0
51360, 18.657, 18.657, 0.291018, 0.0175312, 0, 0, 1.19043, -0.00460644, 0.02, 0, 15, 0
51371, 13.0937, 13.1246, 0.361143, 0.087656, 6.99846, 6.97041, 0.36478, -0.00460644, 0.03, 0, 8.00154, 0
51381, 5.7435, 5.7475, 0.508405, 0.234918, 14.7122, 14.7122, 0.369908, -0.00307096, 0.04, 0, 0.287809, 0
51391, 1.2641, 1.30671, 0.697742, 0.420749, 18.818, 18.7829, 0.928316, 0.00307096, 0.05, 0, -3.818, 0
51400, 2.13565, 2.91674, 0.873054, 0.589049, 17.5312, 16.83, 1.55902, 0.00921288, 0.06, 0, -2.53121, 0
51410, 9.88869, 11.1328, 0.974735, 0.683717, 10.1611, 9.13025, 0.53794, 0.0184258, 0.07, 0, 4.83891, 0
51421, 16.3587, 17.0011, 1.02382, 0.725792, 4.91224, 4.56162, 6.20328, 0.0276386, 0.08, 0, 10.0878, 0
51431, 13.8848, 13.8052, 1.10797, 0.813448, 8.46757, 8.8182, 4.13916, 0.0399225, 0.09, 0, 6.53243, 0
51440, 7.91527, 7.44201, 1.25523, 0.967723, 14.7367, 15.3994, 4.13916, 0.0522063, 0.1, 0, 0.263266, 0
51450, 2.7761, 3.25437, 1.45158, 1.16407, 19.4386, 19.1511, 8.2674, 0.0660257, 0.11, 0, -4.4386, 0
51461, 3.07648, 3.6653, 1.63741, 1.34289, 18.5901, 18.2395, 8.2674, 0.0829159, 0.12, 0, -3.59009, 0
51471, 8.72883, 10.1436, 1.76715, 1.46561, 12.9906, 11.9352, 2.76309, 0.0998062, 0.13, 0, 2.00937, 0
51480, 14.4512, 14.8547, 1.84779, 1.54625, 8.05384, 8.05384, 6.20328, 0.116697, 0.14, 0, 6.94616, 0
51490, 13.0149, 12.2565, 1.94947, 1.65495, 10.2593, 11.3146, 6.20328, 0.132051, 0.15, 0, 4.74074, 0
51501, 7.67357, 7.13504, 2.10374, 1.81974, 15.7255, 16.4443, 3.54942, 0.148942, 0.16, 0, -0.725494, 0
51511, 3.40462, 3.58185, 2.30009, 2.01609, 19.5087, 19.4842, 3.54942, 0.164296, 0.17, 0, -4.50873, 0
51520, 3.40546, 4.31966, 2.49294, 2.19841, 18.9232, 18.2325, 2.48787, 0.181187, 0.18, 0, -3.92319, 0
51530, 8.58946, 9.9922, 2.62968, 2.32464, 13.7059, 12.661, 3.54942, 0.199612, 0.19, 0, 1.2941, 0
51540, 13.4492, 13.8623, 2.72435, 2.42281, 9.45984, 9.44932, 3.10711, 0.214967, 0.2, 0, 5.54016, 0
51551, 11.8199, 10.6749, 2.84006, 2.54904, 11.6583, 13.0643, 0.865048, 0.228787, 0.21, 0, 3.34175, 0
51561, 7.14346, 6.58524, 3.00485, 2.72084, 16.3391, 17.0298, 8.2674, 0.24107, 0.22, 0, -1.33909, 0
51570, 3.32348, 4.55436, 3.2012, 2.90667, 19.635, 18.6111, 8.2674, 0.253354, 0.23, 0, -4.63495, 0
51580, 3.81201, 5.98817, 3.38703, 3.07497, 18.5901, 16.8405, 2.76309, 0.264103, 0.24, 0, -3.59009, 0
51591, 9.08218, 9.98334, 3.52027, 3.2047, 13.3377, 12.9731, 2.76309, 0.274851, 0.25, 0, 1.66226, 0
51601, 12.8248, 11.4502, 3.62195, 3.32392, 10.1541, 11.9037, 2.48787, 0.284064, 0.26, 0, 4.84592, 0
51610, 10.3628, 9.11674, 3.75168, 3.46767, 13.0187, 14.4247, 0.784975, 0.28867, 0.27, 0, 1.98132, 0
51620, 5.36478, 6.23414, 3.92699, 3.63948, 17.8152, 17.1175, 0.809944, 0.291741, 0.28, 0, -2.81521, 0
51631, 4.10963, 5.08248, 4.11633, 3.8183, 18.5901, 17.8888, 0.895553, 0.293277, 0.29, 0, -3.59009, 0
51641, 6.30694, 7.00934, 4.27762, 3.97608, 16.1287, 15.7641, 1.55902, 0.293277, 0.3, 0, -1.12871, 0
51650, 10.3922, 9.95378, 4.39683, 4.10581, 12.2718, 12.9906, 1.66222, 0.293277, 0.31, 0, 2.72815, 0
51660, 10.8011, 10.2909, 4.52305, 4.23554, 12.2543, 12.945, 1.55902, 0.291741, 0.32, 0, 2.74568, 0
51671, 7.31346, 7.45359, 4.68083, 4.39332, 15.7781, 15.7886, 1.55902, 0.287135, 0.33, 0, -0.778089, 0
51681, 5.27989, 6.19445, 4.85614, 4.56513, 17.5242, 16.83, 4.96481, 0.279457, 0.34, 0, -2.5242, 0
51691, 5.69923, 5.96401, 5.02444, 4.72992, 16.8159, 16.8019, 6.20328, 0.270245, 0.35, 0, -1.81594, 0
51700, 8.09199, 8.32789, 5.1682, 4.87718, 14.4071, 14.4212, 6.20328, 0.261032, 0.36, 0, 0.592853, 0
51710, 9.77484, 9.25211, 5.29793, 5.01042, 12.9556, 13.6568, 0.52696, 0.250283, 0.37, 0, 2.04444, 0
51721, 8.13274, 8.66798, 5.44519, 5.15768, 14.7122, 14.3616, 0.52696, 0.237999, 0.38, 0, 0.287809, 0
51731, 5.79971, 6.03759, 5.61349, 5.32247, 16.8685, 16.8335, 0.573872, 0.222645, 0.39, 0, -1.86853, 0
51740, 5.98455, 5.78735, 5.77829, 5.49428, 16.4583, 16.8229, 2.76309, 0.204219, 0.4, 0, -1.4583, 0
51750, 7.29343, 7.0596, 5.92555, 5.64505, 15.0803, 15.431, 0.615063, 0.185793, 0.41, 0, -0.0803461, 0
51761, 8.82611, 9.3027, 6.0658, 5.77829, 13.6778, 13.3377, 0.354951, 0.167367, 0.42, 0, 1.32215, 0
51771, 8.26214, 8.81046, 6.20955, 5.91854, 14.3616, 14.0004, 2.07505, 0.147406, 0.43, 0, 0.638433, 0
51780, 6.42312, 6.61767, 6.36734, 6.07982, 16.1147, 16.1217, 2.26269, 0.124374, 0.44, 0, -1.11469, 0
51790, 6.59979, 5.2878, 6.52862, 6.25163, 15.8096, 17.1841, 2.76309, 0.101342, 0.45, 0, -0.809645, 0
51801, 7.31802, 6.89838, 6.67939, 6.4059, 15.0523, 15.438, 2.76309, 0.0783095, 0.46, 0, -0.0522966, 0
51811, 8.0556, 9.16364, 6.82315, 6.54265, 14.3756, 13.3237, 6.20328, 0.0552773, 0.47, 0, 0.624409, 0
51820, 7.39585, 8.65796, 6.97041, 6.67939, 15.0558, 14.0004, 1.08786, 0.0307096, 0.48, 0, -0.0558023, 0
51830, 6.95938, 6.45359, 7.12819, 6.84068, 15.445, 16.1322, 1.04299, 0.00460644, 0.49, 0, -0.444995, 0
51841, 6.52524, 5.90588, 7.28597, 7.00898, 15.7816, 16.4828, 8.2674, -0.0199612, 0.5, 0, -0.781594, 0
51851, 7.21273, 6.87154, 7.43674, 7.15975, 15.0558, 15.4134, 2.76309, -0.0445289, 0.51, 0, -0.0558023, 0
51861, 7.91893, 8.71566, 7.58049, 7.3, 14.4071, 13.6849, 2.76309, -0.0690966, 0.52, 0, 0.592853, 0
51870, 8.07693, 8.52901, 7.72425, 7.44025, 14.3405, 14.025, 1.00171, -0.0921288, 0.53, 0, 0.659471, 0
51880, 6.94351, 6.72648, 7.87853, 7.59452, 15.4555, 15.7886, 1.08786, -0.115161, 0.54, 0, -0.455514, 0
51891, 6.55419, 6.27029, 8.03631, 7.75581, 15.75, 16.1007, 1.66222, -0.138193, 0.55, 0, -0.750038, 0
51901, 6.76364, 6.84273, 8.19058, 7.91008, 15.4625, 15.438, 0.69897, -0.158154, 0.56, 0, -0.462526, 0
51910, 7.52371, 7.9383, 8.33784, 8.05384, 14.7122, 14.3861, 0.718628, -0.178116, 0.57, 0, 0.287809, 0
51920, 7.57253, 8.42358, 8.4816, 8.19759, 14.7052, 14.025, 1.00171, -0.195006, 0.58, 0, 0.294822, 0
51931, 7.5683, 7.0148, 8.63237, 8.34836, 14.7473, 15.431, 3.54942, -0.211896, 0.59, 0, 0.252747, 0
51941, 6.87865, 6.20821, 8.78664, 8.50965, 15.4064, 16.1077, 3.54942, -0.227251, 0.6, 0, -0.406426, 0
51950, 6.41141, 6.79894, 8.94092, 8.66392, 15.7781, 15.4275, 8.2674, -0.239535, 0.61, 0, -0.778089, 0
51960, 7.04149, 8.23959, 9.09519, 8.80768, 15.1049, 14.0635, 8.2674, -0.251819, 0.62, 0, -0.10489, 0
51971, 7.84877, 8.43122, 9.23895, 8.94793, 14.3581, 14.0109, 3.54942, -0.261032, 0.63, 0, 0.64194, 0
51981, 7.93658, 7.04761, 9.3827, 9.0987, 14.3616, 15.3959, 0.784975, -0.267174, 0.64, 0, 0.638433, 0
51990, 6.84261, 6.15724, 9.53698, 9.26349, 15.438, 16.1533, 0.397953, -0.27178, 0.65, 0, -0.437983, 0
52000, 6.79937, 6.81481, 9.69125, 9.41426, 15.4205, 15.4064, 1.04299, -0.274851, 0.66, 0, -0.420451, 0
52011, 7.49982, 8.2739, 9.83851, 9.55451, 14.7297, 14.0285, 1.04299, -0.274851, 0.67, 0, 0.270278, 0
52021, 7.55, 8.81025, 9.98578, 9.69476, 14.7192, 13.6673, 8.2674, -0.273316, 0.68, 0, 0.280797, 0
52031, 7.56308, 7.08581, 10.133, 9.84553, 14.7437, 15.4064, 1.2494, -0.268709, 0.69, 0, 0.256253, 0
52040, 6.8469, 5.78473, 10.2873, 10.0138, 15.4275, 16.5354, 1.31458, -0.264103, 0.7, 0, -0.427464, 0
52050, 6.78585, 6.41475, 10.4416, 10.1681, 15.4275, 15.7641, 8.2674, -0.25489, 0.71, 0, -0.427464, 0
52061, 7.13401, 8.24741, 10.5924, 10.3084, 15.0558, 14.0004, 8.2674, -0.245677, 0.72, 0, -0.0558023, 0
52071, 7.87495, 8.75689, 10.7361, 10.4451, 14.3756, 13.6673, 8.2674, -0.234929, 0.73, 0, 0.624409, 0
52080, 7.5665, 7.37602, 10.8834, 10.5994, 14.7367, 15.0944, 8.2674, -0.221109, 0.74, 0, 0.263266, 0
52090, 6.8436, 5.8377, 11.0376, 10.7642, 15.4275, 16.4793, 8.2674, -0.20729, 0.75, 0, -0.427464, 0
52101, 6.39652, 6.41397, 11.1919, 10.9184, 15.7781, 15.7641, 0.718628, -0.191935, 0.76, 0, -0.778089, 0
52111, 7.47827, 8.2389, 11.3427, 11.0622, 14.6947, 14.0074, 0.516429, -0.175045, 0.77, 0, 0.305341, 0
52120, 7.85, 8.34976, 11.4864, 11.1989, 14.3966, 14.0355, 0.52696, -0.155084, 0.78, 0, 0.603371, 0
52130, 7.57329, 7.31008, 11.6337, 11.3497, 14.7262, 15.1049, 6.20328, -0.136658, 0.79, 0, 0.273785, 0
52141, 6.84031, 6.16787, 11.788, 11.511, 15.4275, 16.1287, 2.07505, -0.116697, 0.8, 0, -0.427464, 0
52151, 6.78699, 6.80965, 11.9423, 11.6653, 15.4205, 15.3994, 2.07505, -0.0951998, 0.81, 0, -0.420451, 0
52161, 7.13229, 7.89914, 12.0895, 11.809, 15.0523, 14.3581, 8.2674, -0.0737031, 0.82, 0, -0.0522966, 0
52170, 7.83899, 8.33439, 12.2368, 11.9493, 14.4036, 14.046, 8.2674, -0.0522063, 0.83, 0, 0.596358, 0
52180, 7.56899, 7.35111, 12.384, 12.1, 14.7262, 15.0628, 8.2674, -0.0291741, 0.84, 0, 0.273785, 0
52191, 6.8862, 5.82115, 12.5348, 12.2648, 15.3819, 16.4443, 0.445482, -0.0076774, 0.85, 0, -0.381883, 0
52201, 7.15594, 6.71512, 12.6891, 12.4226, 15.0874, 15.445, 0.453242, 0.0138193, 0.86, 0, -0.0873585, 0
52210, 7.14346, 8.21116, 12.8399, 12.5629, 15.0874, 14.0285, 1.04299, 0.0353161, 0.87, 0, -0.0873585, 0
52220, 7.49772, 8.34217, 12.9871, 12.6996, 14.7543, 14.0355, 1.04299, 0.0552773, 0.88, 0, 0.245734, 0
52231, 7.2124, 7.33338, 13.1379, 12.8539, 15.0453, 15.0768, 0.761519, 0.0752385, 0.89, 0, -0.0452833, 0
52241, 7.15189, 5.78598, 13.2887, 13.0152, 15.0944, 16.4723, 0.784975, 0.0936643, 0.9, 0, -0.0943708, 0
52250, 6.77168, 6.71454, 13.4429, 13.1694, 15.4275, 15.438, 0.809944, 0.11209, 0.91, 0, -0.427464, 0
52260, 7.09668, 8.20386, 13.5902, 13.3097, 15.0768, 14.0285, 1.08786, 0.127445, 0.92, 0, -0.0768394, 0
52271, 7.8462, 8.72863, 13.7375, 13.4464, 14.3861, 13.6778, 8.2674, 0.1428, 0.93, 0, 0.61389, 0
52281, 7.58643, 7.38487, 13.8847, 13.6007, 14.7017, 15.0698, 8.2674, 0.155084, 0.94, 0, 0.298328, 0
52290, 7.59814, 6.22451, 14.032, 13.7585, 14.7297, 16.1147, 0.69897, 0.167367, 0.95, 0, 0.270278, 0
52300, 6.86467, 6.8181, 14.1863, 13.9163, 15.431, 15.431, 0.69897, 0.178116, 0.96, 0, -0.43097, 0
52311, 6.80698, 7.54794, 14.3405, 14.06, 15.4275, 14.7122, 2.26269, 0.187329, 0.97, 0, -0.427464, 0
52321, 6.78068, 8.36497, 14.4913, 14.2003, 15.3959, 14.0074, 0.410438, 0.195006, 0.98, 0, -0.395908, 0
52331, 7.81663, 7.69217, 14.6386, 14.3475, 14.4036, 14.7473, 0.280164, 0.201148, 0.99, 0, 0.596358, 0
52340, 7.5698, 6.59331, 14.7823, 14.5053, 14.7052, 15.7781, 6.20328, 0.204219, 1, 0, 0.294822, 0
52350, 7.17954, 6.47062, 14.9366, 14.6631, 15.0979, 15.7886, 0.600679, 0.205754, 1.01, 0, -0.0978775, 0
52361, 6.43981, 7.55086, 15.0909, 14.8104, 15.7571, 14.7052, 0.646044, 0.20729, 1.02, 0, -0.757051, 0
52371, 7.45508, 8.33801, 15.2416, 14.9506, 14.7367, 14.0285, 1.04299, 0.205754, 1.03, 0, 0.263266, 0
52380, 7.89029, 8.08299, 15.3854, 15.0979, 14.3756, 14.3861, 1.08786, 0.202683, 1.04, 0, 0.624409, 0
52390, 7.60114, 6.65353, 15.5327, 15.2557, 14.7192, 15.7641, 0.895553, 0.196541, 1.05, 0, 0.280797, 0
52401, 6.83442, 6.13136, 15.6869, 15.4134, 15.452, 16.1392, 2.07505, 0.1904, 1.06, 0, -0.452007, 0
52411, 6.81234, 7.53985, 15.8412, 15.5607, 15.4134, 14.7122, 2.07505, 0.184258, 1.07, 0, -0.413439, 0
52420, 7.15091, 8.35302, 15.992, 15.701, 15.0523, 14.0109, 1.55902, 0.175045, 1.08, 0, -0.0522966, 0
52430, 7.86534, 8.44408, 16.1357, 15.8447, 14.3966, 14.0565, 1.55902, 0.165832, 1.09, 0, 0.603371, 0
52441, 7.61178, 6.70652, 16.283, 15.999, 14.7052, 15.7571, 0.718628, 0.155084, 1.1, 0, 0.294822, 0
52451, 7.24082, 5.8109, 16.4338, 16.1638, 15.0803, 16.4723, 2.48787, 0.1428, 1.11, 0, -0.0803461, 0
52460, 6.8549, 7.51926, 16.588, 16.311, 15.4205, 14.7297, 2.76309, 0.12898, 1.12, 0, -0.420451, 0
52470, 7.16159, 8.71982, 16.7388, 16.4513, 15.0874, 13.6743, 8.2674, 0.115161, 1.13, 0, -0.0873585, 0
52481, 7.17614, 8.1525, 16.8861, 16.595, 15.0628, 14.3616, 3.54942, 0.0998062, 1.14, 0, -0.0628147, 0
52491, 7.9431, 6.3212, 17.0333, 16.7528, 14.3581, 16.1077, 3.54942, 0.0844514, 1.15, 0, 0.64194, 0
52501, 7.22409, 6.12828, 17.1806, 16.9141, 15.0944, 16.1392, 1.55902, 0.0690966, 1.16, 0, -0.0943708, 0
52510, 7.19904, 7.50203, 17.3349, 17.0614, 15.1049, 14.7437, 1.66222, 0.0522063, 1.17, 0, -0.10489, 0
52520, 7.24968, 8.34544, 17.4856, 17.2016, 15.0453, 14.0109, 1.31458, 0.0353161, 1.18, 0, -0.0452833, 0
52531, 7.18917, 7.67986, 17.6329, 17.3489, 15.0944, 14.7437, 1.55902, 0.0184258, 1.19, 0, -0.0943708, 0
52541, 7.21816, 6.59308, 17.7837, 17.5067, 15.0558, 15.7641, 1.66222, 0.00153548, 1.2, 0, -0.0558023, 0
52550, 7.55376, 6.45695, 17.9344, 17.6644, 14.7437, 15.7886, 8.2674, -0.0138193, 1.21, 0, 0.256253, 0
52560, 7.21976, 7.54105, 18.0852, 17.8117, 15.0803, 14.7017, 0.895553, -0.0291741, 1.22, 0, -0.0803461, 0
52571, 7.23917, 8.30554, 18.236, 17.952, 15.0523, 14.046, 0.928316, -0.0460644, 1.23, 0, -0.0522966, 0
52581, 7.18152, 7.689, 18.3867, 18.0992, 15.0979, 14.7297, 0.573872, -0.0614192, 1.24, 0, -0.0978775, 0
52590, 7.59218, 6.58879, 18.534, 18.257, 14.7122, 15.7641, 0.573872, -0.0752385, 1.25, 0, 0.287809, 0
52600, 7.24724, 6.0782, 18.6848, 18.4183, 15.0628, 16.1287, 8.2674, -0.0905933, 1.26, 0, -0.0628147, 0
52611, 7.23828, 7.46889, 18.8355, 18.5655, 15.0628, 14.7192, 4.96481, -0.102877, 1.27, 0, -0.0628147, 0
52621, 6.84327, 8.67868, 18.9863, 18.7058, 15.4134, 13.6568, 4.96481, -0.115161, 1.28, 0, -0.413439, 0
52630, 7.48296, 8.03665, 19.1371, 18.8496, 14.7788, 14.4142, 0.69897, -0.125909, 1.29, 0, 0.22119, 0
52640, 7.22888, 6.26347, 19.2843, 19.0073, 15.0383, 16.1007, 0.69897, -0.136658, 1.3, 0, -0.038271, 0
52651, 7.54382, 6.04067, 19.4351, 19.1721, 14.7473, 16.1603, 4.96481, -0.145871, 1.31, 0, 0.252747, 0
52661, 7.21318, 7.09486, 19.5859, 19.3194, 15.0803, 15.0523, 8.2674, -0.153548, 1.32, 0, -0.0803461, 0
52671, 6.83497, 8.61996, 19.7401, 19.4561, 15.4134, 13.6603, 0.69897, -0.15969, 1.33, 0, -0.413439, 0
52680, 6.74891, 8.37504, 19.8944, 19.5999, 15.438, 14.0565, 3.54942, -0.165832, 1.34, 0, -0.437983, 0
52690, 7.48546, 6.23601, 20.0382, 19.7577, 14.7122, 16.1217, 3.54942, -0.170438, 1.35, 0, 0.287809, 0
52701, 7.92418, 6.10671, 20.1854, 19.919, 14.351, 16.0937, 3.54942, -0.171974, 1.36, 0, 0.648952, 0
52711, 7.21775, 7.45609, 20.3362, 20.0662, 15.0768, 14.7262, 1.19043, -0.173509, 1.37, 0, -0.0768394, 0
52720, 6.78214, 8.64171, 20.4905, 20.203, 15.4625, 13.6849, 1.2494, -0.173509, 1.38, 0, -0.462526, 0
52730, 6.78558, 8.06902, 20.6412, 20.3467, 15.3994, 14.3756, 8.2674, -0.173509, 1.39, 0, -0.399414, 0
52741, 7.45815, 6.59474, 20.792, 20.508, 14.7367, 15.7956, 2.07505, -0.171974, 1.4, 0, 0.263266, 0
52751, 7.91267, 6.16071, 20.9358, 20.6693, 14.3581, 16.0866, 2.26269, -0.167367, 1.41, 0, 0.64194, 0
52760, 7.19366, 7.09802, 21.0865, 20.8166, 15.0944, 15.0944, 8.2674, -0.162761, 1.42, 0, -0.0943708, 0
52770, 6.06453, 8.648, 21.2443, 20.9568, 16.1077, 13.6743, 1.55902, -0.156619, 1.43, 0, -1.10768, 0
52781, 7.03745, 8.06523, 21.3986, 21.0971, 15.0803, 14.3756, 0.52696, -0.150477, 1.44, 0, -0.0803461, 0
52791, 7.78647, 6.61797, 21.5424, 21.2548, 14.3896, 15.7711, 4.13916, -0.1428, 1.45, 0, 0.610384, 0
52800, 7.89679, 6.1141, 21.6861, 21.4161, 14.3686, 16.1287, 4.96481, -0.133587, 1.46, 0, 0.631421, 0
52810, 6.84429, 7.49321, 21.8404, 21.5669, 15.4064, 14.7297, 3.54942, -0.122838, 1.47, 0, -0.406426, 0
52820, 6.33845, 8.2923, 21.9982, 21.7036, 15.8132, 14.039, 4.96481, -0.11209, 1.48, 0, -0.81315, 0
52831, 7.44607, 8.08595, 22.1454, 21.8474, 14.7017, 14.351, 4.96481, -0.101342, 1.49, 0, 0.298328, 0
52841, 7.84382, 6.60745, 22.2892, 22.0052, 14.3791, 15.7781, 8.2674, -0.0890579, 1.5, 0, 0.620902, 0
52850, 7.54645, 6.11802, 22.4364, 22.1665, 14.7297, 16.1217, 8.2674, -0.076774, 1.51, 0, 0.270278, 0
52860, 6.84771, 7.86873, 22.5907, 22.3137, 15.3994, 14.3861, 8.2674, -0.0629547, 1.52, 0, -0.399414, 0
52871, 6.76752, 8.76707, 22.7415, 22.4505, 15.4205, 13.6498, 0.52696, -0.0491354, 1.53, 0, -0.420451, 0
52881, 7.45253, 7.75544, 22.8923, 22.5942, 14.7437, 14.7437, 0.52696, -0.0353161, 1.54, 0, 0.256253, 0
52890, 7.51614, 6.25561, 23.036, 22.759, 14.7192, 16.1392, 0.430751, -0.0214967, 1.55, 0, 0.280797, 0
52900, 7.52922, 6.10451, 23.1868, 22.9168, 14.7437, 16.1287, 4.96481, -0.0076774, 1.56, 0, 0.256253, 0
52911, 6.82076, 7.86193, 23.3411, 23.0641, 15.4205, 14.3861, 4.96481, 0.00614192, 1.57, 0, -0.420451, 0
52921, 6.39012, 8.76027, 23.4953, 23.2008, 15.7571, 13.6498, 8.2674, 0.0199612, 1.58, 0, -0.757051, 0
52930, 7.803, 7.76409, 23.6426, 23.3481, 14.3756, 14.7297, 8.2674, 0.0322451, 1.59, 0, 0.624409, 0
52940, 7.87673, 5.8918, 23.7863, 23.5094, 14.3896, 16.4653, 0.928316, 0.0445289, 1.6, 0, 0.610384, 0
52951, 7.2227, 6.43533, 23.9371, 23.6671, 15.0628, 15.7816, 2.76309, 0.0568128, 1.61, 0, -0.0628147, 0
52961, 6.42621, 8.25776, 24.0949, 23.8109, 15.7781, 14.025, 2.76309, 0.0690966, 1.62, 0, -0.778089, 0
52971, 6.67025, 8.38155, 24.2457, 23.9476, 15.4555, 14.039, 2.76309, 0.0783095, 1.63, 0, -0.455514, 0
52980, 7.82122, 7.38384, 24.3929, 24.0984, 14.351, 15.0698, 1.04299, 0.0875224, 1.64, 0, 0.648952, 0
52990, 8.28063, 6.21575, 24.5332, 24.2597, 14.018, 16.1217, 1.08786, 0.0967353, 1.65, 0, 0.982045, 0
53001, 7.25503, 6.82765, 24.6839, 24.414, 15.0768, 15.4205, 0.784975, 0.105948, 1.66, 0, -0.0768394, 0
53011, 6.07437, 7.92572, 24.8452, 24.5577, 16.1392, 14.3686, 0.391999, 0.11209, 1.67, 0, -1.13923, 0
53020, 6.69534, 8.36332, 24.996, 24.698, 15.4275, 14.053, 1.31458, 0.116697, 1.68, 0, -0.427464, 0
53030, 8.16301, 7.40606, 25.1398, 24.8522, 14.039, 15.0453, 4.96481, 0.121303, 1.69, 0, 0.961008, 0
53041, 8.31568, 6.18744, 25.28, 25.0135, 14.025, 16.1462, 4.96481, 0.124374, 1.7, 0, 0.975033, 0
53051, 6.94551, 6.83829, 25.4343, 25.1678, 15.3959, 15.4064, 4.96481, 0.127445, 1.71, 0, -0.395908, 0
53060, 6.05513, 7.89204, 25.5921, 25.3081, 16.1533, 14.3966, 1.66222, 0.12898, 1.72, 0, -1.15326, 0
53070, 7.46934, 8.39513, 25.7428, 25.4483, 14.7192, 14.018, 1.66222, 0.127445, 1.73, 0, 0.280797, 0
53081, 7.90706, 7.36953, 25.8866, 25.5991, 14.3581, 15.0768, 2.07505, 0.127445, 1.74, 0, 0.64194, 0
53091, 7.60883, 6.21589, 26.0338, 25.7604, 14.7122, 16.1147, 2.26269, 0.124374, 1.75, 0, 0.287809, 0
53100, 6.44935, 6.79404, 26.1916, 25.9146, 15.8026, 15.445, 1.2494, 0.121303, 1.76, 0, -0.802632, 0
53110, 6.3772, 7.93493, 26.3459, 26.0584, 15.7641, 14.351, 1.55902, 0.115161, 1.77, 0, -0.764063, 0
53121, 7.39146, 8.38276, 26.4967, 26.1986, 14.7437, 14.0285, 0.52696, 0.109019, 1.78, 0, 0.256253, 0
53131, 8.25031, 7.37496, 26.6334, 26.3494, 13.9969, 15.0698, 2.76309, 0.102877, 1.79, 0, 1.00308, 0
53141, 7.93417, 6.56589, 26.7772, 26.5072, 14.4142, 15.7956, 2.48787, 0.0951998, 1.8, 0, 0.58584, 0
53150, 6.92534, 7.25137, 26.9349, 26.658, 15.4064, 15.0698, 0.928316, 0.0875224, 1.81, 0, -0.406426, 0
53160, 6.47355, 8.00189, 27.0927, 26.8052, 15.7641, 14.3791, 2.07505, 0.0783095, 1.82, 0, -0.764063, 0
53171, 7.11721, 7.72382, 27.2435, 26.949, 15.0803, 14.7122, 2.07505, 0.0690966, 1.83, 0, -0.0803461, 0
53181, 7.48405, 6.97741, 27.3908, 27.1068, 14.7367, 15.4275, 8.2674, 0.0583483, 1.84, 0, 0.263266, 0
53190, 7.52937, 6.15973, 27.538, 27.2645, 14.7297, 16.1147, 8.2674, 0.0475999, 1.85, 0, 0.270278, 0
53200, 6.81519, 7.49838, 27.6923, 27.4153, 15.4134, 14.7543, 8.2674, 0.0368515, 1.86, 0, -0.413439, 0
53211, 6.76387, 8.36731, 27.8466, 27.5556, 15.4064, 13.9969, 1.04299, 0.0261032, 1.87, 0, -0.406426, 0
53221, 7.43545, 8.07819, 27.9938, 27.6958, 14.7437, 14.3896, 1.08786, 0.0138193, 1.88, 0, 0.256253, 0
53230, 7.87738, 6.63279, 28.1376, 27.8536, 14.3756, 15.7816, 0.646044, 0.00153548, 1.89, 0, 0.624409, 0
53240, 7.58823, 6.52503, 28.2849, 28.0114, 14.7192, 15.7781, 1.55902, -0.00921288, 1.9, 0, 0.280797, 0
53251, 6.47021, 7.57976, 28.4426, 28.1586, 15.7711, 14.7192, 1.66222, -0.0199612, 1.91, 0, -0.771076, 0
53261, 7.13218, 8.39193, 28.5934, 28.2989, 15.0698, 14.018, 3.54942, -0.0307096, 1.92, 0, -0.0698271, 0
53270, 7.50052, 8.13841, 28.7407, 28.4461, 14.7262, 14.3756, 3.10711, -0.041458, 1.93, 0, 0.273785, 0
53280, 7.91022, 6.67956, 28.8844, 28.6004, 14.3896, 15.7816, 3.10711, -0.0506709, 1.94, 0, 0.610384, 0
53291, 7.26391, 6.96557, 29.0352, 28.7582, 15.0558, 15.4205, 1.55902, -0.0583483, 1.95, 0, -0.0558023, 0
53301, 6.83516, 7.65058, 29.1895, 28.9055, 15.438, 14.7437, 1.55902, -0.0660257, 1.96, 0, -0.437983, 0
53311, 7.15865, 7.72964, 29.3402, 29.0492, 15.0874, 14.7052, 2.48787, -0.0737031, 1.97, 0, -0.0873585, 0
53320, 7.53993, 7.72927, 29.4875, 29.2, 14.7297, 14.7437, 1.19043, -0.0813805, 1.98, 0, 0.270278, 0
53330, 7.58239, 6.6425, 29.6348, 29.3543, 14.7262, 15.7641, 1.31458, -0.0875224, 1.99, 0, 0.273785, 0
53341, 6.87258, 7.28616, 29.789, 29.5085, 15.4064, 15.0803, 1.46795, -0.0921288, 2, 0, -0.406426, 0
53351, 6.77207, 7.27855, 29.9398, 29.6558, 15.445, 15.0768, 1.55902, -0.0967353, 2.01, 0, -0.444995, 0
53360, 7.4999, 8.02807, 30.0906, 29.8031, 14.7262, 14.3861, 6.20328, -0.101342, 2.02, 0, 0.273785, 0
53370, 7.54672, 7.37068, 30.2378, 29.9538, 14.7192, 15.0628, 0.895553, -0.104413, 2.03, 0, 0.280797, 0
53381, 7.22008, 6.58192, 30.3851, 30.1081, 15.0523, 15.7711, 0.928316, -0.105948, 2.04, 0, -0.0522966, 0
53391, 7.16629, 7.2516, 30.5394, 30.2589, 15.0944, 15.0628, 6.20328, -0.107484, 2.05, 0, -0.0943708, 0
53400, 6.7745, 7.9568, 30.6936, 30.4026, 15.438, 14.4142, 6.20328, -0.107484, 2.06, 0, -0.437983, 0
53410, 7.50333, 7.72391, 30.8409, 30.5499, 14.7192, 14.7017, 6.20328, -0.105948, 2.07, 0, 0.280797, 0
53421, 7.54343, 6.97513, 30.9882, 30.7042, 14.7192, 15.4205, 1.55902, -0.104413, 2.08, 0, 0.280797, 0
53431, 7.19749, 6.90351, 31.1354, 30.8619, 15.0698, 15.431, 1.55902, -0.102877, 2.09, 0, -0.0698271, 0
53441, 7.1605, 7.24731, 31.2897, 31.0092, 15.0944, 15.0628, 1.91627, -0.0998062, 2.1, 0, -0.0943708, 0
53450, 7.5485, 7.60507, 31.437, 31.1565, 14.7297, 14.7297, 1.2494, -0.0951998, 2.11, 0, 0.270278, 0
53460, 7.23194, 8.02199, 31.5842, 31.3037, 15.0523, 14.3861, 0.461284, -0.0905933, 2.12, 0, -0.0522966, 0
53471, 7.22447, 7.01331, 31.735, 31.4545, 15.0523, 15.3819, 1.19043, -0.0859869, 2.13, 0, -0.0522966, 0
53481, 7.54514, 6.88929, 31.8858, 31.6088, 14.7543, 15.445, 2.76309, -0.079845, 2.14, 0, 0.245734, 0
53490, 7.22507, 7.58623, 32.033, 31.7595, 15.0768, 14.7543, 2.76309, -0.0737031, 2.15, 0, -0.0768394, 0
53500, 7.2141, 7.65221, 32.1838, 31.9033, 15.0768, 14.7262, 0.865048, -0.0660257, 2.16, 0, -0.0768394, 0
53511, 7.20313, 7.32071, 32.3381, 32.0541, 15.0768, 15.0628, 0.928316, -0.0598837, 2.17, 0, -0.0768394, 0
53521, 7.18829, 6.93342, 32.4888, 32.2083, 15.0803, 15.4064, 1.66222, -0.0537418, 2.18, 0, -0.0803461, 0
53530, 7.1884, 6.84064, 32.6396, 32.3626, 15.0698, 15.438, 3.54942, -0.0460644, 2.19, 0, -0.0698271, 0
53540, 7.14755, 7.55789, 32.7904, 32.5099, 15.0979, 14.7297, 3.54942, -0.0399225, 2.2, 0, -0.0978775, 0
53551, 7.56979, 7.99411, 32.9376, 32.6571, 14.7017, 14.3686, 1.55902, -0.0322451, 2.21, 0, 0.298328, 0
53561, 7.57379, 7.67893, 33.0849, 32.8044, 14.7367, 14.7367, 1.55902, -0.0245677, 2.22, 0, 0.263266, 0
53570, 7.27167, 6.97148, 33.2322, 32.9552, 15.0453, 15.4134, 0.461284, -0.0168903, 2.23, 0, -0.0452833, 0
53580, 7.2266, 7.28303, 33.3864, 33.1094, 15.0803, 15.0768, 2.76309, -0.00921288, 2.24, 0, -0.0803461, 0
53591, 7.21513, 7.2682, 33.5372, 33.2567, 15.0803, 15.0803, 2.76309, -0.00153548, 2.25, 0, -0.0803461, 0
53601, 7.20365, 7.65435, 33.688, 33.4075, 15.0803, 14.7192, 2.48787, 0.00460644, 2.26, 0, -0.0803461, 0
53611, 7.21148, 7.30841, 33.8387, 33.5582, 15.0628, 15.0698, 1.55902, 0.0122838, 2.27, 0, -0.0628147, 0
53620, 7.15619, 6.8931, 33.9895, 33.709, 15.1049, 15.438, 1.55902, 0.0184258, 2.28, 0, -0.10489, 0
53630, 7.19912, 7.22431, 34.1403, 33.8598, 15.0523, 15.0803, 2.48787, 0.0245677, 2.29, 0, -0.0522966, 0
53641, 7.5661, 7.61818, 34.2875, 34.007, 14.7122, 14.7122, 2.76309, 0.0307096, 2.3, 0, 0.287809, 0
53651, 7.18256, 7.63997, 34.4348, 34.1543, 15.0979, 14.7297, 1.08786, 0.0368515, 2.31, 0, -0.0978775, 0
53660, 7.19175, 7.31183, 34.5856, 34.3051, 15.0768, 15.0628, 1.2494, 0.041458, 2.32, 0, -0.0768394, 0
53670, 7.58225, 7.27584, 34.7363, 34.4558, 14.7122, 15.0874, 1.31458, 0.0460644, 2.33, 0, 0.287809, 0
53681, 7.19871, 7.26337, 34.8871, 34.6066, 15.0979, 15.0874, 2.07505, 0.0491354, 2.34, 0, -0.0978775, 0
53691, 7.25808, 7.67553, 35.0379, 34.7574, 15.0313, 14.7017, 1.2494, 0.0537418, 2.35, 0, -0.0312586, 0
53700, 7.57017, 7.67953, 35.1851, 34.9011, 14.7437, 14.7367, 1.31458, 0.0568128, 2.36, 0, 0.256253, 0
53710, 7.22845, 7.33109, 35.3324, 35.0519, 15.0874, 15.0874, 1.55902, 0.0614192, 2.37, 0, -0.0873585, 0
53721, 7.60973, 7.72395, 35.4832, 35.2027, 14.7297, 14.7192, 1.55902, 0.0644902, 2.38, 0, 0.270278, 0
53731, 7.30089, 7.38573, 35.6304, 35.3534, 15.0453, 15.0628, 2.76309, 0.0660257, 2.39, 0, -0.0452833, 0
53740, 7.22108, 6.97142, 35.7847, 35.5042, 15.1119, 15.431, 2.07505, 0.0675611, 2.4, 0, -0.111902, 0
53750, 7.25914, 7.28048, 35.9355, 35.655, 15.0628, 15.0944, 1.91627, 0.0690966, 2.41, 0, -0.0628147, 0
53761, 6.84869, 7.67234, 36.0862, 35.8022, 15.4275, 14.7262, 1.46795, 0.0690966, 2.42, 0, -0.427464, 0
53771, 7.18913, 7.35242, 36.237, 35.953, 15.0628, 15.0523, 1.46795, 0.0690966, 2.43, 0, -0.0628147, 0
53781, 7.94452, 7.32565, 36.3843, 36.1038, 14.3686, 15.0698, 1.04299, 0.0690966, 2.44, 0, 0.631421, 0
53790, 7.62934, 7.6747, 36.528, 36.2545, 14.7367, 14.7437, 1.2494, 0.0675611, 2.45, 0, 0.263266, 0
53800, 6.90644, 7.35227, 36.6823, 36.4018, 15.4275, 15.0698, 1.31458, 0.0660257, 2.46, 0, -0.427464, 0
53811, 6.86084, 6.97171, 36.8401, 36.5561, 15.4134, 15.4064, 0.761519, 0.0644902, 2.47, 0, -0.413439, 0
53821, 7.55458, 7.27268, 36.9873, 36.7068, 14.7297, 15.0803, 1.2494, 0.0629547, 2.48, 0, 0.270278, 0
53830, 7.60475, 7.63953, 37.1346, 36.8541, 14.7192, 14.7367, 1.19043, 0.0614192, 2.49, 0, 0.280797, 0
53840, 7.62555, 7.68484, 37.2819, 37.0014, 14.7367, 14.7297, 1.00171, 0.0583483, 2.5, 0, 0.263266, 0
53851, 6.92581, 7.3567, 37.4361, 37.1521, 15.4064, 15.0628, 1.00171, 0.0552773, 2.51, 0, -0.406426, 0
53861, 6.84461, 6.56022, 37.5904, 37.3099, 15.4275, 15.7781, 2.07505, 0.0506709, 2.52, 0, -0.427464, 0
53870, 7.15031, 7.21732, 37.7377, 37.4642, 15.0944, 15.0803, 1.55902, 0.0460644, 2.53, 0, -0.0943708, 0
53880, 7.53831, 7.58416, 37.8849, 37.6079, 14.7297, 14.7367, 1.55902, 0.0429934, 2.54, 0, 0.270278, 0
53891, 7.58077, 8.01551, 38.0322, 37.7552, 14.7262, 14.3791, 1.91627, 0.038387, 2.55, 0, 0.273785, 0
53901, 7.64302, 7.37843, 38.183, 37.906, 14.7052, 15.0383, 0.865048, 0.0337806, 2.56, 0, 0.294822, 0
53910, 6.87059, 6.90586, 38.3372, 38.0603, 15.445, 15.4625, 0.430751, 0.0291741, 2.57, 0, -0.444995, 0
53920, 6.82248, 7.26059, 38.488, 38.211, 15.431, 15.0803, 0.836578, 0.0245677, 2.58, 0, -0.43097, 0
53931, 7.53301, 7.28, 38.6388, 38.3583, 14.7297, 15.0523, 0.895553, 0.0199612, 2.59, 0, 0.270278, 0
53941, 7.61021, 7.63155, 38.786, 38.5055, 14.6947, 14.7262, 1.91627, 0.0138193, 2.6, 0, 0.305341, 0
53951, 7.59977, 7.30005, 38.9333, 38.6563, 14.7437, 15.0628, 2.48787, 0.00921288, 2.61, 0, 0.256253, 0
53960, 6.54002, 7.28336, 39.0911, 38.8106, 15.7395, 15.0698, 2.76309, 0.00307096, 2.62, 0, -0.739519, 0
53970, 6.73938, 6.86033, 39.2454, 38.9614, 15.4625, 15.445, 2.76309, -0.00307096, 2.63, 0, -0.462526, 0
53981, 7.51876, 7.22528, 39.3891, 39.1121, 14.6947, 15.0558, 2.76309, -0.0076774, 2.64, 0, 0.305341, 0
53991, 8.27653, 7.95079, 39.5329, 39.2594, 14.046, 14.3896, 0.809944, -0.0138193, 2.65, 0, 0.953995, 0
54000, 7.29325, 7.66735, 39.6836, 39.4067, 15.0628, 14.7262, 1.00171, -0.0184258, 2.66, 0, -0.0628147, 0
54010, 6.48518, 6.94209, 39.8379, 39.5574, 15.7886, 15.4205, 1.00171, -0.0230322, 2.67, 0, -0.788607, 0
54021, 6.76633, 7.24107, 39.9957, 39.7117, 15.431, 15.0944, 0.445482, -0.0291741, 2.68, 0, -0.43097, 0
54031, 7.49616, 7.27392, 40.1395, 39.859, 14.7122, 15.0523, 2.76309, -0.0337806, 2.69, 0, 0.287809, 0
54040, 7.89628, 7.61388, 40.2867, 40.0097, 14.3861, 14.7367, 2.76309, -0.038387, 2.7, 0, 0.61389, 0
54050, 7.24661, 7.28474, 40.4375, 40.1605, 15.0558, 15.0698, 1.55902, -0.0429934, 2.71, 0, -0.0558023, 0
54061, 6.41638, 7.25547, 40.5953, 40.3078, 15.8026, 15.0874, 1.55902, -0.0475999, 2.72, 0, -0.802632, 0
54071, 7.14333, 7.66377, 40.746, 40.4585, 15.0383, 14.7052, 1.04299, -0.0506709, 2.73, 0, -0.038271, 0
54081, 7.87519, 7.31984, 40.8898, 40.6058, 14.3686, 15.0558, 1.31458, -0.0552773, 2.74, 0, 0.631421, 0
54090, 7.54072, 7.26554, 41.0371, 40.7566, 14.7543, 15.0979, 1.38701, -0.0583483, 2.75, 0, 0.245734, 0
54100, 6.83076, 7.25157, 41.1878, 40.9108, 15.431, 15.0979, 1.2494, -0.0598837, 2.76, 0, -0.43097, 0
54111, 6.78852, 7.2955, 41.3456, 41.0581, 15.4134, 15.0453, 2.48787, -0.0629547, 2.77, 0, -0.413439, 0
54121, 7.46295, 7.64032, 41.4929, 41.2054, 14.7473, 14.7262, 2.76309, -0.0644902, 2.78, 0, 0.252747, 0
54130, 7.55695, 7.67556, 41.6366, 41.3526, 14.6947, 14.7297, 1.55902, -0.0644902, 2.79, 0, 0.305341, 0
54140, 7.54651, 7.69485, 41.7874, 41.5034, 14.7437, 14.7473, 0.516429, -0.0644902, 2.8, 0, 0.256253, 0
54151, 7.21636, 7.36807, 41.9382, 41.6506, 15.0768, 15.0768, 1.04299, -0.0644902, 2.81, 0, -0.0768394, 0
54161, 6.85024, 7.38412, 42.0889, 41.8049, 15.3994, 15.0523, 1.46795, -0.0629547, 2.82, 0, -0.399414, 0
54170, 7.10975, 6.96359, 42.2432, 41.9557, 15.1119, 15.4275, 1.66222, -0.0629547, 2.83, 0, -0.111902, 0
54180, 7.54157, 7.66304, 42.3905, 42.1065, 14.7052, 14.7367, 1.78017, -0.0598837, 2.84, 0, 0.294822, 0
54191, 7.56051, 7.34162, 42.5377, 42.2537, 14.7262, 15.0628, 1.08786, -0.0583483, 2.85, 0, 0.273785, 0
54201, 7.23673, 7.71097, 42.6885, 42.4045, 15.0558, 14.7192, 1.31458, -0.0552773, 2.86, 0, -0.0558023, 0
54210, 6.8157, 7.36503, 42.8393, 42.5518, 15.431, 15.0698, 2.07505, -0.0522063, 2.87, 0, -0.43097, 0
54220, 7.13248, 7.32418, 42.9935, 42.7025, 15.0874, 15.0979, 1.78017, -0.0491354, 2.88, 0, -0.0873585, 0
54231, 7.51762, 6.95504, 43.1408, 42.8568, 14.7262, 15.4205, 1.08786, -0.0460644, 2.89, 0, 0.273785, 0
54241, 7.55286, 7.28876, 43.2881, 43.0076, 14.7297, 15.0628, 1.46795, -0.041458, 2.9, 0, 0.270278, 0
54250, 6.83096, 7.65039, 43.4388, 43.1548, 15.4205, 14.7262, 0.516429, -0.038387, 2.91, 0, -0.420451, 0
54260, 7.1724, 7.68562, 43.5931, 43.3056, 15.0558, 14.7297, 1.19043, -0.0337806, 2.92, 0, -0.0558023, 0
54270, 7.508, 6.95601, 43.7404, 43.4564, 14.7437, 15.4275, 1.08786, -0.0307096, 2.93, 0, 0.256253, 0
54281, 7.57162, 7.26942, 43.8876, 43.6106, 14.7192, 15.0874, 3.54942, -0.0261032, 2.94, 0, 0.280797, 0
54291, 6.82806, 7.29555, 44.0384, 43.7579, 15.431, 15.0523, 1.55902, -0.0214967, 2.95, 0, -0.43097, 0
54300, 7.15642, 7.63551, 44.1927, 43.9087, 15.0768, 14.7367, 1.46795, -0.0168903, 2.96, 0, -0.0768394, 0
54310, 7.51218, 7.27935, 44.3399, 44.0594, 14.7437, 15.0944, 1.19043, -0.0122838, 2.97, 0, 0.256253, 0
54321, 7.21678, 7.30834, 44.4872, 44.2102, 15.0453, 15.0558, 0.895553, -0.0076774, 2.98, 0, -0.0452833, 0
54331, 7.19101, 7.28493, 44.638, 44.3575, 15.0628, 15.0698, 0.928316, -0.00307096, 2.99, 0, -0.0628147, 0
54340, 7.51017, 7.63011, 44.7887, 44.5082, 14.7648, 14.7473, 2.07505, 0.00153548, 3, 0, 0.235215, 0
54350, 7.21563, 7.31877, 44.9395, 44.6555, 15.0628, 15.0628, 2.07505, 0.00460644, 3.01, 0, -0.0628147, 0
54361, 7.19894, 7.30208, 45.0903, 44.8063, 15.0698, 15.0698, 0.43799, 0.00921288, 3.02, 0, -0.0698271, 0
54371, 7.18125, 7.28439, 45.241, 44.957, 15.0768, 15.0768, 0.784975, 0.0122838, 3.03, 0, -0.0768394, 0
54380, 7.17027, 7.25411, 45.3918, 45.1078, 15.0768, 15.0944, 0.784975, 0.0153548, 3.04, 0, -0.0768394, 0
54390, 7.16702, 7.66142, 45.5426, 45.2551, 15.0698, 14.7122, 2.76309, 0.0184258, 3.05, 0, -0.0698271, 0
54401, 7.13775, 7.67549, 45.6933, 45.4058, 15.0874, 14.7367, 2.07505, 0.0214967, 3.06, 0, -0.0873585, 0
54411, 7.52289, 7.35407, 45.8406, 45.5531, 14.7262, 15.0628, 2.07505, 0.0245677, 3.07, 0, 0.273785, 0
54421, 7.55813, 7.31808, 45.9879, 45.7039, 14.7297, 15.0874, 2.07505, 0.0261032, 3.08, 0, 0.270278, 0
54430, 7.60058, 7.70322, 46.1351, 45.8546, 14.7262, 14.7262, 2.07505, 0.0291741, 3.09, 0, 0.273785, 0
54440, 7.25364, 7.73074, 46.2859, 46.0019, 15.0768, 14.7367, 1.13681, 0.0291741, 3.1, 0, -0.0768394, 0
54451, 6.8991, 7.0503, 46.4402, 46.1527, 15.3889, 15.3889, 0.836578, 0.0307096, 3.11, 0, -0.388895, 0
54461, 6.7818, 6.95231, 46.5944, 46.3069, 15.445, 15.4275, 0.865048, 0.0307096, 3.12, 0, -0.444995, 0
54470, 7.10429, 7.27344, 46.7452, 46.4577, 15.0944, 15.0803, 2.07505, 0.0307096, 3.13, 0, -0.0943708, 0
54480, 7.49229, 7.63256, 46.8925, 46.605, 14.7297, 14.7437, 2.07505, 0.0307096, 3.14, 0, 0.270278, 0
54491, 7.55019, 7.6846, 47.0397, 46.7557, 14.7122, 14.7297, 1.55902, 0.0307096, 3.15, 0, 0.287809, 0
54501, 7.20525, 6.98586, 47.1905, 46.9065, 15.0628, 15.3994, 1.19043, 0.0291741, 3.16, 0, -0.0628147, 0
54510, 6.78322, 6.89408, 47.3448, 47.0608, 15.438, 15.431, 1.2494, 0.0261032, 3.17, 0, -0.437983, 0
54520, 7.10671, 7.59689, 47.4956, 47.208, 15.0874, 14.7367, 2.76309, 0.0245677, 3.18, 0, -0.0873585, 0
54531, 7.49958, 8.02053, 47.6393, 47.3553, 14.7192, 14.3861, 1.04299, 0.0230322, 3.19, 0, 0.280797, 0
54541, 7.93729, 7.7762, 47.7866, 47.5026, 14.3581, 14.6876, 1.08786, 0.0214967, 3.2, 0, 0.64194, 0
54550, 7.22601, 6.99468, 47.9373, 47.6533, 15.0874, 15.438, 0.895553, 0.0184258, 3.21, 0, -0.0873585, 0
54560, 6.83907, 7.32976, 48.0916, 47.8041, 15.4275, 15.0768, 0.865048, 0.0168903, 3.22, 0, -0.427464, 0
54571, 7.17179, 7.71254, 48.2424, 47.9514, 15.0698, 14.7192, 1.08786, 0.0153548, 3.23, 0, -0.0698271, 0
54581, 7.56716, 7.75264, 48.3896, 48.0986, 14.7017, 14.7192, 1.04299, 0.0122838, 3.24, 0, 0.298328, 0
54591, 7.57116, 7.39898, 48.5334, 48.2494, 14.7367, 15.0768, 0.453242, 0.0107484, 3.25, 0, 0.263266, 0
54600, 7.22271, 6.99811, 48.6842, 48.4037, 15.0874, 15.431, 1.04299, 0.0076774, 3.26, 0, -0.0873585, 0
54610, 6.83192, 7.3226, 48.8384, 48.5544, 15.431, 15.0803, 0.895553, 0.00614192, 3.27, 0, -0.43097, 0
54621, 7.19502, 7.71647, 48.9927, 48.7052, 15.0453, 14.7122, 0.895553, 0.00307096, 3.28, 0, -0.0452833, 0
54631, 7.53599, 7.35223, 49.14, 48.8525, 14.7297, 15.0803, 0.895553, 0, 3.29, 0, 0.270278, 0
54640, 7.55528, 7.34076, 49.2872, 49.0032, 14.7473, 15.0803, 0.895553, -0.00307096, 3.3, 0, 0.252747, 0
54650, 6.86562, 7.34086, 49.438, 49.154, 15.4064, 15.0698, 1.08786, -0.00460644, 3.31, 0, -0.406426, 0
54661, 7.1473, 7.32317, 49.5923, 49.3048, 15.0979, 15.0768, 0.895553, -0.0076774, 3.32, 0, -0.0978775, 0
54671, 7.56568, 7.31992, 49.7395, 49.4555, 14.7052, 15.0698, 0.928316, -0.00921288, 3.33, 0, 0.294822, 0
54680, 7.187, 7.6651, 49.8868, 49.6063, 15.0874, 14.7473, 1.04299, -0.0122838, 3.34, 0, -0.0873585, 0
54690, 7.19383, 7.33832, 50.0376, 49.7571, 15.0698, 15.0768, 1.04299, -0.0138193, 3.35, 0, -0.0698271, 0
54701, 7.1993, 7.35051, 50.1883, 49.9043, 15.0558, 15.0558, 0.445482, -0.0168903, 3.36, 0, -0.0558023, 0
54711, 7.56193, 7.3271, 50.3391, 50.0551, 14.7192, 15.0698, 1.04299, -0.0184258, 3.37, 0, 0.280797, 0
54720, 7.16966, 7.31713, 50.4899, 50.2094, 15.1119, 15.0698, 1.04299, -0.0214967, 3.38, 0, -0.111902, 0
54730, 7.22703, 6.90182, 50.6407, 50.3602, 15.0453, 15.438, 0.865048, -0.0230322, 3.39, 0, -0.0452833, 0
54740, 7.16266, 7.60363, 50.7914, 50.5109, 15.0979, 14.7437, 1.2494, -0.0245677, 3.4, 0, -0.0978775, 0
54751, 7.20659, 7.69427, 50.9387, 50.6547, 15.0453, 14.6947, 1.2494, -0.0261032, 3.41, 0, -0.0452833, 0
54761, 7.89499, 7.67996, 51.0859, 50.8054, 14.4142, 14.7473, 0.895553, -0.0276386, 3.42, 0, 0.58584, 0
54770, 7.2722, 7.36862, 51.2332, 50.9527, 15.0558, 15.0628, 0.928316, -0.0276386, 3.43, 0, -0.0558023, 0
54780, 7.22948, 7.33263, 51.3875, 51.107, 15.0874, 15.0874, 1.04299, -0.0276386, 3.44, 0, -0.0873585, 0
54791, 6.87344, 6.96114, 51.5382, 51.2577, 15.3994, 15.4134, 1.19043, -0.0276386, 3.45, 0, -0.399414, 0
54801, 7.16769, 7.28042, 51.689, 51.4085, 15.0803, 15.0698, 1.31458, -0.0291741, 3.46, 0, -0.0803461, 0
54810, 7.53454, 7.6256, 51.8398, 51.5593, 14.7367, 14.7473, 1.00171, -0.0291741, 3.47, 0, 0.263266, 0
54820, 7.19768, 7.29496, 51.9906, 51.7065, 15.0768, 15.0803, 0.784975, -0.0291741, 3.48, 0, -0.0768394, 0
54831, 7.1867, 7.30279, 52.1413, 51.8573, 15.0768, 15.0628, 0.761519, -0.0291741, 3.49, 0, -0.0768394, 0
54841, 7.58879, 7.67985, 52.2886, 52.0081, 14.7017, 14.7122, 0.865048, -0.0291741, 3.5, 0, 0.298328, 0
54850, 7.21447, 7.31561, 52.4394, 52.1553, 15.0803, 15.0803, 0.928316, -0.0291741, 3.51, 0, -0.0803461, 0
54860, 7.56201, 7.31572, 52.5866, 52.3061, 14.7543, 15.0698, 0.784975, -0.0291741, 3.52, 0, 0.245734, 0
54871, 6.87907, 7.66477, 52.7374, 52.4569, 15.4064, 14.7437, 0.895553, -0.0276386, 3.53, 0, -0.406426, 0
54881, 7.21093, 7.36165, 52.8917, 52.6041, 15.0523, 15.0523, 0.928316, -0.0276386, 3.54, 0, -0.0522966, 0
54891, 7.15328, 7.32716, 53.0424, 52.7584, 15.0979, 15.0768, 0.895553, -0.0276386, 3.55, 0, -0.0978775, 0
54900, 7.5292, 6.91856, 53.1897, 52.9092, 14.7437, 15.438, 0.928316, -0.0261032, 3.56, 0, 0.256253, 0
54910, 7.22608, 7.25364, 53.3405, 53.06, 15.0523, 15.0768, 0.928316, -0.0261032, 3.57, 0, -0.0522966, 0
54921, 7.18773, 8.02246, 53.4912, 53.2072, 15.0803, 14.3686, 0.784975, -0.0245677, 3.58, 0, -0.0803461, 0
54931, 7.20328, 7.73431, 53.6385, 53.3545, 15.0558, 14.7122, 0.397953, -0.0245677, 3.59, 0, -0.0558023, 0
54940, 7.53888, 6.97632, 53.7893, 53.5052, 14.7437, 15.438, 0.784975, -0.0230322, 3.6, 0, 0.256253, 0
54950, 7.59092, 7.28823, 53.9365, 53.6595, 14.7297, 15.0979, 0.865048, -0.0230322, 3.61, 0, 0.270278, 0
54961, 6.8613, 7.31285, 54.0908, 53.8068, 15.4275, 15.0628, 0.895553, -0.0214967, 3.62, 0, -0.427464, 0
54971, 7.1863, 7.69764, 54.2416, 53.954, 15.0768, 14.7052, 1.04299, -0.0199612, 3.63, 0, -0.0768394, 0
54980, 7.54978, 7.71272, 54.3888, 54.1013, 14.7367, 14.7297, 1.04299, -0.0184258, 3.64, 0, 0.263266, 0
54990, 7.62212, 7.75518, 54.5361, 54.2521, 14.7052, 14.7262, 0.784975, -0.0168903, 3.65, 0, 0.294822, 0
55001, 7.25116, 7.38893, 54.6833, 54.4028, 15.0803, 15.0944, 0.739443, -0.0153548, 3.66, 0, -0.0803461, 0
55011, 7.26671, 7.4295, 54.8376, 54.5536, 15.0558, 15.0453, 0.809944, -0.0138193, 3.67, 0, -0.0558023, 0
55020, 7.23558, 7.36899, 54.9884, 54.7009, 15.0768, 15.0944, 0.895553, -0.0122838, 3.68, 0, -0.0768394, 0
55030, 7.19372, 7.72997, 55.1392, 54.8516, 15.1049, 14.7543, 0.895553, -0.0107484, 3.69, 0, -0.10489, 0
55041, 7.24437, 7.45237, 55.2864, 55.0024, 15.0453, 15.0383, 0.423754, -0.0107484, 3.7, 0, -0.0452833, 0
55051, 7.58533, 7.39286, 55.4372, 55.1532, 14.7297, 15.0874, 0.809944, -0.00921288, 3.71, 0, 0.270278, 0
55061, 7.24947, 7.41513, 55.5845, 55.304, 15.0698, 15.0558, 0.809944, -0.0076774, 3.72, 0, -0.0698271, 0
55070, 7.22792, 7.3647, 55.7352, 55.4512, 15.0803, 15.0944, 0.784975, -0.0076774, 3.73, 0, -0.0803461, 0
55080, 7.22803, 7.37824, 55.886, 55.602, 15.0698, 15.0698, 0.836578, -0.0076774, 3.74, 0, -0.0698271, 0
55091, 7.59251, 7.37599, 56.0368, 55.7528, 14.7297, 15.0628, 0.895553, -0.00614192, 3.75, 0, 0.270278, 0
55101, 7.24893, 7.73376, 56.1875, 55.9, 15.0768, 14.7297, 0.630166, -0.00460644, 3.76, 0, -0.0768394, 0
55110, 7.21866, 7.76463, 56.3348, 56.0508, 15.0944, 14.7367, 0.630166, -0.00460644, 3.77, 0, -0.0943708, 0
55120, 7.62596, 7.05717, 56.4856, 56.2015, 14.7122, 15.4134, 0.718628, -0.00460644, 3.78, 0, 0.287809, 0
55131, 7.28874, 7.36873, 56.6363, 56.3558, 15.0558, 15.0768, 0.809944, -0.00460644, 3.79, 0, -0.0558023, 0
55141, 7.23831, 7.35776, 56.7871, 56.5031, 15.0944, 15.0768, 0.809944, -0.00307096, 3.8, 0, -0.0943708, 0
55150, 7.61087, 7.72896, 56.9344, 56.6539, 14.7437, 14.7297, 0.391999, -0.00307096, 3.81, 0, 0.256253, 0
55160, 7.31547, 6.99934, 57.0851, 56.8046, 15.0453, 15.4275, 0.680374, -0.00460644, 3.82, 0, -0.0452833, 0
55171, 7.24338, 7.33206, 57.2359, 56.9554, 15.1049, 15.0698, 0.680374, -0.00460644, 3.83, 0, -0.10489, 0
55181, 6.91571, 7.70813, 57.3867, 57.1062, 15.3889, 14.7192, 0.69897, -0.00460644, 3.84, 0, -0.388895, 0
55190, 7.57049, 7.7405, 57.5374, 57.2534, 14.7437, 14.7262, 0.69897, -0.00460644, 3.85, 0, 0.256253, 0
55200, 7.60708, 7.37426, 57.6847, 57.4007, 14.7437, 15.0944, 0.69897, -0.00460644, 3.86, 0, 0.256253, 0
55211, 7.66297, 7.38781, 57.832, 57.5515, 14.7262, 15.0698, 0.69897, -0.00460644, 3.87, 0, 0.273785, 0
55221, 7.35078, 7.37011, 57.9827, 57.7022, 15.0453, 15.0768, 0.718628, -0.00614192, 3.88, 0, -0.0452833, 0
55231, 6.90423, 7.36686, 58.137, 57.853, 15.445, 15.0698, 0.662757, -0.0076774, 3.89, 0, -0.444995, 0
55240, 6.89087, 7.34917, 58.2913, 58.0038, 15.3994, 15.0768, 0.69897, -0.0076774, 3.9, 0, -0.399414, 0
55250, 7.57116, 7.72037, 58.4385, 58.151, 14.7297, 14.7297, 0.718628, -0.00921288, 3.91, 0, 0.270278, 0
55261, 7.99966, 7.77827, 58.5823, 58.2983, 14.3756, 14.7122, 0.761519, -0.00921288, 3.92, 0, 0.624409, 0
55271, 7.67962, 7.42561, 58.7295, 58.4491, 14.7473, 15.0698, 0.784975, -0.00921288, 3.93, 0, 0.252747, 0
55280, 6.98224, 7.38476, 58.8838, 58.5998, 15.4134, 15.0979, 0.718628, -0.0107484, 3.94, 0, -0.413439, 0
55290, 6.89618, 7.7684, 59.0346, 58.7506, 15.438, 14.7367, 0.69897, -0.0107484, 3.95, 0, -0.437983, 0
55301, 7.266, 7.45856, 59.1854, 58.9014, 15.0453, 15.0523, 0.680374, -0.0122838, 3.96, 0, -0.0452833, 0
55311, 7.59925, 7.42021, 59.3326, 59.0521, 14.7367, 15.0803, 0.630166, -0.0122838, 3.97, 0, 0.263266, 0
55320, 7.65614, 7.02656, 59.4834, 59.2029, 14.7192, 15.4275, 0.630166, -0.0122838, 3.98, 0, 0.280797, 0
55330, 6.90486, 7.35928, 59.6377, 59.3537, 15.438, 15.0698, 0.69897, -0.0138193, 3.99, 0, -0.437983, 0
55341, 6.8539, 7.72762, 59.7919, 59.5009, 15.4275, 14.7262, 0.69897, -0.0153548, 4, 0, -0.427464, 0
55351, 7.18662, 7.77444, 59.9427, 59.6482, 15.0698, 14.7192, 0.69897, -0.0153548, 4.01, 0, -0.0698271, 0
55360, 7.92942, 7.40148, 60.0865, 59.8025, 14.3861, 15.0944, 0.662757, -0.0168903, 4.02, 0, 0.61389, 0
55370, 7.66579, 7.02899, 60.2337, 59.9532, 14.7052, 15.4205, 0.573872, -0.0168903, 4.03, 0, 0.294822, 0
55380, 6.89335, 7.34726, 60.3845, 60.104, 15.445, 15.0768, 0.336844, -0.0184258, 4.04, 0, -0.444995, 0
55391, 7.23514, 8.10836, 60.5388, 60.2513, 15.0768, 14.3756, 0.600679, -0.0184258, 4.05, 0, -0.0768394, 0
55401, 7.23189, 7.81149, 60.6895, 60.3985, 15.0698, 14.7262, 0.600679, -0.0184258, 4.06, 0, -0.0698271, 0
55410, 7.61568, 7.07851, 60.8368, 60.5493, 14.7122, 15.4275, 0.600679, -0.0184258, 4.07, 0, 0.287809, 0
55420, 7.22441, 7.39193, 60.9841, 60.7001, 15.1049, 15.0874, 0.630166, -0.0184258, 4.08, 0, -0.10489, 0
55431, 7.63408, 7.80409, 61.1348, 60.8473, 14.7192, 14.7017, 0.615063, -0.0168903, 4.09, 0, 0.280797, 0
55441, 7.30358, 8.19027, 61.2821, 60.9946, 15.0558, 14.3896, 0.573872, -0.0168903, 4.1, 0, -0.0558023, 0
55450, 7.67393, 7.53624, 61.4329, 61.1454, 14.7122, 15.0628, 0.573872, -0.0153548, 4.11, 0, 0.287809, 0
55460, 7.29425, 7.10649, 61.5836, 61.2996, 15.0944, 15.445, 0.573872, -0.0153548, 4.12, 0, -0.0943708, 0
55471, 7.30007, 7.08541, 61.7344, 61.4504, 15.0768, 15.4064, 0.506319, -0.0138193, 4.13, 0, -0.0768394, 0
55481, 7.29682, 7.784, 61.8817, 61.5977, 15.0698, 14.7192, 0.506319, -0.0122838, 4.14, 0, -0.0698271, 0
55490, 7.28685, 7.81252, 62.0324, 61.7484, 15.0698, 14.7297, 0.316726, -0.0122838, 4.15, 0, -0.0698271, 0
55500, 7.24599, 7.07132, 62.1832, 61.8992, 15.0979, 15.438, 0.469624, -0.0107484, 4.16, 0, -0.0978775, 0
55511, 7.27834, 7.0358, 62.334, 62.0535, 15.0558, 15.4134, 0.469624, -0.0107484, 4.17, 0, -0.0558023, 0
55521, 7.24721, 7.73339, 62.4847, 62.2007, 15.0768, 14.7262, 0.506319, -0.00921288, 4.18, 0, -0.0768394, 0
55531, 7.59911, 7.78793, 62.632, 62.348, 14.7473, 14.7122, 0.453242, -0.00921288, 4.19, 0, 0.252747, 0
55540, 7.67381, 7.38895, 62.7828, 62.4988, 14.7122, 15.1119, 0.469624, -0.0076774, 4.2, 0, 0.287809, 0
55550, 7.32115, 7.43859, 62.93, 62.6495, 15.0698, 15.0523, 0.52696, -0.0076774, 4.21, 0, -0.0698271, 0
55561, 7.33048, 7.41183, 63.0808, 62.8003, 15.0523, 15.0698, 0.516429, -0.0076774, 4.22, 0, -0.0522966, 0
55571, 7.65886, 7.40185, 63.2316, 62.9546, 14.7473, 15.0698, 0.478278, -0.0076774, 4.23, 0, 0.252747, 0
55580, 6.91902, 7.33398, 63.3823, 63.1053, 15.452, 15.1224, 0.43799, -0.0076774, 4.24, 0, -0.452007, 0
55590, 7.31772, 7.40915, 63.5366, 63.2526, 15.0313, 15.0383, 0.453242, -0.00614192, 4.25, 0, -0.0312586, 0
55601, 8.01198, 7.74339, 63.6804, 63.4034, 14.3966, 14.7297, 0.423754, -0.00614192, 4.26, 0, 0.603371, 0
55611, 7.38398, 7.41525, 63.8311, 63.5506, 15.0453, 15.0628, 0.453242, -0.00614192, 4.27, 0, -0.0452833, 0
55620, 6.92971, 7.38698, 63.9819, 63.7014, 15.452, 15.0803, 0.43799, -0.00614192, 4.28, 0, -0.452007, 0
55630, 7.67198, 7.76155, 64.1327, 63.8522, 14.7192, 14.7297, 0.445482, -0.00614192, 4.29, 0, 0.280797, 0
55641, 7.32604, 7.41796, 64.2799, 64.0029, 15.0698, 15.0768, 0.43799, -0.00614192, 4.3, 0, -0.0698271, 0
55651, 7.31607, 7.41471, 64.4342, 64.1537, 15.0698, 15.0698, 0.423754, -0.00614192, 4.31, 0, -0.0698271, 0
55660, 7.25977, 7.37386, 64.585, 64.3045, 15.1119, 15.0979, 0.416987, -0.00614192, 4.32, 0, -0.111902, 0
55670, 7.31714, 7.41007, 64.7357, 64.4517, 15.0453, 15.0523, 0.416987, -0.0076774, 4.33, 0, -0.0452833, 0
55681, 7.26435, 7.75003, 64.883, 64.6025, 15.0874, 14.7367, 0.43799, -0.0076774, 4.34, 0, -0.0873585, 0
55691, 7.64949, 7.42861, 65.0338, 64.7498, 14.7262, 15.0628, 0.453242, -0.00921288, 4.35, 0, 0.273785, 0
55701, 7.66929, 7.41192, 65.181, 64.9005, 14.7437, 15.0698, 0.410438, -0.00921288, 4.36, 0, 0.256253, 0
55710, 7.35459, 7.76868, 65.3318, 65.0478, 15.0628, 14.7367, 0.410438, -0.00921288, 4.37, 0, -0.0628147, 0
55720, 7.33789, 7.82558, 65.4826, 65.1986, 15.0698, 14.7192, 0.274435, -0.00921288, 4.38, 0, -0.0698271, 0
55731, 7.3202, 7.08588, 65.6333, 65.3493, 15.0768, 15.4275, 0.397953, -0.0107484, 4.39, 0, -0.0768394, 0
55741, 6.91933, 7.02484, 65.7876, 65.5036, 15.431, 15.4275, 0.386225, -0.0107484, 4.4, 0, -0.43097, 0
55750, 7.25541, 7.34984, 65.9384, 65.6544, 15.0698, 15.0768, 0.386225, -0.0122838, 4.41, 0, -0.0698271, 0
55760, 7.25316, 8.10708, 66.0891, 65.8016, 15.0628, 14.3791, 0.386225, -0.0122838, 4.42, 0, -0.0628147, 0
55771, 7.6225, 7.82129, 66.2364, 65.9489, 14.7192, 14.7192, 0.391999, -0.0138193, 4.43, 0, 0.280797, 0
55781, 7.6433, 7.08931, 66.3802, 66.0997, 14.7367, 15.4205, 0.36478, -0.0138193, 4.44, 0, 0.263266, 0
55790, 7.31416, 7.39601, 66.5309, 66.2539, 15.0698, 15.0874, 0.36478, -0.0153548, 4.45, 0, -0.0698271, 0
55800, 7.28489, 7.40283, 66.6817, 66.4012, 15.0874, 15.0698, 0.350238, -0.0153548, 4.46, 0, -0.0873585, 0
55811, 7.28013, 7.75188, 66.8325, 66.5485, 15.0803, 14.7437, 0.345653, -0.0168903, 4.47, 0, -0.0803461, 0
55821, 7.29954, 7.44876, 66.9867, 66.6992, 15.0523, 15.0523, 0.336844, -0.0168903, 4.48, 0, -0.0522966, 0
55830, 7.6202, 7.39496, 67.134, 66.85, 14.7543, 15.0944, 0.244605, -0.0168903, 4.49, 0, 0.245734, 0
55840, 7.30014, 7.78297, 67.2848, 66.9973, 15.0768, 14.7297, 0.350238, -0.0168903, 4.5, 0, -0.0768394, 0
55851, 7.67521, 8.21146, 67.432, 67.1445, 14.7262, 14.3756, 0.350238, -0.0168903, 4.51, 0, 0.273785, 0
55861, 7.7143, 7.55171, 67.5793, 67.2918, 14.7262, 15.0558, 0.328488, -0.0168903, 4.52, 0, 0.273785, 0
55871, 7.37508, 7.13454, 67.7301, 67.4461, 15.0698, 15.4275, 0.328488, -0.0168903, 4.53, 0, -0.0698271, 0
55880, 7.35739, 7.45568, 67.8808, 67.5968, 15.0768, 15.0803, 0.332612, -0.0153548, 4.54, 0, -0.0768394, 0
55890, 7.33484, 7.80322, 68.0316, 67.7476, 15.0874, 14.7543, 0.316726, -0.0153548, 4.55, 0, -0.0873585, 0
55901, 7.34938, 7.53334, 68.1824, 67.8949, 15.0628, 15.0313, 0.316726, -0.0153548, 4.56, 0, -0.0628147, 0
55911, 7.32497, 7.45939, 68.3331, 68.0491, 15.0768, 15.0944, 0.302336, -0.0138193, 4.57, 0, -0.0768394, 0
55920, 7.32172, 7.48066, 68.4839, 68.1999, 15.0698, 15.0628, 0.295637, -0.0138193, 4.58, 0, -0.0698271, 0
55930, 7.67848, 7.44467, 68.6312, 68.3507, 14.7367, 15.0874, 0.305805, -0.0138193, 4.59, 0, 0.263266, 0
55941, 7.34934, 7.45149, 68.7819, 68.4979, 15.0698, 15.0698, 0.286147, -0.0138193, 4.6, 0, -0.0698271, 0
55951, 6.98036, 7.45696, 68.9362, 68.6487, 15.3959, 15.0558, 0.271662, -0.0138193, 4.61, 0, -0.395908, 0
55960, 7.63027, 7.40653, 69.0835, 68.7995, 14.7543, 15.0944, 0.271662, -0.0122838, 4.62, 0, 0.245734, 0
55970, 7.71941, 7.80611, 69.2307, 68.9502, 14.7052, 14.7192, 0.266286, -0.0122838, 4.63, 0, 0.294822, 0
55981, 7.32142, 7.43315, 69.3815, 69.0975, 15.1049, 15.0944, 0.26368, -0.0122838, 4.64, 0, -0.10489, 0
55991, 7.37979, 7.08382, 69.5288, 69.2518, 15.0383, 15.3994, 0.26368, -0.0122838, 4.65, 0, -0.038271, 0
56000, 7.28554, 7.71779, 69.6795, 69.4025, 15.1189, 14.7718, 0.251411, -0.0122838, 4.66, 0, -0.118915, 0
56010, 7.70864, 7.45699, 69.8303, 69.5498, 14.7192, 15.0383, 0.256173, -0.0138193, 4.67, 0, 0.280797, 0
56020, 7.75646, 7.7758, 69.9776, 69.7006, 14.7122, 14.7437, 0.240277, -0.0138193, 4.68, 0, 0.287809, 0
56031, 7.80528, 7.87416, 70.1248, 69.8443, 14.7052, 14.6876, 0.24683, -0.0122838, 4.69, 0, 0.294822, 0
56041, 7.43818, 7.4864, 70.2756, 69.9951, 15.0768, 15.0803, 0.240277, -0.0122838, 4.7, 0, -0.0768394, 0
56050, 7.41563, 7.47493, 70.4264, 70.1494, 15.0874, 15.0803, 0.236107, -0.0122838, 4.71, 0, -0.0873585, 0
56060, 7.05186, 7.46731, 70.5771, 70.3001, 15.4064, 15.0768, 0.185364, -0.0122838, 4.72, 0, -0.406426, 0
56071, 7.35669, 7.45634, 70.7314, 70.4474, 15.0768, 15.0768, 0.226317, -0.0107484, 4.73, 0, -0.0768394, 0
56081, 7.73176, 7.45309, 70.8787, 70.5982, 14.7262, 15.0698, 0.220841, -0.0107484, 4.74, 0, 0.273785, 0
56090, 7.76699, 7.80985, 71.0224, 70.7454, 14.7297, 14.7367, 0.222635, -0.0107484, 4.75, 0, 0.270278, 0
56100, 7.79015, 7.84745, 71.1732, 70.8962, 14.7437, 14.7367, 0.213959, -0.0107484, 4.76, 0, 0.256253, 0
56111, 7.46773, 7.53375, 71.324, 71.047, 15.0698, 15.0558, 0.212308, -0.0122838, 4.77, 0, -0.0698271, 0
56121, 7.45776, 7.49103, 71.4747, 71.1977, 15.0698, 15.0874, 0.207514, -0.0122838, 4.78, 0, -0.0698271, 0
56130, 7.81452, 7.8646, 71.622, 71.345, 14.7367, 14.7367, 0.20001, -0.0107484, 4.79, 0, 0.263266, 0
56140, 7.87142, 7.55476, 71.7693, 71.4923, 14.7192, 15.0523, 0.202942, -0.0107484, 4.8, 0, 0.280797, 0
56151, 7.5139, 7.51641, 71.92, 71.643, 15.0803, 15.0803, 0.195777, -0.00921288, 4.81, 0, -0.0803461, 0
56161, 6.75737, 7.89483, 72.0743, 71.7938, 15.7571, 14.7262, 0.189128, -0.00921288, 4.82, 0, -0.757051, 0
56171, 7.3866, 7.54789, 72.2286, 71.9446, 15.0874, 15.0768, 0.156633, -0.00921288, 4.83, 0, -0.0873585, 0
56180, 8.15778, 7.15088, 72.3723, 72.0953, 14.3756, 15.4275, 0.182941, -0.00921288, 4.84, 0, 0.624409, 0
56190, 7.88407, 7.4836, 72.5196, 72.2461, 14.7052, 15.0698, 0.185364, -0.00921288, 4.85, 0, 0.294822, 0
56201, 7.13093, 7.85966, 72.6739, 72.3934, 15.4275, 14.7192, 0.17606, -0.00921288, 4.86, 0, -0.427464, 0
56211, 7.43662, 7.89204, 72.8246, 72.5406, 15.0944, 14.7262, 0.171771, -0.0107484, 4.87, 0, -0.0943708, 0
56220, 7.43859, 7.90025, 72.9754, 72.6879, 15.0803, 14.7543, 0.168698, -0.0107484, 4.88, 0, -0.0803461, 0
56230, 8.21077, 7.60721, 73.1192, 72.8422, 14.3686, 15.0523, 0.163829, -0.0107484, 4.89, 0, 0.631421, 0
56241, 7.51728, 7.18282, 73.2664, 72.9929, 15.0803, 15.431, 0.163829, -0.0107484, 4.9, 0, -0.0803461, 0
56251, 7.51739, 7.92038, 73.4207, 73.1402, 15.0698, 14.7052, 0.161049, -0.0107484, 4.91, 0, -0.0698271, 0
56260, 7.49584, 8.29447, 73.568, 73.2875, 15.0803, 14.4036, 0.153284, -0.00921288, 4.92, 0, -0.0803461, 0
56270, 7.88198, 8.02448, 73.7187, 73.4347, 14.7192, 14.7262, 0.154107, -0.00921288, 4.93, 0, 0.280797, 0
56281, 7.93752, 7.7007, 73.8625, 73.5855, 14.7052, 15.0558, 0.126676, -0.00921288, 4.94, 0, 0.294822, 0
56291, 7.93716, 7.65799, 74.0133, 73.7363, 14.7437, 15.0874, 0.142683, -0.0076774, 4.95, 0, 0.256253, 0
56300, 7.59543, 7.67253, 74.164, 73.8835, 15.0874, 15.0628, 0.143388, -0.0076774, 4.96, 0, -0.0873585, 0
56310, 7.62156, 7.64426, 74.3148, 74.0343, 15.0523, 15.0803, 0.137954, -0.00614192, 4.97, 0, -0.0522966, 0
56321, 7.57549, 8.03041, 74.4656, 74.1816, 15.0874, 14.7192, 0.137954, -0.00614192, 4.98, 0, -0.0873585, 0
56331, 7.94905, 8.0512, 74.6128, 74.3323, 14.7367, 14.7367, 0.133552, -0.00614192, 4.99, 0, 0.263266, 0
56341, 8.02525, 7.7375, 74.7601, 74.4831, 14.7017, 15.0558, 0.128322, -0.00614192, 5, 0, 0.298328, 0
56350, 7.64321, 7.31647, 74.9109, 74.6339, 15.0874, 15.431, 0.128322, -0.00614192, 5.01, 0, -0.0873585, 0
56360, 7.63846, 8.02701, 75.0616, 74.7811, 15.0803, 14.7297, 0.122005, -0.00460644, 5.02, 0, -0.0803461, 0
56371, 7.66559, 8.0849, 75.2124, 74.9319, 15.0453, 14.7122, 0.122005, -0.00460644, 5.03, 0, -0.0452833, 0
56381, 7.97953, 7.70522, 75.3597, 75.0827, 14.7543, 15.0944, 0.119094, -0.00460644, 5.04, 0, 0.245734, 0
56390, 7.67491, 7.71877, 75.5069, 75.2334, 15.0628, 15.0698, 0.113284, -0.00460644, 5.05, 0, -0.0628147, 0
56400, 8.00565, 7.68177, 75.6577, 75.3842, 14.7543, 15.0944, 0.101002, -0.00614192, 5.06, 0, 0.245734, 0
56411, 7.72805, 7.71076, 75.8085, 75.535, 15.0383, 15.0558, 0.108448, -0.00614192, 5.07, 0, -0.038271, 0
56421, 8.07388, 7.68735, 75.9557, 75.6822, 14.7192, 15.0698, 0.10267, -0.0076774, 5.08, 0, 0.280797, 0
56430, 8.1024, 8.0557, 76.103, 75.8295, 14.7297, 14.7262, 0.10267, -0.0076774, 5.09, 0, 0.270278, 0
56440, 7.73952, 7.7049, 76.2537, 75.9803, 15.0944, 15.0803, 0.0981473, -0.0076774, 5.1, 0, -0.0943708, 0
56451, 8.11208, 8.07946, 76.401, 76.1275, 14.7437, 14.7297, 0.0975374, -0.00921288, 5.11, 0, 0.256253, 0
56461, 7.83212, 8.14508, 76.5518, 76.2783, 15.0313, 14.7052, 0.0924094, -0.00921288, 5.12, 0, -0.0312586, 0
56470, 8.16351, 7.77798, 76.699, 76.4256, 14.7262, 15.0768, 0.0857631, -0.00921288, 5.13, 0, 0.273785, 0
